COLLECTION_ID,LOAN_ID,BUCKET,AGENT_ID,RECOVERY_STATUS,RECOVERY_AMOUNT,FOLLOWUP_DATE
1,900004,0-30,3056,PARTIAL,171328.83,2026-07-11
2,900004,0-30,3056,PENDING,0.0,2026-07-25
3,900009,0-30,3078,PARTIAL,19324.56,2026-06-16
4,900009,0-30,3078,PENDING,0.0,2026-06-29
5,900009,0-30,3078,PENDING,0.0,2026-07-12
6,900009,30-60,3078,PENDING,0.0,2026-07-25
7,900011,0-30,3063,PENDING,0.0,2026-02-20
8,900011,0-30,3063,PARTIAL,513348.85,2026-03-31
9,900011,30-60,3063,PENDING,0.0,2026-05-08
10,900011,60-90,3063,PENDING,0.0,2026-06-16
11,900011,90+,3063,WRITE_OFF,28742.48,2026-07-25
12,900013,60-90,3053,PENDING,0.0,2026-04-18
13,900013,90+,3053,WRITE_OFF,35687.74,2026-07-25
14,900014,30-60,3024,PARTIAL,1591.25,2026-07-25
15,900015,0-30,3073,PENDING,0.0,2026-01-28
16,900015,0-30,3073,PENDING,0.0,2026-02-22
17,900015,0-30,3073,PARTIAL,58979.59,2026-03-20
18,900015,0-30,3073,PENDING,0.0,2026-04-14
19,900015,0-30,3073,PENDING,0.0,2026-05-09
20,900015,30-60,3073,PARTIAL,45669.07,2026-06-04
21,900015,60-90,3073,PARTIAL,18794.09,2026-06-29
22,900015,90+,3073,WRITE_OFF,23907.15,2026-07-25
23,900018,0-30,3019,PENDING,0.0,2025-10-24
24,900018,0-30,3019,PENDING,0.0,2025-11-23
25,900018,0-30,3019,PENDING,0.0,2025-12-24
26,900018,0-30,3019,PARTIAL,13569.95,2026-01-23
27,900018,0-30,3019,PARTIAL,14184.79,2026-02-23
28,900018,0-30,3019,PARTIAL,29198.65,2026-03-25
29,900018,0-30,3019,PENDING,0.0,2026-04-24
30,900018,30-60,3019,PENDING,0.0,2026-05-25
31,900018,60-90,3019,PARTIAL,18816.89,2026-06-24
32,900018,90+,3019,PENDING,0.0,2026-07-25
33,900021,0-30,3031,PENDING,0.0,2026-06-30
34,900021,0-30,3031,PENDING,0.0,2026-07-12
35,900021,30-60,3031,PARTIAL,5384.74,2026-07-25
36,900025,0-30,3075,PARTIAL,95.39,2026-07-25
37,900026,0-30,3078,PENDING,0.0,2026-07-25
38,900028,0-30,3059,PENDING,0.0,2025-10-20
39,900028,0-30,3059,PENDING,0.0,2025-11-29
40,900028,0-30,3059,PARTIAL,475682.2,2026-01-07
41,900028,0-30,3059,PENDING,0.0,2026-02-16
42,900028,0-30,3059,PENDING,0.0,2026-03-28
43,900028,30-60,3059,PARTIAL,311963.85,2026-05-06
44,900028,60-90,3059,PENDING,0.0,2026-06-15
45,900028,90+,3059,PENDING,0.0,2026-07-25
46,900029,30-60,3065,PENDING,0.0,2026-07-25
47,900034,0-30,3009,PENDING,0.0,2026-07-01
48,900034,30-60,3009,PENDING,0.0,2026-07-25
49,900035,30-60,3069,PENDING,0.0,2026-07-25
50,900036,30-60,3067,PENDING,0.0,2026-07-25
51,900037,0-30,3018,PENDING,0.0,2025-08-18
52,900037,0-30,3018,PARTIAL,1234748.72,2025-09-11
53,900037,0-30,3018,PENDING,0.0,2025-10-06
54,900037,0-30,3018,PENDING,0.0,2025-10-30
55,900037,0-30,3018,PENDING,0.0,2025-11-23
56,900037,0-30,3018,PENDING,0.0,2025-12-18
57,900037,0-30,3018,PENDING,0.0,2026-01-11
58,900037,0-30,3018,PENDING,0.0,2026-02-04
59,900037,0-30,3018,PENDING,0.0,2026-03-01
60,900037,0-30,3018,PARTIAL,737855.45,2026-03-25
61,900037,0-30,3018,PARTIAL,1188178.42,2026-04-18
62,900037,0-30,3018,PARTIAL,164933.33,2026-05-13
63,900037,30-60,3018,PARTIAL,215874.83,2026-06-06
64,900037,60-90,3018,PARTIAL,1092707.39,2026-06-30
65,900037,90+,3018,PARTIAL,581214.78,2026-07-25
66,900038,0-30,3017,PENDING,0.0,2026-06-28
67,900038,30-60,3017,PENDING,0.0,2026-07-25
68,900044,0-30,3018,PENDING,0.0,2026-07-16
69,900044,0-30,3018,RECOVERED,11146.05,2026-07-25
70,900047,0-30,3045,PENDING,0.0,2026-06-29
71,900047,30-60,3045,PARTIAL,10703.62,2026-07-25
72,900055,0-30,3025,PENDING,0.0,2026-06-17
73,900055,0-30,3025,PENDING,0.0,2026-06-25
74,900055,0-30,3025,PENDING,0.0,2026-07-02
75,900055,0-30,3025,PENDING,0.0,2026-07-10
76,900055,0-30,3025,PENDING,0.0,2026-07-17
77,900055,30-60,3025,PENDING,0.0,2026-07-25
78,900063,30-60,3045,PENDING,0.0,2026-07-25
79,900064,0-30,3023,RECOVERED,2915.67,2026-07-25
80,900078,0-30,3033,PENDING,0.0,2026-07-06
81,900078,30-60,3033,PENDING,0.0,2026-07-25
82,900079,30-60,3026,PARTIAL,72631.62,2026-05-16
83,900079,60-90,3026,PENDING,0.0,2026-06-20
84,900079,90+,3026,WRITE_OFF,34983.67,2026-07-25
85,900081,0-30,3051,PENDING,0.0,2025-09-06
86,900081,0-30,3051,PENDING,0.0,2025-10-01
87,900081,0-30,3051,PARTIAL,214827.94,2025-10-26
88,900081,0-30,3051,PENDING,0.0,2025-11-19
89,900081,0-30,3051,PENDING,0.0,2025-12-14
90,900081,0-30,3051,PENDING,0.0,2026-01-08
91,900081,0-30,3051,PENDING,0.0,2026-02-02
92,900081,0-30,3051,PENDING,0.0,2026-02-26
93,900081,0-30,3051,PARTIAL,703970.52,2026-03-23
94,900081,0-30,3051,PENDING,0.0,2026-04-17
95,900081,0-30,3051,PENDING,0.0,2026-05-11
96,900081,30-60,3051,PENDING,0.0,2026-06-05
97,900081,60-90,3051,PARTIAL,162253.49,2026-06-30
98,900081,90+,3051,PARTIAL,386807.29,2026-07-25
99,900084,30-60,3047,PENDING,0.0,2026-07-25
100,900092,0-30,3008,PARTIAL,15505.73,2026-06-29
101,900092,0-30,3008,PARTIAL,8392.14,2026-07-12
102,900092,30-60,3008,PENDING,0.0,2026-07-25
103,900093,0-30,3054,PENDING,0.0,2026-06-28
104,900093,0-30,3054,PENDING,0.0,2026-07-03
105,900093,0-30,3054,PENDING,0.0,2026-07-09
106,900093,0-30,3054,PARTIAL,9000.26,2026-07-14
107,900093,0-30,3054,PENDING,0.0,2026-07-19
108,900093,30-60,3054,PARTIAL,19934.61,2026-07-25
109,900094,0-30,3030,PENDING,0.0,2026-06-14
110,900094,0-30,3030,PARTIAL,10566.74,2026-06-24
111,900094,0-30,3030,PARTIAL,1258.11,2026-07-04
112,900094,0-30,3030,PENDING,0.0,2026-07-14
113,900094,30-60,3030,PENDING,0.0,2026-07-25
114,900095,60-90,3030,PARTIAL,1337.05,2026-05-23
115,900095,90+,3030,WRITE_OFF,846.22,2026-07-25
116,900099,0-30,3037,PENDING,0.0,2026-06-25
117,900099,0-30,3037,PENDING,0.0,2026-07-10
118,900099,30-60,3037,PARTIAL,9451.66,2026-07-25
119,900100,60-90,3020,WRITE_OFF,3250.68,2026-07-25
120,900103,0-30,3012,PENDING,0.0,2026-06-25
121,900103,0-30,3012,PARTIAL,108349.6,2026-07-10
122,900103,30-60,3012,PARTIAL,117056.17,2026-07-25
123,900106,0-30,3035,PENDING,0.0,2026-07-09
124,900106,30-60,3035,PENDING,0.0,2026-07-25
125,900108,0-30,3078,PARTIAL,2597.94,2026-06-27
126,900108,0-30,3078,PARTIAL,1365.92,2026-07-11
127,900108,30-60,3078,PENDING,0.0,2026-07-25
128,900109,0-30,3023,PENDING,0.0,2026-01-17
129,900109,0-30,3023,PENDING,0.0,2026-02-17
130,900109,0-30,3023,PENDING,0.0,2026-03-21
131,900109,0-30,3023,PENDING,0.0,2026-04-21
132,900109,30-60,3023,PENDING,0.0,2026-05-23
133,900109,60-90,3023,PARTIAL,171699.83,2026-06-23
134,900109,90+,3023,PENDING,0.0,2026-07-25
135,900112,0-30,3036,PENDING,0.0,2025-12-15
136,900112,0-30,3036,PENDING,0.0,2026-01-06
137,900112,0-30,3036,PARTIAL,172840.02,2026-01-28
138,900112,0-30,3036,PENDING,0.0,2026-02-19
139,900112,0-30,3036,PARTIAL,149495.18,2026-03-13
140,900112,0-30,3036,PENDING,0.0,2026-04-05
141,900112,0-30,3036,PENDING,0.0,2026-04-27
142,900112,0-30,3036,PARTIAL,115781.87,2026-05-19
143,900112,30-60,3036,PARTIAL,73835.32,2026-06-10
144,900112,60-90,3036,PARTIAL,31073.89,2026-07-02
145,900112,90+,3036,PENDING,0.0,2026-07-25
146,900115,0-30,3058,PARTIAL,169.3,2026-06-28
147,900115,30-60,3058,PENDING,0.0,2026-07-25
148,900120,30-60,3035,PARTIAL,31985.53,2026-07-25
149,900131,0-30,3060,PARTIAL,1070.58,2026-06-03
150,900131,0-30,3060,PENDING,0.0,2026-06-20
151,900131,30-60,3060,PENDING,0.0,2026-07-07
152,900131,60-90,3060,PARTIAL,777.26,2026-07-25
153,900133,0-30,3044,PENDING,0.0,2025-09-27
154,900133,0-30,3044,PARTIAL,75230.17,2025-10-17
155,900133,0-30,3044,PENDING,0.0,2025-11-06
156,900133,0-30,3044,PARTIAL,26255.43,2025-11-26
157,900133,0-30,3044,PENDING,0.0,2025-12-16
158,900133,0-30,3044,PARTIAL,66110.57,2026-01-05
159,900133,0-30,3044,PARTIAL,133807.5,2026-01-25
160,900133,0-30,3044,PENDING,0.0,2026-02-14
161,900133,0-30,3044,PARTIAL,162395.84,2026-03-06
162,900133,0-30,3044,PENDING,0.0,2026-03-26
163,900133,0-30,3044,PENDING,0.0,2026-04-15
164,900133,0-30,3044,PENDING,0.0,2026-05-05
165,900133,0-30,3044,PARTIAL,156974.14,2026-05-25
166,900133,30-60,3044,PENDING,0.0,2026-06-14
167,900133,60-90,3044,PARTIAL,141851.6,2026-07-04
168,900133,90+,3044,PENDING,0.0,2026-07-25
169,900135,0-30,3030,PENDING,0.0,2026-02-09
170,900135,0-30,3030,PENDING,0.0,2026-02-27
171,900135,0-30,3030,PARTIAL,27009.21,2026-03-18
172,900135,0-30,3030,PARTIAL,23085.98,2026-04-05
173,900135,0-30,3030,PARTIAL,42711.51,2026-04-24
174,900135,0-30,3030,PARTIAL,5955.02,2026-05-12
175,900135,0-30,3030,PARTIAL,38974.72,2026-05-30
176,900135,30-60,3030,PENDING,0.0,2026-06-18
177,900135,60-90,3030,PENDING,0.0,2026-07-06
178,900135,90+,3030,PENDING,0.0,2026-07-25
179,900145,0-30,3060,PENDING,0.0,2025-12-05
180,900145,0-30,3060,PENDING,0.0,2026-01-13
181,900145,0-30,3060,PARTIAL,82221.07,2026-02-20
182,900145,0-30,3060,PENDING,0.0,2026-03-31
183,900145,30-60,3060,PENDING,0.0,2026-05-08
184,900145,60-90,3060,PARTIAL,268832.8,2026-06-16
185,900145,90+,3060,WRITE_OFF,23128.79,2026-07-25
186,900152,0-30,3070,PARTIAL,77101.24,2025-12-25
187,900152,0-30,3070,PENDING,0.0,2026-01-12
188,900152,0-30,3070,PENDING,0.0,2026-01-29
189,900152,0-30,3070,PENDING,0.0,2026-02-16
190,900152,0-30,3070,PENDING,0.0,2026-03-06
191,900152,0-30,3070,PENDING,0.0,2026-03-23
192,900152,0-30,3070,PARTIAL,429985.6,2026-04-10
193,900152,0-30,3070,PENDING,0.0,2026-04-27
194,900152,0-30,3070,PENDING,0.0,2026-05-15
195,900152,0-30,3070,PENDING,0.0,2026-06-02
196,900152,30-60,3070,PENDING,0.0,2026-06-19
197,900152,60-90,3070,PENDING,0.0,2026-07-07
198,900152,90+,3070,PENDING,0.0,2026-07-25
199,900153,0-30,3064,PARTIAL,10477.24,2026-06-25
200,900153,0-30,3064,PENDING,0.0,2026-07-10
201,900153,30-60,3064,RECOVERED,23967.84,2026-07-25
202,900154,0-30,3009,PENDING,0.0,2026-07-01
203,900154,30-60,3009,PENDING,0.0,2026-07-25
204,900155,0-30,3069,PARTIAL,10667.01,2026-02-04
205,900155,0-30,3069,PENDING,0.0,2026-02-23
206,900155,0-30,3069,PARTIAL,8455.13,2026-03-14
207,900155,0-30,3069,PENDING,0.0,2026-04-02
208,900155,0-30,3069,PENDING,0.0,2026-04-21
209,900155,0-30,3069,PENDING,0.0,2026-05-10
210,900155,0-30,3069,PENDING,0.0,2026-05-29
211,900155,30-60,3069,PARTIAL,5496.63,2026-06-17
212,900155,60-90,3069,PENDING,0.0,2026-07-06
213,900155,90+,3069,WRITE_OFF,4439.12,2026-07-25
214,900156,0-30,3070,PENDING,0.0,2026-06-28
215,900156,30-60,3070,PENDING,0.0,2026-07-25
216,900158,0-30,3049,PENDING,0.0,2026-03-28
217,900158,0-30,3049,PARTIAL,6775.18,2026-04-21
218,900158,0-30,3049,PENDING,0.0,2026-05-15
219,900158,30-60,3049,PARTIAL,20409.79,2026-06-07
220,900158,60-90,3049,PENDING,0.0,2026-07-01
221,900158,90+,3049,PENDING,0.0,2026-07-25
222,900165,0-30,3011,PENDING,0.0,2026-07-05
223,900165,30-60,3011,PARTIAL,16252.72,2026-07-25
224,900166,0-30,3032,PARTIAL,101464.36,2025-09-08
225,900166,0-30,3032,PENDING,0.0,2025-10-24
226,900166,0-30,3032,PENDING,0.0,2025-12-08
227,900166,0-30,3032,PENDING,0.0,2026-01-23
228,900166,0-30,3032,PARTIAL,298482.36,2026-03-10
229,900166,30-60,3032,PARTIAL,50472.47,2026-04-24
230,900166,60-90,3032,PARTIAL,104534.35,2026-06-09
231,900166,90+,3032,PARTIAL,122575.26,2026-07-25
232,900167,0-30,3069,PENDING,0.0,2026-07-08
233,900167,0-30,3069,PENDING,0.0,2026-07-16
234,900167,0-30,3069,PENDING,0.0,2026-07-25
235,900168,0-30,3062,PENDING,0.0,2026-05-18
236,900168,0-30,3062,PENDING,0.0,2026-06-10
237,900168,30-60,3062,PARTIAL,2665.77,2026-07-02
238,900168,60-90,3062,PENDING,0.0,2026-07-25
239,900169,0-30,3069,PENDING,0.0,2026-06-20
240,900169,0-30,3069,PARTIAL,9336.38,2026-07-02
241,900169,0-30,3069,PARTIAL,5124.71,2026-07-13
242,900169,30-60,3069,PENDING,0.0,2026-07-25
243,900171,0-30,3068,PENDING,0.0,2025-10-10
244,900171,0-30,3068,PARTIAL,17301.29,2025-11-01
245,900171,0-30,3068,PENDING,0.0,2025-11-23
246,900171,0-30,3068,PENDING,0.0,2025-12-15
247,900171,0-30,3068,PENDING,0.0,2026-01-06
248,900171,0-30,3068,PENDING,0.0,2026-01-28
249,900171,0-30,3068,PENDING,0.0,2026-02-20
250,900171,0-30,3068,PENDING,0.0,2026-03-14
251,900171,0-30,3068,PENDING,0.0,2026-04-05
252,900171,0-30,3068,PARTIAL,36544.72,2026-04-27
253,900171,0-30,3068,PARTIAL,6545.96,2026-05-19
254,900171,30-60,3068,PENDING,0.0,2026-06-10
255,900171,60-90,3068,PENDING,0.0,2026-07-02
256,900171,90+,3068,PARTIAL,30867.21,2026-07-25
257,900172,30-60,3023,PARTIAL,11216.75,2026-07-25
258,900178,0-30,3033,PENDING,0.0,2026-06-15
259,900178,0-30,3033,PARTIAL,10839.58,2026-07-05
260,900178,30-60,3033,PARTIAL,13316.52,2026-07-25
261,900179,30-60,3033,PARTIAL,1834.53,2026-07-25
262,900180,0-30,3033,PENDING,0.0,2025-12-06
263,900180,0-30,3033,PENDING,0.0,2025-12-29
264,900180,0-30,3033,PARTIAL,36881.14,2026-01-21
265,900180,0-30,3033,PENDING,0.0,2026-02-13
266,900180,0-30,3033,PENDING,0.0,2026-03-08
267,900180,0-30,3033,PENDING,0.0,2026-03-31
268,900180,0-30,3033,PARTIAL,27685.56,2026-04-23
269,900180,0-30,3033,PENDING,0.0,2026-05-16
270,900180,30-60,3033,PENDING,0.0,2026-06-08
271,900180,60-90,3033,PENDING,0.0,2026-07-01
272,900180,90+,3033,PENDING,0.0,2026-07-25
273,900182,0-30,3063,PENDING,0.0,2025-11-09
274,900182,0-30,3063,PENDING,0.0,2025-11-30
275,900182,0-30,3063,PENDING,0.0,2025-12-22
276,900182,0-30,3063,PENDING,0.0,2026-01-12
277,900182,0-30,3063,PENDING,0.0,2026-02-03
278,900182,0-30,3063,PARTIAL,199388.08,2026-02-24
279,900182,0-30,3063,PARTIAL,236293.66,2026-03-18
280,900182,0-30,3063,PENDING,0.0,2026-04-08
281,900182,0-30,3063,PENDING,0.0,2026-04-30
282,900182,0-30,3063,PENDING,0.0,2026-05-21
283,900182,30-60,3063,PENDING,0.0,2026-06-12
284,900182,60-90,3063,PENDING,0.0,2026-07-03
285,900182,90+,3063,WRITE_OFF,25413.45,2026-07-25
286,900186,0-30,3064,PENDING,0.0,2026-01-17
287,900186,0-30,3064,PENDING,0.0,2026-02-07
288,900186,0-30,3064,PARTIAL,49506.76,2026-02-28
289,900186,0-30,3064,PENDING,0.0,2026-03-21
290,900186,0-30,3064,PENDING,0.0,2026-04-11
291,900186,0-30,3064,PENDING,0.0,2026-05-02
292,900186,0-30,3064,PARTIAL,5709.44,2026-05-23
293,900186,30-60,3064,PENDING,0.0,2026-06-13
294,900186,60-90,3064,PARTIAL,22308.81,2026-07-04
295,900186,90+,3064,PARTIAL,48520.13,2026-07-25
296,900188,0-30,3065,PARTIAL,16524.43,2026-06-23
297,900188,0-30,3065,PENDING,0.0,2026-07-09
298,900188,30-60,3065,PARTIAL,6276.16,2026-07-25
299,900196,30-60,3029,PARTIAL,5300.19,2026-07-25
300,900198,0-30,3059,PENDING,0.0,2025-09-12
301,900198,0-30,3059,PENDING,0.0,2025-10-11
302,900198,0-30,3059,PENDING,0.0,2025-11-09
303,900198,0-30,3059,PENDING,0.0,2025-12-07
304,900198,0-30,3059,PARTIAL,541989.76,2026-01-05
305,900198,0-30,3059,PENDING,0.0,2026-02-03
306,900198,0-30,3059,PENDING,0.0,2026-03-03
307,900198,0-30,3059,PENDING,0.0,2026-04-01
308,900198,0-30,3059,PENDING,0.0,2026-04-30
309,900198,30-60,3059,PENDING,0.0,2026-05-28
310,900198,60-90,3059,PENDING,0.0,2026-06-26
311,900198,90+,3059,PENDING,0.0,2026-07-25
312,900207,0-30,3002,PARTIAL,116395.92,2026-07-25
313,900216,30-60,3016,PENDING,0.0,2026-07-25
314,900219,30-60,3058,RECOVERED,5500.32,2026-07-25
315,900231,0-30,3020,PARTIAL,92909.33,2026-06-21
316,900231,0-30,3020,PENDING,0.0,2026-07-08
317,900231,30-60,3020,PENDING,0.0,2026-07-25
318,900238,0-30,3029,PENDING,0.0,2026-06-28
319,900238,0-30,3029,PENDING,0.0,2026-07-11
320,900238,30-60,3029,PENDING,0.0,2026-07-25
321,900239,0-30,3075,PENDING,0.0,2026-06-21
322,900239,0-30,3075,PENDING,0.0,2026-07-08
323,900239,30-60,3075,PENDING,0.0,2026-07-25
324,900240,0-30,3056,PENDING,0.0,2026-07-03
325,900240,0-30,3056,PARTIAL,23372.65,2026-07-14
326,900240,30-60,3056,PENDING,0.0,2026-07-25
327,900242,30-60,3054,PENDING,0.0,2026-07-25
328,900243,0-30,3022,PENDING,0.0,2025-11-09
329,900243,0-30,3022,PENDING,0.0,2025-12-02
330,900243,0-30,3022,PENDING,0.0,2025-12-26
331,900243,0-30,3022,PENDING,0.0,2026-01-18
332,900243,0-30,3022,PENDING,0.0,2026-02-11
333,900243,0-30,3022,PENDING,0.0,2026-03-06
334,900243,0-30,3022,PENDING,0.0,2026-03-29
335,900243,0-30,3022,PARTIAL,189734.89,2026-04-22
336,900243,0-30,3022,PENDING,0.0,2026-05-15
337,900243,30-60,3022,PENDING,0.0,2026-06-08
338,900243,60-90,3022,PARTIAL,35090.3,2026-07-01
339,900243,90+,3022,WRITE_OFF,67660.81,2026-07-25
340,900245,0-30,3035,PENDING,0.0,2026-06-21
341,900245,0-30,3035,PENDING,0.0,2026-07-02
342,900245,0-30,3035,PENDING,0.0,2026-07-13
343,900245,30-60,3035,PARTIAL,27999.69,2026-07-25
344,900247,30-60,3003,PENDING,0.0,2026-07-25
345,900251,0-30,3033,PENDING,0.0,2026-07-04
346,900251,30-60,3033,PARTIAL,54524.28,2026-07-25
347,900254,0-30,3033,PENDING,0.0,2025-11-01
348,900254,0-30,3033,PARTIAL,20812.66,2025-11-20
349,900254,0-30,3033,PENDING,0.0,2025-12-09
350,900254,0-30,3033,PARTIAL,75302.31,2025-12-28
351,900254,0-30,3033,PARTIAL,76473.6,2026-01-16
352,900254,0-30,3033,PENDING,0.0,2026-02-04
353,900254,0-30,3033,PENDING,0.0,2026-02-23
354,900254,0-30,3033,PENDING,0.0,2026-03-14
355,900254,0-30,3033,PARTIAL,55457.52,2026-04-02
356,900254,0-30,3033,PENDING,0.0,2026-04-21
357,900254,0-30,3033,PARTIAL,22991.41,2026-05-10
358,900254,0-30,3033,PENDING,0.0,2026-05-29
359,900254,30-60,3033,PENDING,0.0,2026-06-17
360,900254,60-90,3033,PARTIAL,30023.55,2026-07-06
361,900254,90+,3033,PARTIAL,54201.12,2026-07-25
362,900263,0-30,3066,PENDING,0.0,2026-02-16
363,900263,0-30,3066,PARTIAL,4029.41,2026-03-04
364,900263,0-30,3066,PARTIAL,12397.68,2026-03-20
365,900263,0-30,3066,PENDING,0.0,2026-04-05
366,900263,0-30,3066,PENDING,0.0,2026-04-21
367,900263,0-30,3066,PENDING,0.0,2026-05-06
368,900263,0-30,3066,PENDING,0.0,2026-05-22
369,900263,0-30,3066,PARTIAL,28366.07,2026-06-07
370,900263,30-60,3066,PENDING,0.0,2026-06-23
371,900263,60-90,3066,PENDING,0.0,2026-07-09
372,900263,90+,3066,PARTIAL,12833.98,2026-07-25
373,900268,30-60,3017,PARTIAL,21080.24,2026-04-20
374,900268,60-90,3017,PENDING,0.0,2026-06-07
375,900268,90+,3017,PENDING,0.0,2026-07-25
376,900271,0-30,3029,PARTIAL,3763.07,2026-07-04
377,900271,0-30,3029,PARTIAL,6653.38,2026-07-14
378,900271,30-60,3029,RECOVERED,11261.86,2026-07-25
379,900273,90+,3072,PARTIAL,40530.2,2026-07-25
380,900277,30-60,3032,PENDING,0.0,2026-05-05
381,900277,60-90,3032,PENDING,0.0,2026-06-14
382,900277,90+,3032,PARTIAL,49495.91,2026-07-25
383,900279,0-30,3006,PENDING,0.0,2026-07-08
384,900279,30-60,3006,RECOVERED,3705.01,2026-07-25
385,900292,0-30,3017,PARTIAL,315094.56,2026-01-16
386,900292,0-30,3017,PENDING,0.0,2026-01-30
387,900292,0-30,3017,PENDING,0.0,2026-02-12
388,900292,0-30,3017,PARTIAL,33889.75,2026-02-26
389,900292,0-30,3017,PARTIAL,168654.21,2026-03-11
390,900292,0-30,3017,PENDING,0.0,2026-03-25
391,900292,0-30,3017,PENDING,0.0,2026-04-07
392,900292,0-30,3017,PENDING,0.0,2026-04-21
393,900292,0-30,3017,PENDING,0.0,2026-05-04
394,900292,0-30,3017,PENDING,0.0,2026-05-18
395,900292,0-30,3017,PENDING,0.0,2026-05-31
396,900292,0-30,3017,PENDING,0.0,2026-06-14
397,900292,30-60,3017,PENDING,0.0,2026-06-27
398,900292,60-90,3017,PENDING,0.0,2026-07-11
399,900292,90+,3017,PENDING,0.0,2026-07-25
400,900305,0-30,3036,PENDING,0.0,2025-10-22
401,900305,0-30,3036,PENDING,0.0,2025-11-22
402,900305,0-30,3036,PENDING,0.0,2025-12-22
403,900305,0-30,3036,PENDING,0.0,2026-01-22
404,900305,0-30,3036,PENDING,0.0,2026-02-22
405,900305,0-30,3036,PENDING,0.0,2026-03-24
406,900305,0-30,3036,PENDING,0.0,2026-04-24
407,900305,30-60,3036,PARTIAL,436692.77,2026-05-24
408,900305,60-90,3036,PENDING,0.0,2026-06-24
409,900305,90+,3036,PENDING,0.0,2026-07-25
410,900308,0-30,3074,PENDING,0.0,2026-06-03
411,900308,30-60,3074,PENDING,0.0,2026-06-29
412,900308,60-90,3074,WRITE_OFF,28743.53,2026-07-25
413,900311,60-90,3073,PARTIAL,7660.63,2026-06-01
414,900311,90+,3073,WRITE_OFF,23520.35,2026-07-25
415,900315,30-60,3028,PARTIAL,2927.03,2026-07-25
416,900320,0-30,3038,PARTIAL,131411.42,2026-05-06
417,900320,0-30,3038,PENDING,0.0,2026-05-22
418,900320,0-30,3038,PARTIAL,154455.61,2026-06-07
419,900320,30-60,3038,PENDING,0.0,2026-06-23
420,900320,60-90,3038,PENDING,0.0,2026-07-09
421,900320,90+,3038,PENDING,0.0,2026-07-25
422,900323,0-30,3068,PENDING,0.0,2026-06-23
423,900323,0-30,3068,PARTIAL,659.49,2026-07-09
424,900323,30-60,3068,PENDING,0.0,2026-07-25
425,900330,0-30,3018,PENDING,0.0,2025-11-30
426,900330,0-30,3018,PENDING,0.0,2025-12-20
427,900330,0-30,3018,PARTIAL,14663.58,2026-01-09
428,900330,0-30,3018,PENDING,0.0,2026-01-28
429,900330,0-30,3018,PARTIAL,11701.5,2026-02-17
430,900330,0-30,3018,PARTIAL,18061.08,2026-03-09
431,900330,0-30,3018,PENDING,0.0,2026-03-28
432,900330,0-30,3018,PENDING,0.0,2026-04-17
433,900330,0-30,3018,PENDING,0.0,2026-05-07
434,900330,0-30,3018,PENDING,0.0,2026-05-26
435,900330,30-60,3018,PENDING,0.0,2026-06-15
436,900330,60-90,3018,PENDING,0.0,2026-07-05
437,900330,90+,3018,WRITE_OFF,2923.64,2026-07-25
438,900335,60-90,3013,PENDING,0.0,2026-07-25
439,900338,0-30,3008,PENDING,0.0,2025-12-08
440,900338,0-30,3008,PENDING,0.0,2025-12-29
441,900338,0-30,3008,PARTIAL,64152.75,2026-01-19
442,900338,0-30,3008,PARTIAL,81114.22,2026-02-09
443,900338,0-30,3008,PENDING,0.0,2026-03-01
444,900338,0-30,3008,PARTIAL,150046.04,2026-03-22
445,900338,0-30,3008,PENDING,0.0,2026-04-12
446,900338,0-30,3008,PARTIAL,107607.94,2026-05-03
447,900338,0-30,3008,PENDING,0.0,2026-05-23
448,900338,30-60,3008,PARTIAL,81053.44,2026-06-13
449,900338,60-90,3008,PENDING,0.0,2026-07-04
450,900338,90+,3008,PENDING,0.0,2026-07-25
451,900342,0-30,3019,PENDING,0.0,2026-07-25
452,900348,0-30,3075,PARTIAL,13473.33,2025-10-09
453,900348,0-30,3075,PENDING,0.0,2025-11-02
454,900348,0-30,3075,PENDING,0.0,2025-11-26
455,900348,0-30,3075,PARTIAL,31756.66,2025-12-20
456,900348,0-30,3075,PENDING,0.0,2026-01-13
457,900348,0-30,3075,PARTIAL,76761.7,2026-02-06
458,900348,0-30,3075,PENDING,0.0,2026-03-02
459,900348,0-30,3075,PARTIAL,23494.16,2026-03-26
460,900348,0-30,3075,PENDING,0.0,2026-04-19
461,900348,0-30,3075,PARTIAL,34214.1,2026-05-13
462,900348,30-60,3075,PENDING,0.0,2026-06-06
463,900348,60-90,3075,PENDING,0.0,2026-06-30
464,900348,90+,3075,PARTIAL,113945.08,2026-07-25
465,900354,60-90,3004,PARTIAL,6951.89,2026-05-29
466,900354,90+,3004,PENDING,0.0,2026-07-25
467,900355,0-30,3079,RECOVERED,61038.2,2026-07-25
468,900356,0-30,3031,PARTIAL,21664.6,2026-06-25
469,900356,0-30,3031,PENDING,0.0,2026-07-10
470,900356,30-60,3031,PENDING,0.0,2026-07-25
471,900367,0-30,3072,PARTIAL,112108.96,2026-06-28
472,900367,30-60,3072,PENDING,0.0,2026-07-25
473,900370,0-30,3020,PARTIAL,28807.62,2026-06-27
474,900370,0-30,3020,PENDING,0.0,2026-07-11
475,900370,30-60,3020,PARTIAL,19767.48,2026-07-25
476,900371,0-30,3043,PENDING,0.0,2026-07-01
477,900371,0-30,3043,PARTIAL,11380.65,2026-07-13
478,900371,30-60,3043,PENDING,0.0,2026-07-25
479,900372,0-30,3034,PENDING,0.0,2026-04-21
480,900372,30-60,3034,PARTIAL,4482.15,2026-05-23
481,900372,60-90,3034,PENDING,0.0,2026-06-23
482,900372,90+,3034,PARTIAL,4247.08,2026-07-25
483,900375,0-30,3028,PENDING,0.0,2025-09-09
484,900375,0-30,3028,PENDING,0.0,2025-10-04
485,900375,0-30,3028,PENDING,0.0,2025-10-28
486,900375,0-30,3028,PENDING,0.0,2025-11-22
487,900375,0-30,3028,PENDING,0.0,2025-12-16
488,900375,0-30,3028,PENDING,0.0,2026-01-10
489,900375,0-30,3028,PARTIAL,45840.92,2026-02-03
490,900375,0-30,3028,PENDING,0.0,2026-02-28
491,900375,0-30,3028,PENDING,0.0,2026-03-24
492,900375,0-30,3028,PARTIAL,24489.44,2026-04-18
493,900375,0-30,3028,PENDING,0.0,2026-05-12
494,900375,30-60,3028,PARTIAL,41062.05,2026-06-06
495,900375,60-90,3028,PARTIAL,61833.25,2026-06-30
496,900375,90+,3028,PENDING,0.0,2026-07-25
497,900377,0-30,3008,PARTIAL,1380.8,2026-06-29
498,900377,0-30,3008,PENDING,0.0,2026-07-05
499,900377,0-30,3008,PARTIAL,2559.69,2026-07-12
500,900377,0-30,3008,PARTIAL,3931.77,2026-07-18
501,900377,30-60,3008,PARTIAL,5938.51,2026-07-25
502,900381,0-30,3073,PENDING,0.0,2026-07-11
503,900381,0-30,3073,PENDING,0.0,2026-07-25
504,900384,0-30,3045,PENDING,0.0,2026-07-05
505,900384,30-60,3045,PENDING,0.0,2026-07-25
506,900385,0-30,3052,PARTIAL,202597.98,2025-12-24
507,900385,0-30,3052,PENDING,0.0,2026-01-14
508,900385,0-30,3052,PARTIAL,293097.69,2026-02-04
509,900385,0-30,3052,PARTIAL,258206.57,2026-02-26
510,900385,0-30,3052,PENDING,0.0,2026-03-19
511,900385,0-30,3052,PARTIAL,306823.12,2026-04-09
512,900385,0-30,3052,PENDING,0.0,2026-04-30
513,900385,0-30,3052,PENDING,0.0,2026-05-22
514,900385,30-60,3052,PENDING,0.0,2026-06-12
515,900385,60-90,3052,PENDING,0.0,2026-07-03
516,900385,90+,3052,PENDING,0.0,2026-07-25
517,900387,30-60,3045,PENDING,0.0,2026-07-25
518,900389,30-60,3062,PENDING,0.0,2026-07-25
519,900390,30-60,3072,PENDING,0.0,2026-07-25
520,900391,0-30,3052,PENDING,0.0,2026-04-18
521,900391,0-30,3052,PENDING,0.0,2026-05-12
522,900391,30-60,3052,PENDING,0.0,2026-06-06
523,900391,60-90,3052,PENDING,0.0,2026-06-30
524,900391,90+,3052,PARTIAL,72045.56,2026-07-25
525,900398,30-60,3018,PENDING,0.0,2026-07-25
526,900399,0-30,3008,PENDING,0.0,2026-06-02
527,900399,0-30,3008,PENDING,0.0,2026-06-20
528,900399,30-60,3008,PARTIAL,1751.44,2026-07-07
529,900399,60-90,3008,PARTIAL,1123.56,2026-07-25
530,900413,0-30,3029,PENDING,0.0,2026-06-28
531,900413,30-60,3029,PENDING,0.0,2026-07-25
532,900419,30-60,3018,RECOVERED,15562.2,2026-07-25
533,900420,0-30,3014,PENDING,0.0,2026-07-02
534,900420,0-30,3014,PENDING,0.0,2026-07-13
535,900420,30-60,3014,PARTIAL,30972.87,2026-07-25
536,900422,30-60,3070,PENDING,0.0,2026-07-25
537,900429,0-30,3074,PENDING,0.0,2026-07-25
538,900432,0-30,3040,PARTIAL,2303.12,2026-06-19
539,900432,0-30,3040,PARTIAL,4588.25,2026-07-07
540,900432,30-60,3040,PARTIAL,5150.77,2026-07-25
541,900433,0-30,3074,PENDING,0.0,2026-07-25
542,900434,0-30,3073,PENDING,0.0,2025-10-08
543,900434,0-30,3073,PENDING,0.0,2025-10-30
544,900434,0-30,3073,PENDING,0.0,2025-11-21
545,900434,0-30,3073,PENDING,0.0,2025-12-14
546,900434,0-30,3073,PENDING,0.0,2026-01-05
547,900434,0-30,3073,PENDING,0.0,2026-01-27
548,900434,0-30,3073,PENDING,0.0,2026-02-19
549,900434,0-30,3073,PENDING,0.0,2026-03-13
550,900434,0-30,3073,PENDING,0.0,2026-04-04
551,900434,0-30,3073,PARTIAL,30722.81,2026-04-26
552,900434,0-30,3073,PARTIAL,16668.66,2026-05-19
553,900434,30-60,3073,PENDING,0.0,2026-06-10
554,900434,60-90,3073,PENDING,0.0,2026-07-02
555,900434,90+,3073,PENDING,0.0,2026-07-25
556,900437,0-30,3054,PENDING,0.0,2026-07-25
557,900438,0-30,3056,PENDING,0.0,2025-10-29
558,900438,0-30,3056,PENDING,0.0,2025-12-06
559,900438,0-30,3056,PENDING,0.0,2026-01-14
560,900438,0-30,3056,PARTIAL,6370.9,2026-02-21
561,900438,0-30,3056,PARTIAL,5468.57,2026-03-31
562,900438,30-60,3056,PENDING,0.0,2026-05-09
563,900438,60-90,3056,PARTIAL,1681.85,2026-06-16
564,900438,90+,3056,PARTIAL,9155.37,2026-07-25
565,900439,0-30,3076,PENDING,0.0,2026-06-29
566,900439,0-30,3076,PENDING,0.0,2026-07-12
567,900439,30-60,3076,PARTIAL,8112.51,2026-07-25
568,900442,60-90,3011,PENDING,0.0,2026-05-28
569,900442,90+,3011,WRITE_OFF,6199.22,2026-07-25
570,900453,0-30,3059,PENDING,0.0,2026-07-02
571,900453,30-60,3059,PENDING,0.0,2026-07-25
572,900454,0-30,3022,PENDING,0.0,2025-11-09
573,900454,0-30,3022,PARTIAL,309360.1,2025-12-05
574,900454,0-30,3022,PENDING,0.0,2025-12-31
575,900454,0-30,3022,PENDING,0.0,2026-01-25
576,900454,0-30,3022,PENDING,0.0,2026-02-20
577,900454,0-30,3022,PENDING,0.0,2026-03-18
578,900454,0-30,3022,PENDING,0.0,2026-04-13
579,900454,0-30,3022,PARTIAL,237868.2,2026-05-08
580,900454,30-60,3022,PENDING,0.0,2026-06-03
581,900454,60-90,3022,PARTIAL,200124.08,2026-06-29
582,900454,90+,3022,WRITE_OFF,84605.78,2026-07-25
583,900458,0-30,3071,PENDING,0.0,2026-07-05
584,900458,30-60,3071,RECOVERED,2196.96,2026-07-25
585,900461,0-30,3039,PENDING,0.0,2026-04-16
586,900461,0-30,3039,PENDING,0.0,2026-04-28
587,900461,0-30,3039,PENDING,0.0,2026-05-11
588,900461,0-30,3039,PARTIAL,77294.0,2026-05-23
589,900461,0-30,3039,PENDING,0.0,2026-06-05
590,900461,0-30,3039,PENDING,0.0,2026-06-17
591,900461,30-60,3039,PENDING,0.0,2026-06-30
592,900461,60-90,3039,PENDING,0.0,2026-07-12
593,900461,90+,3039,PENDING,0.0,2026-07-25
594,900462,0-30,3063,PARTIAL,95625.29,2025-12-16
595,900462,0-30,3063,PENDING,0.0,2026-01-13
596,900462,0-30,3063,PENDING,0.0,2026-02-09
597,900462,0-30,3063,PENDING,0.0,2026-03-09
598,900462,0-30,3063,PARTIAL,53382.23,2026-04-05
599,900462,0-30,3063,PARTIAL,131317.04,2026-05-03
600,900462,30-60,3063,PENDING,0.0,2026-05-30
601,900462,60-90,3063,PENDING,0.0,2026-06-27
602,900462,90+,3063,PENDING,0.0,2026-07-25
603,900465,0-30,3014,PENDING,0.0,2026-03-25
604,900465,0-30,3014,PENDING,0.0,2026-04-11
605,900465,0-30,3014,PENDING,0.0,2026-04-29
606,900465,0-30,3014,PENDING,0.0,2026-05-16
607,900465,0-30,3014,PARTIAL,84301.37,2026-06-02
608,900465,30-60,3014,PARTIAL,96524.48,2026-06-20
609,900465,60-90,3014,PARTIAL,112585.51,2026-07-07
610,900465,90+,3014,PENDING,0.0,2026-07-25
611,900468,0-30,3051,PENDING,0.0,2026-06-19
612,900468,0-30,3051,PENDING,0.0,2026-07-01
613,900468,0-30,3051,PARTIAL,13338.3,2026-07-13
614,900468,30-60,3051,PENDING,0.0,2026-07-25
615,900469,0-30,3042,PARTIAL,635.64,2026-06-27
616,900469,0-30,3042,PENDING,0.0,2026-07-11
617,900469,30-60,3042,PARTIAL,1238.15,2026-07-25
618,900471,0-30,3010,PENDING,0.0,2026-06-30
619,900471,0-30,3010,PENDING,0.0,2026-07-08
620,900471,0-30,3010,PENDING,0.0,2026-07-16
621,900471,30-60,3010,PENDING,0.0,2026-07-25
622,900472,0-30,3003,PARTIAL,59967.05,2026-07-25
623,900476,30-60,3015,PENDING,0.0,2026-07-25
624,900477,0-30,3074,PARTIAL,99674.32,2026-07-04
625,900477,30-60,3074,PARTIAL,72076.84,2026-07-25
626,900478,0-30,3034,PENDING,0.0,2025-11-05
627,900478,0-30,3034,PENDING,0.0,2025-11-25
628,900478,0-30,3034,PARTIAL,63640.06,2025-12-15
629,900478,0-30,3034,PENDING,0.0,2026-01-04
630,900478,0-30,3034,PENDING,0.0,2026-01-24
631,900478,0-30,3034,PARTIAL,314019.54,2026-02-13
632,900478,0-30,3034,PENDING,0.0,2026-03-06
633,900478,0-30,3034,PENDING,0.0,2026-03-26
634,900478,0-30,3034,PENDING,0.0,2026-04-15
635,900478,0-30,3034,PARTIAL,429301.63,2026-05-05
636,900478,0-30,3034,PENDING,0.0,2026-05-25
637,900478,30-60,3034,PENDING,0.0,2026-06-14
638,900478,60-90,3034,PENDING,0.0,2026-07-04
639,900478,90+,3034,PENDING,0.0,2026-07-25
640,900482,0-30,3010,PENDING,0.0,2026-07-03
641,900482,30-60,3010,PENDING,0.0,2026-07-25
642,900488,60-90,3049,WRITE_OFF,1085.5,2026-07-25
643,900490,30-60,3016,PARTIAL,18485.43,2026-06-14
644,900490,60-90,3016,PENDING,0.0,2026-07-25
645,900492,0-30,3034,PARTIAL,10560.58,2026-06-25
646,900492,0-30,3034,PENDING,0.0,2026-07-05
647,900492,0-30,3034,PENDING,0.0,2026-07-15
648,900492,30-60,3034,RECOVERED,33088.51,2026-07-25
649,900493,0-30,3041,PENDING,0.0,2026-07-11
650,900493,0-30,3041,PARTIAL,5428.33,2026-07-25
651,900505,0-30,3078,PENDING,0.0,2026-06-11
652,900505,0-30,3078,PARTIAL,52189.34,2026-06-22
653,900505,0-30,3078,PENDING,0.0,2026-07-03
654,900505,0-30,3078,PENDING,0.0,2026-07-14
655,900505,30-60,3078,PENDING,0.0,2026-07-25
656,900509,0-30,3035,RECOVERED,25868.07,2026-07-25
657,900514,30-60,3015,PENDING,0.0,2026-05-21
658,900514,60-90,3015,PENDING,0.0,2026-06-22
659,900514,90+,3015,PARTIAL,50474.15,2026-07-25
660,900518,0-30,3029,PENDING,0.0,2025-11-22
661,900518,0-30,3029,PENDING,0.0,2025-12-23
662,900518,0-30,3029,PENDING,0.0,2026-01-22
663,900518,0-30,3029,PENDING,0.0,2026-02-22
664,900518,0-30,3029,PENDING,0.0,2026-03-24
665,900518,0-30,3029,PENDING,0.0,2026-04-24
666,900518,30-60,3029,PARTIAL,24184.2,2026-05-24
667,900518,60-90,3029,PARTIAL,71157.56,2026-06-24
668,900518,90+,3029,PARTIAL,95208.29,2026-07-25
669,900520,0-30,3045,PENDING,0.0,2026-06-21
670,900520,0-30,3045,PENDING,0.0,2026-07-08
671,900520,30-60,3045,PARTIAL,192522.48,2026-07-25
672,900530,0-30,3016,PENDING,0.0,2026-07-07
673,900530,0-30,3016,PARTIAL,95043.51,2026-07-16
674,900530,0-30,3016,PENDING,0.0,2026-07-25
675,900535,0-30,3048,PENDING,0.0,2026-07-04
676,900535,0-30,3048,PARTIAL,106048.94,2026-07-14
677,900535,30-60,3048,PARTIAL,38534.25,2026-07-25
678,900546,30-60,3002,PENDING,0.0,2026-05-20
679,900546,60-90,3002,PENDING,0.0,2026-06-22
680,900546,90+,3002,PENDING,0.0,2026-07-25
681,900552,0-30,3035,PENDING,0.0,2025-10-11
682,900552,0-30,3035,PENDING,0.0,2025-11-09
683,900552,0-30,3035,PENDING,0.0,2025-12-07
684,900552,0-30,3035,PENDING,0.0,2026-01-05
685,900552,0-30,3035,PENDING,0.0,2026-02-03
686,900552,0-30,3035,PENDING,0.0,2026-03-03
687,900552,0-30,3035,PARTIAL,309531.21,2026-04-01
688,900552,0-30,3035,PENDING,0.0,2026-04-30
689,900552,30-60,3035,PENDING,0.0,2026-05-28
690,900552,60-90,3035,PENDING,0.0,2026-06-26
691,900552,90+,3035,PENDING,0.0,2026-07-25
692,900553,30-60,3059,PENDING,0.0,2026-07-25
693,900556,0-30,3017,PARTIAL,140713.7,2026-07-10
694,900556,0-30,3017,PENDING,0.0,2026-07-25
695,900573,0-30,3013,RECOVERED,227226.69,2026-07-25
696,900574,30-60,3074,RECOVERED,72517.16,2026-07-25
697,900580,0-30,3050,PARTIAL,491.21,2026-01-10
698,900580,0-30,3050,PENDING,0.0,2026-02-03
699,900580,0-30,3050,PENDING,0.0,2026-02-28
700,900580,0-30,3050,PENDING,0.0,2026-03-24
701,900580,0-30,3050,PENDING,0.0,2026-04-18
702,900580,0-30,3050,PENDING,0.0,2026-05-12
703,900580,30-60,3050,PENDING,0.0,2026-06-06
704,900580,60-90,3050,PENDING,0.0,2026-06-30
705,900580,90+,3050,PENDING,0.0,2026-07-25
706,900586,0-30,3005,PARTIAL,174479.94,2026-05-02
707,900586,0-30,3005,PARTIAL,172023.63,2026-05-23
708,900586,30-60,3005,PARTIAL,167588.65,2026-06-13
709,900586,60-90,3005,PENDING,0.0,2026-07-04
710,900586,90+,3005,WRITE_OFF,1145.07,2026-07-25
711,900587,0-30,3011,PENDING,0.0,2026-06-11
712,900587,0-30,3011,PENDING,0.0,2026-06-22
713,900587,0-30,3011,PARTIAL,145819.69,2026-07-03
714,900587,0-30,3011,PENDING,0.0,2026-07-14
715,900587,30-60,3011,PARTIAL,123455.31,2026-07-25
716,900588,0-30,3030,PENDING,0.0,2026-06-30
717,900588,30-60,3030,PARTIAL,65582.96,2026-07-25
718,900593,30-60,3049,PENDING,0.0,2026-07-25
719,900595,0-30,3045,PENDING,0.0,2025-11-14
720,900595,0-30,3045,PARTIAL,2428.34,2025-12-05
721,900595,0-30,3045,PENDING,0.0,2025-12-26
722,900595,0-30,3045,PENDING,0.0,2026-01-16
723,900595,0-30,3045,PARTIAL,2939.88,2026-02-06
724,900595,0-30,3045,PENDING,0.0,2026-02-27
725,900595,0-30,3045,PENDING,0.0,2026-03-20
726,900595,0-30,3045,PENDING,0.0,2026-04-10
727,900595,0-30,3045,PENDING,0.0,2026-05-01
728,900595,0-30,3045,PENDING,0.0,2026-05-22
729,900595,30-60,3045,PENDING,0.0,2026-06-12
730,900595,60-90,3045,PENDING,0.0,2026-07-03
731,900595,90+,3045,WRITE_OFF,6614.6,2026-07-25
732,900597,0-30,3049,PENDING,0.0,2026-01-22
733,900597,0-30,3049,PENDING,0.0,2026-02-17
734,900597,0-30,3049,PENDING,0.0,2026-03-15
735,900597,0-30,3049,PENDING,0.0,2026-04-11
736,900597,0-30,3049,PENDING,0.0,2026-05-07
737,900597,30-60,3049,PENDING,0.0,2026-06-02
738,900597,60-90,3049,PENDING,0.0,2026-06-28
739,900597,90+,3049,PENDING,0.0,2026-07-25
740,900598,60-90,3027,PARTIAL,44638.01,2026-07-25
741,900599,0-30,3025,PENDING,0.0,2026-07-25
742,900604,0-30,3031,PARTIAL,1290.81,2026-07-25
743,900605,30-60,3006,PENDING,0.0,2026-05-22
744,900605,60-90,3006,PARTIAL,29345.03,2026-06-23
745,900605,90+,3006,PARTIAL,148993.97,2026-07-25
746,900606,0-30,3041,PENDING,0.0,2025-09-01
747,900606,0-30,3041,PENDING,0.0,2025-09-28
748,900606,0-30,3041,PARTIAL,304734.65,2025-10-25
749,900606,0-30,3041,PENDING,0.0,2025-11-21
750,900606,0-30,3041,PENDING,0.0,2025-12-19
751,900606,0-30,3041,PARTIAL,141535.16,2026-01-15
752,900606,0-30,3041,PENDING,0.0,2026-02-11
753,900606,0-30,3041,PARTIAL,889421.12,2026-03-10
754,900606,0-30,3041,PENDING,0.0,2026-04-07
755,900606,0-30,3041,PENDING,0.0,2026-05-04
756,900606,30-60,3041,PENDING,0.0,2026-05-31
757,900606,60-90,3041,PENDING,0.0,2026-06-27
758,900606,90+,3041,WRITE_OFF,126791.47,2026-07-25
759,900608,0-30,3073,PENDING,0.0,2026-06-16
760,900608,0-30,3073,PARTIAL,3706.32,2026-06-29
761,900608,0-30,3073,PARTIAL,654.67,2026-07-12
762,900608,30-60,3073,PARTIAL,2840.63,2026-07-25
763,900610,0-30,3055,PENDING,0.0,2026-04-27
764,900610,0-30,3055,PENDING,0.0,2026-05-19
765,900610,30-60,3055,PARTIAL,8692.65,2026-06-10
766,900610,60-90,3055,PARTIAL,11941.36,2026-07-02
767,900610,90+,3055,PARTIAL,13621.18,2026-07-25
768,900612,0-30,3074,PARTIAL,554.46,2026-07-25
769,900617,0-30,3026,PENDING,0.0,2025-11-03
770,900617,0-30,3026,PENDING,0.0,2025-12-17
771,900617,0-30,3026,PENDING,0.0,2026-01-30
772,900617,0-30,3026,PENDING,0.0,2026-03-15
773,900617,30-60,3026,PENDING,0.0,2026-04-28
774,900617,60-90,3026,PENDING,0.0,2026-06-11
775,900617,90+,3026,PENDING,0.0,2026-07-25
776,900618,0-30,3015,PARTIAL,104705.09,2026-01-04
777,900618,0-30,3015,PARTIAL,85752.34,2026-01-29
778,900618,0-30,3015,PENDING,0.0,2026-02-23
779,900618,0-30,3015,PARTIAL,29229.76,2026-03-20
780,900618,0-30,3015,PARTIAL,64825.25,2026-04-15
781,900618,0-30,3015,PARTIAL,39160.72,2026-05-10
782,900618,30-60,3015,PENDING,0.0,2026-06-04
783,900618,60-90,3015,PENDING,0.0,2026-06-29
784,900618,90+,3015,PENDING,0.0,2026-07-25
785,900621,0-30,3023,PENDING,0.0,2025-10-30
786,900621,0-30,3023,PENDING,0.0,2025-12-02
787,900621,0-30,3023,PENDING,0.0,2026-01-05
788,900621,0-30,3023,PARTIAL,81657.43,2026-02-07
789,900621,0-30,3023,PENDING,0.0,2026-03-13
790,900621,0-30,3023,PARTIAL,112719.0,2026-04-15
791,900621,30-60,3023,PENDING,0.0,2026-05-19
792,900621,60-90,3023,PENDING,0.0,2026-06-21
793,900621,90+,3023,PENDING,0.0,2026-07-25
794,900624,0-30,3009,PARTIAL,35587.99,2026-07-25
795,900630,0-30,3015,PENDING,0.0,2025-11-02
796,900630,0-30,3015,PENDING,0.0,2025-11-26
797,900630,0-30,3015,PARTIAL,35691.32,2025-12-20
798,900630,0-30,3015,PENDING,0.0,2026-01-13
799,900630,0-30,3015,PENDING,0.0,2026-02-06
800,900630,0-30,3015,PENDING,0.0,2026-03-02
801,900630,0-30,3015,PENDING,0.0,2026-03-26
802,900630,0-30,3015,PENDING,0.0,2026-04-19
803,900630,0-30,3015,PENDING,0.0,2026-05-13
804,900630,30-60,3015,PENDING,0.0,2026-06-06
805,900630,60-90,3015,PENDING,0.0,2026-06-30
806,900630,90+,3015,WRITE_OFF,5065.01,2026-07-25
807,900632,0-30,3018,PARTIAL,44223.44,2025-09-25
808,900632,0-30,3018,PENDING,0.0,2025-10-29
809,900632,0-30,3018,PARTIAL,144637.33,2025-12-01
810,900632,0-30,3018,PENDING,0.0,2026-01-04
811,900632,0-30,3018,PENDING,0.0,2026-02-07
812,900632,0-30,3018,PENDING,0.0,2026-03-12
813,900632,0-30,3018,PENDING,0.0,2026-04-15
814,900632,30-60,3018,PARTIAL,58967.14,2026-05-18
815,900632,60-90,3018,PENDING,0.0,2026-06-21
816,900632,90+,3018,PARTIAL,99548.01,2026-07-25
817,900633,0-30,3036,PARTIAL,527380.5,2026-02-03
818,900633,0-30,3036,PENDING,0.0,2026-03-18
819,900633,30-60,3036,PARTIAL,189192.82,2026-04-30
820,900633,60-90,3036,PENDING,0.0,2026-06-12
821,900633,90+,3036,PENDING,0.0,2026-07-25
822,900635,0-30,3073,PENDING,0.0,2026-02-03
823,900635,0-30,3073,PARTIAL,215812.3,2026-02-28
824,900635,0-30,3073,PARTIAL,236997.62,2026-03-24
825,900635,0-30,3073,PARTIAL,143730.66,2026-04-18
826,900635,0-30,3073,PENDING,0.0,2026-05-12
827,900635,30-60,3073,PENDING,0.0,2026-06-06
828,900635,60-90,3073,PENDING,0.0,2026-06-30
829,900635,90+,3073,PENDING,0.0,2026-07-25
830,900636,0-30,3070,PARTIAL,22074.9,2026-07-02
831,900636,0-30,3070,PENDING,0.0,2026-07-13
832,900636,30-60,3070,PENDING,0.0,2026-07-25
833,900646,0-30,3039,PARTIAL,4986.34,2026-06-19
834,900646,0-30,3039,PENDING,0.0,2026-07-01
835,900646,0-30,3039,PARTIAL,5967.17,2026-07-13
836,900646,30-60,3039,PENDING,0.0,2026-07-25
837,900648,0-30,3006,PENDING,0.0,2026-04-17
838,900648,0-30,3006,PARTIAL,108273.9,2026-05-12
839,900648,30-60,3006,PENDING,0.0,2026-06-05
840,900648,60-90,3006,PENDING,0.0,2026-06-30
841,900648,90+,3006,WRITE_OFF,37619.41,2026-07-25
842,900649,0-30,3037,PENDING,0.0,2025-08-09
843,900649,0-30,3037,PENDING,0.0,2025-08-24
844,900649,0-30,3037,PARTIAL,69949.93,2025-09-08
845,900649,0-30,3037,PARTIAL,14658.14,2025-09-23
846,900649,0-30,3037,PENDING,0.0,2025-10-09
847,900649,0-30,3037,PENDING,0.0,2025-10-24
848,900649,0-30,3037,PENDING,0.0,2025-11-08
849,900649,0-30,3037,PENDING,0.0,2025-11-23
850,900649,0-30,3037,PARTIAL,65513.37,2025-12-08
851,900649,0-30,3037,PENDING,0.0,2025-12-24
852,900649,0-30,3037,PENDING,0.0,2026-01-08
853,900649,0-30,3037,PENDING,0.0,2026-01-23
854,900649,0-30,3037,PENDING,0.0,2026-02-07
855,900649,0-30,3037,PENDING,0.0,2026-02-22
856,900649,0-30,3037,PARTIAL,47213.33,2026-03-10
857,900649,0-30,3037,PENDING,0.0,2026-03-25
858,900649,0-30,3037,PARTIAL,24951.25,2026-04-09
859,900649,0-30,3037,PENDING,0.0,2026-04-24
860,900649,0-30,3037,PENDING,0.0,2026-05-09
861,900649,0-30,3037,PENDING,0.0,2026-05-25
862,900649,0-30,3037,PARTIAL,20061.08,2026-06-09
863,900649,30-60,3037,PENDING,0.0,2026-06-24
864,900649,60-90,3037,PARTIAL,26267.29,2026-07-09
865,900649,90+,3037,PARTIAL,60510.04,2026-07-25
866,900652,0-30,3040,PENDING,0.0,2026-06-30
867,900652,0-30,3040,PENDING,0.0,2026-07-08
868,900652,0-30,3040,PENDING,0.0,2026-07-16
869,900652,30-60,3040,PENDING,0.0,2026-07-25
870,900653,0-30,3025,PENDING,0.0,2026-07-14
871,900653,0-30,3025,PENDING,0.0,2026-07-25
872,900656,60-90,3067,PARTIAL,5004.61,2026-06-09
873,900656,90+,3067,PARTIAL,10739.35,2026-07-25
874,900665,0-30,3038,PENDING,0.0,2026-06-18
875,900665,0-30,3038,PENDING,0.0,2026-07-06
876,900665,30-60,3038,PENDING,0.0,2026-07-25
877,900672,0-30,3007,PENDING,0.0,2026-05-25
878,900672,0-30,3007,PENDING,0.0,2026-06-09
879,900672,0-30,3007,PARTIAL,753.7,2026-06-24
880,900672,30-60,3007,PENDING,0.0,2026-07-09
881,900672,60-90,3007,WRITE_OFF,710.05,2026-07-25
882,900676,0-30,3048,PENDING,0.0,2026-01-27
883,900676,0-30,3048,PARTIAL,160303.53,2026-02-18
884,900676,0-30,3048,PENDING,0.0,2026-03-13
885,900676,0-30,3048,PENDING,0.0,2026-04-04
886,900676,0-30,3048,PARTIAL,189477.42,2026-04-26
887,900676,0-30,3048,PENDING,0.0,2026-05-19
888,900676,30-60,3048,PENDING,0.0,2026-06-10
889,900676,60-90,3048,PENDING,0.0,2026-07-02
890,900676,90+,3048,PARTIAL,18208.67,2026-07-25
891,900677,0-30,3031,PARTIAL,95508.76,2025-08-20
892,900677,0-30,3031,PENDING,0.0,2025-09-15
893,900677,0-30,3031,PENDING,0.0,2025-10-11
894,900677,0-30,3031,PARTIAL,57381.04,2025-11-06
895,900677,0-30,3031,PENDING,0.0,2025-12-02
896,900677,0-30,3031,PARTIAL,111345.48,2025-12-28
897,900677,0-30,3031,PENDING,0.0,2026-01-23
898,900677,0-30,3031,PENDING,0.0,2026-02-18
899,900677,0-30,3031,PENDING,0.0,2026-03-16
900,900677,0-30,3031,PENDING,0.0,2026-04-11
901,900677,0-30,3031,PARTIAL,42642.47,2026-05-07
902,900677,30-60,3031,PARTIAL,19255.84,2026-06-02
903,900677,60-90,3031,PENDING,0.0,2026-06-28
904,900677,90+,3031,PENDING,0.0,2026-07-25
905,900679,0-30,3010,PENDING,0.0,2025-11-09
906,900679,0-30,3010,PARTIAL,258490.9,2025-12-08
907,900679,0-30,3010,PENDING,0.0,2026-01-05
908,900679,0-30,3010,PARTIAL,344091.36,2026-02-03
909,900679,0-30,3010,PENDING,0.0,2026-03-04
910,900679,0-30,3010,PENDING,0.0,2026-04-01
911,900679,0-30,3010,PENDING,0.0,2026-04-30
912,900679,30-60,3010,PENDING,0.0,2026-05-28
913,900679,60-90,3010,PENDING,0.0,2026-06-26
914,900679,90+,3010,PARTIAL,287386.84,2026-07-25
915,900684,0-30,3033,PARTIAL,13467.54,2026-05-09
916,900684,30-60,3033,PENDING,0.0,2026-06-04
917,900684,60-90,3033,PENDING,0.0,2026-06-29
918,900684,90+,3033,PENDING,0.0,2026-07-25
919,900685,0-30,3046,PENDING,0.0,2026-06-24
920,900685,0-30,3046,PARTIAL,12651.3,2026-07-04
921,900685,0-30,3046,PARTIAL,23323.52,2026-07-14
922,900685,30-60,3046,PARTIAL,25251.89,2026-07-25
923,900686,0-30,3007,PARTIAL,562.26,2025-11-03
924,900686,0-30,3007,PENDING,0.0,2025-11-27
925,900686,0-30,3007,PENDING,0.0,2025-12-21
926,900686,0-30,3007,PENDING,0.0,2026-01-14
927,900686,0-30,3007,PARTIAL,2899.84,2026-02-07
928,900686,0-30,3007,PENDING,0.0,2026-03-03
929,900686,0-30,3007,PENDING,0.0,2026-03-27
930,900686,0-30,3007,PENDING,0.0,2026-04-20
931,900686,0-30,3007,PARTIAL,1363.73,2026-05-14
932,900686,30-60,3007,PARTIAL,3917.38,2026-06-07
933,900686,60-90,3007,PARTIAL,3095.22,2026-07-01
934,900686,90+,3007,PENDING,0.0,2026-07-25
935,900687,0-30,3067,PENDING,0.0,2026-01-30
936,900687,0-30,3067,PENDING,0.0,2026-02-21
937,900687,0-30,3067,PENDING,0.0,2026-03-15
938,900687,0-30,3067,PENDING,0.0,2026-04-06
939,900687,0-30,3067,PENDING,0.0,2026-04-28
940,900687,0-30,3067,PENDING,0.0,2026-05-20
941,900687,30-60,3067,PENDING,0.0,2026-06-11
942,900687,60-90,3067,PENDING,0.0,2026-07-03
943,900687,90+,3067,PENDING,0.0,2026-07-25
944,900701,0-30,3069,PENDING,0.0,2025-09-29
945,900701,0-30,3069,PENDING,0.0,2025-10-22
946,900701,0-30,3069,PENDING,0.0,2025-11-14
947,900701,0-30,3069,PARTIAL,15607.29,2025-12-07
948,900701,0-30,3069,PENDING,0.0,2025-12-30
949,900701,0-30,3069,PENDING,0.0,2026-01-22
950,900701,0-30,3069,PARTIAL,9806.93,2026-02-14
951,900701,0-30,3069,PARTIAL,15599.89,2026-03-09
952,900701,0-30,3069,PARTIAL,7555.87,2026-04-01
953,900701,0-30,3069,PENDING,0.0,2026-04-24
954,900701,0-30,3069,PENDING,0.0,2026-05-17
955,900701,30-60,3069,PENDING,0.0,2026-06-09
956,900701,60-90,3069,PENDING,0.0,2026-07-02
957,900701,90+,3069,PENDING,0.0,2026-07-25
958,900706,0-30,3019,PENDING,0.0,2025-12-31
959,900706,0-30,3019,PENDING,0.0,2026-01-23
960,900706,0-30,3019,PARTIAL,16854.92,2026-02-15
961,900706,0-30,3019,PENDING,0.0,2026-03-10
962,900706,0-30,3019,PENDING,0.0,2026-04-02
963,900706,0-30,3019,PARTIAL,51369.44,2026-04-24
964,900706,0-30,3019,PENDING,0.0,2026-05-17
965,900706,30-60,3019,PARTIAL,16708.05,2026-06-09
966,900706,60-90,3019,PARTIAL,58735.15,2026-07-02
967,900706,90+,3019,PENDING,0.0,2026-07-25
968,900707,0-30,3015,PARTIAL,8218.2,2026-07-06
969,900707,30-60,3015,PARTIAL,9828.3,2026-07-25
970,900708,0-30,3004,PENDING,0.0,2025-10-05
971,900708,0-30,3004,PENDING,0.0,2025-10-26
972,900708,0-30,3004,PENDING,0.0,2025-11-16
973,900708,0-30,3004,PARTIAL,8578.4,2025-12-07
974,900708,0-30,3004,PENDING,0.0,2025-12-28
975,900708,0-30,3004,PENDING,0.0,2026-01-18
976,900708,0-30,3004,PARTIAL,8921.28,2026-02-08
977,900708,0-30,3004,PENDING,0.0,2026-02-28
978,900708,0-30,3004,PENDING,0.0,2026-03-21
979,900708,0-30,3004,PENDING,0.0,2026-04-11
980,900708,0-30,3004,PENDING,0.0,2026-05-02
981,900708,0-30,3004,PARTIAL,2591.88,2026-05-23
982,900708,30-60,3004,PENDING,0.0,2026-06-13
983,900708,60-90,3004,PENDING,0.0,2026-07-04
984,900708,90+,3004,WRITE_OFF,1109.96,2026-07-25
985,900710,30-60,3064,PENDING,0.0,2026-06-23
986,900710,60-90,3064,PARTIAL,8996.25,2026-07-25
987,900711,0-30,3037,PENDING,0.0,2026-06-20
988,900711,0-30,3037,PENDING,0.0,2026-07-07
989,900711,30-60,3037,PENDING,0.0,2026-07-25
990,900718,0-30,3054,PARTIAL,33070.48,2026-06-26
991,900718,0-30,3054,PENDING,0.0,2026-07-06
992,900718,0-30,3054,PARTIAL,30702.84,2026-07-15
993,900718,30-60,3054,PARTIAL,8498.02,2026-07-25
994,900726,0-30,3047,PARTIAL,4203.94,2026-03-29
995,900726,0-30,3047,PARTIAL,4628.41,2026-04-18
996,900726,0-30,3047,PENDING,0.0,2026-05-07
997,900726,0-30,3047,PENDING,0.0,2026-05-27
998,900726,30-60,3047,PARTIAL,3782.09,2026-06-15
999,900726,60-90,3047,PENDING,0.0,2026-07-05
1000,900726,90+,3047,WRITE_OFF,162.36,2026-07-25
1001,900746,30-60,3076,PENDING,0.0,2026-07-25
1002,900749,0-30,3030,PENDING,0.0,2026-03-14
1003,900749,0-30,3030,PENDING,0.0,2026-04-02
1004,900749,0-30,3030,PENDING,0.0,2026-04-21
1005,900749,0-30,3030,PARTIAL,35766.22,2026-05-10
1006,900749,0-30,3030,PENDING,0.0,2026-05-29
1007,900749,30-60,3030,PENDING,0.0,2026-06-17
1008,900749,60-90,3030,PARTIAL,18141.03,2026-07-06
1009,900749,90+,3030,PENDING,0.0,2026-07-25
1010,900751,0-30,3044,PENDING,0.0,2026-07-09
1011,900751,30-60,3044,RECOVERED,49631.68,2026-07-25
1012,900756,0-30,3027,PENDING,0.0,2026-01-26
1013,900756,0-30,3027,PENDING,0.0,2026-03-03
1014,900756,0-30,3027,PENDING,0.0,2026-04-08
1015,900756,30-60,3027,PENDING,0.0,2026-05-14
1016,900756,60-90,3027,PENDING,0.0,2026-06-19
1017,900756,90+,3027,WRITE_OFF,7086.94,2026-07-25
1018,900757,0-30,3005,PARTIAL,14098.63,2026-07-07
1019,900757,30-60,3005,RECOVERED,51076.7,2026-07-25
1020,900760,0-30,3061,PARTIAL,309665.41,2025-12-02
1021,900760,0-30,3061,PENDING,0.0,2026-01-18
1022,900760,0-30,3061,PENDING,0.0,2026-03-06
1023,900760,30-60,3061,PENDING,0.0,2026-04-22
1024,900760,60-90,3061,PARTIAL,74524.52,2026-06-08
1025,900760,90+,3061,PENDING,0.0,2026-07-25
1026,900762,60-90,3070,PARTIAL,119796.53,2026-06-02
1027,900762,90+,3070,WRITE_OFF,49277.45,2026-07-25
1028,900765,0-30,3041,PARTIAL,110977.3,2026-07-02
1029,900765,30-60,3041,PENDING,0.0,2026-07-25
1030,900767,0-30,3032,PENDING,0.0,2025-12-04
1031,900767,0-30,3032,PARTIAL,26479.24,2026-01-12
1032,900767,0-30,3032,PENDING,0.0,2026-02-20
1033,900767,0-30,3032,PENDING,0.0,2026-03-30
1034,900767,30-60,3032,PENDING,0.0,2026-05-08
1035,900767,60-90,3032,PARTIAL,22475.59,2026-06-16
1036,900767,90+,3032,PENDING,0.0,2026-07-25
1037,900769,0-30,3019,PARTIAL,22296.69,2025-11-27
1038,900769,0-30,3019,PARTIAL,8906.48,2025-12-17
1039,900769,0-30,3019,PENDING,0.0,2026-01-06
1040,900769,0-30,3019,PENDING,0.0,2026-01-26
1041,900769,0-30,3019,PENDING,0.0,2026-02-15
1042,900769,0-30,3019,PENDING,0.0,2026-03-07
1043,900769,0-30,3019,PENDING,0.0,2026-03-27
1044,900769,0-30,3019,PENDING,0.0,2026-04-16
1045,900769,0-30,3019,PARTIAL,3875.42,2026-05-06
1046,900769,0-30,3019,PARTIAL,7368.37,2026-05-26
1047,900769,30-60,3019,PARTIAL,6213.03,2026-06-15
1048,900769,60-90,3019,PENDING,0.0,2026-07-05
1049,900769,90+,3019,PENDING,0.0,2026-07-25
1050,900771,0-30,3036,PENDING,0.0,2026-07-02
1051,900771,0-30,3036,PARTIAL,1636.21,2026-07-13
1052,900771,30-60,3036,PENDING,0.0,2026-07-25
1053,900775,0-30,3003,PENDING,0.0,2025-12-06
1054,900775,30-60,3003,PENDING,0.0,2026-02-21
1055,900775,60-90,3003,PENDING,0.0,2026-05-09
1056,900775,90+,3003,WRITE_OFF,857.85,2026-07-25
1057,900782,0-30,3056,PENDING,0.0,2025-10-17
1058,900782,0-30,3056,PENDING,0.0,2025-11-06
1059,900782,0-30,3056,PENDING,0.0,2025-11-26
1060,900782,0-30,3056,PENDING,0.0,2025-12-16
1061,900782,0-30,3056,PENDING,0.0,2026-01-05
1062,900782,0-30,3056,PENDING,0.0,2026-01-25
1063,900782,0-30,3056,PENDING,0.0,2026-02-14
1064,900782,0-30,3056,PENDING,0.0,2026-03-06
1065,900782,0-30,3056,PENDING,0.0,2026-03-26
1066,900782,0-30,3056,PARTIAL,77755.76,2026-04-15
1067,900782,0-30,3056,PENDING,0.0,2026-05-05
1068,900782,0-30,3056,PARTIAL,59383.91,2026-05-25
1069,900782,30-60,3056,PARTIAL,26919.6,2026-06-14
1070,900782,60-90,3056,PENDING,0.0,2026-07-04
1071,900782,90+,3056,PENDING,0.0,2026-07-25
1072,900783,0-30,3070,PARTIAL,2027.7,2026-07-25
1073,900813,0-30,3008,PENDING,0.0,2026-07-20
1074,900813,0-30,3008,RECOVERED,4104.11,2026-07-25
1075,900817,0-30,3066,PARTIAL,8851.45,2026-03-09
1076,900817,0-30,3066,PENDING,0.0,2026-03-26
1077,900817,0-30,3066,PENDING,0.0,2026-04-12
1078,900817,0-30,3066,PENDING,0.0,2026-04-29
1079,900817,0-30,3066,PENDING,0.0,2026-05-17
1080,900817,0-30,3066,PENDING,0.0,2026-06-03
1081,900817,30-60,3066,PENDING,0.0,2026-06-20
1082,900817,60-90,3066,PENDING,0.0,2026-07-07
1083,900817,90+,3066,PENDING,0.0,2026-07-25
1084,900819,0-30,3066,PENDING,0.0,2025-11-08
1085,900819,0-30,3066,PENDING,0.0,2025-12-07
1086,900819,0-30,3066,PARTIAL,47912.81,2026-01-05
1087,900819,0-30,3066,PARTIAL,213311.68,2026-02-02
1088,900819,0-30,3066,PENDING,0.0,2026-03-03
1089,900819,0-30,3066,PENDING,0.0,2026-04-01
1090,900819,0-30,3066,PARTIAL,31926.11,2026-04-29
1091,900819,30-60,3066,PARTIAL,214056.5,2026-05-28
1092,900819,60-90,3066,PARTIAL,42098.84,2026-06-26
1093,900819,90+,3066,WRITE_OFF,20433.96,2026-07-25
1094,900821,0-30,3012,PARTIAL,28853.41,2026-05-09
1095,900821,30-60,3012,PENDING,0.0,2026-06-04
1096,900821,60-90,3012,PARTIAL,41695.49,2026-06-29
1097,900821,90+,3012,PENDING,0.0,2026-07-25
1098,900825,60-90,3067,PENDING,0.0,2026-07-25
1099,900826,0-30,3048,PARTIAL,35679.99,2026-04-18
1100,900826,0-30,3048,PENDING,0.0,2026-05-12
1101,900826,30-60,3048,PENDING,0.0,2026-06-06
1102,900826,60-90,3048,PENDING,0.0,2026-06-30
1103,900826,90+,3048,WRITE_OFF,34003.55,2026-07-25
1104,900828,0-30,3074,PENDING,0.0,2026-04-13
1105,900828,0-30,3074,PENDING,0.0,2026-05-04
1106,900828,0-30,3074,PARTIAL,22965.36,2026-05-24
1107,900828,30-60,3074,PENDING,0.0,2026-06-14
1108,900828,60-90,3074,PENDING,0.0,2026-07-04
1109,900828,90+,3074,PARTIAL,50279.51,2026-07-25
1110,900829,0-30,3017,PARTIAL,547.09,2026-07-13
1111,900829,0-30,3017,PARTIAL,2055.77,2026-07-25
1112,900830,0-30,3078,PARTIAL,102988.28,2026-06-29
1113,900830,30-60,3078,PENDING,0.0,2026-07-25
1114,900832,0-30,3004,PENDING,0.0,2026-05-02
1115,900832,0-30,3004,PENDING,0.0,2026-05-19
1116,900832,0-30,3004,PENDING,0.0,2026-06-05
1117,900832,30-60,3004,PENDING,0.0,2026-06-21
1118,900832,60-90,3004,PARTIAL,1982.22,2026-07-08
1119,900832,90+,3004,PENDING,0.0,2026-07-25
1120,900833,0-30,3048,PARTIAL,171864.89,2025-08-18
1121,900833,0-30,3048,PENDING,0.0,2025-09-07
1122,900833,0-30,3048,PENDING,0.0,2025-09-27
1123,900833,0-30,3048,PARTIAL,289400.82,2025-10-17
1124,900833,0-30,3048,PARTIAL,113314.09,2025-11-06
1125,900833,0-30,3048,PENDING,0.0,2025-11-26
1126,900833,0-30,3048,PENDING,0.0,2025-12-16
1127,900833,0-30,3048,PENDING,0.0,2026-01-05
1128,900833,0-30,3048,PARTIAL,75744.57,2026-01-25
1129,900833,0-30,3048,PENDING,0.0,2026-02-14
1130,900833,0-30,3048,PENDING,0.0,2026-03-06
1131,900833,0-30,3048,PENDING,0.0,2026-03-26
1132,900833,0-30,3048,PARTIAL,150620.15,2026-04-15
1133,900833,0-30,3048,PENDING,0.0,2026-05-05
1134,900833,0-30,3048,PARTIAL,296378.09,2026-05-25
1135,900833,30-60,3048,PARTIAL,216411.86,2026-06-14
1136,900833,60-90,3048,PENDING,0.0,2026-07-04
1137,900833,90+,3048,PARTIAL,280285.83,2026-07-25
1138,900836,0-30,3074,PENDING,0.0,2025-08-30
1139,900836,0-30,3074,PENDING,0.0,2025-09-18
1140,900836,0-30,3074,PARTIAL,52149.74,2025-10-08
1141,900836,0-30,3074,PENDING,0.0,2025-10-27
1142,900836,0-30,3074,PENDING,0.0,2025-11-15
1143,900836,0-30,3074,PENDING,0.0,2025-12-05
1144,900836,0-30,3074,PARTIAL,55613.98,2025-12-24
1145,900836,0-30,3074,PARTIAL,68042.16,2026-01-12
1146,900836,0-30,3074,PENDING,0.0,2026-02-01
1147,900836,0-30,3074,PARTIAL,81762.85,2026-02-20
1148,900836,0-30,3074,PENDING,0.0,2026-03-11
1149,900836,0-30,3074,PENDING,0.0,2026-03-31
1150,900836,0-30,3074,PENDING,0.0,2026-04-19
1151,900836,0-30,3074,PENDING,0.0,2026-05-08
1152,900836,0-30,3074,PENDING,0.0,2026-05-28
1153,900836,30-60,3074,PENDING,0.0,2026-06-16
1154,900836,60-90,3074,PENDING,0.0,2026-07-05
1155,900836,90+,3074,PARTIAL,49969.72,2026-07-25
1156,900841,0-30,3059,PARTIAL,26696.23,2026-07-25
1157,900843,0-30,3019,PENDING,0.0,2026-07-04
1158,900843,30-60,3019,PENDING,0.0,2026-07-25
1159,900846,0-30,3076,PARTIAL,25062.15,2026-07-07
1160,900846,30-60,3076,PENDING,0.0,2026-07-25
1161,900848,0-30,3053,PENDING,0.0,2026-03-18
1162,900848,30-60,3053,PENDING,0.0,2026-04-30
1163,900848,60-90,3053,PENDING,0.0,2026-06-12
1164,900848,90+,3053,PENDING,0.0,2026-07-25
1165,900849,0-30,3028,PARTIAL,173965.36,2026-06-11
1166,900849,30-60,3028,PENDING,0.0,2026-07-03
1167,900849,60-90,3028,PENDING,0.0,2026-07-25
1168,900851,0-30,3062,PARTIAL,8469.44,2026-03-26
1169,900851,0-30,3062,PENDING,0.0,2026-04-12
1170,900851,0-30,3062,PARTIAL,4098.8,2026-04-29
1171,900851,0-30,3062,PARTIAL,5539.11,2026-05-17
1172,900851,0-30,3062,PARTIAL,2937.82,2026-06-03
1173,900851,30-60,3062,PENDING,0.0,2026-06-20
1174,900851,60-90,3062,PENDING,0.0,2026-07-07
1175,900851,90+,3062,PARTIAL,4442.31,2026-07-25
1176,900852,0-30,3006,PENDING,0.0,2026-07-25
1177,900854,0-30,3039,PARTIAL,2885.14,2026-06-15
1178,900854,0-30,3039,PENDING,0.0,2026-06-28
1179,900854,0-30,3039,PENDING,0.0,2026-07-11
1180,900854,30-60,3039,PARTIAL,3049.39,2026-07-25
1181,900855,0-30,3040,PENDING,0.0,2026-01-19
1182,900855,0-30,3040,PENDING,0.0,2026-02-05
1183,900855,0-30,3040,PENDING,0.0,2026-02-22
1184,900855,0-30,3040,PENDING,0.0,2026-03-11
1185,900855,0-30,3040,PARTIAL,114210.61,2026-03-28
1186,900855,0-30,3040,PARTIAL,157061.25,2026-04-14
1187,900855,0-30,3040,PENDING,0.0,2026-05-01
1188,900855,0-30,3040,PENDING,0.0,2026-05-18
1189,900855,0-30,3040,PARTIAL,133938.12,2026-06-04
1190,900855,30-60,3040,PENDING,0.0,2026-06-21
1191,900855,60-90,3040,PENDING,0.0,2026-07-08
1192,900855,90+,3040,PARTIAL,175494.28,2026-07-25
1193,900856,0-30,3077,PARTIAL,2198.86,2026-04-27
1194,900856,0-30,3077,PARTIAL,7804.08,2026-05-07
1195,900856,0-30,3077,PENDING,0.0,2026-05-17
1196,900856,0-30,3077,PARTIAL,2895.8,2026-05-27
1197,900856,0-30,3077,PENDING,0.0,2026-06-06
1198,900856,0-30,3077,PENDING,0.0,2026-06-15
1199,900856,0-30,3077,PENDING,0.0,2026-06-25
1200,900856,30-60,3077,PENDING,0.0,2026-07-05
1201,900856,60-90,3077,PENDING,0.0,2026-07-15
1202,900856,90+,3077,WRITE_OFF,821.1,2026-07-25
1203,900858,0-30,3019,PENDING,0.0,2026-07-25
1204,900859,60-90,3043,PENDING,0.0,2026-05-24
1205,900859,90+,3043,WRITE_OFF,46353.87,2026-07-25
1206,900871,60-90,3014,PENDING,0.0,2026-05-06
1207,900871,90+,3014,PARTIAL,2414.46,2026-07-25
1208,900884,0-30,3044,PARTIAL,13668.7,2026-07-17
1209,900884,0-30,3044,PARTIAL,88161.55,2026-07-25
1210,900887,0-30,3072,PARTIAL,39033.36,2025-11-10
1211,900887,0-30,3072,PARTIAL,18128.29,2025-12-06
1212,900887,0-30,3072,PENDING,0.0,2025-12-31
1213,900887,0-30,3072,PENDING,0.0,2026-01-26
1214,900887,0-30,3072,PENDING,0.0,2026-02-21
1215,900887,0-30,3072,PENDING,0.0,2026-03-18
1216,900887,0-30,3072,PENDING,0.0,2026-04-13
1217,900887,0-30,3072,PARTIAL,18390.26,2026-05-09
1218,900887,30-60,3072,PENDING,0.0,2026-06-03
1219,900887,60-90,3072,PENDING,0.0,2026-06-29
1220,900887,90+,3072,PARTIAL,27017.44,2026-07-25
1221,900888,0-30,3036,PENDING,0.0,2026-07-09
1222,900888,30-60,3036,PARTIAL,1622.19,2026-07-25
1223,900889,0-30,3025,PENDING,0.0,2025-10-09
1224,900889,0-30,3025,PARTIAL,111834.1,2025-11-02
1225,900889,0-30,3025,PENDING,0.0,2025-11-26
1226,900889,0-30,3025,PARTIAL,216585.76,2025-12-20
1227,900889,0-30,3025,PENDING,0.0,2026-01-13
1228,900889,0-30,3025,PENDING,0.0,2026-02-06
1229,900889,0-30,3025,PENDING,0.0,2026-03-02
1230,900889,0-30,3025,PENDING,0.0,2026-03-26
1231,900889,0-30,3025,PENDING,0.0,2026-04-19
1232,900889,0-30,3025,PARTIAL,200485.16,2026-05-13
1233,900889,30-60,3025,PENDING,0.0,2026-06-06
1234,900889,60-90,3025,PARTIAL,47283.85,2026-06-30
1235,900889,90+,3025,PARTIAL,169586.21,2026-07-25
1236,900894,0-30,3047,PARTIAL,27270.94,2026-07-25
1237,900903,0-30,3071,PENDING,0.0,2026-02-17
1238,900903,0-30,3071,PARTIAL,31691.2,2026-03-28
1239,900903,30-60,3071,PARTIAL,10463.76,2026-05-07
1240,900903,60-90,3071,PENDING,0.0,2026-06-15
1241,900903,90+,3071,PARTIAL,27812.4,2026-07-25
1242,900905,0-30,3064,PENDING,0.0,2026-05-31
1243,900905,30-60,3064,PENDING,0.0,2026-06-27
1244,900905,60-90,3064,PARTIAL,73851.76,2026-07-25
1245,900909,0-30,3009,PARTIAL,57496.43,2025-10-22
1246,900909,0-30,3009,PENDING,0.0,2025-11-09
1247,900909,0-30,3009,PARTIAL,27357.4,2025-11-28
1248,900909,0-30,3009,PENDING,0.0,2025-12-16
1249,900909,0-30,3009,PENDING,0.0,2026-01-03
1250,900909,0-30,3009,PENDING,0.0,2026-01-22
1251,900909,0-30,3009,PENDING,0.0,2026-02-09
1252,900909,0-30,3009,PENDING,0.0,2026-02-28
1253,900909,0-30,3009,PENDING,0.0,2026-03-18
1254,900909,0-30,3009,PARTIAL,31318.24,2026-04-05
1255,900909,0-30,3009,PENDING,0.0,2026-04-24
1256,900909,0-30,3009,PARTIAL,12009.65,2026-05-12
1257,900909,0-30,3009,PARTIAL,22775.56,2026-05-30
1258,900909,30-60,3009,PENDING,0.0,2026-06-18
1259,900909,60-90,3009,PARTIAL,11034.81,2026-07-06
1260,900909,90+,3009,PENDING,0.0,2026-07-25
1261,900918,0-30,3038,PENDING,0.0,2026-06-26
1262,900918,0-30,3038,PENDING,0.0,2026-07-10
1263,900918,30-60,3038,PENDING,0.0,2026-07-25
1264,900919,0-30,3057,PENDING,0.0,2025-09-03
1265,900919,0-30,3057,PARTIAL,36515.54,2025-10-14
1266,900919,0-30,3057,PENDING,0.0,2025-11-23
1267,900919,0-30,3057,PARTIAL,353305.09,2026-01-03
1268,900919,0-30,3057,PENDING,0.0,2026-02-12
1269,900919,0-30,3057,PENDING,0.0,2026-03-25
1270,900919,30-60,3057,PARTIAL,159200.38,2026-05-04
1271,900919,60-90,3057,PENDING,0.0,2026-06-14
1272,900919,90+,3057,WRITE_OFF,70496.86,2026-07-25
1273,900922,0-30,3077,PENDING,0.0,2026-06-01
1274,900922,30-60,3077,PENDING,0.0,2026-06-28
1275,900922,60-90,3077,PARTIAL,44221.72,2026-07-25
1276,900928,0-30,3016,PENDING,0.0,2026-07-05
1277,900928,30-60,3016,PARTIAL,3520.58,2026-07-25
1278,900932,0-30,3067,PENDING,0.0,2025-11-29
1279,900932,0-30,3067,PENDING,0.0,2026-01-02
1280,900932,0-30,3067,PENDING,0.0,2026-02-05
1281,900932,0-30,3067,PENDING,0.0,2026-03-11
1282,900932,0-30,3067,PARTIAL,1726468.22,2026-04-14
1283,900932,30-60,3067,PENDING,0.0,2026-05-18
1284,900932,60-90,3067,PARTIAL,1854188.11,2026-06-21
1285,900932,90+,3067,PENDING,0.0,2026-07-25
1286,900933,0-30,3027,PENDING,0.0,2026-07-16
1287,900933,0-30,3027,RECOVERED,23922.25,2026-07-25
1288,900935,0-30,3024,PENDING,0.0,2026-03-07
1289,900935,0-30,3024,PENDING,0.0,2026-04-11
1290,900935,30-60,3024,PENDING,0.0,2026-05-16
1291,900935,60-90,3024,PARTIAL,202560.07,2026-06-20
1292,900935,90+,3024,PENDING,0.0,2026-07-25
1293,900938,0-30,3062,PARTIAL,52363.05,2026-07-17
1294,900938,0-30,3062,PENDING,0.0,2026-07-25
1295,900943,0-30,3044,PENDING,0.0,2026-07-04
1296,900943,30-60,3044,PARTIAL,69765.99,2026-07-25
1297,900950,30-60,3016,PARTIAL,1779.81,2026-07-25
1298,900955,30-60,3077,PARTIAL,16177.44,2026-07-25
1299,900959,0-30,3016,PARTIAL,292448.8,2026-06-25
1300,900959,0-30,3016,PENDING,0.0,2026-07-10
1301,900959,30-60,3016,PENDING,0.0,2026-07-25
1302,900961,0-30,3071,PENDING,0.0,2026-02-14
1303,900961,30-60,3071,PENDING,0.0,2026-04-09
1304,900961,60-90,3071,PENDING,0.0,2026-06-01
1305,900961,90+,3071,PARTIAL,559576.24,2026-07-25
1306,900963,30-60,3049,PARTIAL,5937.08,2026-06-22
1307,900963,60-90,3049,PENDING,0.0,2026-07-25
1308,900964,0-30,3041,PARTIAL,23982.72,2026-07-25
1309,900969,0-30,3035,PENDING,0.0,2026-01-29
1310,900969,0-30,3035,PENDING,0.0,2026-02-20
1311,900969,0-30,3035,PENDING,0.0,2026-03-14
1312,900969,0-30,3035,PENDING,0.0,2026-04-05
1313,900969,0-30,3035,PENDING,0.0,2026-04-27
1314,900969,0-30,3035,PENDING,0.0,2026-05-19
1315,900969,30-60,3035,PENDING,0.0,2026-06-10
1316,900969,60-90,3035,PENDING,0.0,2026-07-02
1317,900969,90+,3035,WRITE_OFF,4511.41,2026-07-25
1318,900970,0-30,3026,PENDING,0.0,2025-09-02
1319,900970,0-30,3026,PENDING,0.0,2025-09-27
1320,900970,0-30,3026,PENDING,0.0,2025-10-22
1321,900970,0-30,3026,PENDING,0.0,2025-11-16
1322,900970,0-30,3026,PARTIAL,57918.28,2025-12-11
1323,900970,0-30,3026,PARTIAL,54514.04,2026-01-05
1324,900970,0-30,3026,PARTIAL,46095.41,2026-01-30
1325,900970,0-30,3026,PENDING,0.0,2026-02-24
1326,900970,0-30,3026,PENDING,0.0,2026-03-21
1327,900970,0-30,3026,PENDING,0.0,2026-04-15
1328,900970,0-30,3026,PENDING,0.0,2026-05-10
1329,900970,30-60,3026,PARTIAL,67933.61,2026-06-04
1330,900970,60-90,3026,PENDING,0.0,2026-06-29
1331,900970,90+,3026,PENDING,0.0,2026-07-25
1332,900975,0-30,3057,PENDING,0.0,2026-06-29
1333,900975,0-30,3057,PENDING,0.0,2026-07-08
1334,900975,0-30,3057,PENDING,0.0,2026-07-16
1335,900975,30-60,3057,PENDING,0.0,2026-07-25
1336,900981,30-60,3061,PENDING,0.0,2026-07-25
1337,900983,0-30,3078,PENDING,0.0,2025-08-31
1338,900983,0-30,3078,PENDING,0.0,2025-09-17
1339,900983,0-30,3078,PENDING,0.0,2025-10-04
1340,900983,0-30,3078,PENDING,0.0,2025-10-22
1341,900983,0-30,3078,PARTIAL,79139.08,2025-11-08
1342,900983,0-30,3078,PARTIAL,120226.09,2025-11-25
1343,900983,0-30,3078,PENDING,0.0,2025-12-12
1344,900983,0-30,3078,PENDING,0.0,2025-12-30
1345,900983,0-30,3078,PENDING,0.0,2026-01-16
1346,900983,0-30,3078,PARTIAL,87200.79,2026-02-02
1347,900983,0-30,3078,PENDING,0.0,2026-02-19
1348,900983,0-30,3078,PARTIAL,174769.99,2026-03-09
1349,900983,0-30,3078,PENDING,0.0,2026-03-26
1350,900983,0-30,3078,PARTIAL,155490.05,2026-04-12
1351,900983,0-30,3078,PARTIAL,90340.89,2026-04-29
1352,900983,0-30,3078,PARTIAL,149845.52,2026-05-17
1353,900983,0-30,3078,PENDING,0.0,2026-06-03
1354,900983,30-60,3078,PENDING,0.0,2026-06-20
1355,900983,60-90,3078,PENDING,0.0,2026-07-07
1356,900983,90+,3078,PENDING,0.0,2026-07-25
1357,900984,30-60,3049,PENDING,0.0,2026-06-20
1358,900984,60-90,3049,PARTIAL,9127.2,2026-07-25
1359,900986,0-30,3079,PENDING,0.0,2025-09-22
1360,900986,0-30,3079,PENDING,0.0,2025-10-05
1361,900986,0-30,3079,PENDING,0.0,2025-10-18
1362,900986,0-30,3079,PARTIAL,216728.55,2025-11-01
1363,900986,0-30,3079,PARTIAL,223423.94,2025-11-14
1364,900986,0-30,3079,PENDING,0.0,2025-11-27
1365,900986,0-30,3079,PENDING,0.0,2025-12-11
1366,900986,0-30,3079,PARTIAL,183748.2,2025-12-24
1367,900986,0-30,3079,PENDING,0.0,2026-01-06
1368,900986,0-30,3079,PENDING,0.0,2026-01-19
1369,900986,0-30,3079,PENDING,0.0,2026-02-02
1370,900986,0-30,3079,PENDING,0.0,2026-02-15
1371,900986,0-30,3079,PENDING,0.0,2026-02-28
1372,900986,0-30,3079,PARTIAL,163529.38,2026-03-14
1373,900986,0-30,3079,PARTIAL,175515.45,2026-03-27
1374,900986,0-30,3079,PENDING,0.0,2026-04-09
1375,900986,0-30,3079,PENDING,0.0,2026-04-22
1376,900986,0-30,3079,PENDING,0.0,2026-05-06
1377,900986,0-30,3079,PENDING,0.0,2026-05-19
1378,900986,0-30,3079,PENDING,0.0,2026-06-01
1379,900986,0-30,3079,PENDING,0.0,2026-06-15
1380,900986,30-60,3079,PENDING,0.0,2026-06-28
1381,900986,60-90,3079,PENDING,0.0,2026-07-11
1382,900986,90+,3079,WRITE_OFF,68402.77,2026-07-25
1383,900992,0-30,3033,PENDING,0.0,2026-02-25
1384,900992,0-30,3033,PARTIAL,14956.06,2026-03-22
1385,900992,0-30,3033,PARTIAL,11032.99,2026-04-16
1386,900992,0-30,3033,PENDING,0.0,2026-05-11
1387,900992,30-60,3033,PENDING,0.0,2026-06-05
1388,900992,60-90,3033,PENDING,0.0,2026-06-30
1389,900992,90+,3033,WRITE_OFF,6289.72,2026-07-25
1390,900993,0-30,3004,PENDING,0.0,2025-12-10
1391,900993,0-30,3004,PENDING,0.0,2026-01-17
1392,900993,0-30,3004,PENDING,0.0,2026-02-24
1393,900993,0-30,3004,PENDING,0.0,2026-04-02
1394,900993,30-60,3004,PARTIAL,65716.67,2026-05-10
1395,900993,60-90,3004,PARTIAL,58194.09,2026-06-17
1396,900993,90+,3004,PARTIAL,23550.3,2026-07-25
1397,900997,0-30,3073,PARTIAL,51743.65,2026-03-10
1398,900997,0-30,3073,PENDING,0.0,2026-04-06
1399,900997,0-30,3073,PARTIAL,80659.31,2026-05-04
1400,900997,30-60,3073,PENDING,0.0,2026-05-31
1401,900997,60-90,3073,PENDING,0.0,2026-06-27
1402,900997,90+,3073,PENDING,0.0,2026-07-25
1403,901001,0-30,3059,PENDING,0.0,2025-11-19
1404,901001,0-30,3059,PENDING,0.0,2025-12-24
1405,901001,0-30,3059,PENDING,0.0,2026-01-29
1406,901001,0-30,3059,PARTIAL,166181.23,2026-03-05
1407,901001,0-30,3059,PENDING,0.0,2026-04-09
1408,901001,30-60,3059,PENDING,0.0,2026-05-15
1409,901001,60-90,3059,PENDING,0.0,2026-06-19
1410,901001,90+,3059,PARTIAL,144035.43,2026-07-25
1411,901003,0-30,3002,PENDING,0.0,2025-08-27
1412,901003,0-30,3002,PENDING,0.0,2025-09-16
1413,901003,0-30,3002,PENDING,0.0,2025-10-05
1414,901003,0-30,3002,PENDING,0.0,2025-10-25
1415,901003,0-30,3002,PARTIAL,32546.69,2025-11-13
1416,901003,0-30,3002,PARTIAL,24879.07,2025-12-03
1417,901003,0-30,3002,PARTIAL,129018.96,2025-12-22
1418,901003,0-30,3002,PENDING,0.0,2026-01-11
1419,901003,0-30,3002,PENDING,0.0,2026-01-30
1420,901003,0-30,3002,PENDING,0.0,2026-02-19
1421,901003,0-30,3002,PARTIAL,45937.49,2026-03-10
1422,901003,0-30,3002,PARTIAL,111219.1,2026-03-30
1423,901003,0-30,3002,PENDING,0.0,2026-04-18
1424,901003,0-30,3002,PENDING,0.0,2026-05-08
1425,901003,0-30,3002,PENDING,0.0,2026-05-27
1426,901003,30-60,3002,PENDING,0.0,2026-06-16
1427,901003,60-90,3002,PENDING,0.0,2026-07-05
1428,901003,90+,3002,PENDING,0.0,2026-07-25
1429,901005,0-30,3028,PENDING,0.0,2026-06-25
1430,901005,0-30,3028,PARTIAL,77107.58,2026-07-10
1431,901005,30-60,3028,PARTIAL,56576.93,2026-07-25
1432,901016,0-30,3024,RECOVERED,26294.03,2026-07-25
1433,901019,0-30,3064,PENDING,0.0,2026-05-01
1434,901019,0-30,3064,PENDING,0.0,2026-05-18
1435,901019,0-30,3064,PENDING,0.0,2026-06-04
1436,901019,30-60,3064,PARTIAL,1488.52,2026-06-21
1437,901019,60-90,3064,PARTIAL,792.47,2026-07-08
1438,901019,90+,3064,PARTIAL,1497.65,2026-07-25
1439,901024,0-30,3071,PARTIAL,151754.75,2026-04-15
1440,901024,30-60,3071,PENDING,0.0,2026-05-19
1441,901024,60-90,3071,PENDING,0.0,2026-06-21
1442,901024,90+,3071,WRITE_OFF,50774.13,2026-07-25
1443,901030,0-30,3023,PENDING,0.0,2026-07-17
1444,901030,0-30,3023,PENDING,0.0,2026-07-25
1445,901034,30-60,3070,PENDING,0.0,2026-07-25
1446,901037,0-30,3018,PENDING,0.0,2026-07-25
1447,901039,0-30,3061,PENDING,0.0,2026-06-15
1448,901039,0-30,3061,PENDING,0.0,2026-06-28
1449,901039,0-30,3061,PENDING,0.0,2026-07-11
1450,901039,30-60,3061,PENDING,0.0,2026-07-25
1451,901043,0-30,3056,PENDING,0.0,2025-10-05
1452,901043,0-30,3056,PENDING,0.0,2025-11-03
1453,901043,0-30,3056,PARTIAL,71021.63,2025-12-02
1454,901043,0-30,3056,PENDING,0.0,2026-01-01
1455,901043,0-30,3056,PENDING,0.0,2026-01-30
1456,901043,0-30,3056,PENDING,0.0,2026-02-28
1457,901043,0-30,3056,PENDING,0.0,2026-03-29
1458,901043,0-30,3056,PARTIAL,9296.21,2026-04-28
1459,901043,30-60,3056,PENDING,0.0,2026-05-27
1460,901043,60-90,3056,PARTIAL,57378.5,2026-06-25
1461,901043,90+,3056,PARTIAL,58743.16,2026-07-25
1462,901044,0-30,3038,PENDING,0.0,2026-07-05
1463,901044,0-30,3038,PENDING,0.0,2026-07-15
1464,901044,0-30,3038,PENDING,0.0,2026-07-25
1465,901046,0-30,3075,PENDING,0.0,2026-07-15
1466,901046,0-30,3075,PENDING,0.0,2026-07-25
1467,901048,0-30,3002,PENDING,0.0,2026-02-18
1468,901048,0-30,3002,PENDING,0.0,2026-03-21
1469,901048,0-30,3002,PARTIAL,506266.94,2026-04-22
1470,901048,30-60,3002,PARTIAL,459439.56,2026-05-23
1471,901048,60-90,3002,PENDING,0.0,2026-06-23
1472,901048,90+,3002,PENDING,0.0,2026-07-25
1473,901054,0-30,3051,PENDING,0.0,2025-12-10
1474,901054,0-30,3051,PENDING,0.0,2026-01-24
1475,901054,0-30,3051,PARTIAL,2429.64,2026-03-11
1476,901054,30-60,3051,PENDING,0.0,2026-04-25
1477,901054,60-90,3051,PARTIAL,555.85,2026-06-09
1478,901054,90+,3051,PENDING,0.0,2026-07-25
1479,901056,30-60,3062,PARTIAL,4288.86,2026-07-25
1480,901057,0-30,3030,PENDING,0.0,2026-07-09
1481,901057,30-60,3030,PENDING,0.0,2026-07-25
1482,901058,0-30,3013,PARTIAL,9348.22,2026-06-30
1483,901058,30-60,3013,PENDING,0.0,2026-07-25
1484,901059,0-30,3048,PENDING,0.0,2025-08-14
1485,901059,0-30,3048,PENDING,0.0,2025-09-03
1486,901059,0-30,3048,PARTIAL,111195.24,2025-09-23
1487,901059,0-30,3048,PENDING,0.0,2025-10-14
1488,901059,0-30,3048,PARTIAL,60485.8,2025-11-03
1489,901059,0-30,3048,PARTIAL,28589.66,2025-11-23
1490,901059,0-30,3048,PENDING,0.0,2025-12-13
1491,901059,0-30,3048,PARTIAL,86899.28,2026-01-03
1492,901059,0-30,3048,PENDING,0.0,2026-01-23
1493,901059,0-30,3048,PENDING,0.0,2026-02-12
1494,901059,0-30,3048,PARTIAL,87968.96,2026-03-05
1495,901059,0-30,3048,PENDING,0.0,2026-03-25
1496,901059,0-30,3048,PENDING,0.0,2026-04-14
1497,901059,0-30,3048,PARTIAL,69999.98,2026-05-04
1498,901059,0-30,3048,PARTIAL,86858.84,2026-05-25
1499,901059,30-60,3048,PENDING,0.0,2026-06-14
1500,901059,60-90,3048,PENDING,0.0,2026-07-04
1501,901059,90+,3048,PENDING,0.0,2026-07-25
1502,901061,0-30,3042,PARTIAL,3625.74,2026-07-06
1503,901061,30-60,3042,PARTIAL,4015.25,2026-07-25
1504,901063,0-30,3045,PENDING,0.0,2026-02-20
1505,901063,0-30,3045,PARTIAL,84955.53,2026-03-18
1506,901063,0-30,3045,PARTIAL,119373.34,2026-04-13
1507,901063,0-30,3045,PENDING,0.0,2026-05-08
1508,901063,30-60,3045,PENDING,0.0,2026-06-03
1509,901063,60-90,3045,PENDING,0.0,2026-06-29
1510,901063,90+,3045,PARTIAL,100899.49,2026-07-25
1511,901069,0-30,3062,PARTIAL,89152.76,2026-07-04
1512,901069,30-60,3062,PENDING,0.0,2026-07-25
1513,901072,0-30,3017,PARTIAL,27755.3,2025-10-10
1514,901072,0-30,3017,PENDING,0.0,2025-10-28
1515,901072,0-30,3017,PENDING,0.0,2025-11-15
1516,901072,0-30,3017,PARTIAL,13724.62,2025-12-03
1517,901072,0-30,3017,PENDING,0.0,2025-12-21
1518,901072,0-30,3017,PENDING,0.0,2026-01-08
1519,901072,0-30,3017,PARTIAL,10644.51,2026-01-26
1520,901072,0-30,3017,PARTIAL,20591.24,2026-02-13
1521,901072,0-30,3017,PENDING,0.0,2026-03-03
1522,901072,0-30,3017,PARTIAL,29447.47,2026-03-21
1523,901072,0-30,3017,PENDING,0.0,2026-04-08
1524,901072,0-30,3017,PENDING,0.0,2026-04-26
1525,901072,0-30,3017,PENDING,0.0,2026-05-14
1526,901072,0-30,3017,PARTIAL,50670.36,2026-06-01
1527,901072,30-60,3017,PENDING,0.0,2026-06-19
1528,901072,60-90,3017,PENDING,0.0,2026-07-07
1529,901072,90+,3017,PARTIAL,16188.24,2026-07-25
1530,901081,0-30,3029,PARTIAL,8021.59,2026-06-23
1531,901081,0-30,3029,PENDING,0.0,2026-07-04
1532,901081,0-30,3029,PENDING,0.0,2026-07-14
1533,901081,30-60,3029,PARTIAL,1500.4,2026-07-25
1534,901085,0-30,3005,PARTIAL,54847.15,2026-06-16
1535,901085,0-30,3005,PENDING,0.0,2026-06-26
1536,901085,0-30,3005,PARTIAL,58382.54,2026-07-05
1537,901085,0-30,3005,PENDING,0.0,2026-07-15
1538,901085,30-60,3005,PARTIAL,13845.48,2026-07-25
1539,901092,0-30,3050,PENDING,0.0,2026-02-12
1540,901092,30-60,3050,PARTIAL,127170.49,2026-04-07
1541,901092,60-90,3050,PENDING,0.0,2026-05-31
1542,901092,90+,3050,PARTIAL,68920.1,2026-07-25
1543,901093,30-60,3060,PARTIAL,31259.87,2026-07-25
1544,901094,30-60,3051,PENDING,0.0,2026-07-25
1545,901098,0-30,3017,PENDING,0.0,2026-06-13
1546,901098,0-30,3017,PENDING,0.0,2026-06-27
1547,901098,0-30,3017,PARTIAL,2214.96,2026-07-11
1548,901098,30-60,3017,PENDING,0.0,2026-07-25
1549,901099,30-60,3058,PARTIAL,15689.45,2026-07-25
1550,901100,30-60,3055,PENDING,0.0,2026-05-20
1551,901100,60-90,3055,PENDING,0.0,2026-06-22
1552,901100,90+,3055,WRITE_OFF,22628.04,2026-07-25
1553,901103,90+,3054,PARTIAL,122120.16,2026-07-25
1554,901104,0-30,3001,PARTIAL,304.72,2026-07-25
1555,901108,0-30,3071,PENDING,0.0,2026-07-06
1556,901108,30-60,3071,PARTIAL,16664.7,2026-07-25
1557,901112,0-30,3053,PARTIAL,20143.25,2025-09-12
1558,901112,0-30,3053,PENDING,0.0,2025-10-17
1559,901112,0-30,3053,PARTIAL,34651.31,2025-11-21
1560,901112,0-30,3053,PENDING,0.0,2025-12-26
1561,901112,0-30,3053,PENDING,0.0,2026-01-30
1562,901112,0-30,3053,PENDING,0.0,2026-03-06
1563,901112,0-30,3053,PARTIAL,73243.59,2026-04-10
1564,901112,30-60,3053,PENDING,0.0,2026-05-15
1565,901112,60-90,3053,PENDING,0.0,2026-06-19
1566,901112,90+,3053,PARTIAL,130581.78,2026-07-25
1567,901115,30-60,3071,PENDING,0.0,2026-05-15
1568,901115,60-90,3071,PENDING,0.0,2026-06-19
1569,901115,90+,3071,WRITE_OFF,4486.57,2026-07-25
1570,901116,0-30,3040,PENDING,0.0,2026-03-09
1571,901116,0-30,3040,PENDING,0.0,2026-04-01
1572,901116,0-30,3040,PENDING,0.0,2026-04-24
1573,901116,0-30,3040,PENDING,0.0,2026-05-17
1574,901116,30-60,3040,PENDING,0.0,2026-06-09
1575,901116,60-90,3040,PENDING,0.0,2026-07-02
1576,901116,90+,3040,PARTIAL,51725.15,2026-07-25
1577,901122,30-60,3001,PENDING,0.0,2026-07-25
1578,901126,0-30,3021,PARTIAL,964.51,2026-06-28
1579,901126,30-60,3021,PARTIAL,4443.53,2026-07-25
1580,901130,0-30,3006,PARTIAL,5099.85,2026-06-30
1581,901130,30-60,3006,PENDING,0.0,2026-07-25
1582,901132,0-30,3053,PARTIAL,6498.04,2026-07-03
1583,901132,30-60,3053,PENDING,0.0,2026-07-25
1584,901133,0-30,3018,PARTIAL,20252.0,2026-07-25
1585,901139,30-60,3005,PENDING,0.0,2026-07-25
1586,901140,0-30,3011,PENDING,0.0,2026-01-04
1587,901140,0-30,3011,PENDING,0.0,2026-02-07
1588,901140,0-30,3011,PARTIAL,273484.0,2026-03-12
1589,901140,0-30,3011,PENDING,0.0,2026-04-15
1590,901140,30-60,3011,PARTIAL,308388.1,2026-05-18
1591,901140,60-90,3011,PENDING,0.0,2026-06-21
1592,901140,90+,3011,PENDING,0.0,2026-07-25
1593,901143,0-30,3021,PARTIAL,14857.49,2025-12-15
1594,901143,0-30,3021,PENDING,0.0,2026-01-21
1595,901143,0-30,3021,PARTIAL,20839.92,2026-02-27
1596,901143,0-30,3021,PENDING,0.0,2026-04-05
1597,901143,30-60,3021,PENDING,0.0,2026-05-12
1598,901143,60-90,3021,PENDING,0.0,2026-06-18
1599,901143,90+,3021,PARTIAL,17344.39,2026-07-25
1600,901148,0-30,3032,PARTIAL,3492.57,2026-07-01
1601,901148,0-30,3032,PENDING,0.0,2026-07-09
1602,901148,0-30,3032,PENDING,0.0,2026-07-17
1603,901148,30-60,3032,PENDING,0.0,2026-07-25
1604,901150,0-30,3058,PARTIAL,1549.34,2026-06-19
1605,901150,0-30,3058,PENDING,0.0,2026-07-07
1606,901150,30-60,3058,PARTIAL,4081.45,2026-07-25
1607,901151,0-30,3066,PENDING,0.0,2025-12-07
1608,901151,0-30,3066,PENDING,0.0,2025-12-30
1609,901151,0-30,3066,PENDING,0.0,2026-01-22
1610,901151,0-30,3066,PENDING,0.0,2026-02-14
1611,901151,0-30,3066,PARTIAL,1042.93,2026-03-09
1612,901151,0-30,3066,PENDING,0.0,2026-04-01
1613,901151,0-30,3066,PENDING,0.0,2026-04-24
1614,901151,0-30,3066,PENDING,0.0,2026-05-17
1615,901151,30-60,3066,PENDING,0.0,2026-06-09
1616,901151,60-90,3066,PENDING,0.0,2026-07-02
1617,901151,90+,3066,PENDING,0.0,2026-07-25
1618,901152,0-30,3074,PARTIAL,46719.21,2025-09-28
1619,901152,0-30,3074,PENDING,0.0,2025-10-18
1620,901152,0-30,3074,PENDING,0.0,2025-11-07
1621,901152,0-30,3074,PARTIAL,43427.68,2025-11-27
1622,901152,0-30,3074,PENDING,0.0,2025-12-17
1623,901152,0-30,3074,PENDING,0.0,2026-01-06
1624,901152,0-30,3074,PARTIAL,34483.89,2026-01-26
1625,901152,0-30,3074,PARTIAL,6531.53,2026-02-15
1626,901152,0-30,3074,PENDING,0.0,2026-03-07
1627,901152,0-30,3074,PENDING,0.0,2026-03-27
1628,901152,0-30,3074,PENDING,0.0,2026-04-16
1629,901152,0-30,3074,PARTIAL,37909.5,2026-05-06
1630,901152,0-30,3074,PENDING,0.0,2026-05-26
1631,901152,30-60,3074,PARTIAL,22760.82,2026-06-15
1632,901152,60-90,3074,PENDING,0.0,2026-07-05
1633,901152,90+,3074,PENDING,0.0,2026-07-25
1634,901157,0-30,3037,PENDING,0.0,2026-01-03
1635,901157,0-30,3037,PARTIAL,8376.0,2026-01-26
1636,901157,0-30,3037,PENDING,0.0,2026-02-17
1637,901157,0-30,3037,PARTIAL,9198.44,2026-03-12
1638,901157,0-30,3037,PENDING,0.0,2026-04-03
1639,901157,0-30,3037,PARTIAL,22051.3,2026-04-26
1640,901157,0-30,3037,PARTIAL,2096.27,2026-05-18
1641,901157,30-60,3037,PARTIAL,12216.57,2026-06-10
1642,901157,60-90,3037,PENDING,0.0,2026-07-02
1643,901157,90+,3037,PARTIAL,23275.66,2026-07-25
1644,901159,0-30,3043,PENDING,0.0,2025-11-09
1645,901159,0-30,3043,PENDING,0.0,2025-12-05
1646,901159,0-30,3043,PARTIAL,132132.32,2025-12-31
1647,901159,0-30,3043,PENDING,0.0,2026-01-25
1648,901159,0-30,3043,PENDING,0.0,2026-02-20
1649,901159,0-30,3043,PENDING,0.0,2026-03-18
1650,901159,0-30,3043,PENDING,0.0,2026-04-13
1651,901159,0-30,3043,PENDING,0.0,2026-05-08
1652,901159,30-60,3043,PENDING,0.0,2026-06-03
1653,901159,60-90,3043,PENDING,0.0,2026-06-29
1654,901159,90+,3043,PARTIAL,158549.63,2026-07-25
1655,901163,0-30,3029,PENDING,0.0,2026-07-15
1656,901163,0-30,3029,PENDING,0.0,2026-07-18
1657,901163,0-30,3029,PENDING,0.0,2026-07-21
1658,901163,0-30,3029,RECOVERED,185358.86,2026-07-25
1659,901165,0-30,3001,PENDING,0.0,2026-02-11
1660,901165,0-30,3001,PENDING,0.0,2026-03-24
1661,901165,30-60,3001,PENDING,0.0,2026-05-04
1662,901165,60-90,3001,PARTIAL,327094.23,2026-06-14
1663,901165,90+,3001,WRITE_OFF,178768.95,2026-07-25
1664,901166,0-30,3054,PARTIAL,6779.72,2026-03-03
1665,901166,0-30,3054,PENDING,0.0,2026-03-15
1666,901166,0-30,3054,PARTIAL,6537.42,2026-03-27
1667,901166,0-30,3054,PENDING,0.0,2026-04-08
1668,901166,0-30,3054,PARTIAL,4588.54,2026-04-20
1669,901166,0-30,3054,PENDING,0.0,2026-05-02
1670,901166,0-30,3054,PARTIAL,1318.07,2026-05-14
1671,901166,0-30,3054,PARTIAL,5223.78,2026-05-26
1672,901166,0-30,3054,PENDING,0.0,2026-06-07
1673,901166,0-30,3054,PENDING,0.0,2026-06-19
1674,901166,30-60,3054,PENDING,0.0,2026-07-01
1675,901166,60-90,3054,PENDING,0.0,2026-07-13
1676,901166,90+,3054,WRITE_OFF,1606.7,2026-07-25
1677,901173,0-30,3049,PENDING,0.0,2025-08-18
1678,901173,0-30,3049,PARTIAL,15462.98,2025-09-11
1679,901173,0-30,3049,PENDING,0.0,2025-10-06
1680,901173,0-30,3049,PARTIAL,17170.73,2025-10-30
1681,901173,0-30,3049,PARTIAL,35774.82,2025-11-23
1682,901173,0-30,3049,PENDING,0.0,2025-12-18
1683,901173,0-30,3049,PENDING,0.0,2026-01-11
1684,901173,0-30,3049,PENDING,0.0,2026-02-04
1685,901173,0-30,3049,PENDING,0.0,2026-03-01
1686,901173,0-30,3049,PENDING,0.0,2026-03-25
1687,901173,0-30,3049,PENDING,0.0,2026-04-18
1688,901173,0-30,3049,PARTIAL,88503.46,2026-05-13
1689,901173,30-60,3049,PENDING,0.0,2026-06-06
1690,901173,60-90,3049,PARTIAL,87556.16,2026-06-30
1691,901173,90+,3049,PENDING,0.0,2026-07-25
1692,901175,0-30,3065,PENDING,0.0,2026-02-03
1693,901175,0-30,3065,PENDING,0.0,2026-02-24
1694,901175,0-30,3065,PENDING,0.0,2026-03-18
1695,901175,0-30,3065,PENDING,0.0,2026-04-08
1696,901175,0-30,3065,PENDING,0.0,2026-04-30
1697,901175,0-30,3065,PENDING,0.0,2026-05-21
1698,901175,30-60,3065,PENDING,0.0,2026-06-12
1699,901175,60-90,3065,PENDING,0.0,2026-07-03
1700,901175,90+,3065,PENDING,0.0,2026-07-25
1701,901180,0-30,3031,PENDING,0.0,2026-02-05
1702,901180,0-30,3031,PENDING,0.0,2026-03-01
1703,901180,0-30,3031,PENDING,0.0,2026-03-25
1704,901180,0-30,3031,PENDING,0.0,2026-04-19
1705,901180,0-30,3031,PENDING,0.0,2026-05-13
1706,901180,30-60,3031,PENDING,0.0,2026-06-06
1707,901180,60-90,3031,PENDING,0.0,2026-06-30
1708,901180,90+,3031,WRITE_OFF,48586.88,2026-07-25
1709,901185,60-90,3065,PARTIAL,36573.35,2026-07-25
1710,901194,0-30,3076,PENDING,0.0,2026-06-21
1711,901194,0-30,3076,PARTIAL,7962.29,2026-07-08
1712,901194,30-60,3076,PENDING,0.0,2026-07-25
1713,901195,0-30,3029,PENDING,0.0,2026-07-03
1714,901195,30-60,3029,PARTIAL,21560.64,2026-07-25
1715,901197,0-30,3027,RECOVERED,30312.59,2026-07-25
1716,901198,30-60,3027,PENDING,0.0,2026-07-25
1717,901206,0-30,3022,PENDING,0.0,2026-06-21
1718,901206,0-30,3022,PENDING,0.0,2026-07-08
1719,901206,30-60,3022,PENDING,0.0,2026-07-25
1720,901209,0-30,3068,PENDING,0.0,2026-03-07
1721,901209,0-30,3068,PARTIAL,408023.22,2026-03-24
1722,901209,0-30,3068,PENDING,0.0,2026-04-11
1723,901209,0-30,3068,PARTIAL,357571.84,2026-04-28
1724,901209,0-30,3068,PENDING,0.0,2026-05-16
1725,901209,0-30,3068,PARTIAL,252998.36,2026-06-02
1726,901209,30-60,3068,PENDING,0.0,2026-06-20
1727,901209,60-90,3068,PENDING,0.0,2026-07-07
1728,901209,90+,3068,PENDING,0.0,2026-07-25
1729,901212,0-30,3033,PENDING,0.0,2026-05-08
1730,901212,30-60,3033,PARTIAL,151560.88,2026-06-03
1731,901212,60-90,3033,PARTIAL,108325.15,2026-06-29
1732,901212,90+,3033,WRITE_OFF,30100.77,2026-07-25
1733,901214,0-30,3017,PARTIAL,950.8,2026-07-02
1734,901214,30-60,3017,PENDING,0.0,2026-07-25
1735,901216,0-30,3074,PARTIAL,55201.44,2026-07-25
1736,901217,0-30,3016,PENDING,0.0,2026-02-19
1737,901217,0-30,3016,PENDING,0.0,2026-03-22
1738,901217,0-30,3016,PENDING,0.0,2026-04-22
1739,901217,30-60,3016,PARTIAL,42318.61,2026-05-23
1740,901217,60-90,3016,PENDING,0.0,2026-06-23
1741,901217,90+,3016,PARTIAL,13996.83,2026-07-25
1742,901225,0-30,3019,PARTIAL,27801.14,2026-06-15
1743,901225,0-30,3019,PARTIAL,17713.3,2026-06-28
1744,901225,0-30,3019,PENDING,0.0,2026-07-11
1745,901225,30-60,3019,RECOVERED,43388.61,2026-07-25
1746,901228,30-60,3033,PENDING,0.0,2026-07-25
1747,901229,0-30,3057,PARTIAL,125954.15,2025-10-28
1748,901229,0-30,3057,PENDING,0.0,2025-11-22
1749,901229,0-30,3057,PENDING,0.0,2025-12-16
1750,901229,0-30,3057,PENDING,0.0,2026-01-10
1751,901229,0-30,3057,PARTIAL,584239.92,2026-02-03
1752,901229,0-30,3057,PENDING,0.0,2026-02-28
1753,901229,0-30,3057,PENDING,0.0,2026-03-24
1754,901229,0-30,3057,PENDING,0.0,2026-04-18
1755,901229,0-30,3057,PENDING,0.0,2026-05-12
1756,901229,30-60,3057,PENDING,0.0,2026-06-06
1757,901229,60-90,3057,PENDING,0.0,2026-06-30
1758,901229,90+,3057,WRITE_OFF,222634.2,2026-07-25
1759,901232,0-30,3045,PENDING,0.0,2025-10-27
1760,901232,0-30,3045,PENDING,0.0,2025-11-19
1761,901232,0-30,3045,PENDING,0.0,2025-12-11
1762,901232,0-30,3045,PENDING,0.0,2026-01-03
1763,901232,0-30,3045,PARTIAL,6880.17,2026-01-25
1764,901232,0-30,3045,PENDING,0.0,2026-02-17
1765,901232,0-30,3045,PARTIAL,26534.61,2026-03-11
1766,901232,0-30,3045,PENDING,0.0,2026-04-03
1767,901232,0-30,3045,PENDING,0.0,2026-04-25
1768,901232,0-30,3045,PENDING,0.0,2026-05-18
1769,901232,30-60,3045,PARTIAL,12093.82,2026-06-09
1770,901232,60-90,3045,PARTIAL,11528.8,2026-07-02
1771,901232,90+,3045,PENDING,0.0,2026-07-25
1772,901237,0-30,3046,PENDING,0.0,2025-09-26
1773,901237,0-30,3046,PARTIAL,135030.52,2025-10-18
1774,901237,0-30,3046,PENDING,0.0,2025-11-08
1775,901237,0-30,3046,PENDING,0.0,2025-11-30
1776,901237,0-30,3046,PENDING,0.0,2025-12-21
1777,901237,0-30,3046,PENDING,0.0,2026-01-12
1778,901237,0-30,3046,PENDING,0.0,2026-02-02
1779,901237,0-30,3046,PENDING,0.0,2026-02-24
1780,901237,0-30,3046,PARTIAL,685416.54,2026-03-17
1781,901237,0-30,3046,PENDING,0.0,2026-04-08
1782,901237,0-30,3046,PENDING,0.0,2026-04-29
1783,901237,0-30,3046,PENDING,0.0,2026-05-21
1784,901237,30-60,3046,PARTIAL,301645.43,2026-06-11
1785,901237,60-90,3046,PARTIAL,95559.17,2026-07-03
1786,901237,90+,3046,PARTIAL,164515.81,2026-07-25
1787,901241,0-30,3043,PENDING,0.0,2026-07-25
1788,901247,0-30,3064,PENDING,0.0,2026-06-22
1789,901247,0-30,3064,PENDING,0.0,2026-07-03
1790,901247,0-30,3064,PENDING,0.0,2026-07-14
1791,901247,30-60,3064,PENDING,0.0,2026-07-25
1792,901249,0-30,3007,PENDING,0.0,2025-11-19
1793,901249,0-30,3007,PENDING,0.0,2025-12-20
1794,901249,0-30,3007,PENDING,0.0,2026-01-20
1795,901249,0-30,3007,PENDING,0.0,2026-02-20
1796,901249,0-30,3007,PARTIAL,594.6,2026-03-23
1797,901249,0-30,3007,PARTIAL,1008.29,2026-04-23
1798,901249,30-60,3007,PARTIAL,800.53,2026-05-24
1799,901249,60-90,3007,PARTIAL,2341.85,2026-06-24
1800,901249,90+,3007,WRITE_OFF,326.16,2026-07-25
1801,901251,0-30,3071,PARTIAL,4570.82,2026-07-25
1802,901252,0-30,3040,PENDING,0.0,2026-07-25
1803,901253,0-30,3047,PENDING,0.0,2026-06-22
1804,901253,0-30,3047,PARTIAL,238478.54,2026-07-08
1805,901253,30-60,3047,PENDING,0.0,2026-07-25
1806,901254,0-30,3037,PARTIAL,7164.07,2026-07-25
1807,901258,0-30,3045,PARTIAL,364518.62,2025-09-15
1808,901258,0-30,3045,PENDING,0.0,2025-10-05
1809,901258,0-30,3045,PENDING,0.0,2025-10-24
1810,901258,0-30,3045,PENDING,0.0,2025-11-13
1811,901258,0-30,3045,PENDING,0.0,2025-12-02
1812,901258,0-30,3045,PENDING,0.0,2025-12-22
1813,901258,0-30,3045,PENDING,0.0,2026-01-10
1814,901258,0-30,3045,PENDING,0.0,2026-01-30
1815,901258,0-30,3045,PENDING,0.0,2026-02-18
1816,901258,0-30,3045,PARTIAL,490957.84,2026-03-10
1817,901258,0-30,3045,PENDING,0.0,2026-03-29
1818,901258,0-30,3045,PARTIAL,456490.77,2026-04-18
1819,901258,0-30,3045,PENDING,0.0,2026-05-07
1820,901258,0-30,3045,PENDING,0.0,2026-05-27
1821,901258,30-60,3045,PENDING,0.0,2026-06-15
1822,901258,60-90,3045,PARTIAL,352411.94,2026-07-05
1823,901258,90+,3045,WRITE_OFF,10875.11,2026-07-25
1824,901260,0-30,3078,PARTIAL,12776.18,2026-07-06
1825,901260,30-60,3078,PENDING,0.0,2026-07-25
1826,901261,0-30,3017,PENDING,0.0,2025-10-06
1827,901261,0-30,3017,PENDING,0.0,2025-11-04
1828,901261,0-30,3017,PENDING,0.0,2025-12-03
1829,901261,0-30,3017,PENDING,0.0,2026-01-01
1830,901261,0-30,3017,PENDING,0.0,2026-01-30
1831,901261,0-30,3017,PENDING,0.0,2026-03-01
1832,901261,0-30,3017,PARTIAL,155231.91,2026-03-30
1833,901261,0-30,3017,PARTIAL,43849.25,2026-04-28
1834,901261,30-60,3017,PENDING,0.0,2026-05-27
1835,901261,60-90,3017,PENDING,0.0,2026-06-25
1836,901261,90+,3017,PENDING,0.0,2026-07-25
1837,901263,0-30,3031,PENDING,0.0,2026-04-03
1838,901263,0-30,3031,PARTIAL,193627.32,2026-05-01
1839,901263,30-60,3031,PENDING,0.0,2026-05-29
1840,901263,60-90,3031,PENDING,0.0,2026-06-26
1841,901263,90+,3031,WRITE_OFF,8979.57,2026-07-25
1842,901266,30-60,3076,RECOVERED,48483.52,2026-07-25
1843,901273,0-30,3070,PENDING,0.0,2026-07-03
1844,901273,0-30,3070,PENDING,0.0,2026-07-14
1845,901273,30-60,3070,PENDING,0.0,2026-07-25
1846,901275,0-30,3043,PENDING,0.0,2026-05-17
1847,901275,30-60,3043,PARTIAL,35596.69,2026-06-09
1848,901275,60-90,3043,PARTIAL,35160.55,2026-07-02
1849,901275,90+,3043,PENDING,0.0,2026-07-25
1850,901286,30-60,3030,PARTIAL,701.76,2026-07-25
1851,901287,0-30,3060,PENDING,0.0,2026-02-22
1852,901287,0-30,3060,PENDING,0.0,2026-03-11
1853,901287,0-30,3060,PARTIAL,17740.23,2026-03-28
1854,901287,0-30,3060,PARTIAL,24734.88,2026-04-14
1855,901287,0-30,3060,PENDING,0.0,2026-05-01
1856,901287,0-30,3060,PENDING,0.0,2026-05-18
1857,901287,0-30,3060,PARTIAL,12130.89,2026-06-04
1858,901287,30-60,3060,PENDING,0.0,2026-06-21
1859,901287,60-90,3060,PARTIAL,16692.81,2026-07-08
1860,901287,90+,3060,WRITE_OFF,10521.73,2026-07-25
1861,901288,0-30,3051,PENDING,0.0,2025-12-10
1862,901288,0-30,3051,PENDING,0.0,2026-01-02
1863,901288,0-30,3051,PENDING,0.0,2026-01-24
1864,901288,0-30,3051,PENDING,0.0,2026-02-16
1865,901288,0-30,3051,PARTIAL,16075.59,2026-03-11
1866,901288,0-30,3051,PENDING,0.0,2026-04-02
1867,901288,0-30,3051,PENDING,0.0,2026-04-25
1868,901288,0-30,3051,PARTIAL,15588.26,2026-05-18
1869,901288,30-60,3051,PENDING,0.0,2026-06-09
1870,901288,60-90,3051,PARTIAL,12625.95,2026-07-02
1871,901288,90+,3051,PARTIAL,15116.5,2026-07-25
1872,901294,0-30,3072,PENDING,0.0,2025-11-05
1873,901294,0-30,3072,PARTIAL,25157.78,2025-11-25
1874,901294,0-30,3072,PARTIAL,24399.06,2025-12-15
1875,901294,0-30,3072,PENDING,0.0,2026-01-04
1876,901294,0-30,3072,PENDING,0.0,2026-01-24
1877,901294,0-30,3072,PARTIAL,96404.3,2026-02-13
1878,901294,0-30,3072,PENDING,0.0,2026-03-06
1879,901294,0-30,3072,PARTIAL,15315.79,2026-03-26
1880,901294,0-30,3072,PENDING,0.0,2026-04-15
1881,901294,0-30,3072,PENDING,0.0,2026-05-05
1882,901294,0-30,3072,PENDING,0.0,2026-05-25
1883,901294,30-60,3072,PENDING,0.0,2026-06-14
1884,901294,60-90,3072,PENDING,0.0,2026-07-04
1885,901294,90+,3072,WRITE_OFF,26993.68,2026-07-25
1886,901297,0-30,3045,PENDING,0.0,2025-12-24
1887,901297,0-30,3045,PARTIAL,334.62,2026-01-23
1888,901297,0-30,3045,PENDING,0.0,2026-02-23
1889,901297,0-30,3045,PENDING,0.0,2026-03-25
1890,901297,0-30,3045,PENDING,0.0,2026-04-24
1891,901297,30-60,3045,PARTIAL,2987.84,2026-05-25
1892,901297,60-90,3045,PENDING,0.0,2026-06-24
1893,901297,90+,3045,PARTIAL,2792.33,2026-07-25
1894,901298,0-30,3035,PENDING,0.0,2026-07-05
1895,901298,0-30,3035,PENDING,0.0,2026-07-15
1896,901298,0-30,3035,PARTIAL,51574.77,2026-07-25
1897,901300,0-30,3040,PENDING,0.0,2026-01-23
1898,901300,0-30,3040,PENDING,0.0,2026-02-12
1899,901300,0-30,3040,PENDING,0.0,2026-03-04
1900,901300,0-30,3040,PENDING,0.0,2026-03-25
1901,901300,0-30,3040,PARTIAL,2371.92,2026-04-14
1902,901300,0-30,3040,PENDING,0.0,2026-05-04
1903,901300,0-30,3040,PARTIAL,18545.34,2026-05-25
1904,901300,30-60,3040,PENDING,0.0,2026-06-14
1905,901300,60-90,3040,PENDING,0.0,2026-07-04
1906,901300,90+,3040,PENDING,0.0,2026-07-25
1907,901307,0-30,3032,RECOVERED,2708.24,2026-07-25
1908,901308,30-60,3070,PENDING,0.0,2026-07-25
1909,901318,0-30,3037,PARTIAL,30685.73,2025-09-08
1910,901318,0-30,3037,PENDING,0.0,2025-09-28
1911,901318,0-30,3037,PARTIAL,112516.24,2025-10-18
1912,901318,0-30,3037,PARTIAL,121771.21,2025-11-07
1913,901318,0-30,3037,PENDING,0.0,2025-11-27
1914,901318,0-30,3037,PENDING,0.0,2025-12-17
1915,901318,0-30,3037,PARTIAL,86525.53,2026-01-06
1916,901318,0-30,3037,PENDING,0.0,2026-01-26
1917,901318,0-30,3037,PENDING,0.0,2026-02-15
1918,901318,0-30,3037,PARTIAL,28949.81,2026-03-07
1919,901318,0-30,3037,PENDING,0.0,2026-03-27
1920,901318,0-30,3037,PENDING,0.0,2026-04-16
1921,901318,0-30,3037,PENDING,0.0,2026-05-06
1922,901318,0-30,3037,PENDING,0.0,2026-05-26
1923,901318,30-60,3037,PENDING,0.0,2026-06-15
1924,901318,60-90,3037,PENDING,0.0,2026-07-05
1925,901318,90+,3037,WRITE_OFF,12683.5,2026-07-25
1926,901321,0-30,3023,PARTIAL,18234.25,2026-06-07
1927,901321,30-60,3023,PARTIAL,11754.66,2026-07-01
1928,901321,60-90,3023,PENDING,0.0,2026-07-25
1929,901323,0-30,3017,PENDING,0.0,2026-02-02
1930,901323,0-30,3017,PENDING,0.0,2026-02-24
1931,901323,0-30,3017,PENDING,0.0,2026-03-17
1932,901323,0-30,3017,PARTIAL,2241.72,2026-04-08
1933,901323,0-30,3017,PARTIAL,8804.2,2026-04-29
1934,901323,0-30,3017,PARTIAL,13263.61,2026-05-21
1935,901323,30-60,3017,PARTIAL,5991.91,2026-06-11
1936,901323,60-90,3017,PARTIAL,8585.41,2026-07-03
1937,901323,90+,3017,PENDING,0.0,2026-07-25
1938,901329,0-30,3014,PARTIAL,59516.98,2026-03-17
1939,901329,0-30,3014,PARTIAL,46163.01,2026-04-18
1940,901329,30-60,3014,PENDING,0.0,2026-05-21
1941,901329,60-90,3014,PENDING,0.0,2026-06-22
1942,901329,90+,3014,WRITE_OFF,11642.19,2026-07-25
1943,901332,0-30,3047,PARTIAL,129220.06,2026-03-10
1944,901332,0-30,3047,PENDING,0.0,2026-04-06
1945,901332,0-30,3047,PENDING,0.0,2026-05-04
1946,901332,30-60,3047,PENDING,0.0,2026-05-31
1947,901332,60-90,3047,PARTIAL,68906.84,2026-06-27
1948,901332,90+,3047,PENDING,0.0,2026-07-25
1949,901334,0-30,3026,PENDING,0.0,2026-06-23
1950,901334,0-30,3026,PENDING,0.0,2026-07-09
1951,901334,30-60,3026,PENDING,0.0,2026-07-25
1952,901336,0-30,3065,RECOVERED,77581.88,2026-07-25
1953,901340,0-30,3040,PARTIAL,83388.65,2025-12-29
1954,901340,0-30,3040,PENDING,0.0,2026-02-02
1955,901340,0-30,3040,PENDING,0.0,2026-03-08
1956,901340,0-30,3040,PENDING,0.0,2026-04-12
1957,901340,30-60,3040,PENDING,0.0,2026-05-16
1958,901340,60-90,3040,PENDING,0.0,2026-06-20
1959,901340,90+,3040,WRITE_OFF,15246.37,2026-07-25
1960,901344,0-30,3031,PARTIAL,45193.12,2025-10-16
1961,901344,0-30,3031,PENDING,0.0,2025-10-29
1962,901344,0-30,3031,PENDING,0.0,2025-11-12
1963,901344,0-30,3031,PENDING,0.0,2025-11-25
1964,901344,0-30,3031,PENDING,0.0,2025-12-09
1965,901344,0-30,3031,PENDING,0.0,2025-12-22
1966,901344,0-30,3031,PENDING,0.0,2026-01-04
1967,901344,0-30,3031,PENDING,0.0,2026-01-18
1968,901344,0-30,3031,PENDING,0.0,2026-01-31
1969,901344,0-30,3031,PENDING,0.0,2026-02-14
1970,901344,0-30,3031,PENDING,0.0,2026-02-27
1971,901344,0-30,3031,PENDING,0.0,2026-03-12
1972,901344,0-30,3031,PARTIAL,84963.26,2026-03-26
1973,901344,0-30,3031,PENDING,0.0,2026-04-08
1974,901344,0-30,3031,PENDING,0.0,2026-04-22
1975,901344,0-30,3031,PENDING,0.0,2026-05-05
1976,901344,0-30,3031,PENDING,0.0,2026-05-18
1977,901344,0-30,3031,PENDING,0.0,2026-06-01
1978,901344,0-30,3031,PENDING,0.0,2026-06-14
1979,901344,30-60,3031,PARTIAL,78223.08,2026-06-28
1980,901344,60-90,3031,PENDING,0.0,2026-07-11
1981,901344,90+,3031,PENDING,0.0,2026-07-25
1982,901346,30-60,3078,PARTIAL,2861.9,2026-07-25
1983,901351,0-30,3077,PENDING,0.0,2026-07-04
1984,901351,30-60,3077,PARTIAL,29788.27,2026-07-25
1985,901352,0-30,3077,PENDING,0.0,2026-07-01
1986,901352,30-60,3077,PARTIAL,2441.25,2026-07-25
1987,901353,0-30,3040,PENDING,0.0,2026-07-08
1988,901353,30-60,3040,PENDING,0.0,2026-07-25
1989,901354,0-30,3078,PENDING,0.0,2026-01-28
1990,901354,0-30,3078,PARTIAL,4735.59,2026-02-07
1991,901354,0-30,3078,PENDING,0.0,2026-02-18
1992,901354,0-30,3078,PENDING,0.0,2026-02-28
1993,901354,0-30,3078,PARTIAL,6624.49,2026-03-11
1994,901354,0-30,3078,PARTIAL,10109.27,2026-03-21
1995,901354,0-30,3078,PENDING,0.0,2026-04-01
1996,901354,0-30,3078,PENDING,0.0,2026-04-11
1997,901354,0-30,3078,PENDING,0.0,2026-04-22
1998,901354,0-30,3078,PENDING,0.0,2026-05-02
1999,901354,0-30,3078,PENDING,0.0,2026-05-12
2000,901354,0-30,3078,PARTIAL,3484.81,2026-05-23
2001,901354,0-30,3078,PENDING,0.0,2026-06-02
2002,901354,0-30,3078,PENDING,0.0,2026-06-13
2003,901354,0-30,3078,PENDING,0.0,2026-06-23
2004,901354,30-60,3078,PENDING,0.0,2026-07-04
2005,901354,60-90,3078,PARTIAL,3118.91,2026-07-14
2006,901354,90+,3078,PENDING,0.0,2026-07-25
2007,901355,30-60,3073,PARTIAL,25892.25,2026-07-25
2008,901358,0-30,3034,PENDING,0.0,2026-07-25
2009,901366,0-30,3019,PENDING,0.0,2026-07-02
2010,901366,30-60,3019,PARTIAL,12374.76,2026-07-25
2011,901367,0-30,3076,PARTIAL,753.36,2026-07-08
2012,901367,30-60,3076,PARTIAL,269.48,2026-07-25
2013,901378,0-30,3078,PENDING,0.0,2026-06-04
2014,901378,0-30,3078,PENDING,0.0,2026-06-21
2015,901378,30-60,3078,PARTIAL,13714.59,2026-07-08
2016,901378,60-90,3078,PARTIAL,9603.4,2026-07-25
2017,901381,0-30,3058,PENDING,0.0,2026-07-02
2018,901381,30-60,3058,PENDING,0.0,2026-07-25
2019,901386,30-60,3002,PENDING,0.0,2026-06-18
2020,901386,60-90,3002,WRITE_OFF,2854.19,2026-07-25
2021,901388,0-30,3051,PENDING,0.0,2026-06-25
2022,901388,0-30,3051,PARTIAL,10640.21,2026-07-10
2023,901388,30-60,3051,PENDING,0.0,2026-07-25
2024,901395,0-30,3012,PENDING,0.0,2025-09-13
2025,901395,0-30,3012,PENDING,0.0,2025-10-12
2026,901395,0-30,3012,PENDING,0.0,2025-11-09
2027,901395,0-30,3012,PARTIAL,189565.17,2025-12-08
2028,901395,0-30,3012,PENDING,0.0,2026-01-05
2029,901395,0-30,3012,PENDING,0.0,2026-02-03
2030,901395,0-30,3012,PENDING,0.0,2026-03-04
2031,901395,0-30,3012,PENDING,0.0,2026-04-01
2032,901395,0-30,3012,PENDING,0.0,2026-04-30
2033,901395,30-60,3012,PENDING,0.0,2026-05-28
2034,901395,60-90,3012,PENDING,0.0,2026-06-26
2035,901395,90+,3012,PENDING,0.0,2026-07-25
2036,901405,0-30,3047,PENDING,0.0,2026-04-08
2037,901405,0-30,3047,PARTIAL,33081.29,2026-04-26
2038,901405,0-30,3047,PENDING,0.0,2026-05-14
2039,901405,0-30,3047,PENDING,0.0,2026-06-01
2040,901405,30-60,3047,PARTIAL,136447.0,2026-06-19
2041,901405,60-90,3047,PENDING,0.0,2026-07-07
2042,901405,90+,3047,PARTIAL,135720.93,2026-07-25
2043,901410,0-30,3078,PENDING,0.0,2025-10-09
2044,901410,0-30,3078,PENDING,0.0,2025-10-26
2045,901410,0-30,3078,PENDING,0.0,2025-11-12
2046,901410,0-30,3078,PARTIAL,89266.3,2025-11-29
2047,901410,0-30,3078,PENDING,0.0,2025-12-16
2048,901410,0-30,3078,PENDING,0.0,2026-01-02
2049,901410,0-30,3078,PENDING,0.0,2026-01-19
2050,901410,0-30,3078,PENDING,0.0,2026-02-05
2051,901410,0-30,3078,PARTIAL,213406.78,2026-02-22
2052,901410,0-30,3078,PENDING,0.0,2026-03-11
2053,901410,0-30,3078,PENDING,0.0,2026-03-28
2054,901410,0-30,3078,PARTIAL,49386.71,2026-04-14
2055,901410,0-30,3078,PENDING,0.0,2026-05-01
2056,901410,0-30,3078,PENDING,0.0,2026-05-18
2057,901410,0-30,3078,PENDING,0.0,2026-06-04
2058,901410,30-60,3078,PARTIAL,104552.74,2026-06-21
2059,901410,60-90,3078,PARTIAL,203121.74,2026-07-08
2060,901410,90+,3078,PARTIAL,166499.8,2026-07-25
2061,901411,0-30,3015,PENDING,0.0,2025-11-07
2062,901411,0-30,3015,PARTIAL,409461.34,2025-12-03
2063,901411,0-30,3015,PENDING,0.0,2025-12-29
2064,901411,0-30,3015,PENDING,0.0,2026-01-24
2065,901411,0-30,3015,PARTIAL,417179.12,2026-02-19
2066,901411,0-30,3015,PENDING,0.0,2026-03-17
2067,901411,0-30,3015,PENDING,0.0,2026-04-12
2068,901411,0-30,3015,PENDING,0.0,2026-05-08
2069,901411,30-60,3015,PENDING,0.0,2026-06-03
2070,901411,60-90,3015,PENDING,0.0,2026-06-29
2071,901411,90+,3015,PENDING,0.0,2026-07-25
2072,901413,0-30,3062,PENDING,0.0,2026-05-21
2073,901413,0-30,3062,PARTIAL,791.0,2026-06-03
2074,901413,0-30,3062,PENDING,0.0,2026-06-16
2075,901413,0-30,3062,PARTIAL,2638.5,2026-06-29
2076,901413,30-60,3062,PENDING,0.0,2026-07-12
2077,901413,60-90,3062,PARTIAL,1488.42,2026-07-25
2078,901419,30-60,3026,PARTIAL,1991.5,2026-07-25
2079,901422,0-30,3029,PARTIAL,764423.53,2025-11-19
2080,901422,0-30,3029,PENDING,0.0,2025-12-24
2081,901422,0-30,3029,PENDING,0.0,2026-01-29
2082,901422,0-30,3029,PENDING,0.0,2026-03-05
2083,901422,0-30,3029,PARTIAL,231815.73,2026-04-09
2084,901422,30-60,3029,PENDING,0.0,2026-05-15
2085,901422,60-90,3029,PENDING,0.0,2026-06-19
2086,901422,90+,3029,PENDING,0.0,2026-07-25
2087,901424,0-30,3029,PENDING,0.0,2026-04-10
2088,901424,0-30,3029,PENDING,0.0,2026-04-28
2089,901424,0-30,3029,PARTIAL,14649.13,2026-05-15
2090,901424,0-30,3029,PARTIAL,28415.03,2026-06-02
2091,901424,30-60,3029,PENDING,0.0,2026-06-19
2092,901424,60-90,3029,PARTIAL,19527.25,2026-07-07
2093,901424,90+,3029,WRITE_OFF,4152.41,2026-07-25
2094,901428,0-30,3050,PENDING,0.0,2026-07-25
2095,901429,0-30,3080,PARTIAL,4156.25,2026-07-25
2096,901432,0-30,3066,PARTIAL,437.21,2026-06-29
2097,901432,30-60,3066,PARTIAL,781.65,2026-07-25
2098,901435,0-30,3073,PENDING,0.0,2026-07-03
2099,901435,30-60,3073,PENDING,0.0,2026-07-25
2100,901437,0-30,3046,RECOVERED,58623.78,2026-07-25
2101,901443,30-60,3062,PARTIAL,33150.79,2026-07-25
2102,901449,0-30,3046,PARTIAL,1873.78,2026-07-25
2103,901450,0-30,3010,PENDING,0.0,2025-09-24
2104,901450,0-30,3010,PENDING,0.0,2025-10-13
2105,901450,0-30,3010,PARTIAL,21682.25,2025-11-01
2106,901450,0-30,3010,PENDING,0.0,2025-11-20
2107,901450,0-30,3010,PARTIAL,37989.17,2025-12-09
2108,901450,0-30,3010,PARTIAL,23987.15,2025-12-28
2109,901450,0-30,3010,PARTIAL,47617.12,2026-01-16
2110,901450,0-30,3010,PENDING,0.0,2026-02-04
2111,901450,0-30,3010,PARTIAL,36187.39,2026-02-23
2112,901450,0-30,3010,PARTIAL,20973.06,2026-03-14
2113,901450,0-30,3010,PENDING,0.0,2026-04-02
2114,901450,0-30,3010,PENDING,0.0,2026-04-21
2115,901450,0-30,3010,PENDING,0.0,2026-05-10
2116,901450,0-30,3010,PENDING,0.0,2026-05-29
2117,901450,30-60,3010,PENDING,0.0,2026-06-17
2118,901450,60-90,3010,PENDING,0.0,2026-07-06
2119,901450,90+,3010,WRITE_OFF,8080.01,2026-07-25
2120,901452,0-30,3026,PENDING,0.0,2026-07-25
2121,901453,0-30,3012,PENDING,0.0,2025-10-05
2122,901453,0-30,3012,PARTIAL,208063.0,2025-11-01
2123,901453,0-30,3012,PARTIAL,177901.56,2025-11-27
2124,901453,0-30,3012,PENDING,0.0,2025-12-24
2125,901453,0-30,3012,PARTIAL,252794.26,2026-01-19
2126,901453,0-30,3012,PENDING,0.0,2026-02-15
2127,901453,0-30,3012,PENDING,0.0,2026-03-14
2128,901453,0-30,3012,PARTIAL,149311.23,2026-04-09
2129,901453,0-30,3012,PENDING,0.0,2026-05-06
2130,901453,30-60,3012,PENDING,0.0,2026-06-01
2131,901453,60-90,3012,PENDING,0.0,2026-06-28
2132,901453,90+,3012,PENDING,0.0,2026-07-25
2133,901454,0-30,3064,PENDING,0.0,2026-07-06
2134,901454,30-60,3064,PARTIAL,800.56,2026-07-25
2135,901457,0-30,3003,PENDING,0.0,2026-03-18
2136,901457,0-30,3003,PARTIAL,30484.28,2026-04-13
2137,901457,0-30,3003,PARTIAL,40583.22,2026-05-09
2138,901457,30-60,3003,PENDING,0.0,2026-06-03
2139,901457,60-90,3003,PENDING,0.0,2026-06-29
2140,901457,90+,3003,PENDING,0.0,2026-07-25
2141,901461,0-30,3030,PARTIAL,6241.43,2025-08-20
2142,901461,0-30,3030,PENDING,0.0,2025-09-15
2143,901461,0-30,3030,PENDING,0.0,2025-10-11
2144,901461,0-30,3030,PENDING,0.0,2025-11-06
2145,901461,0-30,3030,PENDING,0.0,2025-12-02
2146,901461,0-30,3030,PENDING,0.0,2025-12-28
2147,901461,0-30,3030,PARTIAL,7311.22,2026-01-23
2148,901461,0-30,3030,PARTIAL,29079.16,2026-02-18
2149,901461,0-30,3030,PARTIAL,24439.03,2026-03-16
2150,901461,0-30,3030,PENDING,0.0,2026-04-11
2151,901461,0-30,3030,PENDING,0.0,2026-05-07
2152,901461,30-60,3030,PENDING,0.0,2026-06-02
2153,901461,60-90,3030,PARTIAL,7836.07,2026-06-28
2154,901461,90+,3030,PENDING,0.0,2026-07-25
2155,901467,60-90,3045,PENDING,0.0,2026-07-25
2156,901469,0-30,3053,PENDING,0.0,2026-05-01
2157,901469,30-60,3053,PARTIAL,6417.01,2026-05-29
2158,901469,60-90,3053,PENDING,0.0,2026-06-26
2159,901469,90+,3053,PENDING,0.0,2026-07-25
2160,901481,0-30,3007,PARTIAL,3698.13,2026-07-08
2161,901481,0-30,3007,PARTIAL,9179.48,2026-07-16
2162,901481,0-30,3007,PENDING,0.0,2026-07-25
2163,901482,0-30,3027,PENDING,0.0,2026-06-28
2164,901482,30-60,3027,PARTIAL,20496.64,2026-07-25
2165,901488,0-30,3080,PENDING,0.0,2026-06-29
2166,901488,30-60,3080,PARTIAL,25937.99,2026-07-25
2167,901490,0-30,3070,PENDING,0.0,2026-07-10
2168,901490,0-30,3070,PENDING,0.0,2026-07-25
2169,901491,0-30,3073,PENDING,0.0,2026-01-15
2170,901491,0-30,3073,PARTIAL,25368.56,2026-02-05
2171,901491,0-30,3073,PENDING,0.0,2026-02-26
2172,901491,0-30,3073,PENDING,0.0,2026-03-19
2173,901491,0-30,3073,PENDING,0.0,2026-04-10
2174,901491,0-30,3073,PENDING,0.0,2026-05-01
2175,901491,0-30,3073,PARTIAL,50071.74,2026-05-22
2176,901491,30-60,3073,PENDING,0.0,2026-06-12
2177,901491,60-90,3073,PARTIAL,12591.27,2026-07-03
2178,901491,90+,3073,PENDING,0.0,2026-07-25
2179,901495,0-30,3036,PENDING,0.0,2026-02-23
2180,901495,0-30,3036,PENDING,0.0,2026-03-10
2181,901495,0-30,3036,PENDING,0.0,2026-03-25
2182,901495,0-30,3036,PENDING,0.0,2026-04-09
2183,901495,0-30,3036,PENDING,0.0,2026-04-24
2184,901495,0-30,3036,PENDING,0.0,2026-05-10
2185,901495,0-30,3036,PENDING,0.0,2026-05-25
2186,901495,0-30,3036,PENDING,0.0,2026-06-09
2187,901495,30-60,3036,PENDING,0.0,2026-06-24
2188,901495,60-90,3036,PARTIAL,2298.15,2026-07-09
2189,901495,90+,3036,WRITE_OFF,4047.07,2026-07-25
2190,901499,0-30,3080,PENDING,0.0,2026-01-27
2191,901499,0-30,3080,PENDING,0.0,2026-02-22
2192,901499,0-30,3080,PARTIAL,4320.39,2026-03-19
2193,901499,0-30,3080,PENDING,0.0,2026-04-14
2194,901499,0-30,3080,PARTIAL,4190.83,2026-05-09
2195,901499,30-60,3080,PARTIAL,755.12,2026-06-04
2196,901499,60-90,3080,PENDING,0.0,2026-06-29
2197,901499,90+,3080,PENDING,0.0,2026-07-25
2198,901508,0-30,3013,RECOVERED,19830.35,2026-07-25
2199,901509,0-30,3018,PARTIAL,10246.75,2026-07-05
2200,901509,30-60,3018,RECOVERED,22197.29,2026-07-25
2201,901511,0-30,3011,PARTIAL,2162.43,2026-07-02
2202,901511,0-30,3011,PENDING,0.0,2026-07-10
2203,901511,0-30,3011,PENDING,0.0,2026-07-17
2204,901511,0-30,3011,PENDING,0.0,2026-07-25
2205,901513,0-30,3028,RECOVERED,466694.03,2026-07-25
2206,901517,0-30,3047,PARTIAL,3978.89,2026-07-07
2207,901517,30-60,3047,PENDING,0.0,2026-07-25
2208,901518,0-30,3063,PENDING,0.0,2025-11-11
2209,901518,0-30,3063,PENDING,0.0,2025-11-27
2210,901518,0-30,3063,PARTIAL,215184.44,2025-12-13
2211,901518,0-30,3063,PARTIAL,129994.18,2025-12-29
2212,901518,0-30,3063,PENDING,0.0,2026-01-14
2213,901518,0-30,3063,PARTIAL,60801.13,2026-01-30
2214,901518,0-30,3063,PARTIAL,130284.79,2026-02-15
2215,901518,0-30,3063,PARTIAL,53876.89,2026-03-03
2216,901518,0-30,3063,PENDING,0.0,2026-03-19
2217,901518,0-30,3063,PENDING,0.0,2026-04-04
2218,901518,0-30,3063,PENDING,0.0,2026-04-20
2219,901518,0-30,3063,PENDING,0.0,2026-05-06
2220,901518,0-30,3063,PENDING,0.0,2026-05-22
2221,901518,0-30,3063,PENDING,0.0,2026-06-07
2222,901518,30-60,3063,PARTIAL,200137.2,2026-06-23
2223,901518,60-90,3063,PENDING,0.0,2026-07-09
2224,901518,90+,3063,PENDING,0.0,2026-07-25
2225,901520,0-30,3057,PENDING,0.0,2026-04-29
2226,901520,30-60,3057,PARTIAL,41999.85,2026-05-28
2227,901520,60-90,3057,PARTIAL,57232.92,2026-06-26
2228,901520,90+,3057,PARTIAL,48147.33,2026-07-25
2229,901530,30-60,3027,PENDING,0.0,2026-06-17
2230,901530,60-90,3027,WRITE_OFF,81586.53,2026-07-25
2231,901532,0-30,3030,PENDING,0.0,2026-07-25
2232,901533,0-30,3037,PENDING,0.0,2026-03-13
2233,901533,0-30,3037,PENDING,0.0,2026-04-09
2234,901533,0-30,3037,PARTIAL,5105.88,2026-05-06
2235,901533,30-60,3037,PENDING,0.0,2026-06-01
2236,901533,60-90,3037,PENDING,0.0,2026-06-28
2237,901533,90+,3037,PARTIAL,5940.17,2026-07-25
2238,901534,0-30,3043,PARTIAL,13049.05,2025-08-18
2239,901534,0-30,3043,PARTIAL,9675.07,2025-09-11
2240,901534,0-30,3043,PARTIAL,7282.91,2025-10-06
2241,901534,0-30,3043,PENDING,0.0,2025-10-30
2242,901534,0-30,3043,PARTIAL,13463.05,2025-11-23
2243,901534,0-30,3043,PARTIAL,11791.83,2025-12-18
2244,901534,0-30,3043,PARTIAL,9326.93,2026-01-11
2245,901534,0-30,3043,PARTIAL,3021.26,2026-02-04
2246,901534,0-30,3043,PARTIAL,3020.24,2026-03-01
2247,901534,0-30,3043,PENDING,0.0,2026-03-25
2248,901534,0-30,3043,PENDING,0.0,2026-04-18
2249,901534,0-30,3043,PENDING,0.0,2026-05-13
2250,901534,30-60,3043,PENDING,0.0,2026-06-06
2251,901534,60-90,3043,PENDING,0.0,2026-06-30
2252,901534,90+,3043,PARTIAL,16339.79,2026-07-25
2253,901537,0-30,3040,PENDING,0.0,2026-06-28
2254,901537,30-60,3040,PENDING,0.0,2026-07-25
2255,901544,0-30,3080,PENDING,0.0,2026-07-13
2256,901544,0-30,3080,PENDING,0.0,2026-07-25
2257,901548,0-30,3037,PENDING,0.0,2025-10-16
2258,901548,0-30,3037,PARTIAL,223628.7,2025-11-07
2259,901548,0-30,3037,PENDING,0.0,2025-11-28
2260,901548,0-30,3037,PENDING,0.0,2025-12-20
2261,901548,0-30,3037,PENDING,0.0,2026-01-11
2262,901548,0-30,3037,PENDING,0.0,2026-02-01
2263,901548,0-30,3037,PENDING,0.0,2026-02-23
2264,901548,0-30,3037,PENDING,0.0,2026-03-17
2265,901548,0-30,3037,PENDING,0.0,2026-04-07
2266,901548,0-30,3037,PENDING,0.0,2026-04-29
2267,901548,0-30,3037,PARTIAL,33192.12,2026-05-21
2268,901548,30-60,3037,PENDING,0.0,2026-06-11
2269,901548,60-90,3037,PENDING,0.0,2026-07-03
2270,901548,90+,3037,WRITE_OFF,34185.0,2026-07-25
2271,901552,0-30,3007,PARTIAL,4728.31,2026-03-25
2272,901552,0-30,3007,PENDING,0.0,2026-04-09
2273,901552,0-30,3007,PENDING,0.0,2026-04-24
2274,901552,0-30,3007,PARTIAL,9555.94,2026-05-09
2275,901552,0-30,3007,PARTIAL,4381.32,2026-05-25
2276,901552,0-30,3007,PENDING,0.0,2026-06-09
2277,901552,30-60,3007,PENDING,0.0,2026-06-24
2278,901552,60-90,3007,PENDING,0.0,2026-07-09
2279,901552,90+,3007,PENDING,0.0,2026-07-25
2280,901555,0-30,3042,PENDING,0.0,2025-10-19
2281,901555,0-30,3042,PARTIAL,398512.91,2025-11-28
2282,901555,0-30,3042,PARTIAL,478145.67,2026-01-07
2283,901555,0-30,3042,PENDING,0.0,2026-02-16
2284,901555,0-30,3042,PENDING,0.0,2026-03-27
2285,901555,30-60,3042,PARTIAL,391544.34,2026-05-06
2286,901555,60-90,3042,PENDING,0.0,2026-06-15
2287,901555,90+,3042,PENDING,0.0,2026-07-25
2288,901562,0-30,3048,PENDING,0.0,2026-06-30
2289,901562,30-60,3048,PENDING,0.0,2026-07-25
2290,901565,0-30,3020,PENDING,0.0,2026-05-18
2291,901565,0-30,3020,PENDING,0.0,2026-05-28
2292,901565,0-30,3020,PENDING,0.0,2026-06-06
2293,901565,0-30,3020,PARTIAL,70193.72,2026-06-16
2294,901565,0-30,3020,PARTIAL,23994.82,2026-06-26
2295,901565,0-30,3020,PARTIAL,142763.1,2026-07-05
2296,901565,30-60,3020,PENDING,0.0,2026-07-15
2297,901565,60-90,3020,PENDING,0.0,2026-07-25
2298,901567,0-30,3043,PENDING,0.0,2026-07-02
2299,901567,30-60,3043,PARTIAL,4034.41,2026-07-25
2300,901568,90+,3052,PENDING,0.0,2026-07-25
2301,901573,0-30,3006,PENDING,0.0,2026-07-25
2302,901577,0-30,3062,PARTIAL,80522.84,2026-05-04
2303,901577,0-30,3062,PARTIAL,85811.49,2026-05-18
2304,901577,0-30,3062,PENDING,0.0,2026-05-31
2305,901577,0-30,3062,PENDING,0.0,2026-06-14
2306,901577,30-60,3062,PENDING,0.0,2026-06-27
2307,901577,60-90,3062,PENDING,0.0,2026-07-11
2308,901577,90+,3062,PARTIAL,12199.37,2026-07-25
2309,901589,30-60,3006,PARTIAL,21164.64,2026-07-25
2310,901590,0-30,3036,PENDING,0.0,2026-06-28
2311,901590,0-30,3036,PENDING,0.0,2026-07-11
2312,901590,30-60,3036,PENDING,0.0,2026-07-25
2313,901597,0-30,3067,PENDING,0.0,2026-01-08
2314,901597,0-30,3067,PENDING,0.0,2026-01-26
2315,901597,0-30,3067,PENDING,0.0,2026-02-13
2316,901597,0-30,3067,PENDING,0.0,2026-03-03
2317,901597,0-30,3067,PENDING,0.0,2026-03-21
2318,901597,0-30,3067,PARTIAL,92434.55,2026-04-08
2319,901597,0-30,3067,PENDING,0.0,2026-04-26
2320,901597,0-30,3067,PENDING,0.0,2026-05-14
2321,901597,0-30,3067,PENDING,0.0,2026-06-01
2322,901597,30-60,3067,PENDING,0.0,2026-06-19
2323,901597,60-90,3067,PENDING,0.0,2026-07-07
2324,901597,90+,3067,PENDING,0.0,2026-07-25
2325,901601,0-30,3073,PARTIAL,18819.59,2026-07-15
2326,901601,0-30,3073,PENDING,0.0,2026-07-25
2327,901602,0-30,3063,PENDING,0.0,2025-11-24
2328,901602,0-30,3063,PENDING,0.0,2026-01-24
2329,901602,30-60,3063,PENDING,0.0,2026-03-25
2330,901602,60-90,3063,PENDING,0.0,2026-05-25
2331,901602,90+,3063,WRITE_OFF,243192.87,2026-07-25
2332,901605,0-30,3067,PARTIAL,787.74,2026-06-11
2333,901605,0-30,3067,PARTIAL,597.16,2026-06-22
2334,901605,0-30,3067,PENDING,0.0,2026-07-03
2335,901605,0-30,3067,PENDING,0.0,2026-07-14
2336,901605,30-60,3067,RECOVERED,4475.05,2026-07-25
2337,901608,0-30,3048,PARTIAL,22015.07,2026-01-26
2338,901608,0-30,3048,PARTIAL,22476.06,2026-02-10
2339,901608,0-30,3048,PENDING,0.0,2026-02-25
2340,901608,0-30,3048,PARTIAL,19450.88,2026-03-12
2341,901608,0-30,3048,PENDING,0.0,2026-03-27
2342,901608,0-30,3048,PENDING,0.0,2026-04-11
2343,901608,0-30,3048,PARTIAL,23299.6,2026-04-26
2344,901608,0-30,3048,PENDING,0.0,2026-05-11
2345,901608,0-30,3048,PENDING,0.0,2026-05-26
2346,901608,0-30,3048,PARTIAL,26256.99,2026-06-10
2347,901608,30-60,3048,PARTIAL,16956.04,2026-06-25
2348,901608,60-90,3048,PENDING,0.0,2026-07-10
2349,901608,90+,3048,WRITE_OFF,1269.9,2026-07-25
2350,901610,0-30,3036,PARTIAL,47272.88,2026-07-04
2351,901610,30-60,3036,PENDING,0.0,2026-07-25
2352,901612,0-30,3037,PARTIAL,3017.14,2026-06-18
2353,901612,0-30,3037,PENDING,0.0,2026-07-06
2354,901612,30-60,3037,PENDING,0.0,2026-07-25
2355,901623,0-30,3080,PARTIAL,4888.17,2025-11-17
2356,901623,0-30,3080,PENDING,0.0,2025-12-12
2357,901623,0-30,3080,PENDING,0.0,2026-01-06
2358,901623,0-30,3080,PARTIAL,2660.43,2026-01-31
2359,901623,0-30,3080,PENDING,0.0,2026-02-25
2360,901623,0-30,3080,PARTIAL,15366.78,2026-03-22
2361,901623,0-30,3080,PENDING,0.0,2026-04-16
2362,901623,0-30,3080,PENDING,0.0,2026-05-11
2363,901623,30-60,3080,PENDING,0.0,2026-06-05
2364,901623,60-90,3080,PENDING,0.0,2026-06-30
2365,901623,90+,3080,PENDING,0.0,2026-07-25
2366,901624,0-30,3027,PENDING,0.0,2026-04-22
2367,901624,0-30,3027,PENDING,0.0,2026-05-11
2368,901624,0-30,3027,PENDING,0.0,2026-05-30
2369,901624,30-60,3027,PENDING,0.0,2026-06-17
2370,901624,60-90,3027,PENDING,0.0,2026-07-06
2371,901624,90+,3027,PENDING,0.0,2026-07-25
2372,901625,0-30,3013,PENDING,0.0,2026-04-24
2373,901625,0-30,3013,PENDING,0.0,2026-05-17
2374,901625,30-60,3013,PENDING,0.0,2026-06-09
2375,901625,60-90,3013,PENDING,0.0,2026-07-02
2376,901625,90+,3013,PENDING,0.0,2026-07-25
2377,901627,30-60,3013,PARTIAL,23540.43,2026-07-25
2378,901628,0-30,3064,PENDING,0.0,2026-05-15
2379,901628,30-60,3064,PENDING,0.0,2026-06-08
2380,901628,60-90,3064,PENDING,0.0,2026-07-01
2381,901628,90+,3064,PARTIAL,11970.39,2026-07-25
2382,901634,0-30,3044,PENDING,0.0,2026-02-16
2383,901634,0-30,3044,PENDING,0.0,2026-03-02
2384,901634,0-30,3044,PENDING,0.0,2026-03-17
2385,901634,0-30,3044,PENDING,0.0,2026-03-31
2386,901634,0-30,3044,PARTIAL,75963.22,2026-04-15
2387,901634,0-30,3044,PENDING,0.0,2026-04-29
2388,901634,0-30,3044,PENDING,0.0,2026-05-13
2389,901634,0-30,3044,PENDING,0.0,2026-05-28
2390,901634,0-30,3044,PENDING,0.0,2026-06-11
2391,901634,30-60,3044,PARTIAL,83481.33,2026-06-26
2392,901634,60-90,3044,PENDING,0.0,2026-07-10
2393,901634,90+,3044,PENDING,0.0,2026-07-25
2394,901636,60-90,3009,PARTIAL,244018.34,2026-04-19
2395,901636,90+,3009,PARTIAL,178673.16,2026-07-25
2396,901638,0-30,3029,PENDING,0.0,2026-06-15
2397,901638,0-30,3029,PENDING,0.0,2026-07-05
2398,901638,30-60,3029,PARTIAL,1655.08,2026-07-25
2399,901639,0-30,3054,PARTIAL,19903.29,2025-10-06
2400,901639,0-30,3054,PENDING,0.0,2025-10-23
2401,901639,0-30,3054,PENDING,0.0,2025-11-09
2402,901639,0-30,3054,PENDING,0.0,2025-11-26
2403,901639,0-30,3054,PARTIAL,26854.76,2025-12-13
2404,901639,0-30,3054,PENDING,0.0,2025-12-31
2405,901639,0-30,3054,PENDING,0.0,2026-01-17
2406,901639,0-30,3054,PENDING,0.0,2026-02-03
2407,901639,0-30,3054,PENDING,0.0,2026-02-20
2408,901639,0-30,3054,PARTIAL,222083.44,2026-03-09
2409,901639,0-30,3054,PENDING,0.0,2026-03-26
2410,901639,0-30,3054,PENDING,0.0,2026-04-13
2411,901639,0-30,3054,PENDING,0.0,2026-04-30
2412,901639,0-30,3054,PENDING,0.0,2026-05-17
2413,901639,0-30,3054,PENDING,0.0,2026-06-03
2414,901639,30-60,3054,PARTIAL,162775.68,2026-06-20
2415,901639,60-90,3054,PARTIAL,20186.65,2026-07-07
2416,901639,90+,3054,PENDING,0.0,2026-07-25
2417,901640,0-30,3050,PENDING,0.0,2026-07-05
2418,901640,0-30,3050,PARTIAL,184556.82,2026-07-15
2419,901640,0-30,3050,PARTIAL,327468.83,2026-07-25
2420,901645,0-30,3079,PENDING,0.0,2026-02-28
2421,901645,0-30,3079,PENDING,0.0,2026-03-24
2422,901645,0-30,3079,PENDING,0.0,2026-04-18
2423,901645,0-30,3079,PENDING,0.0,2026-05-12
2424,901645,30-60,3079,PENDING,0.0,2026-06-06
2425,901645,60-90,3079,PENDING,0.0,2026-06-30
2426,901645,90+,3079,PENDING,0.0,2026-07-25
2427,901647,0-30,3050,PENDING,0.0,2026-07-25
2428,901648,0-30,3050,PENDING,0.0,2026-02-12
2429,901648,0-30,3050,PENDING,0.0,2026-03-25
2430,901648,30-60,3050,PENDING,0.0,2026-05-04
2431,901648,60-90,3050,PENDING,0.0,2026-06-14
2432,901648,90+,3050,PARTIAL,480915.13,2026-07-25
2433,901652,0-30,3038,PENDING,0.0,2025-11-06
2434,901652,0-30,3038,PENDING,0.0,2025-11-28
2435,901652,0-30,3038,PENDING,0.0,2025-12-20
2436,901652,0-30,3038,PARTIAL,36851.16,2026-01-10
2437,901652,0-30,3038,PARTIAL,10212.13,2026-02-01
2438,901652,0-30,3038,PENDING,0.0,2026-02-23
2439,901652,0-30,3038,PENDING,0.0,2026-03-16
2440,901652,0-30,3038,PENDING,0.0,2026-04-07
2441,901652,0-30,3038,PENDING,0.0,2026-04-29
2442,901652,0-30,3038,PARTIAL,11313.07,2026-05-20
2443,901652,30-60,3038,PENDING,0.0,2026-06-11
2444,901652,60-90,3038,PENDING,0.0,2026-07-03
2445,901652,90+,3038,PENDING,0.0,2026-07-25
2446,901653,0-30,3066,PENDING,0.0,2025-11-17
2447,901653,0-30,3066,PARTIAL,48170.22,2025-12-12
2448,901653,0-30,3066,PARTIAL,64785.24,2026-01-06
2449,901653,0-30,3066,PARTIAL,56002.05,2026-01-31
2450,901653,0-30,3066,PARTIAL,58072.06,2026-02-25
2451,901653,0-30,3066,PENDING,0.0,2026-03-22
2452,901653,0-30,3066,PENDING,0.0,2026-04-16
2453,901653,0-30,3066,PARTIAL,65225.01,2026-05-11
2454,901653,30-60,3066,PARTIAL,11150.29,2026-06-05
2455,901653,60-90,3066,PENDING,0.0,2026-06-30
2456,901653,90+,3066,PENDING,0.0,2026-07-25
2457,901666,0-30,3045,PENDING,0.0,2026-02-01
2458,901666,0-30,3045,PARTIAL,449091.04,2026-03-02
2459,901666,0-30,3045,PARTIAL,129093.5,2026-03-31
2460,901666,0-30,3045,PENDING,0.0,2026-04-29
2461,901666,30-60,3045,PENDING,0.0,2026-05-28
2462,901666,60-90,3045,PARTIAL,88724.97,2026-06-26
2463,901666,90+,3045,PARTIAL,235306.47,2026-07-25
2464,901667,0-30,3025,PENDING,0.0,2025-10-23
2465,901667,0-30,3025,PENDING,0.0,2025-11-19
2466,901667,0-30,3025,PENDING,0.0,2025-12-17
2467,901667,0-30,3025,PENDING,0.0,2026-01-13
2468,901667,0-30,3025,PENDING,0.0,2026-02-10
2469,901667,0-30,3025,PARTIAL,158139.44,2026-03-09
2470,901667,0-30,3025,PENDING,0.0,2026-04-06
2471,901667,0-30,3025,PENDING,0.0,2026-05-03
2472,901667,30-60,3025,PENDING,0.0,2026-05-31
2473,901667,60-90,3025,PENDING,0.0,2026-06-27
2474,901667,90+,3025,WRITE_OFF,30060.63,2026-07-25
2475,901670,0-30,3064,PENDING,0.0,2025-11-07
2476,901670,0-30,3064,PENDING,0.0,2025-12-09
2477,901670,0-30,3064,PENDING,0.0,2026-01-11
2478,901670,0-30,3064,PENDING,0.0,2026-02-12
2479,901670,0-30,3064,PENDING,0.0,2026-03-17
2480,901670,0-30,3064,PENDING,0.0,2026-04-18
2481,901670,30-60,3064,PENDING,0.0,2026-05-21
2482,901670,60-90,3064,PENDING,0.0,2026-06-22
2483,901670,90+,3064,PENDING,0.0,2026-07-25
2484,901675,30-60,3021,PENDING,0.0,2026-05-23
2485,901675,60-90,3021,PARTIAL,147602.52,2026-06-23
2486,901675,90+,3021,PENDING,0.0,2026-07-25
2487,901685,0-30,3061,PENDING,0.0,2026-06-07
2488,901685,30-60,3061,PENDING,0.0,2026-07-01
2489,901685,60-90,3061,PENDING,0.0,2026-07-25
2490,901687,0-30,3042,PARTIAL,154074.55,2025-08-20
2491,901687,0-30,3042,PENDING,0.0,2025-09-15
2492,901687,0-30,3042,PENDING,0.0,2025-10-11
2493,901687,0-30,3042,PARTIAL,62886.93,2025-11-06
2494,901687,0-30,3042,PENDING,0.0,2025-12-02
2495,901687,0-30,3042,PENDING,0.0,2025-12-28
2496,901687,0-30,3042,PENDING,0.0,2026-01-23
2497,901687,0-30,3042,PENDING,0.0,2026-02-18
2498,901687,0-30,3042,PENDING,0.0,2026-03-16
2499,901687,0-30,3042,PARTIAL,132904.15,2026-04-11
2500,901687,0-30,3042,PENDING,0.0,2026-05-07
2501,901687,30-60,3042,PARTIAL,88315.99,2026-06-02
2502,901687,60-90,3042,PENDING,0.0,2026-06-28
2503,901687,90+,3042,WRITE_OFF,1690.28,2026-07-25
2504,901688,0-30,3033,PENDING,0.0,2026-06-26
2505,901688,0-30,3033,PARTIAL,71396.44,2026-07-10
2506,901688,30-60,3033,PARTIAL,67880.33,2026-07-25
2507,901689,0-30,3008,PENDING,0.0,2026-07-03
2508,901689,30-60,3008,PENDING,0.0,2026-07-25
2509,901690,0-30,3015,PENDING,0.0,2026-07-25
2510,901691,0-30,3077,PARTIAL,23533.61,2026-07-07
2511,901691,0-30,3077,PENDING,0.0,2026-07-16
2512,901691,0-30,3077,PARTIAL,19950.35,2026-07-25
2513,901695,0-30,3060,PENDING,0.0,2026-04-14
2514,901695,0-30,3060,PENDING,0.0,2026-05-09
2515,901695,30-60,3060,PARTIAL,15718.02,2026-06-04
2516,901695,60-90,3060,PARTIAL,9420.64,2026-06-29
2517,901695,90+,3060,WRITE_OFF,6977.54,2026-07-25
2518,901696,30-60,3007,PARTIAL,37266.8,2026-07-25
2519,901698,0-30,3001,PENDING,0.0,2026-06-30
2520,901698,30-60,3001,PENDING,0.0,2026-07-25
2521,901702,0-30,3012,RECOVERED,21593.94,2026-07-25
2522,901703,0-30,3066,PENDING,0.0,2026-07-25
2523,901709,0-30,3059,PENDING,0.0,2026-03-09
2524,901709,30-60,3059,PARTIAL,839446.72,2026-04-24
2525,901709,60-90,3059,PENDING,0.0,2026-06-09
2526,901709,90+,3059,PENDING,0.0,2026-07-25
2527,901716,0-30,3078,PENDING,0.0,2026-07-25
2528,901717,0-30,3017,PENDING,0.0,2025-10-14
2529,901717,0-30,3017,PENDING,0.0,2025-11-07
2530,901717,0-30,3017,PARTIAL,24228.31,2025-11-30
2531,901717,0-30,3017,PENDING,0.0,2025-12-24
2532,901717,0-30,3017,PENDING,0.0,2026-01-17
2533,901717,0-30,3017,PENDING,0.0,2026-02-09
2534,901717,0-30,3017,PENDING,0.0,2026-03-05
2535,901717,0-30,3017,PENDING,0.0,2026-03-28
2536,901717,0-30,3017,PENDING,0.0,2026-04-21
2537,901717,0-30,3017,PENDING,0.0,2026-05-15
2538,901717,30-60,3017,PENDING,0.0,2026-06-07
2539,901717,60-90,3017,PARTIAL,3817.53,2026-07-01
2540,901717,90+,3017,WRITE_OFF,7288.41,2026-07-25
2541,901720,0-30,3058,PARTIAL,1474.81,2026-07-09
2542,901720,30-60,3058,PENDING,0.0,2026-07-25
2543,901721,0-30,3025,PENDING,0.0,2026-06-30
2544,901721,30-60,3025,PARTIAL,49179.91,2026-07-25
2545,901724,0-30,3035,PENDING,0.0,2026-06-16
2546,901724,0-30,3035,PENDING,0.0,2026-06-29
2547,901724,0-30,3035,PENDING,0.0,2026-07-12
2548,901724,30-60,3035,RECOVERED,6491.58,2026-07-25
2549,901725,0-30,3041,PENDING,0.0,2025-12-31
2550,901725,0-30,3041,PENDING,0.0,2026-01-29
2551,901725,0-30,3041,PENDING,0.0,2026-02-28
2552,901725,0-30,3041,PARTIAL,19964.7,2026-03-29
2553,901725,0-30,3041,PENDING,0.0,2026-04-27
2554,901725,30-60,3041,PENDING,0.0,2026-05-27
2555,901725,60-90,3041,PENDING,0.0,2026-06-25
2556,901725,90+,3041,PARTIAL,29025.13,2026-07-25
2557,901729,0-30,3028,PARTIAL,8187.97,2026-07-04
2558,901729,0-30,3028,PENDING,0.0,2026-07-14
2559,901729,30-60,3028,RECOVERED,18950.25,2026-07-25
2560,901732,0-30,3014,PARTIAL,91461.78,2025-11-01
2561,901732,0-30,3014,PARTIAL,142287.2,2025-11-25
2562,901732,0-30,3014,PENDING,0.0,2025-12-19
2563,901732,0-30,3014,PENDING,0.0,2026-01-12
2564,901732,0-30,3014,PENDING,0.0,2026-02-05
2565,901732,0-30,3014,PENDING,0.0,2026-03-02
2566,901732,0-30,3014,PENDING,0.0,2026-03-26
2567,901732,0-30,3014,PENDING,0.0,2026-04-19
2568,901732,0-30,3014,PARTIAL,120264.7,2026-05-13
2569,901732,30-60,3014,PENDING,0.0,2026-06-06
2570,901732,60-90,3014,PENDING,0.0,2026-06-30
2571,901732,90+,3014,PARTIAL,212899.65,2026-07-25
2572,901744,30-60,3043,PARTIAL,100009.61,2026-07-25
2573,901747,0-30,3075,PENDING,0.0,2025-11-21
2574,901747,0-30,3075,PENDING,0.0,2026-01-01
2575,901747,0-30,3075,PENDING,0.0,2026-02-11
2576,901747,0-30,3075,PARTIAL,266546.33,2026-03-24
2577,901747,30-60,3075,PENDING,0.0,2026-05-04
2578,901747,60-90,3075,PENDING,0.0,2026-06-14
2579,901747,90+,3075,WRITE_OFF,84867.24,2026-07-25
2580,901748,0-30,3010,PENDING,0.0,2025-10-10
2581,901748,0-30,3010,PENDING,0.0,2025-10-29
2582,901748,0-30,3010,PENDING,0.0,2025-11-17
2583,901748,0-30,3010,PENDING,0.0,2025-12-06
2584,901748,0-30,3010,PENDING,0.0,2025-12-25
2585,901748,0-30,3010,PENDING,0.0,2026-01-14
2586,901748,0-30,3010,PENDING,0.0,2026-02-02
2587,901748,0-30,3010,PENDING,0.0,2026-02-21
2588,901748,0-30,3010,PARTIAL,282992.09,2026-03-12
2589,901748,0-30,3010,PENDING,0.0,2026-03-31
2590,901748,0-30,3010,PENDING,0.0,2026-04-20
2591,901748,0-30,3010,PENDING,0.0,2026-05-09
2592,901748,0-30,3010,PENDING,0.0,2026-05-28
2593,901748,30-60,3010,PENDING,0.0,2026-06-16
2594,901748,60-90,3010,PENDING,0.0,2026-07-05
2595,901748,90+,3010,PARTIAL,84069.04,2026-07-25
2596,901751,0-30,3057,PENDING,0.0,2026-04-29
2597,901751,0-30,3057,PENDING,0.0,2026-05-21
2598,901751,30-60,3057,PARTIAL,74425.53,2026-06-11
2599,901751,60-90,3057,PENDING,0.0,2026-07-03
2600,901751,90+,3057,WRITE_OFF,19464.19,2026-07-25
2601,901754,0-30,3016,PARTIAL,1753.98,2026-07-06
2602,901754,30-60,3016,RECOVERED,24447.69,2026-07-25
2603,901763,30-60,3036,PENDING,0.0,2026-06-14
2604,901763,60-90,3036,PENDING,0.0,2026-07-25
2605,901767,30-60,3049,PENDING,0.0,2026-07-25
2606,901772,0-30,3046,PARTIAL,4314.37,2026-07-25
2607,901777,0-30,3028,PENDING,0.0,2026-06-02
2608,901777,0-30,3028,PARTIAL,32531.55,2026-06-11
2609,901777,0-30,3028,PENDING,0.0,2026-06-20
2610,901777,0-30,3028,PENDING,0.0,2026-06-28
2611,901777,0-30,3028,PARTIAL,29838.17,2026-07-07
2612,901777,30-60,3028,PENDING,0.0,2026-07-16
2613,901777,60-90,3028,PARTIAL,29836.75,2026-07-25
2614,901781,30-60,3034,PARTIAL,44129.38,2026-07-25
2615,901782,0-30,3046,PENDING,0.0,2026-07-06
2616,901782,30-60,3046,PENDING,0.0,2026-07-25
2617,901784,30-60,3038,PARTIAL,39463.54,2026-07-25
2618,901785,0-30,3062,PARTIAL,113041.19,2026-04-26
2619,901785,0-30,3062,PARTIAL,101451.1,2026-05-14
2620,901785,0-30,3062,PENDING,0.0,2026-06-01
2621,901785,30-60,3062,PENDING,0.0,2026-06-19
2622,901785,60-90,3062,PENDING,0.0,2026-07-07
2623,901785,90+,3062,PARTIAL,174477.12,2026-07-25
2624,901786,0-30,3076,PENDING,0.0,2026-07-07
2625,901786,30-60,3076,PENDING,0.0,2026-07-25
2626,901788,30-60,3026,PENDING,0.0,2026-05-24
2627,901788,60-90,3026,PENDING,0.0,2026-06-24
2628,901788,90+,3026,PARTIAL,22830.6,2026-07-25
2629,901793,0-30,3065,PARTIAL,11193.74,2025-12-08
2630,901793,0-30,3065,PENDING,0.0,2026-01-02
2631,901793,0-30,3065,PENDING,0.0,2026-01-28
2632,901793,0-30,3065,PENDING,0.0,2026-02-22
2633,901793,0-30,3065,PARTIAL,9498.69,2026-03-20
2634,901793,0-30,3065,PENDING,0.0,2026-04-14
2635,901793,0-30,3065,PARTIAL,8342.42,2026-05-09
2636,901793,30-60,3065,PENDING,0.0,2026-06-04
2637,901793,60-90,3065,PENDING,0.0,2026-06-29
2638,901793,90+,3065,PARTIAL,11616.3,2026-07-25
2639,901796,0-30,3037,PENDING,0.0,2026-07-01
2640,901796,0-30,3037,PARTIAL,16219.62,2026-07-13
2641,901796,30-60,3037,PARTIAL,61917.2,2026-07-25
2642,901798,0-30,3079,PENDING,0.0,2026-07-03
2643,901798,30-60,3079,PENDING,0.0,2026-07-25
2644,901799,30-60,3054,PENDING,0.0,2026-04-21
2645,901799,60-90,3054,PENDING,0.0,2026-06-07
2646,901799,90+,3054,PENDING,0.0,2026-07-25
2647,901807,0-30,3033,PENDING,0.0,2025-12-06
2648,901807,0-30,3033,PENDING,0.0,2026-01-08
2649,901807,0-30,3033,PENDING,0.0,2026-02-10
2650,901807,0-30,3033,PENDING,0.0,2026-03-15
2651,901807,0-30,3033,PENDING,0.0,2026-04-17
2652,901807,30-60,3033,PENDING,0.0,2026-05-20
2653,901807,60-90,3033,PARTIAL,48604.41,2026-06-22
2654,901807,90+,3033,PARTIAL,24008.64,2026-07-25
2655,901810,0-30,3039,PARTIAL,16859.75,2026-07-25
2656,901811,0-30,3025,PENDING,0.0,2026-07-20
2657,901811,0-30,3025,RECOVERED,45611.23,2026-07-25
2658,901815,0-30,3020,PARTIAL,294641.1,2025-11-08
2659,901815,0-30,3020,PENDING,0.0,2025-12-02
2660,901815,0-30,3020,PENDING,0.0,2025-12-25
2661,901815,0-30,3020,PENDING,0.0,2026-01-18
2662,901815,0-30,3020,PARTIAL,35032.45,2026-02-10
2663,901815,0-30,3020,PARTIAL,122322.0,2026-03-06
2664,901815,0-30,3020,PENDING,0.0,2026-03-29
2665,901815,0-30,3020,PARTIAL,49810.46,2026-04-22
2666,901815,0-30,3020,PARTIAL,138074.61,2026-05-15
2667,901815,30-60,3020,PENDING,0.0,2026-06-08
2668,901815,60-90,3020,PENDING,0.0,2026-07-01
2669,901815,90+,3020,PENDING,0.0,2026-07-25
2670,901821,0-30,3037,PENDING,0.0,2026-02-14
2671,901821,0-30,3037,PENDING,0.0,2026-03-09
2672,901821,0-30,3037,PARTIAL,105966.71,2026-04-01
2673,901821,0-30,3037,PENDING,0.0,2026-04-24
2674,901821,0-30,3037,PENDING,0.0,2026-05-17
2675,901821,30-60,3037,PENDING,0.0,2026-06-09
2676,901821,60-90,3037,PARTIAL,644937.04,2026-07-02
2677,901821,90+,3037,WRITE_OFF,112881.52,2026-07-25
2678,901824,30-60,3007,PENDING,0.0,2026-07-25
2679,901825,0-30,3034,PENDING,0.0,2026-06-19
2680,901825,0-30,3034,PENDING,0.0,2026-07-01
2681,901825,0-30,3034,PARTIAL,11734.59,2026-07-13
2682,901825,30-60,3034,PENDING,0.0,2026-07-25
2683,901826,0-30,3023,PENDING,0.0,2026-06-30
2684,901826,30-60,3023,PENDING,0.0,2026-07-25
2685,901829,0-30,3002,PENDING,0.0,2026-01-21
2686,901829,0-30,3002,PARTIAL,8496.86,2026-02-27
2687,901829,0-30,3002,PENDING,0.0,2026-04-05
2688,901829,30-60,3002,PENDING,0.0,2026-05-12
2689,901829,60-90,3002,PENDING,0.0,2026-06-18
2690,901829,90+,3002,WRITE_OFF,10916.36,2026-07-25
2691,901842,60-90,3055,PENDING,0.0,2026-06-05
2692,901842,90+,3055,WRITE_OFF,100348.23,2026-07-25
2693,901843,0-30,3026,PARTIAL,12559.84,2025-11-20
2694,901843,0-30,3026,PENDING,0.0,2025-12-17
2695,901843,0-30,3026,PENDING,0.0,2026-01-14
2696,901843,0-30,3026,PENDING,0.0,2026-02-10
2697,901843,0-30,3026,PENDING,0.0,2026-03-10
2698,901843,0-30,3026,PARTIAL,23454.84,2026-04-06
2699,901843,0-30,3026,PENDING,0.0,2026-05-03
2700,901843,30-60,3026,PENDING,0.0,2026-05-31
2701,901843,60-90,3026,PARTIAL,3924.22,2026-06-27
2702,901843,90+,3026,WRITE_OFF,4336.73,2026-07-25
2703,901844,0-30,3057,PENDING,0.0,2026-02-02
2704,901844,0-30,3057,PENDING,0.0,2026-03-03
2705,901844,0-30,3057,PENDING,0.0,2026-04-01
2706,901844,0-30,3057,PENDING,0.0,2026-04-29
2707,901844,30-60,3057,PENDING,0.0,2026-05-28
2708,901844,60-90,3057,PARTIAL,22693.26,2026-06-26
2709,901844,90+,3057,PENDING,0.0,2026-07-25
2710,901848,60-90,3066,PARTIAL,1059.68,2026-07-25
2711,901853,0-30,3055,PARTIAL,15073.23,2026-07-19
2712,901853,0-30,3055,PENDING,0.0,2026-07-25
2713,901855,30-60,3066,PENDING,0.0,2026-07-25
2714,901858,0-30,3004,PENDING,0.0,2026-04-09
2715,901858,30-60,3004,PENDING,0.0,2026-05-15
2716,901858,60-90,3004,PENDING,0.0,2026-06-19
2717,901858,90+,3004,PENDING,0.0,2026-07-25
2718,901859,0-30,3079,PARTIAL,27010.1,2026-01-01
2719,901859,0-30,3079,PENDING,0.0,2026-01-30
2720,901859,0-30,3079,PARTIAL,30070.03,2026-02-28
2721,901859,0-30,3079,PARTIAL,9592.57,2026-03-30
2722,901859,0-30,3079,PARTIAL,39803.3,2026-04-28
2723,901859,30-60,3079,PENDING,0.0,2026-05-27
2724,901859,60-90,3079,PARTIAL,97357.51,2026-06-25
2725,901859,90+,3079,PENDING,0.0,2026-07-25
2726,901864,0-30,3060,RECOVERED,3730.44,2026-07-25
2727,901870,0-30,3012,PENDING,0.0,2025-12-18
2728,901870,0-30,3012,PENDING,0.0,2026-01-23
2729,901870,0-30,3012,PARTIAL,413855.21,2026-03-01
2730,901870,0-30,3012,PARTIAL,723874.33,2026-04-06
2731,901870,30-60,3012,PENDING,0.0,2026-05-13
2732,901870,60-90,3012,PENDING,0.0,2026-06-18
2733,901870,90+,3012,WRITE_OFF,220510.64,2026-07-25
2734,901879,0-30,3045,PARTIAL,1015.95,2026-06-07
2735,901879,30-60,3045,PENDING,0.0,2026-07-01
2736,901879,60-90,3045,PENDING,0.0,2026-07-25
2737,901882,0-30,3064,PENDING,0.0,2025-12-11
2738,901882,0-30,3064,PENDING,0.0,2026-01-03
2739,901882,0-30,3064,PENDING,0.0,2026-01-25
2740,901882,0-30,3064,PENDING,0.0,2026-02-17
2741,901882,0-30,3064,PARTIAL,56794.77,2026-03-11
2742,901882,0-30,3064,PARTIAL,38083.17,2026-04-03
2743,901882,0-30,3064,PENDING,0.0,2026-04-25
2744,901882,0-30,3064,PENDING,0.0,2026-05-18
2745,901882,30-60,3064,PENDING,0.0,2026-06-09
2746,901882,60-90,3064,PENDING,0.0,2026-07-02
2747,901882,90+,3064,WRITE_OFF,37978.53,2026-07-25
2748,901883,0-30,3072,PENDING,0.0,2025-10-11
2749,901883,0-30,3072,PENDING,0.0,2025-11-06
2750,901883,0-30,3072,PENDING,0.0,2025-12-02
2751,901883,0-30,3072,PENDING,0.0,2025-12-28
2752,901883,0-30,3072,PENDING,0.0,2026-01-23
2753,901883,0-30,3072,PENDING,0.0,2026-02-18
2754,901883,0-30,3072,PENDING,0.0,2026-03-16
2755,901883,0-30,3072,PENDING,0.0,2026-04-11
2756,901883,0-30,3072,PARTIAL,328602.95,2026-05-07
2757,901883,30-60,3072,PENDING,0.0,2026-06-02
2758,901883,60-90,3072,PENDING,0.0,2026-06-28
2759,901883,90+,3072,PENDING,0.0,2026-07-25
2760,901886,0-30,3064,PARTIAL,28243.57,2026-05-27
2761,901886,0-30,3064,PENDING,0.0,2026-06-16
2762,901886,30-60,3064,PARTIAL,5306.89,2026-07-05
2763,901886,60-90,3064,WRITE_OFF,3103.15,2026-07-25
2764,901887,60-90,3028,PENDING,0.0,2026-05-20
2765,901887,90+,3028,PENDING,0.0,2026-07-25
2766,901890,0-30,3031,PENDING,0.0,2025-10-20
2767,901890,0-30,3031,PENDING,0.0,2025-11-20
2768,901890,0-30,3031,PARTIAL,5476.84,2025-12-21
2769,901890,0-30,3031,PENDING,0.0,2026-01-21
2770,901890,0-30,3031,PARTIAL,13213.65,2026-02-21
2771,901890,0-30,3031,PARTIAL,11914.95,2026-03-23
2772,901890,0-30,3031,PENDING,0.0,2026-04-23
2773,901890,30-60,3031,PENDING,0.0,2026-05-24
2774,901890,60-90,3031,PENDING,0.0,2026-06-24
2775,901890,90+,3031,PENDING,0.0,2026-07-25
2776,901897,0-30,3045,PARTIAL,42504.93,2026-06-28
2777,901897,0-30,3045,PENDING,0.0,2026-07-05
2778,901897,0-30,3045,PENDING,0.0,2026-07-11
2779,901897,0-30,3045,PENDING,0.0,2026-07-18
2780,901897,30-60,3045,PENDING,0.0,2026-07-25
2781,901900,0-30,3052,PENDING,0.0,2025-08-23
2782,901900,0-30,3052,PENDING,0.0,2025-09-09
2783,901900,0-30,3052,PENDING,0.0,2025-09-26
2784,901900,0-30,3052,PENDING,0.0,2025-10-13
2785,901900,0-30,3052,PARTIAL,689679.88,2025-10-29
2786,901900,0-30,3052,PENDING,0.0,2025-11-15
2787,901900,0-30,3052,PENDING,0.0,2025-12-02
2788,901900,0-30,3052,PENDING,0.0,2025-12-19
2789,901900,0-30,3052,PARTIAL,819361.66,2026-01-04
2790,901900,0-30,3052,PARTIAL,626126.5,2026-01-21
2791,901900,0-30,3052,PENDING,0.0,2026-02-07
2792,901900,0-30,3052,PARTIAL,227622.51,2026-02-24
2793,901900,0-30,3052,PENDING,0.0,2026-03-12
2794,901900,0-30,3052,PARTIAL,662275.27,2026-03-29
2795,901900,0-30,3052,PENDING,0.0,2026-04-15
2796,901900,0-30,3052,PARTIAL,217870.19,2026-05-02
2797,901900,0-30,3052,PENDING,0.0,2026-05-18
2798,901900,0-30,3052,PARTIAL,525345.94,2026-06-04
2799,901900,30-60,3052,PENDING,0.0,2026-06-21
2800,901900,60-90,3052,PENDING,0.0,2026-07-08
2801,901900,90+,3052,PARTIAL,774390.91,2026-07-25
2802,901902,0-30,3047,PENDING,0.0,2026-07-25
2803,901903,30-60,3012,PARTIAL,1198.05,2026-07-25
2804,901913,0-30,3063,PENDING,0.0,2026-07-25
2805,901914,0-30,3069,PENDING,0.0,2026-03-01
2806,901914,0-30,3069,PENDING,0.0,2026-03-19
2807,901914,0-30,3069,PENDING,0.0,2026-04-06
2808,901914,0-30,3069,PARTIAL,139798.03,2026-04-24
2809,901914,0-30,3069,PENDING,0.0,2026-05-13
2810,901914,0-30,3069,PARTIAL,214636.59,2026-05-31
2811,901914,30-60,3069,PENDING,0.0,2026-06-18
2812,901914,60-90,3069,PENDING,0.0,2026-07-06
2813,901914,90+,3069,WRITE_OFF,33962.62,2026-07-25
2814,901915,0-30,3048,PARTIAL,355722.21,2025-10-29
2815,901915,0-30,3048,PARTIAL,409659.9,2025-11-14
2816,901915,0-30,3048,PENDING,0.0,2025-11-30
2817,901915,0-30,3048,PENDING,0.0,2025-12-16
2818,901915,0-30,3048,PENDING,0.0,2025-12-31
2819,901915,0-30,3048,PENDING,0.0,2026-01-16
2820,901915,0-30,3048,PENDING,0.0,2026-02-01
2821,901915,0-30,3048,PARTIAL,502513.79,2026-02-17
2822,901915,0-30,3048,PENDING,0.0,2026-03-05
2823,901915,0-30,3048,PARTIAL,333413.92,2026-03-20
2824,901915,0-30,3048,PENDING,0.0,2026-04-05
2825,901915,0-30,3048,PENDING,0.0,2026-04-21
2826,901915,0-30,3048,PENDING,0.0,2026-05-07
2827,901915,0-30,3048,PENDING,0.0,2026-05-22
2828,901915,0-30,3048,PARTIAL,422280.09,2026-06-07
2829,901915,30-60,3048,PARTIAL,561198.18,2026-06-23
2830,901915,60-90,3048,PENDING,0.0,2026-07-09
2831,901915,90+,3048,PENDING,0.0,2026-07-25
2832,901916,0-30,3025,PENDING,0.0,2026-07-01
2833,901916,0-30,3025,PARTIAL,43763.27,2026-07-09
2834,901916,0-30,3025,PENDING,0.0,2026-07-17
2835,901916,30-60,3025,PARTIAL,18734.18,2026-07-25
2836,901919,0-30,3059,PENDING,0.0,2025-11-28
2837,901919,0-30,3059,PENDING,0.0,2026-01-07
2838,901919,0-30,3059,PARTIAL,163108.32,2026-02-16
2839,901919,0-30,3059,PARTIAL,156291.15,2026-03-27
2840,901919,30-60,3059,PENDING,0.0,2026-05-06
2841,901919,60-90,3059,PARTIAL,55396.42,2026-06-15
2842,901919,90+,3059,PARTIAL,154596.36,2026-07-25
2843,901924,0-30,3021,PENDING,0.0,2026-07-01
2844,901924,0-30,3021,PENDING,0.0,2026-07-13
2845,901924,30-60,3021,PENDING,0.0,2026-07-25
2846,901936,0-30,3040,PARTIAL,24742.8,2026-01-12
2847,901936,0-30,3040,PARTIAL,24802.28,2026-02-09
2848,901936,0-30,3040,PENDING,0.0,2026-03-08
2849,901936,0-30,3040,PENDING,0.0,2026-04-05
2850,901936,0-30,3040,PENDING,0.0,2026-05-03
2851,901936,30-60,3040,PENDING,0.0,2026-05-30
2852,901936,60-90,3040,PENDING,0.0,2026-06-27
2853,901936,90+,3040,PARTIAL,49277.58,2026-07-25
2854,901939,0-30,3032,PENDING,0.0,2026-03-05
2855,901939,0-30,3032,PENDING,0.0,2026-04-02
2856,901939,0-30,3032,PENDING,0.0,2026-05-01
2857,901939,30-60,3032,PENDING,0.0,2026-05-29
2858,901939,60-90,3032,PARTIAL,228347.55,2026-06-26
2859,901939,90+,3032,WRITE_OFF,54578.6,2026-07-25
2860,901940,0-30,3073,PARTIAL,14469.31,2026-07-25
2861,901942,0-30,3069,PENDING,0.0,2026-06-30
2862,901942,0-30,3069,PARTIAL,782.3,2026-07-12
2863,901942,30-60,3069,PARTIAL,894.66,2026-07-25
2864,901943,60-90,3076,PARTIAL,16475.26,2026-06-07
2865,901943,90+,3076,WRITE_OFF,1278.94,2026-07-25
2866,901946,0-30,3010,RECOVERED,135264.19,2026-07-25
2867,901948,30-60,3027,PARTIAL,30131.4,2026-07-25
2868,901952,0-30,3004,PENDING,0.0,2026-03-15
2869,901952,0-30,3004,PENDING,0.0,2026-03-27
2870,901952,0-30,3004,PENDING,0.0,2026-04-08
2871,901952,0-30,3004,PENDING,0.0,2026-04-20
2872,901952,0-30,3004,PENDING,0.0,2026-05-02
2873,901952,0-30,3004,PENDING,0.0,2026-05-14
2874,901952,0-30,3004,PENDING,0.0,2026-05-26
2875,901952,0-30,3004,PARTIAL,45707.83,2026-06-07
2876,901952,0-30,3004,PENDING,0.0,2026-06-19
2877,901952,30-60,3004,PENDING,0.0,2026-07-01
2878,901952,60-90,3004,PARTIAL,23696.8,2026-07-13
2879,901952,90+,3004,PENDING,0.0,2026-07-25
2880,901953,0-30,3065,PENDING,0.0,2026-06-11
2881,901953,0-30,3065,PENDING,0.0,2026-06-22
2882,901953,0-30,3065,PENDING,0.0,2026-07-03
2883,901953,0-30,3065,PENDING,0.0,2026-07-14
2884,901953,30-60,3065,PARTIAL,8471.31,2026-07-25
2885,901956,0-30,3032,PENDING,0.0,2026-02-06
2886,901956,0-30,3032,PENDING,0.0,2026-02-20
2887,901956,0-30,3032,PARTIAL,29050.58,2026-03-06
2888,901956,0-30,3032,PARTIAL,52354.84,2026-03-20
2889,901956,0-30,3032,PENDING,0.0,2026-04-03
2890,901956,0-30,3032,PENDING,0.0,2026-04-17
2891,901956,0-30,3032,PARTIAL,23958.55,2026-05-01
2892,901956,0-30,3032,PENDING,0.0,2026-05-15
2893,901956,0-30,3032,PENDING,0.0,2026-05-29
2894,901956,0-30,3032,PARTIAL,5031.74,2026-06-12
2895,901956,30-60,3032,PENDING,0.0,2026-06-26
2896,901956,60-90,3032,PENDING,0.0,2026-07-10
2897,901956,90+,3032,WRITE_OFF,10311.93,2026-07-25
2898,901959,30-60,3063,PENDING,0.0,2026-07-25
2899,901966,30-60,3068,PENDING,0.0,2026-07-25
2900,901970,0-30,3048,PARTIAL,46358.21,2026-07-25
2901,901976,0-30,3056,PENDING,0.0,2025-09-27
2902,901976,0-30,3056,PARTIAL,107076.77,2025-10-17
2903,901976,0-30,3056,PENDING,0.0,2025-11-06
2904,901976,0-30,3056,PARTIAL,163098.16,2025-11-26
2905,901976,0-30,3056,PENDING,0.0,2025-12-16
2906,901976,0-30,3056,PENDING,0.0,2026-01-05
2907,901976,0-30,3056,PENDING,0.0,2026-01-25
2908,901976,0-30,3056,PARTIAL,137245.15,2026-02-14
2909,901976,0-30,3056,PARTIAL,194763.01,2026-03-06
2910,901976,0-30,3056,PARTIAL,190698.6,2026-03-26
2911,901976,0-30,3056,PENDING,0.0,2026-04-15
2912,901976,0-30,3056,PENDING,0.0,2026-05-05
2913,901976,0-30,3056,PENDING,0.0,2026-05-25
2914,901976,30-60,3056,PENDING,0.0,2026-06-14
2915,901976,60-90,3056,PENDING,0.0,2026-07-04
2916,901976,90+,3056,WRITE_OFF,53691.34,2026-07-25
2917,901978,0-30,3026,PARTIAL,11565.86,2026-07-10
2918,901978,0-30,3026,PARTIAL,13808.64,2026-07-25
2919,901980,0-30,3025,PARTIAL,4831.55,2026-07-18
2920,901980,0-30,3025,PENDING,0.0,2026-07-25
2921,901985,0-30,3075,PARTIAL,1127.94,2026-06-26
2922,901985,0-30,3075,PENDING,0.0,2026-07-10
2923,901985,30-60,3075,PENDING,0.0,2026-07-25
2924,901995,0-30,3026,PENDING,0.0,2026-04-23
2925,901995,30-60,3026,PENDING,0.0,2026-05-24
2926,901995,60-90,3026,PARTIAL,17739.23,2026-06-24
2927,901995,90+,3026,WRITE_OFF,45420.3,2026-07-25
2928,901999,0-30,3043,PARTIAL,8182.2,2025-12-09
2929,901999,0-30,3043,PENDING,0.0,2026-01-03
2930,901999,0-30,3043,PENDING,0.0,2026-01-28
2931,901999,0-30,3043,PARTIAL,9551.56,2026-02-23
2932,901999,0-30,3043,PENDING,0.0,2026-03-20
2933,901999,0-30,3043,PENDING,0.0,2026-04-14
2934,901999,0-30,3043,PENDING,0.0,2026-05-10
2935,901999,30-60,3043,PENDING,0.0,2026-06-04
2936,901999,60-90,3043,PENDING,0.0,2026-06-29
2937,901999,90+,3043,PENDING,0.0,2026-07-25
2938,902000,0-30,3036,PENDING,0.0,2025-12-15
2939,902000,0-30,3036,PENDING,0.0,2026-01-06
2940,902000,0-30,3036,PARTIAL,235409.18,2026-01-28
2941,902000,0-30,3036,PENDING,0.0,2026-02-19
2942,902000,0-30,3036,PARTIAL,297318.85,2026-03-13
2943,902000,0-30,3036,PENDING,0.0,2026-04-05
2944,902000,0-30,3036,PARTIAL,387598.56,2026-04-27
2945,902000,0-30,3036,PENDING,0.0,2026-05-19
2946,902000,30-60,3036,PENDING,0.0,2026-06-10
2947,902000,60-90,3036,PENDING,0.0,2026-07-02
2948,902000,90+,3036,PARTIAL,70457.33,2026-07-25
2949,902002,0-30,3059,PENDING,0.0,2026-07-12
2950,902002,0-30,3059,RECOVERED,69435.85,2026-07-25
2951,902006,0-30,3017,PENDING,0.0,2026-07-25
2952,902009,0-30,3067,PARTIAL,12474.55,2026-07-01
2953,902009,0-30,3067,PENDING,0.0,2026-07-13
2954,902009,30-60,3067,PENDING,0.0,2026-07-25
2955,902016,30-60,3039,RECOVERED,64789.96,2026-07-25
2956,902020,0-30,3071,PARTIAL,34809.56,2026-06-11
2957,902020,0-30,3071,PENDING,0.0,2026-06-18
2958,902020,0-30,3071,PENDING,0.0,2026-06-25
2959,902020,0-30,3071,PENDING,0.0,2026-07-03
2960,902020,0-30,3071,PARTIAL,31624.97,2026-07-10
2961,902020,0-30,3071,PARTIAL,9824.92,2026-07-17
2962,902020,30-60,3071,PENDING,0.0,2026-07-25
2963,902022,0-30,3015,PENDING,0.0,2026-07-03
2964,902022,30-60,3015,PARTIAL,2946.78,2026-07-25
2965,902025,0-30,3058,PENDING,0.0,2026-02-12
2966,902025,0-30,3058,PENDING,0.0,2026-03-04
2967,902025,0-30,3058,PARTIAL,249275.04,2026-03-25
2968,902025,0-30,3058,PENDING,0.0,2026-04-14
2969,902025,0-30,3058,PENDING,0.0,2026-05-04
2970,902025,0-30,3058,PARTIAL,567895.68,2026-05-25
2971,902025,30-60,3058,PENDING,0.0,2026-06-14
2972,902025,60-90,3058,PENDING,0.0,2026-07-04
2973,902025,90+,3058,WRITE_OFF,80212.19,2026-07-25
2974,902027,30-60,3015,PENDING,0.0,2026-07-25
2975,902029,30-60,3053,PARTIAL,1567.48,2026-07-25
2976,902030,0-30,3077,PENDING,0.0,2025-10-16
2977,902030,0-30,3077,PARTIAL,47023.0,2025-11-07
2978,902030,0-30,3077,PENDING,0.0,2025-11-28
2979,902030,0-30,3077,PENDING,0.0,2025-12-20
2980,902030,0-30,3077,PENDING,0.0,2026-01-11
2981,902030,0-30,3077,PENDING,0.0,2026-02-01
2982,902030,0-30,3077,PARTIAL,23079.37,2026-02-23
2983,902030,0-30,3077,PENDING,0.0,2026-03-17
2984,902030,0-30,3077,PENDING,0.0,2026-04-07
2985,902030,0-30,3077,PARTIAL,35787.97,2026-04-29
2986,902030,0-30,3077,PARTIAL,52222.99,2026-05-21
2987,902030,30-60,3077,PENDING,0.0,2026-06-11
2988,902030,60-90,3077,PENDING,0.0,2026-07-03
2989,902030,90+,3077,PENDING,0.0,2026-07-25
2990,902031,30-60,3035,PENDING,0.0,2026-07-25
2991,902038,0-30,3026,PARTIAL,59165.95,2025-12-23
2992,902038,0-30,3026,PENDING,0.0,2026-01-19
2993,902038,0-30,3026,PARTIAL,40087.01,2026-02-15
2994,902038,0-30,3026,PARTIAL,88129.11,2026-03-13
2995,902038,0-30,3026,PARTIAL,58967.03,2026-04-09
2996,902038,0-30,3026,PENDING,0.0,2026-05-06
2997,902038,30-60,3026,PENDING,0.0,2026-06-01
2998,902038,60-90,3026,PARTIAL,24142.4,2026-06-28
2999,902038,90+,3026,PENDING,0.0,2026-07-25
3000,902044,0-30,3013,PENDING,0.0,2026-07-16
3001,902044,0-30,3013,RECOVERED,25661.72,2026-07-25
3002,902046,0-30,3032,PENDING,0.0,2026-01-21
3003,902046,0-30,3032,PENDING,0.0,2026-02-07
3004,902046,0-30,3032,PENDING,0.0,2026-02-24
3005,902046,0-30,3032,PENDING,0.0,2026-03-13
3006,902046,0-30,3032,PENDING,0.0,2026-03-29
3007,902046,0-30,3032,PARTIAL,33058.4,2026-04-15
3008,902046,0-30,3032,PARTIAL,37697.47,2026-05-02
3009,902046,0-30,3032,PENDING,0.0,2026-05-19
3010,902046,0-30,3032,PARTIAL,32504.76,2026-06-04
3011,902046,30-60,3032,PENDING,0.0,2026-06-21
3012,902046,60-90,3032,PARTIAL,29802.62,2026-07-08
3013,902046,90+,3032,PENDING,0.0,2026-07-25
3014,902053,30-60,3066,PARTIAL,54044.15,2026-07-25
3015,902054,0-30,3073,PENDING,0.0,2026-06-21
3016,902054,0-30,3073,PENDING,0.0,2026-07-02
3017,902054,0-30,3073,PENDING,0.0,2026-07-13
3018,902054,30-60,3073,PENDING,0.0,2026-07-25
3019,902059,30-60,3032,PARTIAL,86620.71,2026-07-25
3020,902063,0-30,3045,PARTIAL,37756.32,2026-02-25
3021,902063,0-30,3045,PARTIAL,209631.07,2026-03-27
3022,902063,0-30,3045,PENDING,0.0,2026-04-26
3023,902063,30-60,3045,PENDING,0.0,2026-05-26
3024,902063,60-90,3045,PENDING,0.0,2026-06-25
3025,902063,90+,3045,WRITE_OFF,11841.35,2026-07-25
3026,902066,30-60,3029,PENDING,0.0,2026-05-22
3027,902066,60-90,3029,PENDING,0.0,2026-06-23
3028,902066,90+,3029,PENDING,0.0,2026-07-25
3029,902067,0-30,3023,PARTIAL,1379.86,2026-03-27
3030,902067,0-30,3023,PENDING,0.0,2026-04-16
3031,902067,0-30,3023,PENDING,0.0,2026-05-06
3032,902067,0-30,3023,PARTIAL,1042.46,2026-05-26
3033,902067,30-60,3023,PENDING,0.0,2026-06-15
3034,902067,60-90,3023,PENDING,0.0,2026-07-05
3035,902067,90+,3023,WRITE_OFF,566.47,2026-07-25
3036,902071,0-30,3076,PENDING,0.0,2025-08-18
3037,902071,0-30,3076,PENDING,0.0,2025-09-11
3038,902071,0-30,3076,PENDING,0.0,2025-10-06
3039,902071,0-30,3076,PENDING,0.0,2025-10-30
3040,902071,0-30,3076,PENDING,0.0,2025-11-23
3041,902071,0-30,3076,PARTIAL,70194.93,2025-12-18
3042,902071,0-30,3076,PENDING,0.0,2026-01-11
3043,902071,0-30,3076,PENDING,0.0,2026-02-04
3044,902071,0-30,3076,PARTIAL,36556.42,2026-03-01
3045,902071,0-30,3076,PENDING,0.0,2026-03-25
3046,902071,0-30,3076,PENDING,0.0,2026-04-18
3047,902071,0-30,3076,PENDING,0.0,2026-05-13
3048,902071,30-60,3076,PARTIAL,13278.33,2026-06-06
3049,902071,60-90,3076,PARTIAL,29595.24,2026-06-30
3050,902071,90+,3076,PARTIAL,21545.04,2026-07-25
3051,902082,0-30,3025,PENDING,0.0,2025-12-04
3052,902082,0-30,3025,PENDING,0.0,2026-01-31
3053,902082,30-60,3025,PENDING,0.0,2026-03-30
3054,902082,60-90,3025,PENDING,0.0,2026-05-27
3055,902082,90+,3025,WRITE_OFF,7499.72,2026-07-25
3056,902086,0-30,3030,PENDING,0.0,2026-02-01
3057,902086,0-30,3030,PENDING,0.0,2026-03-16
3058,902086,30-60,3030,PENDING,0.0,2026-04-29
3059,902086,60-90,3030,PENDING,0.0,2026-06-11
3060,902086,90+,3030,PENDING,0.0,2026-07-25
3061,902087,0-30,3067,PENDING,0.0,2026-07-25
3062,902091,0-30,3036,PENDING,0.0,2026-02-10
3063,902091,0-30,3036,PENDING,0.0,2026-02-28
3064,902091,0-30,3036,PENDING,0.0,2026-03-18
3065,902091,0-30,3036,PENDING,0.0,2026-04-06
3066,902091,0-30,3036,PENDING,0.0,2026-04-24
3067,902091,0-30,3036,PENDING,0.0,2026-05-12
3068,902091,0-30,3036,PENDING,0.0,2026-05-31
3069,902091,30-60,3036,PENDING,0.0,2026-06-18
3070,902091,60-90,3036,PENDING,0.0,2026-07-06
3071,902091,90+,3036,PENDING,0.0,2026-07-25
3072,902099,0-30,3057,PENDING,0.0,2026-07-25
3073,902100,0-30,3062,PARTIAL,455411.35,2025-10-31
3074,902100,0-30,3062,PENDING,0.0,2025-11-16
3075,902100,0-30,3062,PARTIAL,464271.01,2025-12-02
3076,902100,0-30,3062,PENDING,0.0,2025-12-17
3077,902100,0-30,3062,PENDING,0.0,2026-01-02
3078,902100,0-30,3062,PARTIAL,72755.92,2026-01-18
3079,902100,0-30,3062,PARTIAL,160846.31,2026-02-02
3080,902100,0-30,3062,PENDING,0.0,2026-02-18
3081,902100,0-30,3062,PENDING,0.0,2026-03-06
3082,902100,0-30,3062,PARTIAL,252206.1,2026-03-21
3083,902100,0-30,3062,PENDING,0.0,2026-04-06
3084,902100,0-30,3062,PENDING,0.0,2026-04-22
3085,902100,0-30,3062,PENDING,0.0,2026-05-07
3086,902100,0-30,3062,PENDING,0.0,2026-05-23
3087,902100,0-30,3062,PENDING,0.0,2026-06-08
3088,902100,30-60,3062,PENDING,0.0,2026-06-23
3089,902100,60-90,3062,PENDING,0.0,2026-07-09
3090,902100,90+,3062,PENDING,0.0,2026-07-25
3091,902103,0-30,3077,PENDING,0.0,2026-04-01
3092,902103,0-30,3077,PENDING,0.0,2026-04-24
3093,902103,0-30,3077,PARTIAL,112776.31,2026-05-17
3094,902103,30-60,3077,PENDING,0.0,2026-06-09
3095,902103,60-90,3077,PARTIAL,79197.59,2026-07-02
3096,902103,90+,3077,PENDING,0.0,2026-07-25
3097,902106,30-60,3012,PENDING,0.0,2026-07-25
3098,902110,0-30,3023,PENDING,0.0,2026-02-17
3099,902110,30-60,3023,PARTIAL,178070.04,2026-04-11
3100,902110,60-90,3023,PARTIAL,38248.6,2026-06-02
3101,902110,90+,3023,PARTIAL,301599.79,2026-07-25
3102,902111,0-30,3045,PENDING,0.0,2026-02-14
3103,902111,0-30,3045,PARTIAL,40117.3,2026-03-09
3104,902111,0-30,3045,PENDING,0.0,2026-04-01
3105,902111,0-30,3045,PARTIAL,35518.45,2026-04-24
3106,902111,0-30,3045,PENDING,0.0,2026-05-17
3107,902111,30-60,3045,PENDING,0.0,2026-06-09
3108,902111,60-90,3045,PARTIAL,83574.13,2026-07-02
3109,902111,90+,3045,PENDING,0.0,2026-07-25
3110,902112,0-30,3050,PENDING,0.0,2026-02-18
3111,902112,0-30,3050,PENDING,0.0,2026-03-21
3112,902112,0-30,3050,PARTIAL,2985.06,2026-04-22
3113,902112,30-60,3050,PARTIAL,5583.38,2026-05-23
3114,902112,60-90,3050,PENDING,0.0,2026-06-23
3115,902112,90+,3050,PENDING,0.0,2026-07-25
3116,902115,0-30,3023,PARTIAL,5708.46,2026-06-29
3117,902115,30-60,3023,PENDING,0.0,2026-07-25
3118,902120,0-30,3070,PENDING,0.0,2026-07-25
3119,902122,0-30,3016,PENDING,0.0,2026-05-20
3120,902122,0-30,3016,PARTIAL,3783.32,2026-06-02
3121,902122,0-30,3016,PENDING,0.0,2026-06-15
3122,902122,0-30,3016,PARTIAL,1345.21,2026-06-28
3123,902122,30-60,3016,PENDING,0.0,2026-07-11
3124,902122,60-90,3016,PARTIAL,1733.65,2026-07-25
3125,902124,0-30,3011,PARTIAL,10859.21,2026-06-29
3126,902124,0-30,3011,PENDING,0.0,2026-07-12
3127,902124,30-60,3011,PARTIAL,9035.78,2026-07-25
3128,902127,0-30,3080,PENDING,0.0,2026-07-02
3129,902127,30-60,3080,PARTIAL,15898.49,2026-07-25
3130,902130,0-30,3055,PENDING,0.0,2025-10-17
3131,902130,0-30,3055,PENDING,0.0,2025-11-06
3132,902130,0-30,3055,PENDING,0.0,2025-11-26
3133,902130,0-30,3055,PENDING,0.0,2025-12-16
3134,902130,0-30,3055,PENDING,0.0,2026-01-05
3135,902130,0-30,3055,PENDING,0.0,2026-01-25
3136,902130,0-30,3055,PARTIAL,19907.8,2026-02-14
3137,902130,0-30,3055,PENDING,0.0,2026-03-06
3138,902130,0-30,3055,PENDING,0.0,2026-03-26
3139,902130,0-30,3055,PENDING,0.0,2026-04-15
3140,902130,0-30,3055,PENDING,0.0,2026-05-05
3141,902130,0-30,3055,PARTIAL,18161.09,2026-05-25
3142,902130,30-60,3055,PENDING,0.0,2026-06-14
3143,902130,60-90,3055,PARTIAL,22906.93,2026-07-04
3144,902130,90+,3055,PENDING,0.0,2026-07-25
3145,902136,0-30,3001,PENDING,0.0,2026-07-23
3146,902136,0-30,3001,PENDING,0.0,2026-07-25
3147,902137,0-30,3046,PENDING,0.0,2026-06-28
3148,902137,30-60,3046,PARTIAL,113135.38,2026-07-25
3149,902138,0-30,3007,PARTIAL,34696.02,2026-06-30
3150,902138,30-60,3007,PENDING,0.0,2026-07-25
3151,902142,0-30,3066,PENDING,0.0,2026-07-07
3152,902142,0-30,3066,PENDING,0.0,2026-07-13
3153,902142,0-30,3066,PENDING,0.0,2026-07-19
3154,902142,0-30,3066,PENDING,0.0,2026-07-25
3155,902145,30-60,3028,PARTIAL,24426.21,2026-07-25
3156,902146,0-30,3039,PENDING,0.0,2026-01-26
3157,902146,0-30,3039,PENDING,0.0,2026-02-15
3158,902146,0-30,3039,PENDING,0.0,2026-03-07
3159,902146,0-30,3039,PENDING,0.0,2026-03-27
3160,902146,0-30,3039,PENDING,0.0,2026-04-16
3161,902146,0-30,3039,PARTIAL,173969.8,2026-05-06
3162,902146,0-30,3039,PENDING,0.0,2026-05-26
3163,902146,30-60,3039,PENDING,0.0,2026-06-15
3164,902146,60-90,3039,PENDING,0.0,2026-07-05
3165,902146,90+,3039,PARTIAL,75215.56,2026-07-25
3166,902156,0-30,3054,PARTIAL,16472.35,2026-06-28
3167,902156,30-60,3054,PARTIAL,46514.21,2026-07-25
3168,902163,0-30,3028,PENDING,0.0,2026-06-25
3169,902163,0-30,3028,PENDING,0.0,2026-07-10
3170,902163,30-60,3028,PENDING,0.0,2026-07-25
3171,902164,30-60,3040,PENDING,0.0,2026-07-25
3172,902171,0-30,3053,PENDING,0.0,2026-07-03
3173,902171,0-30,3053,PENDING,0.0,2026-07-14
3174,902171,30-60,3053,PENDING,0.0,2026-07-25
3175,902173,30-60,3073,PARTIAL,843.0,2026-07-25
3176,902178,30-60,3005,PENDING,0.0,2026-07-25
3177,902186,0-30,3069,PENDING,0.0,2026-06-27
3178,902186,0-30,3069,PENDING,0.0,2026-07-11
3179,902186,30-60,3069,PENDING,0.0,2026-07-25
3180,902188,0-30,3020,PENDING,0.0,2026-01-11
3181,902188,0-30,3020,PENDING,0.0,2026-02-12
3182,902188,0-30,3020,PARTIAL,8799.31,2026-03-17
3183,902188,0-30,3020,PENDING,0.0,2026-04-18
3184,902188,30-60,3020,PARTIAL,6515.92,2026-05-21
3185,902188,60-90,3020,PENDING,0.0,2026-06-22
3186,902188,90+,3020,PARTIAL,4272.16,2026-07-25
3187,902190,0-30,3046,PARTIAL,48759.61,2025-10-18
3188,902190,0-30,3046,PENDING,0.0,2025-11-01
3189,902190,0-30,3046,PENDING,0.0,2025-11-15
3190,902190,0-30,3046,PARTIAL,60005.43,2025-11-29
3191,902190,0-30,3046,PENDING,0.0,2025-12-13
3192,902190,0-30,3046,PENDING,0.0,2025-12-27
3193,902190,0-30,3046,PENDING,0.0,2026-01-10
3194,902190,0-30,3046,PENDING,0.0,2026-01-24
3195,902190,0-30,3046,PENDING,0.0,2026-02-07
3196,902190,0-30,3046,PARTIAL,31570.92,2026-02-21
3197,902190,0-30,3046,PENDING,0.0,2026-03-07
3198,902190,0-30,3046,PENDING,0.0,2026-03-21
3199,902190,0-30,3046,PENDING,0.0,2026-04-04
3200,902190,0-30,3046,PARTIAL,29707.64,2026-04-18
3201,902190,0-30,3046,PARTIAL,23251.58,2026-05-02
3202,902190,0-30,3046,PENDING,0.0,2026-05-16
3203,902190,0-30,3046,PENDING,0.0,2026-05-30
3204,902190,0-30,3046,PENDING,0.0,2026-06-13
3205,902190,30-60,3046,PENDING,0.0,2026-06-27
3206,902190,60-90,3046,PENDING,0.0,2026-07-11
3207,902190,90+,3046,PENDING,0.0,2026-07-25
3208,902195,0-30,3046,PENDING,0.0,2026-07-25
3209,902197,0-30,3018,PENDING,0.0,2026-06-19
3210,902197,0-30,3018,PENDING,0.0,2026-07-01
3211,902197,0-30,3018,PARTIAL,1387.92,2026-07-13
3212,902197,30-60,3018,PENDING,0.0,2026-07-25
3213,902204,0-30,3063,PENDING,0.0,2026-02-01
3214,902204,0-30,3063,PENDING,0.0,2026-02-26
3215,902204,0-30,3063,PENDING,0.0,2026-03-23
3216,902204,0-30,3063,PENDING,0.0,2026-04-17
3217,902204,0-30,3063,PENDING,0.0,2026-05-11
3218,902204,30-60,3063,PENDING,0.0,2026-06-05
3219,902204,60-90,3063,PARTIAL,157350.11,2026-06-30
3220,902204,90+,3063,PARTIAL,222469.32,2026-07-25
3221,902213,0-30,3049,PARTIAL,17652.98,2026-07-08
3222,902213,30-60,3049,PARTIAL,11924.95,2026-07-25
3223,902215,0-30,3063,PENDING,0.0,2026-06-04
3224,902215,0-30,3063,PARTIAL,33121.63,2026-06-17
3225,902215,0-30,3063,PENDING,0.0,2026-06-29
3226,902215,30-60,3063,PARTIAL,50470.27,2026-07-12
3227,902215,60-90,3063,PARTIAL,24884.77,2026-07-25
3228,902217,0-30,3041,PENDING,0.0,2026-06-05
3229,902217,0-30,3041,PENDING,0.0,2026-06-22
3230,902217,30-60,3041,PENDING,0.0,2026-07-08
3231,902217,60-90,3041,WRITE_OFF,24098.81,2026-07-25
3232,902219,0-30,3005,PENDING,0.0,2026-01-04
3233,902219,0-30,3005,PARTIAL,144971.95,2026-01-24
3234,902219,0-30,3005,PENDING,0.0,2026-02-13
3235,902219,0-30,3005,PENDING,0.0,2026-03-05
3236,902219,0-30,3005,PARTIAL,80004.44,2026-03-25
3237,902219,0-30,3005,PENDING,0.0,2026-04-15
3238,902219,0-30,3005,PENDING,0.0,2026-05-05
3239,902219,0-30,3005,PENDING,0.0,2026-05-25
3240,902219,30-60,3005,PENDING,0.0,2026-06-14
3241,902219,60-90,3005,PENDING,0.0,2026-07-04
3242,902219,90+,3005,WRITE_OFF,41017.05,2026-07-25
3243,902220,30-60,3001,PARTIAL,77284.9,2026-07-25
3244,902228,30-60,3046,PARTIAL,6437.2,2026-07-25
3245,902230,0-30,3049,PENDING,0.0,2026-07-04
3246,902230,30-60,3049,PENDING,0.0,2026-07-25
3247,902231,0-30,3017,PARTIAL,6389.72,2026-03-13
3248,902231,0-30,3017,PARTIAL,1363.91,2026-04-04
3249,902231,0-30,3017,PARTIAL,1099.68,2026-04-26
3250,902231,0-30,3017,PENDING,0.0,2026-05-19
3251,902231,30-60,3017,PENDING,0.0,2026-06-10
3252,902231,60-90,3017,PENDING,0.0,2026-07-02
3253,902231,90+,3017,WRITE_OFF,944.31,2026-07-25
3254,902232,0-30,3022,PENDING,0.0,2026-01-07
3255,902232,0-30,3022,PENDING,0.0,2026-02-04
3256,902232,0-30,3022,PENDING,0.0,2026-03-05
3257,902232,0-30,3022,PARTIAL,5840.82,2026-04-02
3258,902232,0-30,3022,PENDING,0.0,2026-04-30
3259,902232,30-60,3022,PARTIAL,6995.55,2026-05-29
3260,902232,60-90,3022,PENDING,0.0,2026-06-26
3261,902232,90+,3022,PARTIAL,7126.15,2026-07-25
3262,902233,0-30,3058,PARTIAL,495.8,2026-07-25
3263,902234,30-60,3022,PARTIAL,58315.05,2026-06-17
3264,902234,60-90,3022,PENDING,0.0,2026-07-25
3265,902247,0-30,3002,PENDING,0.0,2026-06-27
3266,902247,0-30,3002,PARTIAL,87871.68,2026-07-11
3267,902247,30-60,3002,PARTIAL,46986.47,2026-07-25
3268,902248,30-60,3019,PENDING,0.0,2026-07-25
3269,902249,0-30,3010,PENDING,0.0,2026-07-07
3270,902249,0-30,3010,PENDING,0.0,2026-07-13
3271,902249,0-30,3010,PARTIAL,8589.76,2026-07-19
3272,902249,0-30,3010,PARTIAL,4525.66,2026-07-25
3273,902250,0-30,3075,PENDING,0.0,2026-02-24
3274,902250,0-30,3075,PENDING,0.0,2026-03-26
3275,902250,0-30,3075,PENDING,0.0,2026-04-25
3276,902250,30-60,3075,PENDING,0.0,2026-05-25
3277,902250,60-90,3075,PARTIAL,143951.06,2026-06-24
3278,902250,90+,3075,PENDING,0.0,2026-07-25
3279,902251,0-30,3021,PARTIAL,431676.44,2025-12-23
3280,902251,0-30,3021,PENDING,0.0,2026-01-23
3281,902251,0-30,3021,PARTIAL,248886.25,2026-02-22
3282,902251,0-30,3021,PENDING,0.0,2026-03-25
3283,902251,0-30,3021,PENDING,0.0,2026-04-24
3284,902251,30-60,3021,PENDING,0.0,2026-05-25
3285,902251,60-90,3021,PENDING,0.0,2026-06-24
3286,902251,90+,3021,WRITE_OFF,205470.8,2026-07-25
3287,902255,0-30,3069,PENDING,0.0,2026-07-25
3288,902257,0-30,3028,PARTIAL,186569.64,2025-10-07
3289,902257,0-30,3028,PENDING,0.0,2025-10-31
3290,902257,0-30,3028,PENDING,0.0,2025-11-24
3291,902257,0-30,3028,PARTIAL,50334.17,2025-12-18
3292,902257,0-30,3028,PARTIAL,47125.18,2026-01-12
3293,902257,0-30,3028,PARTIAL,52216.21,2026-02-05
3294,902257,0-30,3028,PENDING,0.0,2026-03-01
3295,902257,0-30,3028,PENDING,0.0,2026-03-25
3296,902257,0-30,3028,PENDING,0.0,2026-04-19
3297,902257,0-30,3028,PARTIAL,176038.85,2026-05-13
3298,902257,30-60,3028,PENDING,0.0,2026-06-06
3299,902257,60-90,3028,PARTIAL,155355.02,2026-06-30
3300,902257,90+,3028,PENDING,0.0,2026-07-25
3301,902264,0-30,3065,PENDING,0.0,2025-09-16
3302,902264,0-30,3065,PENDING,0.0,2025-10-10
3303,902264,0-30,3065,PENDING,0.0,2025-11-03
3304,902264,0-30,3065,PENDING,0.0,2025-11-27
3305,902264,0-30,3065,PENDING,0.0,2025-12-21
3306,902264,0-30,3065,PENDING,0.0,2026-01-14
3307,902264,0-30,3065,PENDING,0.0,2026-02-07
3308,902264,0-30,3065,PENDING,0.0,2026-03-03
3309,902264,0-30,3065,PENDING,0.0,2026-03-27
3310,902264,0-30,3065,PENDING,0.0,2026-04-20
3311,902264,0-30,3065,PARTIAL,255799.28,2026-05-14
3312,902264,30-60,3065,PENDING,0.0,2026-06-07
3313,902264,60-90,3065,PENDING,0.0,2026-07-01
3314,902264,90+,3065,WRITE_OFF,25735.77,2026-07-25
3315,902265,30-60,3078,PENDING,0.0,2026-07-25
3316,902270,0-30,3055,PARTIAL,17873.92,2026-07-07
3317,902270,0-30,3055,PARTIAL,29675.93,2026-07-13
3318,902270,0-30,3055,PENDING,0.0,2026-07-19
3319,902270,0-30,3055,RECOVERED,58151.39,2026-07-25
3320,902271,0-30,3058,PENDING,0.0,2026-06-09
3321,902271,30-60,3058,PARTIAL,568.38,2026-07-02
3322,902271,60-90,3058,PENDING,0.0,2026-07-25
3323,902272,0-30,3046,PARTIAL,65628.98,2025-08-30
3324,902272,0-30,3046,PARTIAL,46774.24,2025-10-06
3325,902272,0-30,3046,PENDING,0.0,2025-11-11
3326,902272,0-30,3046,PENDING,0.0,2025-12-18
3327,902272,0-30,3046,PENDING,0.0,2026-01-23
3328,902272,0-30,3046,PENDING,0.0,2026-03-01
3329,902272,0-30,3046,PENDING,0.0,2026-04-06
3330,902272,30-60,3046,PENDING,0.0,2026-05-13
3331,902272,60-90,3046,PENDING,0.0,2026-06-18
3332,902272,90+,3046,PENDING,0.0,2026-07-25
3333,902274,0-30,3060,PENDING,0.0,2026-07-25
3334,902284,0-30,3041,PARTIAL,456095.64,2025-09-19
3335,902284,0-30,3041,PENDING,0.0,2025-10-15
3336,902284,0-30,3041,PENDING,0.0,2025-11-10
3337,902284,0-30,3041,PENDING,0.0,2025-12-05
3338,902284,0-30,3041,PENDING,0.0,2025-12-31
3339,902284,0-30,3041,PENDING,0.0,2026-01-26
3340,902284,0-30,3041,PENDING,0.0,2026-02-20
3341,902284,0-30,3041,PENDING,0.0,2026-03-18
3342,902284,0-30,3041,PENDING,0.0,2026-04-13
3343,902284,0-30,3041,PENDING,0.0,2026-05-08
3344,902284,30-60,3041,PENDING,0.0,2026-06-03
3345,902284,60-90,3041,PENDING,0.0,2026-06-29
3346,902284,90+,3041,WRITE_OFF,138349.11,2026-07-25
3347,902293,0-30,3049,PENDING,0.0,2025-10-22
3348,902293,0-30,3049,PENDING,0.0,2025-11-22
3349,902293,0-30,3049,PENDING,0.0,2025-12-22
3350,902293,0-30,3049,PENDING,0.0,2026-01-22
3351,902293,0-30,3049,PENDING,0.0,2026-02-22
3352,902293,0-30,3049,PENDING,0.0,2026-03-24
3353,902293,0-30,3049,PARTIAL,96413.72,2026-04-24
3354,902293,30-60,3049,PENDING,0.0,2026-05-24
3355,902293,60-90,3049,PARTIAL,140690.29,2026-06-24
3356,902293,90+,3049,PENDING,0.0,2026-07-25
3357,902294,0-30,3022,PARTIAL,17577.1,2026-07-08
3358,902294,30-60,3022,PENDING,0.0,2026-07-25
3359,902299,0-30,3059,PENDING,0.0,2026-07-02
3360,902299,0-30,3059,PENDING,0.0,2026-07-10
3361,902299,0-30,3059,PENDING,0.0,2026-07-17
3362,902299,0-30,3059,PENDING,0.0,2026-07-25
3363,902303,0-30,3057,PENDING,0.0,2025-08-15
3364,902303,0-30,3057,PARTIAL,2528.64,2025-09-05
3365,902303,0-30,3057,PENDING,0.0,2025-09-27
3366,902303,0-30,3057,PARTIAL,610.02,2025-10-18
3367,902303,0-30,3057,PENDING,0.0,2025-11-09
3368,902303,0-30,3057,PARTIAL,816.56,2025-11-30
3369,902303,0-30,3057,PENDING,0.0,2025-12-22
3370,902303,0-30,3057,PENDING,0.0,2026-01-12
3371,902303,0-30,3057,PENDING,0.0,2026-02-03
3372,902303,0-30,3057,PENDING,0.0,2026-02-24
3373,902303,0-30,3057,PENDING,0.0,2026-03-18
3374,902303,0-30,3057,PENDING,0.0,2026-04-08
3375,902303,0-30,3057,PENDING,0.0,2026-04-30
3376,902303,0-30,3057,PENDING,0.0,2026-05-21
3377,902303,30-60,3057,PENDING,0.0,2026-06-12
3378,902303,60-90,3057,PARTIAL,1904.83,2026-07-03
3379,902303,90+,3057,PENDING,0.0,2026-07-25
3380,902305,0-30,3071,PENDING,0.0,2025-11-12
3381,902305,0-30,3071,PENDING,0.0,2025-11-28
3382,902305,0-30,3071,PARTIAL,71259.38,2025-12-14
3383,902305,0-30,3071,PENDING,0.0,2025-12-30
3384,902305,0-30,3071,PENDING,0.0,2026-01-15
3385,902305,0-30,3071,PENDING,0.0,2026-01-31
3386,902305,0-30,3071,PARTIAL,36437.09,2026-02-16
3387,902305,0-30,3071,PENDING,0.0,2026-03-04
3388,902305,0-30,3071,PENDING,0.0,2026-03-19
3389,902305,0-30,3071,PARTIAL,66897.99,2026-04-04
3390,902305,0-30,3071,PENDING,0.0,2026-04-20
3391,902305,0-30,3071,PENDING,0.0,2026-05-06
3392,902305,0-30,3071,PENDING,0.0,2026-05-22
3393,902305,0-30,3071,PENDING,0.0,2026-06-07
3394,902305,30-60,3071,PENDING,0.0,2026-06-23
3395,902305,60-90,3071,PENDING,0.0,2026-07-09
3396,902305,90+,3071,PARTIAL,78668.71,2026-07-25
3397,902307,0-30,3030,PARTIAL,33840.79,2026-07-25
3398,902309,0-30,3033,PARTIAL,107488.98,2025-08-22
3399,902309,0-30,3033,PENDING,0.0,2025-09-19
3400,902309,0-30,3033,PENDING,0.0,2025-10-17
3401,902309,0-30,3033,PENDING,0.0,2025-11-14
3402,902309,0-30,3033,PARTIAL,106496.37,2025-12-12
3403,902309,0-30,3033,PARTIAL,254076.83,2026-01-09
3404,902309,0-30,3033,PENDING,0.0,2026-02-06
3405,902309,0-30,3033,PENDING,0.0,2026-03-06
3406,902309,0-30,3033,PENDING,0.0,2026-04-03
3407,902309,0-30,3033,PENDING,0.0,2026-05-01
3408,902309,30-60,3033,PARTIAL,216210.18,2026-05-29
3409,902309,60-90,3033,PARTIAL,317087.42,2026-06-26
3410,902309,90+,3033,PENDING,0.0,2026-07-25
3411,902313,0-30,3010,PENDING,0.0,2026-05-30
3412,902313,30-60,3010,PENDING,0.0,2026-06-27
3413,902313,60-90,3010,WRITE_OFF,3119.87,2026-07-25
3414,902318,30-60,3037,PENDING,0.0,2026-07-25
3415,902320,0-30,3078,PENDING,0.0,2025-10-11
3416,902320,0-30,3078,PENDING,0.0,2025-11-04
3417,902320,0-30,3078,PENDING,0.0,2025-11-28
3418,902320,0-30,3078,PENDING,0.0,2025-12-22
3419,902320,0-30,3078,PENDING,0.0,2026-01-15
3420,902320,0-30,3078,PENDING,0.0,2026-02-08
3421,902320,0-30,3078,PARTIAL,273973.94,2026-03-03
3422,902320,0-30,3078,PENDING,0.0,2026-03-27
3423,902320,0-30,3078,PENDING,0.0,2026-04-20
3424,902320,0-30,3078,PARTIAL,289817.24,2026-05-14
3425,902320,30-60,3078,PENDING,0.0,2026-06-07
3426,902320,60-90,3078,PARTIAL,270155.88,2026-07-01
3427,902320,90+,3078,PENDING,0.0,2026-07-25
3428,902322,0-30,3074,PENDING,0.0,2026-01-30
3429,902322,0-30,3074,PARTIAL,5452.53,2026-03-06
3430,902322,0-30,3074,PENDING,0.0,2026-04-10
3431,902322,30-60,3074,PENDING,0.0,2026-05-15
3432,902322,60-90,3074,PENDING,0.0,2026-06-19
3433,902322,90+,3074,WRITE_OFF,1925.56,2026-07-25
3434,902327,0-30,3032,PENDING,0.0,2026-05-10
3435,902327,0-30,3032,PENDING,0.0,2026-05-29
3436,902327,30-60,3032,PENDING,0.0,2026-06-17
3437,902327,60-90,3032,PENDING,0.0,2026-07-06
3438,902327,90+,3032,WRITE_OFF,32763.79,2026-07-25
3439,902334,0-30,3037,PENDING,0.0,2026-03-24
3440,902334,30-60,3037,PENDING,0.0,2026-05-04
3441,902334,60-90,3037,PENDING,0.0,2026-06-14
3442,902334,90+,3037,PENDING,0.0,2026-07-25
3443,902335,0-30,3002,PARTIAL,46634.5,2026-02-07
3444,902335,0-30,3002,PENDING,0.0,2026-03-13
3445,902335,0-30,3002,PENDING,0.0,2026-04-15
3446,902335,30-60,3002,PENDING,0.0,2026-05-19
3447,902335,60-90,3002,PARTIAL,107142.04,2026-06-21
3448,902335,90+,3002,PENDING,0.0,2026-07-25
3449,902337,0-30,3057,PENDING,0.0,2026-07-03
3450,902337,0-30,3057,PARTIAL,2025.17,2026-07-14
3451,902337,30-60,3057,PENDING,0.0,2026-07-25
3452,902343,0-30,3015,PARTIAL,2757.98,2026-07-25
3453,902347,0-30,3061,PENDING,0.0,2026-07-03
3454,902347,30-60,3061,RECOVERED,45117.06,2026-07-25
3455,902351,60-90,3012,PENDING,0.0,2026-05-22
3456,902351,90+,3012,WRITE_OFF,33649.02,2026-07-25
3457,902354,0-30,3063,PENDING,0.0,2025-09-11
3458,902354,0-30,3063,PENDING,0.0,2025-10-05
3459,902354,0-30,3063,PENDING,0.0,2025-10-30
3460,902354,0-30,3063,PARTIAL,120000.81,2025-11-23
3461,902354,0-30,3063,PARTIAL,99090.87,2025-12-17
3462,902354,0-30,3063,PENDING,0.0,2026-01-11
3463,902354,0-30,3063,PENDING,0.0,2026-02-04
3464,902354,0-30,3063,PENDING,0.0,2026-02-28
3465,902354,0-30,3063,PARTIAL,56547.3,2026-03-25
3466,902354,0-30,3063,PENDING,0.0,2026-04-18
3467,902354,0-30,3063,PARTIAL,42694.84,2026-05-12
3468,902354,30-60,3063,PENDING,0.0,2026-06-06
3469,902354,60-90,3063,PARTIAL,15377.54,2026-06-30
3470,902354,90+,3063,PENDING,0.0,2026-07-25
3471,902355,0-30,3063,PENDING,0.0,2026-06-25
3472,902355,0-30,3063,PENDING,0.0,2026-07-02
3473,902355,0-30,3063,PENDING,0.0,2026-07-10
3474,902355,0-30,3063,PARTIAL,30834.94,2026-07-17
3475,902355,30-60,3063,PENDING,0.0,2026-07-25
3476,902356,30-60,3006,PARTIAL,4656.27,2026-07-25
3477,902357,30-60,3043,PENDING,0.0,2026-07-25
3478,902364,0-30,3074,PENDING,0.0,2026-06-27
3479,902364,30-60,3074,PARTIAL,6593.97,2026-07-25
3480,902370,0-30,3019,PENDING,0.0,2026-04-23
3481,902370,0-30,3019,PENDING,0.0,2026-05-08
3482,902370,0-30,3019,PARTIAL,12169.97,2026-05-24
3483,902370,0-30,3019,PENDING,0.0,2026-06-08
3484,902370,30-60,3019,PARTIAL,13543.48,2026-06-24
3485,902370,60-90,3019,PENDING,0.0,2026-07-09
3486,902370,90+,3019,PARTIAL,23407.13,2026-07-25
3487,902372,0-30,3063,PARTIAL,3072.99,2026-06-26
3488,902372,0-30,3063,PENDING,0.0,2026-07-10
3489,902372,30-60,3063,PENDING,0.0,2026-07-25
3490,902374,30-60,3049,PARTIAL,3082.11,2026-07-25
3491,902376,0-30,3079,PARTIAL,43529.52,2026-07-25
3492,902377,0-30,3078,PENDING,0.0,2026-06-19
3493,902377,0-30,3078,PENDING,0.0,2026-07-01
3494,902377,0-30,3078,PARTIAL,8142.04,2026-07-13
3495,902377,30-60,3078,PENDING,0.0,2026-07-25
3496,902378,0-30,3047,PENDING,0.0,2025-12-07
3497,902378,0-30,3047,PENDING,0.0,2025-12-30
3498,902378,0-30,3047,PENDING,0.0,2026-01-22
3499,902378,0-30,3047,PARTIAL,78181.18,2026-02-14
3500,902378,0-30,3047,PARTIAL,15516.2,2026-03-09
3501,902378,0-30,3047,PENDING,0.0,2026-04-01
3502,902378,0-30,3047,PENDING,0.0,2026-04-24
3503,902378,0-30,3047,PENDING,0.0,2026-05-17
3504,902378,30-60,3047,PENDING,0.0,2026-06-09
3505,902378,60-90,3047,PENDING,0.0,2026-07-02
3506,902378,90+,3047,WRITE_OFF,25363.64,2026-07-25
3507,902381,0-30,3002,PARTIAL,3852.49,2026-06-16
3508,902381,0-30,3002,PENDING,0.0,2026-06-29
3509,902381,0-30,3002,PENDING,0.0,2026-07-12
3510,902381,30-60,3002,PENDING,0.0,2026-07-25
3511,902386,0-30,3049,PENDING,0.0,2026-06-28
3512,902386,30-60,3049,PARTIAL,1864.33,2026-07-25
3513,902389,0-30,3026,PENDING,0.0,2026-07-05
3514,902389,0-30,3026,PARTIAL,56032.84,2026-07-15
3515,902389,0-30,3026,PARTIAL,115221.19,2026-07-25
3516,902390,0-30,3024,PARTIAL,16552.28,2026-07-25
3517,902397,0-30,3002,PENDING,0.0,2025-09-24
3518,902397,0-30,3002,PENDING,0.0,2025-11-01
3519,902397,0-30,3002,PENDING,0.0,2025-12-09
3520,902397,0-30,3002,PENDING,0.0,2026-01-16
3521,902397,0-30,3002,PARTIAL,242214.19,2026-02-23
3522,902397,0-30,3002,PENDING,0.0,2026-04-02
3523,902397,30-60,3002,PENDING,0.0,2026-05-10
3524,902397,60-90,3002,PARTIAL,389802.31,2026-06-17
3525,902397,90+,3002,PENDING,0.0,2026-07-25
3526,902399,0-30,3065,PENDING,0.0,2025-12-29
3527,902399,0-30,3065,PARTIAL,13514.4,2026-01-15
3528,902399,0-30,3065,PENDING,0.0,2026-02-01
3529,902399,0-30,3065,PENDING,0.0,2026-02-19
3530,902399,0-30,3065,PENDING,0.0,2026-03-08
3531,902399,0-30,3065,PENDING,0.0,2026-03-25
3532,902399,0-30,3065,PENDING,0.0,2026-04-12
3533,902399,0-30,3065,PENDING,0.0,2026-04-29
3534,902399,0-30,3065,PENDING,0.0,2026-05-16
3535,902399,0-30,3065,PENDING,0.0,2026-06-03
3536,902399,30-60,3065,PENDING,0.0,2026-06-20
3537,902399,60-90,3065,PENDING,0.0,2026-07-07
3538,902399,90+,3065,PARTIAL,34149.2,2026-07-25
3539,902400,0-30,3057,PARTIAL,38574.09,2026-07-09
3540,902400,30-60,3057,PENDING,0.0,2026-07-25
3541,902404,30-60,3053,PARTIAL,53519.02,2026-07-25
3542,902408,30-60,3031,PENDING,0.0,2026-05-17
3543,902408,60-90,3031,PARTIAL,1914.68,2026-06-20
3544,902408,90+,3031,PARTIAL,708.92,2026-07-25
3545,902409,0-30,3060,PENDING,0.0,2026-01-31
3546,902409,0-30,3060,PARTIAL,100759.99,2026-03-07
3547,902409,0-30,3060,PENDING,0.0,2026-04-11
3548,902409,30-60,3060,PENDING,0.0,2026-05-16
3549,902409,60-90,3060,PENDING,0.0,2026-06-20
3550,902409,90+,3060,PARTIAL,177848.73,2026-07-25
3551,902410,0-30,3019,PENDING,0.0,2026-06-24
3552,902410,0-30,3019,PENDING,0.0,2026-07-04
3553,902410,0-30,3019,PENDING,0.0,2026-07-14
3554,902410,30-60,3019,PENDING,0.0,2026-07-25
3555,902415,0-30,3003,PENDING,0.0,2026-07-17
3556,902415,0-30,3003,PENDING,0.0,2026-07-25
3557,902418,0-30,3063,PENDING,0.0,2026-05-13
3558,902418,0-30,3063,PENDING,0.0,2026-05-25
3559,902418,0-30,3063,PARTIAL,7528.58,2026-06-06
3560,902418,0-30,3063,PENDING,0.0,2026-06-18
3561,902418,0-30,3063,PENDING,0.0,2026-06-30
3562,902418,30-60,3063,PENDING,0.0,2026-07-12
3563,902418,60-90,3063,PENDING,0.0,2026-07-25
3564,902423,0-30,3064,PENDING,0.0,2025-12-05
3565,902423,0-30,3064,PENDING,0.0,2025-12-26
3566,902423,0-30,3064,PENDING,0.0,2026-01-16
3567,902423,0-30,3064,PENDING,0.0,2026-02-06
3568,902423,0-30,3064,PENDING,0.0,2026-02-27
3569,902423,0-30,3064,PENDING,0.0,2026-03-20
3570,902423,0-30,3064,PARTIAL,55607.0,2026-04-10
3571,902423,0-30,3064,PARTIAL,200582.59,2026-05-01
3572,902423,0-30,3064,PENDING,0.0,2026-05-22
3573,902423,30-60,3064,PENDING,0.0,2026-06-12
3574,902423,60-90,3064,PARTIAL,354222.87,2026-07-03
3575,902423,90+,3064,PENDING,0.0,2026-07-25
3576,902425,30-60,3029,PENDING,0.0,2026-07-25
3577,902426,0-30,3060,PENDING,0.0,2026-07-06
3578,902426,30-60,3060,RECOVERED,4856.41,2026-07-25
3579,902429,0-30,3047,PARTIAL,50307.18,2026-07-06
3580,902429,30-60,3047,RECOVERED,171686.44,2026-07-25
3581,902435,0-30,3051,PENDING,0.0,2026-06-28
3582,902435,0-30,3051,PENDING,0.0,2026-07-07
3583,902435,0-30,3051,PENDING,0.0,2026-07-16
3584,902435,30-60,3051,PARTIAL,1811.86,2026-07-25
3585,902436,30-60,3067,PENDING,0.0,2026-04-04
3586,902436,60-90,3067,PENDING,0.0,2026-05-30
3587,902436,90+,3067,WRITE_OFF,1336.93,2026-07-25
3588,902438,0-30,3075,PENDING,0.0,2025-10-07
3589,902438,0-30,3075,PENDING,0.0,2025-10-28
3590,902438,0-30,3075,PARTIAL,206610.76,2025-11-18
3591,902438,0-30,3075,PENDING,0.0,2025-12-08
3592,902438,0-30,3075,PARTIAL,153287.03,2025-12-29
3593,902438,0-30,3075,PARTIAL,263936.07,2026-01-19
3594,902438,0-30,3075,PARTIAL,157036.13,2026-02-09
3595,902438,0-30,3075,PENDING,0.0,2026-03-01
3596,902438,0-30,3075,PENDING,0.0,2026-03-22
3597,902438,0-30,3075,PENDING,0.0,2026-04-12
3598,902438,0-30,3075,PENDING,0.0,2026-05-03
3599,902438,0-30,3075,PENDING,0.0,2026-05-23
3600,902438,30-60,3075,PARTIAL,606420.73,2026-06-13
3601,902438,60-90,3075,PENDING,0.0,2026-07-04
3602,902438,90+,3075,PENDING,0.0,2026-07-25
3603,902442,30-60,3043,PENDING,0.0,2026-07-25
3604,902447,60-90,3080,PENDING,0.0,2026-05-29
3605,902447,90+,3080,PENDING,0.0,2026-07-25
3606,902448,0-30,3003,PENDING,0.0,2025-09-06
3607,902448,0-30,3003,PENDING,0.0,2025-09-25
3608,902448,0-30,3003,PENDING,0.0,2025-10-14
3609,902448,0-30,3003,PARTIAL,8669.14,2025-11-02
3610,902448,0-30,3003,PENDING,0.0,2025-11-21
3611,902448,0-30,3003,PARTIAL,14732.3,2025-12-10
3612,902448,0-30,3003,PENDING,0.0,2025-12-29
3613,902448,0-30,3003,PARTIAL,11666.87,2026-01-17
3614,902448,0-30,3003,PENDING,0.0,2026-02-05
3615,902448,0-30,3003,PENDING,0.0,2026-02-23
3616,902448,0-30,3003,PENDING,0.0,2026-03-14
3617,902448,0-30,3003,PENDING,0.0,2026-04-02
3618,902448,0-30,3003,PENDING,0.0,2026-04-21
3619,902448,0-30,3003,PENDING,0.0,2026-05-10
3620,902448,0-30,3003,PENDING,0.0,2026-05-29
3621,902448,30-60,3003,PARTIAL,18188.77,2026-06-17
3622,902448,60-90,3003,PENDING,0.0,2026-07-06
3623,902448,90+,3003,PARTIAL,9524.79,2026-07-25
3624,902451,0-30,3011,PARTIAL,2513.4,2025-10-19
3625,902451,0-30,3011,PARTIAL,27793.15,2025-11-09
3626,902451,0-30,3011,PENDING,0.0,2025-12-01
3627,902451,0-30,3011,PARTIAL,11051.88,2025-12-22
3628,902451,0-30,3011,PARTIAL,15883.04,2026-01-13
3629,902451,0-30,3011,PENDING,0.0,2026-02-03
3630,902451,0-30,3011,PARTIAL,9808.37,2026-02-25
3631,902451,0-30,3011,PENDING,0.0,2026-03-18
3632,902451,0-30,3011,PENDING,0.0,2026-04-08
3633,902451,0-30,3011,PENDING,0.0,2026-04-30
3634,902451,0-30,3011,PENDING,0.0,2026-05-21
3635,902451,30-60,3011,PENDING,0.0,2026-06-12
3636,902451,60-90,3011,PENDING,0.0,2026-07-03
3637,902451,90+,3011,PENDING,0.0,2026-07-25
3638,902456,0-30,3028,RECOVERED,23165.73,2026-07-25
3639,902457,0-30,3063,PARTIAL,13733.66,2025-11-02
3640,902457,0-30,3063,PENDING,0.0,2025-11-22
3641,902457,0-30,3063,PENDING,0.0,2025-12-13
3642,902457,0-30,3063,PENDING,0.0,2026-01-02
3643,902457,0-30,3063,PENDING,0.0,2026-01-22
3644,902457,0-30,3063,PARTIAL,12545.09,2026-02-12
3645,902457,0-30,3063,PARTIAL,36995.11,2026-03-04
3646,902457,0-30,3063,PARTIAL,19546.31,2026-03-24
3647,902457,0-30,3063,PARTIAL,26607.21,2026-04-14
3648,902457,0-30,3063,PENDING,0.0,2026-05-04
3649,902457,0-30,3063,PENDING,0.0,2026-05-24
3650,902457,30-60,3063,PENDING,0.0,2026-06-14
3651,902457,60-90,3063,PENDING,0.0,2026-07-04
3652,902457,90+,3063,PENDING,0.0,2026-07-25
3653,902462,30-60,3040,RECOVERED,81112.81,2026-07-25
3654,902465,0-30,3007,PENDING,0.0,2025-10-17
3655,902465,0-30,3007,PENDING,0.0,2025-11-14
3656,902465,0-30,3007,PENDING,0.0,2025-12-12
3657,902465,0-30,3007,PENDING,0.0,2026-01-09
3658,902465,0-30,3007,PENDING,0.0,2026-02-06
3659,902465,0-30,3007,PENDING,0.0,2026-03-06
3660,902465,0-30,3007,PARTIAL,78152.45,2026-04-03
3661,902465,0-30,3007,PARTIAL,53968.56,2026-05-01
3662,902465,30-60,3007,PENDING,0.0,2026-05-29
3663,902465,60-90,3007,PARTIAL,7865.01,2026-06-26
3664,902465,90+,3007,PENDING,0.0,2026-07-25
3665,902466,0-30,3075,PENDING,0.0,2026-07-04
3666,902466,30-60,3075,PENDING,0.0,2026-07-25
3667,902467,30-60,3064,RECOVERED,420502.56,2026-07-25
3668,902469,0-30,3027,PENDING,0.0,2026-07-09
3669,902469,30-60,3027,RECOVERED,46030.89,2026-07-25
3670,902471,30-60,3028,PENDING,0.0,2026-07-25
3671,902472,0-30,3031,PENDING,0.0,2026-06-01
3672,902472,0-30,3031,PARTIAL,474.22,2026-06-19
3673,902472,30-60,3031,PENDING,0.0,2026-07-07
3674,902472,60-90,3031,PARTIAL,2048.58,2026-07-25
3675,902473,0-30,3010,PENDING,0.0,2025-08-22
3676,902473,0-30,3010,PENDING,0.0,2025-09-19
3677,902473,0-30,3010,PARTIAL,5697.97,2025-10-17
3678,902473,0-30,3010,PENDING,0.0,2025-11-14
3679,902473,0-30,3010,PENDING,0.0,2025-12-12
3680,902473,0-30,3010,PENDING,0.0,2026-01-09
3681,902473,0-30,3010,PENDING,0.0,2026-02-06
3682,902473,0-30,3010,PARTIAL,20094.42,2026-03-06
3683,902473,0-30,3010,PENDING,0.0,2026-04-03
3684,902473,0-30,3010,PARTIAL,38758.19,2026-05-01
3685,902473,30-60,3010,PENDING,0.0,2026-05-29
3686,902473,60-90,3010,PENDING,0.0,2026-06-26
3687,902473,90+,3010,PARTIAL,39780.28,2026-07-25
3688,902482,0-30,3066,PARTIAL,28596.13,2026-07-05
3689,902482,30-60,3066,PENDING,0.0,2026-07-25
3690,902483,0-30,3032,PARTIAL,13091.36,2026-07-25
3691,902484,0-30,3031,PENDING,0.0,2026-07-25
3692,902486,0-30,3071,PENDING,0.0,2025-11-13
3693,902486,0-30,3071,PENDING,0.0,2025-12-04
3694,902486,0-30,3071,PENDING,0.0,2025-12-25
3695,902486,0-30,3071,PARTIAL,3377.35,2026-01-15
3696,902486,0-30,3071,PARTIAL,8789.14,2026-02-05
3697,902486,0-30,3071,PENDING,0.0,2026-02-26
3698,902486,0-30,3071,PENDING,0.0,2026-03-20
3699,902486,0-30,3071,PENDING,0.0,2026-04-10
3700,902486,0-30,3071,PENDING,0.0,2026-05-01
3701,902486,0-30,3071,PENDING,0.0,2026-05-22
3702,902486,30-60,3071,PARTIAL,7261.81,2026-06-12
3703,902486,60-90,3071,PENDING,0.0,2026-07-03
3704,902486,90+,3071,PENDING,0.0,2026-07-25
3705,902487,0-30,3027,PENDING,0.0,2026-07-07
3706,902487,0-30,3027,PARTIAL,4505.46,2026-07-16
3707,902487,0-30,3027,PENDING,0.0,2026-07-25
3708,902491,0-30,3019,PARTIAL,43749.81,2025-11-27
3709,902491,0-30,3019,PARTIAL,123388.82,2025-12-31
3710,902491,0-30,3019,PENDING,0.0,2026-02-03
3711,902491,0-30,3019,PENDING,0.0,2026-03-10
3712,902491,0-30,3019,PENDING,0.0,2026-04-13
3713,902491,30-60,3019,PENDING,0.0,2026-05-17
3714,902491,60-90,3019,PENDING,0.0,2026-06-20
3715,902491,90+,3019,PENDING,0.0,2026-07-25
3716,902492,0-30,3031,PARTIAL,5975.62,2026-06-09
3717,902492,0-30,3031,PENDING,0.0,2026-06-24
3718,902492,30-60,3031,PENDING,0.0,2026-07-09
3719,902492,60-90,3031,WRITE_OFF,2529.22,2026-07-25
3720,902495,0-30,3073,PENDING,0.0,2026-06-24
3721,902495,0-30,3073,PENDING,0.0,2026-07-09
3722,902495,30-60,3073,PENDING,0.0,2026-07-25
3723,902496,0-30,3074,PENDING,0.0,2025-08-20
3724,902496,0-30,3074,PARTIAL,93743.1,2025-09-15
3725,902496,0-30,3074,PENDING,0.0,2025-10-11
3726,902496,0-30,3074,PENDING,0.0,2025-11-06
3727,902496,0-30,3074,PENDING,0.0,2025-12-02
3728,902496,0-30,3074,PARTIAL,108649.0,2025-12-28
3729,902496,0-30,3074,PENDING,0.0,2026-01-23
3730,902496,0-30,3074,PENDING,0.0,2026-02-18
3731,902496,0-30,3074,PENDING,0.0,2026-03-16
3732,902496,0-30,3074,PENDING,0.0,2026-04-11
3733,902496,0-30,3074,PENDING,0.0,2026-05-07
3734,902496,30-60,3074,PENDING,0.0,2026-06-02
3735,902496,60-90,3074,PARTIAL,138535.93,2026-06-28
3736,902496,90+,3074,PENDING,0.0,2026-07-25
3737,902501,0-30,3062,PENDING,0.0,2026-06-18
3738,902501,0-30,3062,PENDING,0.0,2026-06-30
3739,902501,0-30,3062,PENDING,0.0,2026-07-12
3740,902501,30-60,3062,PENDING,0.0,2026-07-25
3741,902503,0-30,3012,PARTIAL,1703.42,2026-07-25
3742,902504,0-30,3043,PENDING,0.0,2026-05-18
3743,902504,0-30,3043,PARTIAL,54588.9,2026-06-01
3744,902504,0-30,3043,PENDING,0.0,2026-06-14
3745,902504,0-30,3043,PARTIAL,32318.91,2026-06-28
3746,902504,30-60,3043,PENDING,0.0,2026-07-11
3747,902504,60-90,3043,PARTIAL,30191.07,2026-07-25
3748,902505,0-30,3012,PENDING,0.0,2026-07-03
3749,902505,30-60,3012,PENDING,0.0,2026-07-25
3750,902506,0-30,3024,PARTIAL,17050.27,2026-07-05
3751,902506,0-30,3024,PENDING,0.0,2026-07-15
3752,902506,0-30,3024,PARTIAL,18810.53,2026-07-25
3753,902519,0-30,3045,PARTIAL,22331.78,2026-03-10
3754,902519,0-30,3045,PARTIAL,27885.01,2026-04-06
3755,902519,0-30,3045,PARTIAL,38482.0,2026-05-04
3756,902519,30-60,3045,PENDING,0.0,2026-05-31
3757,902519,60-90,3045,PENDING,0.0,2026-06-27
3758,902519,90+,3045,WRITE_OFF,3276.51,2026-07-25
3759,902522,0-30,3068,PENDING,0.0,2026-07-08
3760,902522,30-60,3068,PARTIAL,2673.1,2026-07-25
3761,902524,0-30,3048,PENDING,0.0,2025-12-20
3762,902524,0-30,3048,PENDING,0.0,2026-01-07
3763,902524,0-30,3048,PARTIAL,34192.91,2026-01-25
3764,902524,0-30,3048,PENDING,0.0,2026-02-12
3765,902524,0-30,3048,PENDING,0.0,2026-03-02
3766,902524,0-30,3048,PENDING,0.0,2026-03-20
3767,902524,0-30,3048,PENDING,0.0,2026-04-07
3768,902524,0-30,3048,PENDING,0.0,2026-04-25
3769,902524,0-30,3048,PARTIAL,43151.89,2026-05-13
3770,902524,0-30,3048,PENDING,0.0,2026-05-31
3771,902524,30-60,3048,PARTIAL,68961.32,2026-06-18
3772,902524,60-90,3048,PENDING,0.0,2026-07-06
3773,902524,90+,3048,PENDING,0.0,2026-07-25
3774,902529,30-60,3018,PENDING,0.0,2026-07-25
3775,902533,0-30,3026,PENDING,0.0,2026-04-01
3776,902533,30-60,3026,PENDING,0.0,2026-05-09
3777,902533,60-90,3026,PENDING,0.0,2026-06-16
3778,902533,90+,3026,PENDING,0.0,2026-07-25
3779,902536,0-30,3042,PENDING,0.0,2025-11-09
3780,902536,0-30,3042,PARTIAL,68952.63,2025-12-02
3781,902536,0-30,3042,PENDING,0.0,2025-12-26
3782,902536,0-30,3042,PARTIAL,119730.67,2026-01-18
3783,902536,0-30,3042,PARTIAL,45378.64,2026-02-11
3784,902536,0-30,3042,PARTIAL,95049.85,2026-03-06
3785,902536,0-30,3042,PARTIAL,98075.44,2026-03-29
3786,902536,0-30,3042,PENDING,0.0,2026-04-22
3787,902536,0-30,3042,PARTIAL,231640.48,2026-05-15
3788,902536,30-60,3042,PENDING,0.0,2026-06-08
3789,902536,60-90,3042,PENDING,0.0,2026-07-01
3790,902536,90+,3042,PARTIAL,254740.39,2026-07-25
3791,902538,0-30,3034,PENDING,0.0,2025-09-08
3792,902538,0-30,3034,PENDING,0.0,2025-10-01
3793,902538,0-30,3034,PENDING,0.0,2025-10-24
3794,902538,0-30,3034,PENDING,0.0,2025-11-16
3795,902538,0-30,3034,PENDING,0.0,2025-12-09
3796,902538,0-30,3034,PENDING,0.0,2025-12-31
3797,902538,0-30,3034,PENDING,0.0,2026-01-23
3798,902538,0-30,3034,PARTIAL,53253.61,2026-02-15
3799,902538,0-30,3034,PENDING,0.0,2026-03-10
3800,902538,0-30,3034,PARTIAL,43405.75,2026-04-02
3801,902538,0-30,3034,PENDING,0.0,2026-04-24
3802,902538,0-30,3034,PARTIAL,53692.93,2026-05-17
3803,902538,30-60,3034,PENDING,0.0,2026-06-09
3804,902538,60-90,3034,PARTIAL,58098.14,2026-07-02
3805,902538,90+,3034,PENDING,0.0,2026-07-25
3806,902546,30-60,3047,PENDING,0.0,2026-07-25
3807,902548,0-30,3079,PENDING,0.0,2026-06-25
3808,902548,0-30,3079,PARTIAL,2353.0,2026-07-10
3809,902548,30-60,3079,PARTIAL,580.04,2026-07-25
3810,902550,0-30,3025,PENDING,0.0,2026-06-25
3811,902550,0-30,3025,PENDING,0.0,2026-07-10
3812,902550,30-60,3025,PENDING,0.0,2026-07-25
3813,902559,0-30,3017,PARTIAL,18404.56,2026-04-25
3814,902559,0-30,3017,PENDING,0.0,2026-05-10
3815,902559,0-30,3017,PENDING,0.0,2026-05-25
3816,902559,0-30,3017,PARTIAL,8373.45,2026-06-09
3817,902559,30-60,3017,PENDING,0.0,2026-06-24
3818,902559,60-90,3017,PENDING,0.0,2026-07-09
3819,902559,90+,3017,WRITE_OFF,11780.77,2026-07-25
3820,902562,60-90,3001,PARTIAL,6451.11,2026-05-29
3821,902562,90+,3001,PARTIAL,1192.35,2026-07-25
3822,902565,0-30,3051,PENDING,0.0,2026-06-15
3823,902565,0-30,3051,PENDING,0.0,2026-07-05
3824,902565,30-60,3051,PENDING,0.0,2026-07-25
3825,902568,0-30,3020,PARTIAL,18767.63,2025-11-12
3826,902568,0-30,3020,PARTIAL,9507.4,2025-12-03
3827,902568,0-30,3020,PENDING,0.0,2025-12-24
3828,902568,0-30,3020,PENDING,0.0,2026-01-14
3829,902568,0-30,3020,PENDING,0.0,2026-02-05
3830,902568,0-30,3020,PENDING,0.0,2026-02-26
3831,902568,0-30,3020,PENDING,0.0,2026-03-19
3832,902568,0-30,3020,PENDING,0.0,2026-04-09
3833,902568,0-30,3020,PENDING,0.0,2026-05-01
3834,902568,0-30,3020,PENDING,0.0,2026-05-22
3835,902568,30-60,3020,PENDING,0.0,2026-06-12
3836,902568,60-90,3020,PENDING,0.0,2026-07-03
3837,902568,90+,3020,PARTIAL,2332.34,2026-07-25
3838,902578,0-30,3047,PENDING,0.0,2025-10-26
3839,902578,0-30,3047,PENDING,0.0,2025-11-14
3840,902578,0-30,3047,PENDING,0.0,2025-12-04
3841,902578,0-30,3047,PENDING,0.0,2025-12-23
3842,902578,0-30,3047,PENDING,0.0,2026-01-12
3843,902578,0-30,3047,PENDING,0.0,2026-01-31
3844,902578,0-30,3047,PENDING,0.0,2026-02-19
3845,902578,0-30,3047,PENDING,0.0,2026-03-11
3846,902578,0-30,3047,PARTIAL,49820.69,2026-03-30
3847,902578,0-30,3047,PENDING,0.0,2026-04-19
3848,902578,0-30,3047,PENDING,0.0,2026-05-08
3849,902578,0-30,3047,PARTIAL,53087.93,2026-05-27
3850,902578,30-60,3047,PARTIAL,12327.64,2026-06-16
3851,902578,60-90,3047,PARTIAL,60409.0,2026-07-05
3852,902578,90+,3047,PARTIAL,46639.68,2026-07-25
3853,902580,0-30,3023,PENDING,0.0,2025-12-04
3854,902580,0-30,3023,PENDING,0.0,2025-12-17
3855,902580,0-30,3023,PENDING,0.0,2025-12-30
3856,902580,0-30,3023,PARTIAL,48718.24,2026-01-12
3857,902580,0-30,3023,PARTIAL,43126.23,2026-01-25
3858,902580,0-30,3023,PARTIAL,34424.39,2026-02-07
3859,902580,0-30,3023,PARTIAL,60634.97,2026-02-20
3860,902580,0-30,3023,PARTIAL,49756.48,2026-03-05
3861,902580,0-30,3023,PENDING,0.0,2026-03-18
3862,902580,0-30,3023,PENDING,0.0,2026-03-30
3863,902580,0-30,3023,PARTIAL,54310.87,2026-04-12
3864,902580,0-30,3023,PENDING,0.0,2026-04-25
3865,902580,0-30,3023,PARTIAL,43144.81,2026-05-08
3866,902580,0-30,3023,PENDING,0.0,2026-05-21
3867,902580,0-30,3023,PARTIAL,66672.87,2026-06-03
3868,902580,0-30,3023,PENDING,0.0,2026-06-16
3869,902580,30-60,3023,PENDING,0.0,2026-06-29
3870,902580,60-90,3023,PENDING,0.0,2026-07-12
3871,902580,90+,3023,PENDING,0.0,2026-07-25
3872,902581,0-30,3053,PARTIAL,117712.2,2026-07-09
3873,902581,30-60,3053,PARTIAL,152950.75,2026-07-25
3874,902582,0-30,3066,PARTIAL,2917.15,2026-01-08
3875,902582,0-30,3066,PENDING,0.0,2026-01-30
3876,902582,0-30,3066,PARTIAL,709.44,2026-02-21
3877,902582,0-30,3066,PENDING,0.0,2026-03-15
3878,902582,0-30,3066,PENDING,0.0,2026-04-06
3879,902582,0-30,3066,PARTIAL,3178.83,2026-04-28
3880,902582,0-30,3066,PARTIAL,4660.34,2026-05-20
3881,902582,30-60,3066,PENDING,0.0,2026-06-11
3882,902582,60-90,3066,PENDING,0.0,2026-07-03
3883,902582,90+,3066,WRITE_OFF,554.17,2026-07-25
3884,902591,0-30,3031,PENDING,0.0,2026-05-29
3885,902591,0-30,3031,PARTIAL,97293.54,2026-06-17
3886,902591,30-60,3031,PENDING,0.0,2026-07-06
3887,902591,60-90,3031,PENDING,0.0,2026-07-25
3888,902594,0-30,3055,PENDING,0.0,2026-07-07
3889,902594,30-60,3055,PENDING,0.0,2026-07-25
3890,902595,0-30,3051,PENDING,0.0,2026-03-24
3891,902595,0-30,3051,PENDING,0.0,2026-04-24
3892,902595,30-60,3051,PARTIAL,6208.73,2026-05-24
3893,902595,60-90,3051,PENDING,0.0,2026-06-24
3894,902595,90+,3051,PENDING,0.0,2026-07-25
3895,902598,30-60,3044,PENDING,0.0,2026-05-16
3896,902598,60-90,3044,PENDING,0.0,2026-06-20
3897,902598,90+,3044,WRITE_OFF,1535.46,2026-07-25
3898,902601,0-30,3032,PENDING,0.0,2025-10-10
3899,902601,0-30,3032,PARTIAL,510065.73,2025-11-03
3900,902601,0-30,3032,PENDING,0.0,2025-11-27
3901,902601,0-30,3032,PENDING,0.0,2025-12-21
3902,902601,0-30,3032,PENDING,0.0,2026-01-14
3903,902601,0-30,3032,PENDING,0.0,2026-02-07
3904,902601,0-30,3032,PARTIAL,197591.98,2026-03-03
3905,902601,0-30,3032,PENDING,0.0,2026-03-27
3906,902601,0-30,3032,PENDING,0.0,2026-04-20
3907,902601,0-30,3032,PENDING,0.0,2026-05-14
3908,902601,30-60,3032,PARTIAL,150799.02,2026-06-07
3909,902601,60-90,3032,PENDING,0.0,2026-07-01
3910,902601,90+,3032,PARTIAL,608116.67,2026-07-25
3911,902613,0-30,3046,PENDING,0.0,2026-05-25
3912,902613,0-30,3046,PARTIAL,242018.24,2026-06-14
3913,902613,30-60,3046,PENDING,0.0,2026-07-04
3914,902613,60-90,3046,PARTIAL,22215.01,2026-07-25
3915,902615,0-30,3054,PARTIAL,6396.45,2026-06-21
3916,902615,0-30,3054,PENDING,0.0,2026-07-08
3917,902615,30-60,3054,PARTIAL,6497.14,2026-07-25
3918,902616,0-30,3022,PENDING,0.0,2026-01-12
3919,902616,0-30,3022,PENDING,0.0,2026-02-03
3920,902616,0-30,3022,PENDING,0.0,2026-02-24
3921,902616,0-30,3022,PARTIAL,268567.83,2026-03-18
3922,902616,0-30,3022,PENDING,0.0,2026-04-08
3923,902616,0-30,3022,PENDING,0.0,2026-04-30
3924,902616,0-30,3022,PARTIAL,78221.6,2026-05-21
3925,902616,30-60,3022,PARTIAL,395223.63,2026-06-12
3926,902616,60-90,3022,PENDING,0.0,2026-07-03
3927,902616,90+,3022,WRITE_OFF,21592.8,2026-07-25
3928,902623,0-30,3012,PENDING,0.0,2025-11-13
3929,902623,0-30,3012,PENDING,0.0,2026-01-03
3930,902623,0-30,3012,PENDING,0.0,2026-02-23
3931,902623,30-60,3012,PENDING,0.0,2026-04-14
3932,902623,60-90,3012,PARTIAL,28808.52,2026-06-04
3933,902623,90+,3012,PENDING,0.0,2026-07-25
3934,902629,30-60,3016,PENDING,0.0,2026-07-25
3935,902634,0-30,3024,RECOVERED,7019.74,2026-07-25
3936,902640,0-30,3052,PENDING,0.0,2026-07-08
3937,902640,30-60,3052,PARTIAL,8642.43,2026-07-25
3938,902641,0-30,3078,PENDING,0.0,2026-02-19
3939,902641,0-30,3078,PENDING,0.0,2026-03-22
3940,902641,0-30,3078,PENDING,0.0,2026-04-22
3941,902641,30-60,3078,PARTIAL,14827.46,2026-05-23
3942,902641,60-90,3078,PENDING,0.0,2026-06-23
3943,902641,90+,3078,PENDING,0.0,2026-07-25
3944,902645,0-30,3070,PARTIAL,32169.01,2025-12-18
3945,902645,0-30,3070,PENDING,0.0,2026-01-02
3946,902645,0-30,3070,PENDING,0.0,2026-01-16
3947,902645,0-30,3070,PENDING,0.0,2026-01-31
3948,902645,0-30,3070,PENDING,0.0,2026-02-14
3949,902645,0-30,3070,PENDING,0.0,2026-03-01
3950,902645,0-30,3070,PENDING,0.0,2026-03-15
3951,902645,0-30,3070,PENDING,0.0,2026-03-30
3952,902645,0-30,3070,PARTIAL,31594.27,2026-04-14
3953,902645,0-30,3070,PARTIAL,23733.85,2026-04-28
3954,902645,0-30,3070,PENDING,0.0,2026-05-13
3955,902645,0-30,3070,PENDING,0.0,2026-05-27
3956,902645,0-30,3070,PENDING,0.0,2026-06-11
3957,902645,30-60,3070,PARTIAL,13843.33,2026-06-25
3958,902645,60-90,3070,PENDING,0.0,2026-07-10
3959,902645,90+,3070,PARTIAL,6697.89,2026-07-25
3960,902647,0-30,3073,PARTIAL,26311.28,2025-09-19
3961,902647,0-30,3073,PARTIAL,52148.35,2025-10-15
3962,902647,0-30,3073,PENDING,0.0,2025-11-10
3963,902647,0-30,3073,PARTIAL,26876.98,2025-12-05
3964,902647,0-30,3073,PENDING,0.0,2025-12-31
3965,902647,0-30,3073,PENDING,0.0,2026-01-26
3966,902647,0-30,3073,PARTIAL,11818.86,2026-02-20
3967,902647,0-30,3073,PENDING,0.0,2026-03-18
3968,902647,0-30,3073,PENDING,0.0,2026-04-13
3969,902647,0-30,3073,PENDING,0.0,2026-05-08
3970,902647,30-60,3073,PENDING,0.0,2026-06-03
3971,902647,60-90,3073,PENDING,0.0,2026-06-29
3972,902647,90+,3073,PARTIAL,11922.41,2026-07-25
3973,902651,0-30,3004,PENDING,0.0,2026-01-25
3974,902651,0-30,3004,PENDING,0.0,2026-02-17
3975,902651,0-30,3004,PENDING,0.0,2026-03-11
3976,902651,0-30,3004,PENDING,0.0,2026-04-03
3977,902651,0-30,3004,PARTIAL,167387.03,2026-04-25
3978,902651,0-30,3004,PENDING,0.0,2026-05-18
3979,902651,30-60,3004,PENDING,0.0,2026-06-09
3980,902651,60-90,3004,PARTIAL,138381.09,2026-07-02
3981,902651,90+,3004,WRITE_OFF,266.83,2026-07-25
3982,902659,0-30,3030,PENDING,0.0,2026-02-19
3983,902659,0-30,3030,PENDING,0.0,2026-03-22
3984,902659,0-30,3030,PARTIAL,2467.09,2026-04-22
3985,902659,30-60,3030,PENDING,0.0,2026-05-23
3986,902659,60-90,3030,PENDING,0.0,2026-06-23
3987,902659,90+,3030,WRITE_OFF,530.42,2026-07-25
3988,902664,0-30,3043,PENDING,0.0,2026-04-01
3989,902664,0-30,3043,PENDING,0.0,2026-04-24
3990,902664,0-30,3043,PENDING,0.0,2026-05-17
3991,902664,30-60,3043,PENDING,0.0,2026-06-09
3992,902664,60-90,3043,PENDING,0.0,2026-07-02
3993,902664,90+,3043,WRITE_OFF,50298.45,2026-07-25
3994,902666,0-30,3031,PARTIAL,33250.2,2026-07-25
3995,902667,30-60,3032,PENDING,0.0,2026-07-25
3996,902669,0-30,3009,PENDING,0.0,2026-07-05
3997,902669,30-60,3009,PARTIAL,238.3,2026-07-25
3998,902671,0-30,3024,PENDING,0.0,2026-06-25
3999,902671,0-30,3024,PARTIAL,1454.61,2026-07-05
4000,902671,0-30,3024,PENDING,0.0,2026-07-15
4001,902671,30-60,3024,PENDING,0.0,2026-07-25
4002,902672,0-30,3051,RECOVERED,10423.83,2026-07-25
4003,902673,30-60,3051,PENDING,0.0,2026-07-25
4004,902677,0-30,3029,PARTIAL,14595.53,2026-05-24
4005,902677,0-30,3029,PENDING,0.0,2026-06-01
4006,902677,0-30,3029,PENDING,0.0,2026-06-09
4007,902677,0-30,3029,PARTIAL,63913.65,2026-06-16
4008,902677,0-30,3029,PENDING,0.0,2026-06-24
4009,902677,0-30,3029,PENDING,0.0,2026-07-02
4010,902677,0-30,3029,PENDING,0.0,2026-07-09
4011,902677,30-60,3029,PENDING,0.0,2026-07-17
4012,902677,60-90,3029,PENDING,0.0,2026-07-25
4013,902683,0-30,3061,PENDING,0.0,2025-08-24
4014,902683,0-30,3061,PENDING,0.0,2025-09-23
4015,902683,0-30,3061,PENDING,0.0,2025-10-24
4016,902683,0-30,3061,PENDING,0.0,2025-11-23
4017,902683,0-30,3061,PENDING,0.0,2025-12-24
4018,902683,0-30,3061,PENDING,0.0,2026-01-23
4019,902683,0-30,3061,PARTIAL,699850.04,2026-02-22
4020,902683,0-30,3061,PENDING,0.0,2026-03-25
4021,902683,0-30,3061,PENDING,0.0,2026-04-24
4022,902683,30-60,3061,PENDING,0.0,2026-05-25
4023,902683,60-90,3061,PENDING,0.0,2026-06-24
4024,902683,90+,3061,PENDING,0.0,2026-07-25
4025,902685,60-90,3074,PENDING,0.0,2026-07-25
4026,902690,0-30,3071,PENDING,0.0,2026-04-29
4027,902690,0-30,3071,PENDING,0.0,2026-05-11
4028,902690,0-30,3071,PENDING,0.0,2026-05-24
4029,902690,0-30,3071,PENDING,0.0,2026-06-05
4030,902690,0-30,3071,PENDING,0.0,2026-06-17
4031,902690,30-60,3071,PENDING,0.0,2026-06-30
4032,902690,60-90,3071,PENDING,0.0,2026-07-12
4033,902690,90+,3071,PARTIAL,46472.35,2026-07-25
4034,902691,0-30,3010,PENDING,0.0,2026-07-25
4035,902696,0-30,3021,PENDING,0.0,2026-06-02
4036,902696,0-30,3021,PARTIAL,3922.78,2026-06-20
4037,902696,30-60,3021,PENDING,0.0,2026-07-07
4038,902696,60-90,3021,WRITE_OFF,2056.66,2026-07-25
4039,902697,30-60,3004,PENDING,0.0,2026-05-25
4040,902697,60-90,3004,PENDING,0.0,2026-06-24
4041,902697,90+,3004,PARTIAL,11923.87,2026-07-25
4042,902702,0-30,3022,PENDING,0.0,2026-07-01
4043,902702,30-60,3022,PENDING,0.0,2026-07-25
4044,902705,0-30,3029,PARTIAL,8542.41,2026-06-25
4045,902705,0-30,3029,PENDING,0.0,2026-07-10
4046,902705,30-60,3029,PARTIAL,6847.93,2026-07-25
4047,902706,0-30,3025,PENDING,0.0,2026-02-08
4048,902706,0-30,3025,PARTIAL,393165.56,2026-03-13
4049,902706,0-30,3025,PARTIAL,245865.12,2026-04-16
4050,902706,30-60,3025,PARTIAL,521813.26,2026-05-19
4051,902706,60-90,3025,PARTIAL,257960.77,2026-06-21
4052,902706,90+,3025,PENDING,0.0,2026-07-25
4053,902707,0-30,3039,PENDING,0.0,2025-11-15
4054,902707,0-30,3039,PARTIAL,213177.77,2025-12-06
4055,902707,0-30,3039,PARTIAL,206883.38,2025-12-27
4056,902707,0-30,3039,PENDING,0.0,2026-01-17
4057,902707,0-30,3039,PENDING,0.0,2026-02-07
4058,902707,0-30,3039,PENDING,0.0,2026-02-28
4059,902707,0-30,3039,PENDING,0.0,2026-03-21
4060,902707,0-30,3039,PENDING,0.0,2026-04-11
4061,902707,0-30,3039,PENDING,0.0,2026-05-02
4062,902707,0-30,3039,PENDING,0.0,2026-05-23
4063,902707,30-60,3039,PENDING,0.0,2026-06-13
4064,902707,60-90,3039,PARTIAL,41122.31,2026-07-04
4065,902707,90+,3039,PENDING,0.0,2026-07-25
4066,902708,60-90,3039,PARTIAL,37679.44,2026-07-25
4067,902709,0-30,3030,PENDING,0.0,2026-03-16
4068,902709,0-30,3030,PENDING,0.0,2026-04-07
4069,902709,0-30,3030,PENDING,0.0,2026-04-29
4070,902709,0-30,3030,PENDING,0.0,2026-05-20
4071,902709,30-60,3030,PENDING,0.0,2026-06-11
4072,902709,60-90,3030,PENDING,0.0,2026-07-03
4073,902709,90+,3030,PENDING,0.0,2026-07-25
4074,902712,0-30,3078,PENDING,0.0,2026-07-10
4075,902712,0-30,3078,PENDING,0.0,2026-07-25
4076,902714,0-30,3016,PENDING,0.0,2026-05-02
4077,902714,30-60,3016,PARTIAL,7452.88,2026-05-30
4078,902714,60-90,3016,PENDING,0.0,2026-06-27
4079,902714,90+,3016,PARTIAL,10933.47,2026-07-25
4080,902715,30-60,3038,RECOVERED,168352.26,2026-07-25
4081,902717,0-30,3005,PARTIAL,269547.33,2026-05-04
4082,902717,0-30,3005,PENDING,0.0,2026-05-20
4083,902717,0-30,3005,PARTIAL,57718.31,2026-06-06
4084,902717,30-60,3005,PENDING,0.0,2026-06-22
4085,902717,60-90,3005,PENDING,0.0,2026-07-08
4086,902717,90+,3005,WRITE_OFF,23316.79,2026-07-25
4087,902719,0-30,3027,PENDING,0.0,2026-01-07
4088,902719,0-30,3027,PENDING,0.0,2026-01-25
4089,902719,0-30,3027,PENDING,0.0,2026-02-12
4090,902719,0-30,3027,PARTIAL,11727.73,2026-03-02
4091,902719,0-30,3027,PARTIAL,20182.9,2026-03-20
4092,902719,0-30,3027,PENDING,0.0,2026-04-07
4093,902719,0-30,3027,PARTIAL,4490.77,2026-04-25
4094,902719,0-30,3027,PENDING,0.0,2026-05-13
4095,902719,0-30,3027,PARTIAL,14848.53,2026-05-31
4096,902719,30-60,3027,PARTIAL,19415.25,2026-06-18
4097,902719,60-90,3027,PENDING,0.0,2026-07-06
4098,902719,90+,3027,WRITE_OFF,3337.32,2026-07-25
4099,902724,30-60,3075,PENDING,0.0,2026-07-25
4100,902728,0-30,3073,PENDING,0.0,2026-04-12
4101,902728,30-60,3073,PARTIAL,211094.2,2026-05-17
4102,902728,60-90,3073,PARTIAL,171890.55,2026-06-20
4103,902728,90+,3073,PENDING,0.0,2026-07-25
4104,902730,0-30,3060,PENDING,0.0,2025-10-30
4105,902730,0-30,3060,PARTIAL,534929.56,2025-12-07
4106,902730,0-30,3060,PENDING,0.0,2026-01-14
4107,902730,0-30,3060,PENDING,0.0,2026-02-22
4108,902730,0-30,3060,PENDING,0.0,2026-04-01
4109,902730,30-60,3060,PARTIAL,93122.7,2026-05-09
4110,902730,60-90,3060,PARTIAL,666343.52,2026-06-16
4111,902730,90+,3060,PENDING,0.0,2026-07-25
4112,902747,0-30,3025,PENDING,0.0,2026-04-26
4113,902747,0-30,3025,PENDING,0.0,2026-05-14
4114,902747,0-30,3025,PENDING,0.0,2026-06-01
4115,902747,30-60,3025,PARTIAL,43404.26,2026-06-19
4116,902747,60-90,3025,PENDING,0.0,2026-07-07
4117,902747,90+,3025,WRITE_OFF,11888.59,2026-07-25
4118,902750,30-60,3008,PARTIAL,42317.47,2026-07-25
4119,902751,30-60,3023,PENDING,0.0,2026-07-25
4120,902759,0-30,3072,PARTIAL,23116.81,2026-07-03
4121,902759,30-60,3072,PENDING,0.0,2026-07-25
4122,902761,0-30,3076,PENDING,0.0,2026-06-27
4123,902761,0-30,3076,PENDING,0.0,2026-07-11
4124,902761,30-60,3076,PARTIAL,4614.67,2026-07-25
4125,902764,30-60,3005,PARTIAL,6610.14,2026-07-25
4126,902765,30-60,3006,PARTIAL,1987.45,2026-07-25
4127,902773,0-30,3017,PARTIAL,22383.48,2025-09-23
4128,902773,0-30,3017,PENDING,0.0,2025-10-23
4129,902773,0-30,3017,PARTIAL,105622.52,2025-11-23
4130,902773,0-30,3017,PARTIAL,78552.53,2025-12-23
4131,902773,0-30,3017,PENDING,0.0,2026-01-23
4132,902773,0-30,3017,PENDING,0.0,2026-02-22
4133,902773,0-30,3017,PARTIAL,78418.64,2026-03-25
4134,902773,0-30,3017,PENDING,0.0,2026-04-24
4135,902773,30-60,3017,PENDING,0.0,2026-05-25
4136,902773,60-90,3017,PARTIAL,45435.45,2026-06-24
4137,902773,90+,3017,PENDING,0.0,2026-07-25
4138,902774,0-30,3006,PENDING,0.0,2026-07-03
4139,902774,30-60,3006,PARTIAL,7140.12,2026-07-25
4140,902778,0-30,3039,PARTIAL,171542.9,2025-09-02
4141,902778,0-30,3039,PENDING,0.0,2025-09-24
4142,902778,0-30,3039,PARTIAL,214651.35,2025-10-16
4143,902778,0-30,3039,PENDING,0.0,2025-11-06
4144,902778,0-30,3039,PENDING,0.0,2025-11-28
4145,902778,0-30,3039,PENDING,0.0,2025-12-20
4146,902778,0-30,3039,PENDING,0.0,2026-01-10
4147,902778,0-30,3039,PARTIAL,74287.07,2026-02-01
4148,902778,0-30,3039,PENDING,0.0,2026-02-23
4149,902778,0-30,3039,PARTIAL,134477.24,2026-03-16
4150,902778,0-30,3039,PENDING,0.0,2026-04-07
4151,902778,0-30,3039,PARTIAL,149855.26,2026-04-29
4152,902778,0-30,3039,PENDING,0.0,2026-05-20
4153,902778,30-60,3039,PARTIAL,48229.61,2026-06-11
4154,902778,60-90,3039,PENDING,0.0,2026-07-03
4155,902778,90+,3039,PARTIAL,219886.13,2026-07-25
4156,902789,0-30,3058,PARTIAL,33277.36,2025-10-06
4157,902789,0-30,3058,PENDING,0.0,2025-10-23
4158,902789,0-30,3058,PARTIAL,141753.49,2025-11-09
4159,902789,0-30,3058,PENDING,0.0,2025-11-26
4160,902789,0-30,3058,PENDING,0.0,2025-12-13
4161,902789,0-30,3058,PENDING,0.0,2025-12-31
4162,902789,0-30,3058,PENDING,0.0,2026-01-17
4163,902789,0-30,3058,PARTIAL,86765.27,2026-02-03
4164,902789,0-30,3058,PARTIAL,37086.0,2026-02-20
4165,902789,0-30,3058,PENDING,0.0,2026-03-09
4166,902789,0-30,3058,PENDING,0.0,2026-03-26
4167,902789,0-30,3058,PENDING,0.0,2026-04-13
4168,902789,0-30,3058,PENDING,0.0,2026-04-30
4169,902789,0-30,3058,PARTIAL,67733.77,2026-05-17
4170,902789,0-30,3058,PARTIAL,105912.38,2026-06-03
4171,902789,30-60,3058,PENDING,0.0,2026-06-20
4172,902789,60-90,3058,PENDING,0.0,2026-07-07
4173,902789,90+,3058,PENDING,0.0,2026-07-25
4174,902790,0-30,3028,PENDING,0.0,2026-07-01
4175,902790,30-60,3028,PENDING,0.0,2026-07-25
4176,902791,0-30,3022,PENDING,0.0,2026-07-03
4177,902791,0-30,3022,PENDING,0.0,2026-07-14
4178,902791,30-60,3022,PARTIAL,2312.12,2026-07-25
4179,902794,0-30,3024,PENDING,0.0,2026-05-14
4180,902794,30-60,3024,PENDING,0.0,2026-06-07
4181,902794,60-90,3024,PARTIAL,31565.72,2026-07-01
4182,902794,90+,3024,WRITE_OFF,250.08,2026-07-25
4183,902795,0-30,3039,PARTIAL,83886.45,2026-05-03
4184,902795,0-30,3039,PARTIAL,77199.34,2026-05-20
4185,902795,0-30,3039,PENDING,0.0,2026-06-05
4186,902795,30-60,3039,PENDING,0.0,2026-06-22
4187,902795,60-90,3039,PENDING,0.0,2026-07-08
4188,902795,90+,3039,WRITE_OFF,2080.45,2026-07-25
4189,902800,0-30,3024,PENDING,0.0,2026-04-02
4190,902800,0-30,3024,PENDING,0.0,2026-04-18
4191,902800,0-30,3024,PENDING,0.0,2026-05-04
4192,902800,0-30,3024,PARTIAL,6501.7,2026-05-21
4193,902800,0-30,3024,PENDING,0.0,2026-06-06
4194,902800,30-60,3024,PENDING,0.0,2026-06-22
4195,902800,60-90,3024,PENDING,0.0,2026-07-08
4196,902800,90+,3024,PENDING,0.0,2026-07-25
4197,902801,0-30,3020,PARTIAL,385723.54,2026-02-16
4198,902801,0-30,3020,PENDING,0.0,2026-03-28
4199,902801,30-60,3020,PARTIAL,407982.1,2026-05-06
4200,902801,60-90,3020,PENDING,0.0,2026-06-15
4201,902801,90+,3020,PENDING,0.0,2026-07-25
4202,902802,0-30,3080,PENDING,0.0,2026-01-07
4203,902802,0-30,3080,PENDING,0.0,2026-02-04
4204,902802,0-30,3080,PENDING,0.0,2026-03-05
4205,902802,0-30,3080,PENDING,0.0,2026-04-02
4206,902802,0-30,3080,PENDING,0.0,2026-04-30
4207,902802,30-60,3080,PARTIAL,50191.96,2026-05-29
4208,902802,60-90,3080,PENDING,0.0,2026-06-26
4209,902802,90+,3080,PARTIAL,35689.72,2026-07-25
4210,902803,0-30,3048,PENDING,0.0,2026-07-01
4211,902803,0-30,3048,PENDING,0.0,2026-07-13
4212,902803,30-60,3048,PENDING,0.0,2026-07-25
4213,902820,30-60,3064,PENDING,0.0,2026-07-25
4214,902824,0-30,3023,PENDING,0.0,2025-12-23
4215,902824,0-30,3023,PARTIAL,1656.04,2026-01-23
4216,902824,0-30,3023,PENDING,0.0,2026-02-22
4217,902824,0-30,3023,PENDING,0.0,2026-03-25
4218,902824,0-30,3023,PARTIAL,3068.41,2026-04-24
4219,902824,30-60,3023,PARTIAL,1091.07,2026-05-25
4220,902824,60-90,3023,PENDING,0.0,2026-06-24
4221,902824,90+,3023,PENDING,0.0,2026-07-25
4222,902826,0-30,3038,PARTIAL,11007.9,2026-07-09
4223,902826,30-60,3038,PENDING,0.0,2026-07-25
4224,902827,0-30,3049,PARTIAL,49905.03,2025-08-16
4225,902827,0-30,3049,PENDING,0.0,2025-09-08
4226,902827,0-30,3049,PARTIAL,31524.43,2025-10-01
4227,902827,0-30,3049,PENDING,0.0,2025-10-24
4228,902827,0-30,3049,PENDING,0.0,2025-11-16
4229,902827,0-30,3049,PENDING,0.0,2025-12-08
4230,902827,0-30,3049,PENDING,0.0,2025-12-31
4231,902827,0-30,3049,PENDING,0.0,2026-01-23
4232,902827,0-30,3049,PENDING,0.0,2026-02-15
4233,902827,0-30,3049,PARTIAL,67601.56,2026-03-10
4234,902827,0-30,3049,PENDING,0.0,2026-04-01
4235,902827,0-30,3049,PENDING,0.0,2026-04-24
4236,902827,0-30,3049,PENDING,0.0,2026-05-17
4237,902827,30-60,3049,PARTIAL,18928.86,2026-06-09
4238,902827,60-90,3049,PARTIAL,84619.56,2026-07-02
4239,902827,90+,3049,PARTIAL,59954.28,2026-07-25
4240,902830,0-30,3024,PENDING,0.0,2025-10-05
4241,902830,0-30,3024,PENDING,0.0,2025-10-23
4242,902830,0-30,3024,PENDING,0.0,2025-11-10
4243,902830,0-30,3024,PENDING,0.0,2025-11-29
4244,902830,0-30,3024,PARTIAL,43947.45,2025-12-17
4245,902830,0-30,3024,PENDING,0.0,2026-01-04
4246,902830,0-30,3024,PENDING,0.0,2026-01-23
4247,902830,0-30,3024,PARTIAL,131993.47,2026-02-10
4248,902830,0-30,3024,PARTIAL,58267.92,2026-02-28
4249,902830,0-30,3024,PARTIAL,97861.84,2026-03-18
4250,902830,0-30,3024,PARTIAL,139322.82,2026-04-06
4251,902830,0-30,3024,PENDING,0.0,2026-04-24
4252,902830,0-30,3024,PENDING,0.0,2026-05-12
4253,902830,0-30,3024,PENDING,0.0,2026-05-31
4254,902830,30-60,3024,PENDING,0.0,2026-06-18
4255,902830,60-90,3024,PARTIAL,46857.87,2026-07-06
4256,902830,90+,3024,PENDING,0.0,2026-07-25
4257,902834,30-60,3062,RECOVERED,37366.98,2026-07-25
4258,902835,0-30,3058,PENDING,0.0,2026-07-16
4259,902835,0-30,3058,PENDING,0.0,2026-07-25
4260,902836,0-30,3026,PARTIAL,14758.24,2025-09-14
4261,902836,0-30,3026,PENDING,0.0,2025-10-08
4262,902836,0-30,3026,PENDING,0.0,2025-11-01
4263,902836,0-30,3026,PENDING,0.0,2025-11-25
4264,902836,0-30,3026,PARTIAL,5744.58,2025-12-19
4265,902836,0-30,3026,PARTIAL,4553.94,2026-01-12
4266,902836,0-30,3026,PENDING,0.0,2026-02-06
4267,902836,0-30,3026,PENDING,0.0,2026-03-02
4268,902836,0-30,3026,PARTIAL,4404.38,2026-03-26
4269,902836,0-30,3026,PARTIAL,18422.09,2026-04-19
4270,902836,0-30,3026,PARTIAL,15510.91,2026-05-13
4271,902836,30-60,3026,PENDING,0.0,2026-06-06
4272,902836,60-90,3026,PARTIAL,10598.6,2026-06-30
4273,902836,90+,3026,PARTIAL,16571.62,2026-07-25
4274,902837,0-30,3004,PARTIAL,3298.08,2026-07-25
4275,902846,0-30,3039,PARTIAL,1567.51,2026-07-01
4276,902846,30-60,3039,PENDING,0.0,2026-07-25
4277,902848,30-60,3019,PARTIAL,14377.92,2026-07-25
4278,902849,0-30,3019,PENDING,0.0,2025-10-31
4279,902849,0-30,3019,PENDING,0.0,2025-12-08
4280,902849,0-30,3019,PENDING,0.0,2026-01-15
4281,902849,0-30,3019,PENDING,0.0,2026-02-22
4282,902849,0-30,3019,PENDING,0.0,2026-04-01
4283,902849,30-60,3019,PENDING,0.0,2026-05-09
4284,902849,60-90,3019,PENDING,0.0,2026-06-16
4285,902849,90+,3019,PARTIAL,116498.37,2026-07-25
4286,902853,0-30,3050,PENDING,0.0,2026-01-02
4287,902853,0-30,3050,PENDING,0.0,2026-01-31
4288,902853,0-30,3050,PARTIAL,1649.43,2026-03-01
4289,902853,0-30,3050,PARTIAL,1450.84,2026-03-30
4290,902853,0-30,3050,PENDING,0.0,2026-04-28
4291,902853,30-60,3050,PENDING,0.0,2026-05-27
4292,902853,60-90,3050,PENDING,0.0,2026-06-25
4293,902853,90+,3050,PARTIAL,1066.26,2026-07-25
4294,902854,0-30,3024,PARTIAL,8231.64,2025-08-22
4295,902854,0-30,3024,PENDING,0.0,2025-09-19
4296,902854,0-30,3024,PENDING,0.0,2025-10-17
4297,902854,0-30,3024,PENDING,0.0,2025-11-14
4298,902854,0-30,3024,PENDING,0.0,2025-12-12
4299,902854,0-30,3024,PARTIAL,4864.57,2026-01-09
4300,902854,0-30,3024,PARTIAL,9218.52,2026-02-06
4301,902854,0-30,3024,PENDING,0.0,2026-03-06
4302,902854,0-30,3024,PENDING,0.0,2026-04-03
4303,902854,0-30,3024,PARTIAL,4585.32,2026-05-01
4304,902854,30-60,3024,PENDING,0.0,2026-05-29
4305,902854,60-90,3024,PENDING,0.0,2026-06-26
4306,902854,90+,3024,PARTIAL,7191.68,2026-07-25
4307,902855,0-30,3028,PENDING,0.0,2026-06-27
4308,902855,0-30,3028,PARTIAL,6745.7,2026-07-11
4309,902855,30-60,3028,PARTIAL,6985.57,2026-07-25
4310,902858,0-30,3013,PARTIAL,3414.3,2026-06-26
4311,902858,0-30,3013,PENDING,0.0,2026-07-10
4312,902858,30-60,3013,PENDING,0.0,2026-07-25
4313,902859,0-30,3055,PENDING,0.0,2025-09-28
4314,902859,0-30,3055,PENDING,0.0,2025-10-31
4315,902859,0-30,3055,PARTIAL,155820.8,2025-12-03
4316,902859,0-30,3055,PENDING,0.0,2026-01-06
4317,902859,0-30,3055,PARTIAL,174522.75,2026-02-08
4318,902859,0-30,3055,PARTIAL,86231.9,2026-03-13
4319,902859,0-30,3055,PENDING,0.0,2026-04-16
4320,902859,30-60,3055,PENDING,0.0,2026-05-19
4321,902859,60-90,3055,PENDING,0.0,2026-06-21
4322,902859,90+,3055,PENDING,0.0,2026-07-25
4323,902863,0-30,3078,PENDING,0.0,2025-10-05
4324,902863,0-30,3078,PENDING,0.0,2025-10-29
4325,902863,0-30,3078,PARTIAL,82253.31,2025-11-23
4326,902863,0-30,3078,PARTIAL,208533.27,2025-12-17
4327,902863,0-30,3078,PARTIAL,227007.7,2026-01-10
4328,902863,0-30,3078,PENDING,0.0,2026-02-04
4329,902863,0-30,3078,PENDING,0.0,2026-02-28
4330,902863,0-30,3078,PENDING,0.0,2026-03-25
4331,902863,0-30,3078,PENDING,0.0,2026-04-18
4332,902863,0-30,3078,PARTIAL,161725.75,2026-05-12
4333,902863,30-60,3078,PENDING,0.0,2026-06-06
4334,902863,60-90,3078,PENDING,0.0,2026-06-30
4335,902863,90+,3078,PENDING,0.0,2026-07-25
4336,902865,0-30,3070,PENDING,0.0,2025-12-26
4337,902865,0-30,3070,PENDING,0.0,2026-01-13
4338,902865,0-30,3070,PENDING,0.0,2026-01-30
4339,902865,0-30,3070,PENDING,0.0,2026-02-17
4340,902865,0-30,3070,PARTIAL,63903.38,2026-03-06
4341,902865,0-30,3070,PARTIAL,70698.35,2026-03-24
4342,902865,0-30,3070,PENDING,0.0,2026-04-10
4343,902865,0-30,3070,PENDING,0.0,2026-04-28
4344,902865,0-30,3070,PARTIAL,76701.86,2026-05-15
4345,902865,0-30,3070,PARTIAL,27340.13,2026-06-02
4346,902865,30-60,3070,PENDING,0.0,2026-06-19
4347,902865,60-90,3070,PARTIAL,90785.61,2026-07-07
4348,902865,90+,3070,PENDING,0.0,2026-07-25
4349,902870,0-30,3071,PARTIAL,6497.74,2026-06-27
4350,902870,0-30,3071,PENDING,0.0,2026-07-11
4351,902870,30-60,3071,PENDING,0.0,2026-07-25
4352,902875,0-30,3010,PARTIAL,4915.37,2026-06-21
4353,902875,0-30,3010,PENDING,0.0,2026-07-08
4354,902875,30-60,3010,PENDING,0.0,2026-07-25
4355,902878,0-30,3052,PENDING,0.0,2026-03-09
4356,902878,0-30,3052,PENDING,0.0,2026-04-01
4357,902878,0-30,3052,PARTIAL,12712.72,2026-04-24
4358,902878,0-30,3052,PENDING,0.0,2026-05-17
4359,902878,30-60,3052,PARTIAL,8260.01,2026-06-09
4360,902878,60-90,3052,PARTIAL,5107.54,2026-07-02
4361,902878,90+,3052,PARTIAL,18396.67,2026-07-25
4362,902882,0-30,3080,PENDING,0.0,2026-07-03
4363,902882,30-60,3080,PENDING,0.0,2026-07-25
4364,902883,0-30,3065,PENDING,0.0,2025-12-05
4365,902883,0-30,3065,PENDING,0.0,2025-12-28
4366,902883,0-30,3065,PENDING,0.0,2026-01-20
4367,902883,0-30,3065,PENDING,0.0,2026-02-12
4368,902883,0-30,3065,PENDING,0.0,2026-03-07
4369,902883,0-30,3065,PENDING,0.0,2026-03-31
4370,902883,0-30,3065,PENDING,0.0,2026-04-23
4371,902883,0-30,3065,PENDING,0.0,2026-05-16
4372,902883,30-60,3065,PENDING,0.0,2026-06-08
4373,902883,60-90,3065,PENDING,0.0,2026-07-01
4374,902883,90+,3065,PARTIAL,15869.93,2026-07-25
4375,902888,0-30,3058,PENDING,0.0,2025-11-30
4376,902888,0-30,3058,PENDING,0.0,2025-12-26
4377,902888,0-30,3058,PENDING,0.0,2026-01-21
4378,902888,0-30,3058,PENDING,0.0,2026-02-17
4379,902888,0-30,3058,PARTIAL,187226.22,2026-03-15
4380,902888,0-30,3058,PENDING,0.0,2026-04-10
4381,902888,0-30,3058,PENDING,0.0,2026-05-07
4382,902888,30-60,3058,PENDING,0.0,2026-06-02
4383,902888,60-90,3058,PENDING,0.0,2026-06-28
4384,902888,90+,3058,PENDING,0.0,2026-07-25
4385,902899,0-30,3071,PARTIAL,24849.22,2026-07-10
4386,902899,0-30,3071,PARTIAL,12062.03,2026-07-25
4387,902902,0-30,3013,PENDING,0.0,2026-01-07
4388,902902,0-30,3013,PENDING,0.0,2026-01-27
4389,902902,0-30,3013,PARTIAL,44556.08,2026-02-16
4390,902902,0-30,3013,PENDING,0.0,2026-03-08
4391,902902,0-30,3013,PENDING,0.0,2026-03-28
4392,902902,0-30,3013,PENDING,0.0,2026-04-16
4393,902902,0-30,3013,PENDING,0.0,2026-05-06
4394,902902,0-30,3013,PENDING,0.0,2026-05-26
4395,902902,30-60,3013,PENDING,0.0,2026-06-15
4396,902902,60-90,3013,PENDING,0.0,2026-07-05
4397,902902,90+,3013,PENDING,0.0,2026-07-25
4398,902907,0-30,3002,PENDING,0.0,2025-10-19
4399,902907,0-30,3002,PARTIAL,1204.95,2025-11-16
4400,902907,0-30,3002,PARTIAL,859.34,2025-12-14
4401,902907,0-30,3002,PENDING,0.0,2026-01-11
4402,902907,0-30,3002,PENDING,0.0,2026-02-08
4403,902907,0-30,3002,PENDING,0.0,2026-03-07
4404,902907,0-30,3002,PARTIAL,1870.45,2026-04-04
4405,902907,0-30,3002,PARTIAL,1604.13,2026-05-02
4406,902907,30-60,3002,PARTIAL,1095.67,2026-05-30
4407,902907,60-90,3002,PARTIAL,298.66,2026-06-27
4408,902907,90+,3002,PARTIAL,2494.74,2026-07-25
4409,902908,30-60,3028,PENDING,0.0,2026-07-25
4410,902915,0-30,3068,PARTIAL,191582.64,2025-11-08
4411,902915,0-30,3068,PENDING,0.0,2025-12-04
4412,902915,0-30,3068,PENDING,0.0,2025-12-30
4413,902915,0-30,3068,PENDING,0.0,2026-01-25
4414,902915,0-30,3068,PENDING,0.0,2026-02-20
4415,902915,0-30,3068,PENDING,0.0,2026-03-17
4416,902915,0-30,3068,PENDING,0.0,2026-04-12
4417,902915,0-30,3068,PENDING,0.0,2026-05-08
4418,902915,30-60,3068,PENDING,0.0,2026-06-03
4419,902915,60-90,3068,PARTIAL,202413.76,2026-06-29
4420,902915,90+,3068,PARTIAL,134184.36,2026-07-25
4421,902919,0-30,3052,PARTIAL,29982.28,2026-07-05
4422,902919,30-60,3052,PENDING,0.0,2026-07-25
4423,902921,30-60,3049,PENDING,0.0,2026-07-25
4424,902923,0-30,3030,PARTIAL,1134.97,2026-06-19
4425,902923,0-30,3030,PARTIAL,989.01,2026-06-28
4426,902923,0-30,3030,PARTIAL,1478.19,2026-07-07
4427,902923,0-30,3030,PENDING,0.0,2026-07-16
4428,902923,30-60,3030,PARTIAL,1789.14,2026-07-25
4429,902929,0-30,3003,RECOVERED,126050.37,2026-07-25
4430,902931,0-30,3032,PENDING,0.0,2026-01-09
4431,902931,0-30,3032,PENDING,0.0,2026-01-23
4432,902931,0-30,3032,PARTIAL,51581.68,2026-02-06
4433,902931,0-30,3032,PENDING,0.0,2026-02-20
4434,902931,0-30,3032,PENDING,0.0,2026-03-06
4435,902931,0-30,3032,PENDING,0.0,2026-03-20
4436,902931,0-30,3032,PENDING,0.0,2026-04-03
4437,902931,0-30,3032,PENDING,0.0,2026-04-17
4438,902931,0-30,3032,PENDING,0.0,2026-05-01
4439,902931,0-30,3032,PENDING,0.0,2026-05-15
4440,902931,0-30,3032,PARTIAL,121337.4,2026-05-29
4441,902931,0-30,3032,PENDING,0.0,2026-06-12
4442,902931,30-60,3032,PENDING,0.0,2026-06-26
4443,902931,60-90,3032,PENDING,0.0,2026-07-10
4444,902931,90+,3032,PENDING,0.0,2026-07-25
4445,902932,30-60,3075,PARTIAL,560.22,2026-07-25
4446,902934,0-30,3075,PENDING,0.0,2025-09-20
4447,902934,0-30,3075,PENDING,0.0,2025-10-12
4448,902934,0-30,3075,PENDING,0.0,2025-11-03
4449,902934,0-30,3075,PARTIAL,7319.36,2025-11-25
4450,902934,0-30,3075,PARTIAL,6295.27,2025-12-17
4451,902934,0-30,3075,PARTIAL,6947.91,2026-01-08
4452,902934,0-30,3075,PARTIAL,5125.7,2026-01-30
4453,902934,0-30,3075,PENDING,0.0,2026-02-21
4454,902934,0-30,3075,PENDING,0.0,2026-03-15
4455,902934,0-30,3075,PARTIAL,1543.15,2026-04-06
4456,902934,0-30,3075,PENDING,0.0,2026-04-28
4457,902934,0-30,3075,PENDING,0.0,2026-05-20
4458,902934,30-60,3075,PARTIAL,1899.48,2026-06-11
4459,902934,60-90,3075,PENDING,0.0,2026-07-03
4460,902934,90+,3075,PENDING,0.0,2026-07-25
4461,902937,0-30,3050,PENDING,0.0,2026-01-30
4462,902937,0-30,3050,PENDING,0.0,2026-02-24
4463,902937,0-30,3050,PENDING,0.0,2026-03-21
4464,902937,0-30,3050,PARTIAL,77491.55,2026-04-15
4465,902937,0-30,3050,PENDING,0.0,2026-05-10
4466,902937,30-60,3050,PENDING,0.0,2026-06-04
4467,902937,60-90,3050,PARTIAL,222219.3,2026-06-29
4468,902937,90+,3050,PENDING,0.0,2026-07-25
4469,902939,0-30,3021,PENDING,0.0,2026-07-07
4470,902939,0-30,3021,PARTIAL,3905.48,2026-07-16
4471,902939,0-30,3021,PENDING,0.0,2026-07-25
4472,902940,60-90,3002,PARTIAL,4431.43,2026-07-25
4473,902943,0-30,3018,PENDING,0.0,2025-12-15
4474,902943,0-30,3018,PENDING,0.0,2026-01-04
4475,902943,0-30,3018,PENDING,0.0,2026-01-24
4476,902943,0-30,3018,PENDING,0.0,2026-02-13
4477,902943,0-30,3018,PENDING,0.0,2026-03-05
4478,902943,0-30,3018,PENDING,0.0,2026-03-26
4479,902943,0-30,3018,PENDING,0.0,2026-04-15
4480,902943,0-30,3018,PENDING,0.0,2026-05-05
4481,902943,0-30,3018,PENDING,0.0,2026-05-25
4482,902943,30-60,3018,PARTIAL,25368.24,2026-06-14
4483,902943,60-90,3018,PARTIAL,71384.74,2026-07-04
4484,902943,90+,3018,PENDING,0.0,2026-07-25
4485,902949,0-30,3018,PARTIAL,4814.44,2026-07-09
4486,902949,30-60,3018,PENDING,0.0,2026-07-25
4487,902958,0-30,3078,PENDING,0.0,2026-07-15
4488,902958,0-30,3078,PARTIAL,10232.09,2026-07-25
4489,902960,0-30,3033,PARTIAL,2908.05,2026-06-30
4490,902960,30-60,3033,PENDING,0.0,2026-07-25
4491,902961,0-30,3053,PENDING,0.0,2026-07-05
4492,902961,30-60,3053,PENDING,0.0,2026-07-25
4493,902962,0-30,3037,PARTIAL,6400.82,2026-05-20
4494,902962,0-30,3037,PARTIAL,6668.02,2026-06-05
4495,902962,0-30,3037,PENDING,0.0,2026-06-22
4496,902962,30-60,3037,PENDING,0.0,2026-07-08
4497,902962,60-90,3037,PENDING,0.0,2026-07-25
4498,902964,0-30,3077,PARTIAL,47638.41,2026-05-25
4499,902964,0-30,3077,PENDING,0.0,2026-06-09
4500,902964,0-30,3077,PENDING,0.0,2026-06-24
4501,902964,30-60,3077,PARTIAL,27990.2,2026-07-09
4502,902964,60-90,3077,PARTIAL,40026.15,2026-07-25
4503,902970,0-30,3029,PENDING,0.0,2026-07-25
4504,902972,30-60,3071,PARTIAL,12842.93,2026-07-25
4505,902974,0-30,3021,PARTIAL,1814.29,2026-07-05
4506,902974,30-60,3021,PENDING,0.0,2026-07-25
4507,902976,0-30,3023,PENDING,0.0,2025-09-09
4508,902976,0-30,3023,PARTIAL,60023.22,2025-10-14
4509,902976,0-30,3023,PARTIAL,140027.45,2025-11-19
4510,902976,0-30,3023,PARTIAL,61960.92,2025-12-24
4511,902976,0-30,3023,PARTIAL,156598.52,2026-01-29
4512,902976,0-30,3023,PENDING,0.0,2026-03-05
4513,902976,0-30,3023,PARTIAL,159115.78,2026-04-09
4514,902976,30-60,3023,PENDING,0.0,2026-05-15
4515,902976,60-90,3023,PENDING,0.0,2026-06-19
4516,902976,90+,3023,PARTIAL,59935.06,2026-07-25
4517,902977,0-30,3076,PENDING,0.0,2026-02-19
4518,902977,0-30,3076,PENDING,0.0,2026-03-07
4519,902977,0-30,3076,PARTIAL,112282.72,2026-03-22
4520,902977,0-30,3076,PENDING,0.0,2026-04-07
4521,902977,0-30,3076,PENDING,0.0,2026-04-22
4522,902977,0-30,3076,PARTIAL,59013.67,2026-05-08
4523,902977,0-30,3076,PENDING,0.0,2026-05-23
4524,902977,0-30,3076,PENDING,0.0,2026-06-08
4525,902977,30-60,3076,PARTIAL,85657.26,2026-06-23
4526,902977,60-90,3076,PENDING,0.0,2026-07-09
4527,902977,90+,3076,PARTIAL,136678.47,2026-07-25
4528,902979,0-30,3023,PENDING,0.0,2026-05-31
4529,902979,0-30,3023,PENDING,0.0,2026-06-18
4530,902979,30-60,3023,PENDING,0.0,2026-07-06
4531,902979,60-90,3023,PARTIAL,30174.87,2026-07-25
4532,902983,0-30,3068,PARTIAL,60192.39,2026-06-29
4533,902983,0-30,3068,PARTIAL,8145.91,2026-07-12
4534,902983,30-60,3068,PENDING,0.0,2026-07-25
4535,902992,0-30,3032,PENDING,0.0,2026-03-17
4536,902992,0-30,3032,PENDING,0.0,2026-04-12
4537,902992,0-30,3032,PENDING,0.0,2026-05-08
4538,902992,30-60,3032,PENDING,0.0,2026-06-03
4539,902992,60-90,3032,PENDING,0.0,2026-06-29
4540,902992,90+,3032,WRITE_OFF,287.29,2026-07-25
4541,902993,0-30,3040,PENDING,0.0,2026-07-06
4542,902993,30-60,3040,PENDING,0.0,2026-07-25
4543,903008,0-30,3073,PARTIAL,141485.78,2026-02-28
4544,903008,0-30,3073,PENDING,0.0,2026-03-21
4545,903008,0-30,3073,PENDING,0.0,2026-04-11
4546,903008,0-30,3073,PENDING,0.0,2026-05-02
4547,903008,0-30,3073,PENDING,0.0,2026-05-23
4548,903008,30-60,3073,PENDING,0.0,2026-06-13
4549,903008,60-90,3073,PENDING,0.0,2026-07-04
4550,903008,90+,3073,PENDING,0.0,2026-07-25
4551,903017,0-30,3057,PARTIAL,3377.5,2026-02-23
4552,903017,0-30,3057,PARTIAL,3649.68,2026-03-25
4553,903017,0-30,3057,PENDING,0.0,2026-04-25
4554,903017,30-60,3057,PARTIAL,1061.15,2026-05-25
4555,903017,60-90,3057,PENDING,0.0,2026-06-24
4556,903017,90+,3057,PARTIAL,1435.31,2026-07-25
4557,903018,0-30,3022,PENDING,0.0,2026-07-01
4558,903018,30-60,3022,PENDING,0.0,2026-07-25
4559,903026,0-30,3013,PENDING,0.0,2026-02-20
4560,903026,0-30,3013,PENDING,0.0,2026-03-23
4561,903026,0-30,3013,PARTIAL,5391.94,2026-04-23
4562,903026,30-60,3013,PENDING,0.0,2026-05-24
4563,903026,60-90,3013,PARTIAL,9343.63,2026-06-24
4564,903026,90+,3013,PARTIAL,5416.88,2026-07-25
4565,903027,30-60,3076,PENDING,0.0,2026-07-25
4566,903029,0-30,3035,PENDING,0.0,2026-06-26
4567,903029,0-30,3035,PENDING,0.0,2026-07-10
4568,903029,30-60,3035,PARTIAL,34833.89,2026-07-25
4569,903030,0-30,3065,PARTIAL,34521.39,2026-07-25
4570,903033,0-30,3055,PARTIAL,373034.64,2026-01-22
4571,903033,30-60,3055,PARTIAL,209201.18,2026-03-24
4572,903033,60-90,3055,PENDING,0.0,2026-05-24
4573,903033,90+,3055,PENDING,0.0,2026-07-25
4574,903036,30-60,3049,PARTIAL,73787.61,2026-07-25
4575,903039,30-60,3044,PARTIAL,51505.59,2026-07-25
4576,903040,0-30,3029,PARTIAL,14250.32,2026-06-29
4577,903040,30-60,3029,PARTIAL,23059.8,2026-07-25
4578,903041,0-30,3045,PARTIAL,649.85,2026-06-29
4579,903041,30-60,3045,PARTIAL,2471.71,2026-07-25
4580,903042,30-60,3049,PARTIAL,75145.86,2026-04-24
4581,903042,60-90,3049,PENDING,0.0,2026-06-09
4582,903042,90+,3049,PARTIAL,18225.97,2026-07-25
4583,903048,0-30,3012,PARTIAL,127491.81,2025-08-22
4584,903048,0-30,3012,PENDING,0.0,2025-09-19
4585,903048,0-30,3012,PARTIAL,41345.76,2025-10-17
4586,903048,0-30,3012,PARTIAL,158580.04,2025-11-14
4587,903048,0-30,3012,PENDING,0.0,2025-12-12
4588,903048,0-30,3012,PARTIAL,93311.06,2026-01-09
4589,903048,0-30,3012,PENDING,0.0,2026-02-06
4590,903048,0-30,3012,PENDING,0.0,2026-03-06
4591,903048,0-30,3012,PENDING,0.0,2026-04-03
4592,903048,0-30,3012,PARTIAL,197743.15,2026-05-01
4593,903048,30-60,3012,PENDING,0.0,2026-05-29
4594,903048,60-90,3012,PENDING,0.0,2026-06-26
4595,903048,90+,3012,PARTIAL,212442.59,2026-07-25
4596,903053,0-30,3050,PARTIAL,4517.43,2026-07-02
4597,903053,30-60,3050,PARTIAL,6222.81,2026-07-25
4598,903054,0-30,3016,PENDING,0.0,2025-11-24
4599,903054,0-30,3016,PENDING,0.0,2025-12-16
4600,903054,0-30,3016,PENDING,0.0,2026-01-07
4601,903054,0-30,3016,PARTIAL,36006.71,2026-01-29
4602,903054,0-30,3016,PARTIAL,133045.34,2026-02-20
4603,903054,0-30,3016,PARTIAL,101063.48,2026-03-14
4604,903054,0-30,3016,PENDING,0.0,2026-04-05
4605,903054,0-30,3016,PENDING,0.0,2026-04-27
4606,903054,0-30,3016,PARTIAL,86831.83,2026-05-19
4607,903054,30-60,3016,PARTIAL,59434.59,2026-06-10
4608,903054,60-90,3016,PENDING,0.0,2026-07-02
4609,903054,90+,3016,WRITE_OFF,2005.82,2026-07-25
4610,903056,0-30,3017,PARTIAL,5420.55,2026-06-19
4611,903056,0-30,3017,PARTIAL,1043.29,2026-07-07
4612,903056,30-60,3017,PARTIAL,2887.89,2026-07-25
4613,903062,0-30,3042,PENDING,0.0,2025-11-28
4614,903062,0-30,3042,PARTIAL,469986.67,2025-12-22
4615,903062,0-30,3042,PENDING,0.0,2026-01-15
4616,903062,0-30,3042,PENDING,0.0,2026-02-08
4617,903062,0-30,3042,PENDING,0.0,2026-03-04
4618,903062,0-30,3042,PARTIAL,330783.84,2026-03-27
4619,903062,0-30,3042,PENDING,0.0,2026-04-20
4620,903062,0-30,3042,PENDING,0.0,2026-05-14
4621,903062,30-60,3042,PARTIAL,91576.04,2026-06-07
4622,903062,60-90,3042,PENDING,0.0,2026-07-01
4623,903062,90+,3042,PENDING,0.0,2026-07-25
4624,903065,30-60,3038,PENDING,0.0,2026-07-25
4625,903072,30-60,3039,PENDING,0.0,2026-07-25
4626,903078,0-30,3037,PARTIAL,341817.49,2025-08-19
4627,903078,0-30,3037,PENDING,0.0,2025-09-11
4628,903078,0-30,3037,PENDING,0.0,2025-10-03
4629,903078,0-30,3037,PENDING,0.0,2025-10-26
4630,903078,0-30,3037,PENDING,0.0,2025-11-18
4631,903078,0-30,3037,PENDING,0.0,2025-12-10
4632,903078,0-30,3037,PARTIAL,410728.38,2026-01-02
4633,903078,0-30,3037,PENDING,0.0,2026-01-25
4634,903078,0-30,3037,PARTIAL,227219.5,2026-02-16
4635,903078,0-30,3037,PENDING,0.0,2026-03-11
4636,903078,0-30,3037,PENDING,0.0,2026-04-02
4637,903078,0-30,3037,PARTIAL,204279.94,2026-04-25
4638,903078,0-30,3037,PARTIAL,290357.15,2026-05-18
4639,903078,30-60,3037,PENDING,0.0,2026-06-09
4640,903078,60-90,3037,PARTIAL,60279.63,2026-07-02
4641,903078,90+,3037,PARTIAL,509584.11,2026-07-25
4642,903080,0-30,3037,PENDING,0.0,2026-02-19
4643,903080,0-30,3037,PENDING,0.0,2026-03-17
4644,903080,0-30,3037,PENDING,0.0,2026-04-12
4645,903080,0-30,3037,PENDING,0.0,2026-05-08
4646,903080,30-60,3037,PENDING,0.0,2026-06-03
4647,903080,60-90,3037,PENDING,0.0,2026-06-29
4648,903080,90+,3037,WRITE_OFF,921.23,2026-07-25
4649,903086,0-30,3019,PARTIAL,54307.7,2026-06-27
4650,903086,30-60,3019,PARTIAL,20615.89,2026-07-25
4651,903090,30-60,3080,PENDING,0.0,2026-07-25
4652,903091,0-30,3067,PENDING,0.0,2025-10-23
4653,903091,0-30,3067,PENDING,0.0,2025-11-19
4654,903091,0-30,3067,PARTIAL,10869.23,2025-12-17
4655,903091,0-30,3067,PARTIAL,11869.63,2026-01-13
4656,903091,0-30,3067,PENDING,0.0,2026-02-10
4657,903091,0-30,3067,PENDING,0.0,2026-03-09
4658,903091,0-30,3067,PARTIAL,11628.71,2026-04-06
4659,903091,0-30,3067,PENDING,0.0,2026-05-03
4660,903091,30-60,3067,PENDING,0.0,2026-05-31
4661,903091,60-90,3067,PENDING,0.0,2026-06-27
4662,903091,90+,3067,WRITE_OFF,156.0,2026-07-25
4663,903096,0-30,3037,PENDING,0.0,2026-07-04
4664,903096,30-60,3037,PENDING,0.0,2026-07-25
4665,903102,0-30,3056,PARTIAL,80669.05,2025-11-21
4666,903102,0-30,3056,PENDING,0.0,2025-12-18
4667,903102,0-30,3056,PENDING,0.0,2026-01-14
4668,903102,0-30,3056,PENDING,0.0,2026-02-11
4669,903102,0-30,3056,PENDING,0.0,2026-03-10
4670,903102,0-30,3056,PENDING,0.0,2026-04-06
4671,903102,0-30,3056,PENDING,0.0,2026-05-04
4672,903102,30-60,3056,PENDING,0.0,2026-05-31
4673,903102,60-90,3056,PENDING,0.0,2026-06-27
4674,903102,90+,3056,WRITE_OFF,6552.68,2026-07-25
4675,903104,0-30,3051,PENDING,0.0,2026-07-25
4676,903108,0-30,3070,PENDING,0.0,2026-07-25
4677,903110,0-30,3024,PARTIAL,93764.92,2026-03-07
4678,903110,0-30,3024,PENDING,0.0,2026-03-27
4679,903110,0-30,3024,PENDING,0.0,2026-04-16
4680,903110,0-30,3024,PENDING,0.0,2026-05-06
4681,903110,0-30,3024,PARTIAL,48803.08,2026-05-26
4682,903110,30-60,3024,PENDING,0.0,2026-06-15
4683,903110,60-90,3024,PARTIAL,131906.7,2026-07-05
4684,903110,90+,3024,WRITE_OFF,27453.55,2026-07-25
4685,903112,0-30,3024,PARTIAL,7080.94,2026-06-05
4686,903112,30-60,3024,PENDING,0.0,2026-06-30
4687,903112,60-90,3024,PENDING,0.0,2026-07-25
4688,903115,0-30,3024,PARTIAL,18672.85,2026-02-20
4689,903115,0-30,3024,PARTIAL,13581.39,2026-03-18
4690,903115,0-30,3024,PENDING,0.0,2026-04-13
4691,903115,0-30,3024,PENDING,0.0,2026-05-08
4692,903115,30-60,3024,PENDING,0.0,2026-06-03
4693,903115,60-90,3024,PENDING,0.0,2026-06-29
4694,903115,90+,3024,PENDING,0.0,2026-07-25
4695,903116,0-30,3068,PARTIAL,26369.33,2026-06-14
4696,903116,0-30,3068,PENDING,0.0,2026-06-24
4697,903116,0-30,3068,PENDING,0.0,2026-07-04
4698,903116,0-30,3068,PENDING,0.0,2026-07-14
4699,903116,30-60,3068,PENDING,0.0,2026-07-25
4700,903132,0-30,3062,PENDING,0.0,2026-07-25
4701,903135,0-30,3047,PARTIAL,99702.97,2026-05-27
4702,903135,0-30,3047,PENDING,0.0,2026-06-16
4703,903135,30-60,3047,PENDING,0.0,2026-07-05
4704,903135,60-90,3047,PENDING,0.0,2026-07-25
4705,903136,30-60,3060,PENDING,0.0,2026-07-25
4706,903138,0-30,3058,PENDING,0.0,2025-12-24
4707,903138,0-30,3058,PENDING,0.0,2026-01-28
4708,903138,0-30,3058,PENDING,0.0,2026-03-05
4709,903138,0-30,3058,PENDING,0.0,2026-04-09
4710,903138,30-60,3058,PENDING,0.0,2026-05-15
4711,903138,60-90,3058,PARTIAL,47995.83,2026-06-19
4712,903138,90+,3058,PENDING,0.0,2026-07-25
4713,903141,0-30,3044,PENDING,0.0,2025-12-02
4714,903141,0-30,3044,PENDING,0.0,2025-12-20
4715,903141,0-30,3044,PENDING,0.0,2026-01-07
4716,903141,0-30,3044,PENDING,0.0,2026-01-25
4717,903141,0-30,3044,PENDING,0.0,2026-02-12
4718,903141,0-30,3044,PENDING,0.0,2026-03-02
4719,903141,0-30,3044,PENDING,0.0,2026-03-20
4720,903141,0-30,3044,PARTIAL,101071.56,2026-04-07
4721,903141,0-30,3044,PENDING,0.0,2026-04-25
4722,903141,0-30,3044,PARTIAL,48337.41,2026-05-13
4723,903141,0-30,3044,PARTIAL,16337.85,2026-05-31
4724,903141,30-60,3044,PENDING,0.0,2026-06-18
4725,903141,60-90,3044,PENDING,0.0,2026-07-06
4726,903141,90+,3044,PENDING,0.0,2026-07-25
4727,903142,60-90,3006,PENDING,0.0,2026-07-25
4728,903144,0-30,3043,PENDING,0.0,2026-02-19
4729,903144,0-30,3043,PENDING,0.0,2026-03-10
4730,903144,0-30,3043,PENDING,0.0,2026-03-30
4731,903144,0-30,3043,PENDING,0.0,2026-04-18
4732,903144,0-30,3043,PARTIAL,71486.74,2026-05-08
4733,903144,0-30,3043,PENDING,0.0,2026-05-27
4734,903144,30-60,3043,PENDING,0.0,2026-06-16
4735,903144,60-90,3043,PENDING,0.0,2026-07-05
4736,903144,90+,3043,WRITE_OFF,10814.22,2026-07-25
4737,903147,0-30,3034,PARTIAL,2468.15,2026-07-02
4738,903147,30-60,3034,RECOVERED,8382.15,2026-07-25
4739,903152,0-30,3069,PENDING,0.0,2026-06-14
4740,903152,0-30,3069,PARTIAL,2466.76,2026-06-28
4741,903152,0-30,3069,PENDING,0.0,2026-07-11
4742,903152,30-60,3069,PENDING,0.0,2026-07-25
4743,903156,0-30,3016,PENDING,0.0,2026-07-01
4744,903156,0-30,3016,PENDING,0.0,2026-07-13
4745,903156,30-60,3016,PARTIAL,19424.17,2026-07-25
4746,903160,30-60,3066,PENDING,0.0,2026-07-25
4747,903169,0-30,3005,PENDING,0.0,2026-06-20
4748,903169,0-30,3005,PENDING,0.0,2026-07-07
4749,903169,30-60,3005,RECOVERED,68552.28,2026-07-25
4750,903177,0-30,3072,PENDING,0.0,2025-11-21
4751,903177,0-30,3072,PARTIAL,156704.37,2025-12-09
4752,903177,0-30,3072,PARTIAL,19581.26,2025-12-26
4753,903177,0-30,3072,PARTIAL,48270.1,2026-01-13
4754,903177,0-30,3072,PENDING,0.0,2026-01-30
4755,903177,0-30,3072,PENDING,0.0,2026-02-17
4756,903177,0-30,3072,PARTIAL,26350.38,2026-03-06
4757,903177,0-30,3072,PENDING,0.0,2026-03-24
4758,903177,0-30,3072,PENDING,0.0,2026-04-10
4759,903177,0-30,3072,PENDING,0.0,2026-04-28
4760,903177,0-30,3072,PENDING,0.0,2026-05-15
4761,903177,0-30,3072,PENDING,0.0,2026-06-02
4762,903177,30-60,3072,PENDING,0.0,2026-06-19
4763,903177,60-90,3072,PENDING,0.0,2026-07-07
4764,903177,90+,3072,WRITE_OFF,30858.52,2026-07-25
4765,903178,0-30,3071,PARTIAL,113411.92,2025-08-14
4766,903178,0-30,3071,PARTIAL,94626.37,2025-09-03
4767,903178,0-30,3071,PENDING,0.0,2025-09-23
4768,903178,0-30,3071,PARTIAL,122559.49,2025-10-14
4769,903178,0-30,3071,PENDING,0.0,2025-11-03
4770,903178,0-30,3071,PARTIAL,182798.44,2025-11-23
4771,903178,0-30,3071,PENDING,0.0,2025-12-13
4772,903178,0-30,3071,PENDING,0.0,2026-01-03
4773,903178,0-30,3071,PARTIAL,124669.94,2026-01-23
4774,903178,0-30,3071,PENDING,0.0,2026-02-12
4775,903178,0-30,3071,PARTIAL,29065.97,2026-03-05
4776,903178,0-30,3071,PENDING,0.0,2026-03-25
4777,903178,0-30,3071,PENDING,0.0,2026-04-14
4778,903178,0-30,3071,PARTIAL,86118.98,2026-05-04
4779,903178,0-30,3071,PENDING,0.0,2026-05-25
4780,903178,30-60,3071,PENDING,0.0,2026-06-14
4781,903178,60-90,3071,PENDING,0.0,2026-07-04
4782,903178,90+,3071,PARTIAL,19720.12,2026-07-25
4783,903183,30-60,3008,PENDING,0.0,2026-07-25
4784,903185,0-30,3060,PENDING,0.0,2026-07-09
4785,903185,30-60,3060,PENDING,0.0,2026-07-25
4786,903186,0-30,3047,PARTIAL,132933.42,2025-08-16
4787,903186,0-30,3047,PENDING,0.0,2025-09-08
4788,903186,0-30,3047,PENDING,0.0,2025-10-01
4789,903186,0-30,3047,PARTIAL,76895.03,2025-10-24
4790,903186,0-30,3047,PENDING,0.0,2025-11-16
4791,903186,0-30,3047,PENDING,0.0,2025-12-08
4792,903186,0-30,3047,PENDING,0.0,2025-12-31
4793,903186,0-30,3047,PENDING,0.0,2026-01-23
4794,903186,0-30,3047,PENDING,0.0,2026-02-15
4795,903186,0-30,3047,PENDING,0.0,2026-03-10
4796,903186,0-30,3047,PARTIAL,61364.43,2026-04-01
4797,903186,0-30,3047,PENDING,0.0,2026-04-24
4798,903186,0-30,3047,PENDING,0.0,2026-05-17
4799,903186,30-60,3047,PENDING,0.0,2026-06-09
4800,903186,60-90,3047,PENDING,0.0,2026-07-02
4801,903186,90+,3047,WRITE_OFF,60181.91,2026-07-25
4802,903187,30-60,3027,PARTIAL,17481.52,2026-07-25
4803,903189,0-30,3053,PARTIAL,485.48,2026-07-07
4804,903189,30-60,3053,PENDING,0.0,2026-07-25
4805,903193,0-30,3047,PENDING,0.0,2025-10-22
4806,903193,0-30,3047,PENDING,0.0,2025-11-25
4807,903193,0-30,3047,PENDING,0.0,2025-12-30
4808,903193,0-30,3047,PENDING,0.0,2026-02-02
4809,903193,0-30,3047,PENDING,0.0,2026-03-09
4810,903193,0-30,3047,PENDING,0.0,2026-04-12
4811,903193,30-60,3047,PARTIAL,901228.32,2026-05-17
4812,903193,60-90,3047,PENDING,0.0,2026-06-20
4813,903193,90+,3047,PENDING,0.0,2026-07-25
4814,903197,0-30,3063,PENDING,0.0,2026-05-21
4815,903197,0-30,3063,PARTIAL,28650.6,2026-06-01
4816,903197,0-30,3063,PENDING,0.0,2026-06-12
4817,903197,0-30,3063,PENDING,0.0,2026-06-22
4818,903197,0-30,3063,PENDING,0.0,2026-07-03
4819,903197,30-60,3063,PENDING,0.0,2026-07-14
4820,903197,60-90,3063,PENDING,0.0,2026-07-25
4821,903200,30-60,3078,PARTIAL,27975.42,2026-07-25
4822,903202,0-30,3057,PENDING,0.0,2026-05-28
4823,903202,0-30,3057,PARTIAL,33665.92,2026-06-11
4824,903202,0-30,3057,PENDING,0.0,2026-06-26
4825,903202,30-60,3057,PENDING,0.0,2026-07-10
4826,903202,60-90,3057,WRITE_OFF,20652.72,2026-07-25
4827,903204,0-30,3016,PENDING,0.0,2026-07-25
4828,903210,0-30,3024,PENDING,0.0,2026-03-16
4829,903210,0-30,3024,PENDING,0.0,2026-04-07
4830,903210,0-30,3024,PENDING,0.0,2026-04-29
4831,903210,0-30,3024,PENDING,0.0,2026-05-20
4832,903210,30-60,3024,PARTIAL,10277.34,2026-06-11
4833,903210,60-90,3024,PENDING,0.0,2026-07-03
4834,903210,90+,3024,PENDING,0.0,2026-07-25
4835,903212,30-60,3049,PENDING,0.0,2026-07-25
4836,903215,0-30,3005,PARTIAL,6660.28,2026-06-23
4837,903215,0-30,3005,PARTIAL,5456.16,2026-07-09
4838,903215,30-60,3005,PENDING,0.0,2026-07-25
4839,903216,0-30,3020,PARTIAL,32249.46,2026-07-25
4840,903220,30-60,3069,PARTIAL,2972.34,2026-07-25
4841,903221,0-30,3055,PENDING,0.0,2026-07-07
4842,903221,0-30,3055,PENDING,0.0,2026-07-16
4843,903221,0-30,3055,PARTIAL,22446.53,2026-07-25
4844,903223,0-30,3036,PENDING,0.0,2026-03-08
4845,903223,0-30,3036,PENDING,0.0,2026-03-25
4846,903223,0-30,3036,PARTIAL,16691.29,2026-04-12
4847,903223,0-30,3036,PENDING,0.0,2026-04-29
4848,903223,0-30,3036,PENDING,0.0,2026-05-16
4849,903223,0-30,3036,PARTIAL,147740.81,2026-06-03
4850,903223,30-60,3036,PENDING,0.0,2026-06-20
4851,903223,60-90,3036,PENDING,0.0,2026-07-07
4852,903223,90+,3036,PARTIAL,42334.98,2026-07-25
4853,903224,0-30,3056,PENDING,0.0,2025-12-07
4854,903224,0-30,3056,PENDING,0.0,2025-12-28
4855,903224,0-30,3056,PENDING,0.0,2026-01-18
4856,903224,0-30,3056,PENDING,0.0,2026-02-08
4857,903224,0-30,3056,PARTIAL,5399.42,2026-03-01
4858,903224,0-30,3056,PARTIAL,2274.01,2026-03-22
4859,903224,0-30,3056,PENDING,0.0,2026-04-11
4860,903224,0-30,3056,PENDING,0.0,2026-05-02
4861,903224,0-30,3056,PENDING,0.0,2026-05-23
4862,903224,30-60,3056,PENDING,0.0,2026-06-13
4863,903224,60-90,3056,PENDING,0.0,2026-07-04
4864,903224,90+,3056,PARTIAL,993.14,2026-07-25
4865,903227,0-30,3030,PENDING,0.0,2026-07-25
4866,903229,0-30,3039,PARTIAL,122374.19,2026-02-21
4867,903229,0-30,3039,PENDING,0.0,2026-03-10
4868,903229,0-30,3039,PENDING,0.0,2026-03-27
4869,903229,0-30,3039,PARTIAL,102996.71,2026-04-13
4870,903229,0-30,3039,PARTIAL,49343.26,2026-04-30
4871,903229,0-30,3039,PENDING,0.0,2026-05-17
4872,903229,0-30,3039,PENDING,0.0,2026-06-03
4873,903229,30-60,3039,PENDING,0.0,2026-06-20
4874,903229,60-90,3039,PENDING,0.0,2026-07-07
4875,903229,90+,3039,PENDING,0.0,2026-07-25
4876,903242,0-30,3034,PENDING,0.0,2025-12-07
4877,903242,0-30,3034,PENDING,0.0,2025-12-30
4878,903242,0-30,3034,PENDING,0.0,2026-01-22
4879,903242,0-30,3034,PARTIAL,62099.13,2026-02-14
4880,903242,0-30,3034,PENDING,0.0,2026-03-09
4881,903242,0-30,3034,PARTIAL,62304.47,2026-04-01
4882,903242,0-30,3034,PENDING,0.0,2026-04-24
4883,903242,0-30,3034,PENDING,0.0,2026-05-17
4884,903242,30-60,3034,PENDING,0.0,2026-06-09
4885,903242,60-90,3034,PENDING,0.0,2026-07-02
4886,903242,90+,3034,WRITE_OFF,1023.29,2026-07-25
4887,903243,30-60,3021,RECOVERED,2569.82,2026-07-25
4888,903244,0-30,3033,PARTIAL,13633.68,2026-07-25
4889,903254,0-30,3010,PENDING,0.0,2026-03-08
4890,903254,30-60,3010,PENDING,0.0,2026-04-23
4891,903254,60-90,3010,PENDING,0.0,2026-06-08
4892,903254,90+,3010,PENDING,0.0,2026-07-25
4893,903259,0-30,3056,RECOVERED,24071.85,2026-07-25
4894,903260,0-30,3018,PENDING,0.0,2026-01-02
4895,903260,0-30,3018,PARTIAL,1544.31,2026-01-25
4896,903260,0-30,3018,PENDING,0.0,2026-02-16
4897,903260,0-30,3018,PENDING,0.0,2026-03-11
4898,903260,0-30,3018,PENDING,0.0,2026-04-03
4899,903260,0-30,3018,PENDING,0.0,2026-04-25
4900,903260,0-30,3018,PARTIAL,571.25,2026-05-18
4901,903260,30-60,3018,PARTIAL,4279.98,2026-06-09
4902,903260,60-90,3018,PENDING,0.0,2026-07-02
4903,903260,90+,3018,PARTIAL,1648.76,2026-07-25
4904,903268,30-60,3044,PENDING,0.0,2026-02-25
4905,903268,60-90,3044,PARTIAL,22262.79,2026-05-11
4906,903268,90+,3044,WRITE_OFF,6747.92,2026-07-25
4907,903270,30-60,3057,RECOVERED,25567.2,2026-07-25
4908,903274,0-30,3073,PENDING,0.0,2026-07-25
4909,903275,0-30,3050,PARTIAL,6326.68,2026-06-08
4910,903275,30-60,3050,PENDING,0.0,2026-07-01
4911,903275,60-90,3050,PENDING,0.0,2026-07-25
4912,903279,0-30,3067,PARTIAL,24928.76,2026-06-25
4913,903279,0-30,3067,PENDING,0.0,2026-07-10
4914,903279,30-60,3067,PARTIAL,51112.15,2026-07-25
4915,903281,0-30,3073,PARTIAL,12953.08,2026-04-26
4916,903281,0-30,3073,PENDING,0.0,2026-05-09
4917,903281,0-30,3073,PENDING,0.0,2026-05-22
4918,903281,0-30,3073,PENDING,0.0,2026-06-04
4919,903281,0-30,3073,PENDING,0.0,2026-06-16
4920,903281,30-60,3073,PENDING,0.0,2026-06-29
4921,903281,60-90,3073,PARTIAL,9396.98,2026-07-12
4922,903281,90+,3073,PENDING,0.0,2026-07-25
4923,903282,0-30,3039,PARTIAL,20199.47,2026-06-04
4924,903282,0-30,3039,PENDING,0.0,2026-06-21
4925,903282,30-60,3039,PENDING,0.0,2026-07-08
4926,903282,60-90,3039,PENDING,0.0,2026-07-25
4927,903285,60-90,3066,PENDING,0.0,2026-07-25
4928,903295,0-30,3080,PENDING,0.0,2025-11-28
4929,903295,0-30,3080,PENDING,0.0,2025-12-20
4930,903295,0-30,3080,PENDING,0.0,2026-01-11
4931,903295,0-30,3080,PARTIAL,162877.35,2026-02-01
4932,903295,0-30,3080,PENDING,0.0,2026-02-23
4933,903295,0-30,3080,PENDING,0.0,2026-03-17
4934,903295,0-30,3080,PENDING,0.0,2026-04-07
4935,903295,0-30,3080,PENDING,0.0,2026-04-29
4936,903295,0-30,3080,PARTIAL,150092.92,2026-05-21
4937,903295,30-60,3080,PENDING,0.0,2026-06-11
4938,903295,60-90,3080,PENDING,0.0,2026-07-03
4939,903295,90+,3080,PENDING,0.0,2026-07-25
4940,903297,0-30,3029,PENDING,0.0,2025-11-01
4941,903297,0-30,3029,PENDING,0.0,2025-11-28
4942,903297,0-30,3029,PENDING,0.0,2025-12-24
4943,903297,0-30,3029,PENDING,0.0,2026-01-20
4944,903297,0-30,3029,PENDING,0.0,2026-02-15
4945,903297,0-30,3029,PENDING,0.0,2026-03-14
4946,903297,0-30,3029,PENDING,0.0,2026-04-09
4947,903297,0-30,3029,PENDING,0.0,2026-05-06
4948,903297,30-60,3029,PENDING,0.0,2026-06-01
4949,903297,60-90,3029,PENDING,0.0,2026-06-28
4950,903297,90+,3029,PENDING,0.0,2026-07-25
4951,903299,0-30,3011,PENDING,0.0,2026-06-23
4952,903299,0-30,3011,PARTIAL,4260.2,2026-07-09
4953,903299,30-60,3011,PARTIAL,5175.36,2026-07-25
4954,903303,0-30,3015,PENDING,0.0,2026-07-02
4955,903303,30-60,3015,RECOVERED,5598.11,2026-07-25
4956,903305,0-30,3005,PENDING,0.0,2025-11-17
4957,903305,0-30,3005,PENDING,0.0,2025-12-08
4958,903305,0-30,3005,PENDING,0.0,2025-12-29
4959,903305,0-30,3005,PENDING,0.0,2026-01-19
4960,903305,0-30,3005,PENDING,0.0,2026-02-08
4961,903305,0-30,3005,PARTIAL,39655.71,2026-03-01
4962,903305,0-30,3005,PARTIAL,36279.42,2026-03-22
4963,903305,0-30,3005,PARTIAL,29775.68,2026-04-12
4964,903305,0-30,3005,PARTIAL,31578.68,2026-05-02
4965,903305,0-30,3005,PARTIAL,27927.47,2026-05-23
4966,903305,30-60,3005,PARTIAL,33639.69,2026-06-13
4967,903305,60-90,3005,PENDING,0.0,2026-07-04
4968,903305,90+,3005,WRITE_OFF,9528.08,2026-07-25
4969,903306,0-30,3013,PARTIAL,18098.82,2026-07-25
4970,903308,30-60,3069,PENDING,0.0,2026-07-25
4971,903311,0-30,3076,PENDING,0.0,2025-11-29
4972,903311,0-30,3076,PENDING,0.0,2025-12-19
4973,903311,0-30,3076,PARTIAL,113667.87,2026-01-08
4974,903311,0-30,3076,PENDING,0.0,2026-01-28
4975,903311,0-30,3076,PENDING,0.0,2026-02-16
4976,903311,0-30,3076,PENDING,0.0,2026-03-08
4977,903311,0-30,3076,PARTIAL,137845.36,2026-03-28
4978,903311,0-30,3076,PARTIAL,112425.66,2026-04-17
4979,903311,0-30,3076,PARTIAL,54576.99,2026-05-06
4980,903311,0-30,3076,PENDING,0.0,2026-05-26
4981,903311,30-60,3076,PENDING,0.0,2026-06-15
4982,903311,60-90,3076,PENDING,0.0,2026-07-05
4983,903311,90+,3076,PARTIAL,200274.71,2026-07-25
4984,903318,0-30,3043,PENDING,0.0,2026-06-13
4985,903318,30-60,3043,PENDING,0.0,2026-07-04
4986,903318,60-90,3043,PENDING,0.0,2026-07-25
4987,903321,0-30,3060,PENDING,0.0,2025-11-19
4988,903321,0-30,3060,PARTIAL,158489.76,2025-12-24
4989,903321,0-30,3060,PENDING,0.0,2026-01-29
4990,903321,0-30,3060,PENDING,0.0,2026-03-05
4991,903321,0-30,3060,PENDING,0.0,2026-04-09
4992,903321,30-60,3060,PENDING,0.0,2026-05-15
4993,903321,60-90,3060,PENDING,0.0,2026-06-19
4994,903321,90+,3060,PARTIAL,235380.13,2026-07-25
4995,903324,0-30,3079,PENDING,0.0,2026-07-05
4996,903324,30-60,3079,PARTIAL,2217.62,2026-07-25
4997,903325,0-30,3067,PENDING,0.0,2026-06-25
4998,903325,0-30,3067,PENDING,0.0,2026-07-10
4999,903325,30-60,3067,PENDING,0.0,2026-07-25
5000,903328,0-30,3055,PENDING,0.0,2026-06-07
5001,903328,0-30,3055,PENDING,0.0,2026-06-23
5002,903328,30-60,3055,PENDING,0.0,2026-07-09
5003,903328,60-90,3055,PARTIAL,29171.89,2026-07-25
5004,903331,90+,3025,PENDING,0.0,2026-07-25
5005,903336,30-60,3074,PENDING,0.0,2026-07-25
5006,903337,0-30,3074,PENDING,0.0,2025-11-27
5007,903337,0-30,3074,PENDING,0.0,2025-12-21
5008,903337,0-30,3074,PARTIAL,5648.45,2026-01-14
5009,903337,0-30,3074,PARTIAL,1026.85,2026-02-07
5010,903337,0-30,3074,PARTIAL,4615.39,2026-03-03
5011,903337,0-30,3074,PARTIAL,4275.43,2026-03-27
5012,903337,0-30,3074,PENDING,0.0,2026-04-20
5013,903337,0-30,3074,PARTIAL,6567.11,2026-05-14
5014,903337,30-60,3074,PARTIAL,2512.0,2026-06-07
5015,903337,60-90,3074,PENDING,0.0,2026-07-01
5016,903337,90+,3074,PARTIAL,6477.55,2026-07-25
5017,903338,30-60,3016,PENDING,0.0,2026-07-25
5018,903342,0-30,3054,PARTIAL,93156.49,2026-02-10
5019,903342,0-30,3054,PENDING,0.0,2026-03-06
5020,903342,0-30,3054,PENDING,0.0,2026-03-29
5021,903342,0-30,3054,PENDING,0.0,2026-04-22
5022,903342,0-30,3054,PARTIAL,19028.46,2026-05-15
5023,903342,30-60,3054,PARTIAL,125926.85,2026-06-08
5024,903342,60-90,3054,PENDING,0.0,2026-07-01
5025,903342,90+,3054,PENDING,0.0,2026-07-25
5026,903350,0-30,3045,PENDING,0.0,2026-06-26
5027,903350,0-30,3045,PENDING,0.0,2026-07-10
5028,903350,30-60,3045,PARTIAL,4462.56,2026-07-25
5029,903353,0-30,3018,PENDING,0.0,2026-07-07
5030,903353,30-60,3018,PARTIAL,4821.58,2026-07-25
5031,903358,30-60,3054,PARTIAL,29346.56,2026-07-25
5032,903375,30-60,3008,PARTIAL,36576.12,2026-06-23
5033,903375,60-90,3008,PARTIAL,19245.76,2026-07-25
5034,903382,0-30,3054,PARTIAL,17511.49,2026-07-25
5035,903384,0-30,3079,PENDING,0.0,2025-11-18
5036,903384,0-30,3079,PARTIAL,152043.66,2025-12-16
5037,903384,0-30,3079,PARTIAL,36780.28,2026-01-12
5038,903384,0-30,3079,PENDING,0.0,2026-02-09
5039,903384,0-30,3079,PARTIAL,264713.15,2026-03-09
5040,903384,0-30,3079,PENDING,0.0,2026-04-05
5041,903384,0-30,3079,PENDING,0.0,2026-05-03
5042,903384,30-60,3079,PENDING,0.0,2026-05-30
5043,903384,60-90,3079,PENDING,0.0,2026-06-27
5044,903384,90+,3079,PENDING,0.0,2026-07-25
5045,903388,0-30,3015,RECOVERED,2388.6,2026-07-25
5046,903391,0-30,3016,PARTIAL,70444.06,2025-12-20
5047,903391,0-30,3016,PENDING,0.0,2026-01-13
5048,903391,0-30,3016,PENDING,0.0,2026-02-06
5049,903391,0-30,3016,PENDING,0.0,2026-03-02
5050,903391,0-30,3016,PENDING,0.0,2026-03-26
5051,903391,0-30,3016,PENDING,0.0,2026-04-19
5052,903391,0-30,3016,PARTIAL,98875.8,2026-05-13
5053,903391,30-60,3016,PENDING,0.0,2026-06-06
5054,903391,60-90,3016,PENDING,0.0,2026-06-30
5055,903391,90+,3016,WRITE_OFF,44517.87,2026-07-25
5056,903397,60-90,3042,PENDING,0.0,2026-06-07
5057,903397,90+,3042,WRITE_OFF,53718.27,2026-07-25
5058,903399,0-30,3045,PENDING,0.0,2026-04-17
5059,903399,0-30,3045,PENDING,0.0,2026-05-12
5060,903399,30-60,3045,PENDING,0.0,2026-06-05
5061,903399,60-90,3045,PENDING,0.0,2026-06-30
5062,903399,90+,3045,PARTIAL,13063.91,2026-07-25
5063,903403,0-30,3031,PENDING,0.0,2025-11-11
5064,903403,0-30,3031,PENDING,0.0,2025-12-02
5065,903403,0-30,3031,PENDING,0.0,2025-12-23
5066,903403,0-30,3031,PENDING,0.0,2026-01-14
5067,903403,0-30,3031,PENDING,0.0,2026-02-04
5068,903403,0-30,3031,PENDING,0.0,2026-02-25
5069,903403,0-30,3031,PENDING,0.0,2026-03-19
5070,903403,0-30,3031,PARTIAL,136822.3,2026-04-09
5071,903403,0-30,3031,PENDING,0.0,2026-04-30
5072,903403,0-30,3031,PENDING,0.0,2026-05-22
5073,903403,30-60,3031,PARTIAL,14681.17,2026-06-12
5074,903403,60-90,3031,PENDING,0.0,2026-07-03
5075,903403,90+,3031,PARTIAL,47190.7,2026-07-25
5076,903406,0-30,3032,PENDING,0.0,2026-07-15
5077,903406,0-30,3032,PENDING,0.0,2026-07-25
5078,903411,0-30,3067,PARTIAL,3116.17,2026-06-30
5079,903411,0-30,3067,PENDING,0.0,2026-07-12
5080,903411,30-60,3067,PENDING,0.0,2026-07-25
5081,903412,0-30,3062,PARTIAL,52280.52,2025-12-18
5082,903412,0-30,3062,PARTIAL,383147.59,2026-02-11
5083,903412,30-60,3062,PENDING,0.0,2026-04-06
5084,903412,60-90,3062,PENDING,0.0,2026-05-31
5085,903412,90+,3062,PENDING,0.0,2026-07-25
5086,903413,0-30,3001,PENDING,0.0,2026-06-20
5087,903413,0-30,3001,PENDING,0.0,2026-07-02
5088,903413,0-30,3001,PENDING,0.0,2026-07-13
5089,903413,30-60,3001,PARTIAL,257.9,2026-07-25
5090,903414,0-30,3028,PENDING,0.0,2026-07-03
5091,903414,0-30,3028,PENDING,0.0,2026-07-14
5092,903414,30-60,3028,PENDING,0.0,2026-07-25
5093,903415,30-60,3020,RECOVERED,5659.41,2026-07-25
5094,903417,0-30,3071,PARTIAL,15498.87,2026-03-08
5095,903417,0-30,3071,PARTIAL,17117.69,2026-03-25
5096,903417,0-30,3071,PENDING,0.0,2026-04-12
5097,903417,0-30,3071,PENDING,0.0,2026-04-29
5098,903417,0-30,3071,PARTIAL,17909.62,2026-05-16
5099,903417,0-30,3071,PARTIAL,4814.83,2026-06-03
5100,903417,30-60,3071,PENDING,0.0,2026-06-20
5101,903417,60-90,3071,PARTIAL,7165.04,2026-07-07
5102,903417,90+,3071,PARTIAL,11309.5,2026-07-25
5103,903419,30-60,3054,PENDING,0.0,2026-07-25
5104,903420,0-30,3052,PARTIAL,2380.9,2026-07-25
5105,903421,0-30,3054,PARTIAL,4884.43,2026-06-18
5106,903421,0-30,3054,PENDING,0.0,2026-06-25
5107,903421,0-30,3054,PENDING,0.0,2026-07-03
5108,903421,0-30,3054,PENDING,0.0,2026-07-10
5109,903421,0-30,3054,PARTIAL,7401.23,2026-07-17
5110,903421,30-60,3054,PENDING,0.0,2026-07-25
5111,903422,0-30,3012,PENDING,0.0,2026-06-13
5112,903422,30-60,3012,PENDING,0.0,2026-07-04
5113,903422,60-90,3012,PENDING,0.0,2026-07-25
5114,903425,0-30,3069,PARTIAL,47419.53,2025-09-18
5115,903425,0-30,3069,PENDING,0.0,2025-10-19
5116,903425,0-30,3069,PENDING,0.0,2025-11-19
5117,903425,0-30,3069,PENDING,0.0,2025-12-20
5118,903425,0-30,3069,PENDING,0.0,2026-01-20
5119,903425,0-30,3069,PARTIAL,146407.45,2026-02-20
5120,903425,0-30,3069,PARTIAL,86498.57,2026-03-23
5121,903425,0-30,3069,PENDING,0.0,2026-04-23
5122,903425,30-60,3069,PENDING,0.0,2026-05-24
5123,903425,60-90,3069,PENDING,0.0,2026-06-24
5124,903425,90+,3069,PENDING,0.0,2026-07-25
5125,903431,30-60,3017,PARTIAL,19361.51,2026-07-25
5126,903435,30-60,3074,PENDING,0.0,2026-07-25
5127,903446,0-30,3027,PARTIAL,24811.56,2026-07-06
5128,903446,0-30,3027,PENDING,0.0,2026-07-12
5129,903446,0-30,3027,PARTIAL,129303.62,2026-07-18
5130,903446,0-30,3027,PENDING,0.0,2026-07-25
5131,903447,30-60,3070,PENDING,0.0,2026-07-25
5132,903448,0-30,3041,PENDING,0.0,2026-07-13
5133,903448,0-30,3041,PENDING,0.0,2026-07-19
5134,903448,0-30,3041,PARTIAL,125590.62,2026-07-25
5135,903449,30-60,3078,PARTIAL,1408.27,2026-07-25
5136,903450,0-30,3037,PENDING,0.0,2025-09-29
5137,903450,0-30,3037,PARTIAL,18218.9,2025-11-05
5138,903450,0-30,3037,PENDING,0.0,2025-12-13
5139,903450,0-30,3037,PENDING,0.0,2026-01-19
5140,903450,0-30,3037,PENDING,0.0,2026-02-25
5141,903450,0-30,3037,PENDING,0.0,2026-04-04
5142,903450,30-60,3037,PENDING,0.0,2026-05-11
5143,903450,60-90,3037,PENDING,0.0,2026-06-17
5144,903450,90+,3037,PARTIAL,87456.76,2026-07-25
5145,903464,0-30,3080,PENDING,0.0,2026-06-27
5146,903464,0-30,3080,PARTIAL,22547.5,2026-07-11
5147,903464,30-60,3080,PENDING,0.0,2026-07-25
5148,903466,0-30,3006,PARTIAL,15929.83,2026-04-12
5149,903466,0-30,3006,PENDING,0.0,2026-05-08
5150,903466,30-60,3006,PENDING,0.0,2026-06-03
5151,903466,60-90,3006,PENDING,0.0,2026-06-29
5152,903466,90+,3006,PENDING,0.0,2026-07-25
5153,903467,0-30,3008,PENDING,0.0,2026-01-01
5154,903467,0-30,3008,PENDING,0.0,2026-02-11
5155,903467,0-30,3008,PENDING,0.0,2026-03-24
5156,903467,30-60,3008,PARTIAL,19589.28,2026-05-04
5157,903467,60-90,3008,PENDING,0.0,2026-06-14
5158,903467,90+,3008,WRITE_OFF,23825.34,2026-07-25
5159,903468,30-60,3016,PARTIAL,4839.4,2026-07-25
5160,903469,0-30,3071,PENDING,0.0,2026-07-07
5161,903469,30-60,3071,PENDING,0.0,2026-07-25
5162,903471,0-30,3032,PENDING,0.0,2026-03-16
5163,903471,0-30,3032,PARTIAL,26987.54,2026-04-07
5164,903471,0-30,3032,PENDING,0.0,2026-04-29
5165,903471,0-30,3032,PENDING,0.0,2026-05-20
5166,903471,30-60,3032,PENDING,0.0,2026-06-11
5167,903471,60-90,3032,PARTIAL,26524.3,2026-07-03
5168,903471,90+,3032,PARTIAL,28192.58,2026-07-25
5169,903474,0-30,3073,PARTIAL,1034772.31,2025-08-12
5170,903474,0-30,3073,PENDING,0.0,2025-08-30
5171,903474,0-30,3073,PARTIAL,824301.33,2025-09-17
5172,903474,0-30,3073,PARTIAL,595362.26,2025-10-06
5173,903474,0-30,3073,PARTIAL,733895.48,2025-10-24
5174,903474,0-30,3073,PENDING,0.0,2025-11-11
5175,903474,0-30,3073,PENDING,0.0,2025-11-29
5176,903474,0-30,3073,PENDING,0.0,2025-12-18
5177,903474,0-30,3073,PARTIAL,481795.46,2026-01-05
5178,903474,0-30,3073,PENDING,0.0,2026-01-23
5179,903474,0-30,3073,PARTIAL,187561.86,2026-02-10
5180,903474,0-30,3073,PENDING,0.0,2026-03-01
5181,903474,0-30,3073,PENDING,0.0,2026-03-19
5182,903474,0-30,3073,PARTIAL,353204.11,2026-04-06
5183,903474,0-30,3073,PARTIAL,856853.97,2026-04-24
5184,903474,0-30,3073,PARTIAL,501326.97,2026-05-13
5185,903474,0-30,3073,PENDING,0.0,2026-05-31
5186,903474,30-60,3073,PENDING,0.0,2026-06-18
5187,903474,60-90,3073,PARTIAL,997536.96,2026-07-06
5188,903474,90+,3073,WRITE_OFF,274904.03,2026-07-25
5189,903487,0-30,3011,PENDING,0.0,2026-07-09
5190,903487,0-30,3011,PENDING,0.0,2026-07-17
5191,903487,0-30,3011,PARTIAL,26609.24,2026-07-25
5192,903491,0-30,3038,PARTIAL,39147.11,2026-06-14
5193,903491,30-60,3038,PENDING,0.0,2026-07-04
5194,903491,60-90,3038,PENDING,0.0,2026-07-25
5195,903493,0-30,3037,PARTIAL,24594.94,2026-07-25
5196,903497,0-30,3059,PENDING,0.0,2026-07-09
5197,903497,30-60,3059,RECOVERED,10042.42,2026-07-25
5198,903500,0-30,3004,PENDING,0.0,2026-05-23
5199,903500,0-30,3004,PENDING,0.0,2026-06-13
5200,903500,30-60,3004,PENDING,0.0,2026-07-04
5201,903500,60-90,3004,WRITE_OFF,9040.94,2026-07-25
5202,903507,0-30,3001,PARTIAL,876.97,2025-10-30
5203,903507,0-30,3001,PENDING,0.0,2025-11-21
5204,903507,0-30,3001,PARTIAL,3266.46,2025-12-13
5205,903507,0-30,3001,PENDING,0.0,2026-01-05
5206,903507,0-30,3001,PARTIAL,5762.3,2026-01-27
5207,903507,0-30,3001,PENDING,0.0,2026-02-18
5208,903507,0-30,3001,PENDING,0.0,2026-03-13
5209,903507,0-30,3001,PENDING,0.0,2026-04-04
5210,903507,0-30,3001,PENDING,0.0,2026-04-26
5211,903507,0-30,3001,PENDING,0.0,2026-05-19
5212,903507,30-60,3001,PENDING,0.0,2026-06-10
5213,903507,60-90,3001,PENDING,0.0,2026-07-02
5214,903507,90+,3001,PENDING,0.0,2026-07-25
5215,903509,0-30,3046,RECOVERED,17049.46,2026-07-25
5216,903514,0-30,3074,PARTIAL,10872.42,2025-09-12
5217,903514,0-30,3074,PARTIAL,14165.55,2025-10-02
5218,903514,0-30,3074,PENDING,0.0,2025-10-22
5219,903514,0-30,3074,PENDING,0.0,2025-11-10
5220,903514,0-30,3074,PARTIAL,11436.62,2025-11-30
5221,903514,0-30,3074,PENDING,0.0,2025-12-20
5222,903514,0-30,3074,PENDING,0.0,2026-01-08
5223,903514,0-30,3074,PENDING,0.0,2026-01-28
5224,903514,0-30,3074,PENDING,0.0,2026-02-17
5225,903514,0-30,3074,PENDING,0.0,2026-03-09
5226,903514,0-30,3074,PENDING,0.0,2026-03-28
5227,903514,0-30,3074,PARTIAL,9551.43,2026-04-17
5228,903514,0-30,3074,PARTIAL,6247.98,2026-05-07
5229,903514,0-30,3074,PARTIAL,9685.44,2026-05-26
5230,903514,30-60,3074,PARTIAL,13850.94,2026-06-15
5231,903514,60-90,3074,PENDING,0.0,2026-07-05
5232,903514,90+,3074,WRITE_OFF,4947.2,2026-07-25
5233,903515,0-30,3001,PENDING,0.0,2026-03-09
5234,903515,0-30,3001,PENDING,0.0,2026-03-29
5235,903515,0-30,3001,PENDING,0.0,2026-04-17
5236,903515,0-30,3001,PENDING,0.0,2026-05-07
5237,903515,0-30,3001,PENDING,0.0,2026-05-27
5238,903515,30-60,3001,PENDING,0.0,2026-06-15
5239,903515,60-90,3001,PARTIAL,360974.64,2026-07-05
5240,903515,90+,3001,PENDING,0.0,2026-07-25
5241,903516,30-60,3053,PENDING,0.0,2026-07-25
5242,903520,0-30,3037,PARTIAL,32742.34,2026-02-08
5243,903520,0-30,3037,PENDING,0.0,2026-03-13
5244,903520,0-30,3037,PENDING,0.0,2026-04-16
5245,903520,30-60,3037,PARTIAL,4277.64,2026-05-19
5246,903520,60-90,3037,PARTIAL,41735.39,2026-06-21
5247,903520,90+,3037,WRITE_OFF,593.35,2026-07-25
5248,903523,0-30,3070,PENDING,0.0,2026-01-08
5249,903523,0-30,3070,PENDING,0.0,2026-01-30
5250,903523,0-30,3070,PENDING,0.0,2026-02-21
5251,903523,0-30,3070,PENDING,0.0,2026-03-15
5252,903523,0-30,3070,PENDING,0.0,2026-04-06
5253,903523,0-30,3070,PENDING,0.0,2026-04-28
5254,903523,0-30,3070,PENDING,0.0,2026-05-20
5255,903523,30-60,3070,PENDING,0.0,2026-06-11
5256,903523,60-90,3070,PENDING,0.0,2026-07-03
5257,903523,90+,3070,PENDING,0.0,2026-07-25
5258,903524,30-60,3040,PENDING,0.0,2026-07-25
5259,903529,0-30,3077,PENDING,0.0,2026-06-21
5260,903529,0-30,3077,PENDING,0.0,2026-07-08
5261,903529,30-60,3077,PENDING,0.0,2026-07-25
5262,903532,0-30,3051,PENDING,0.0,2025-09-13
5263,903532,0-30,3051,PENDING,0.0,2025-10-05
5264,903532,0-30,3051,PENDING,0.0,2025-10-28
5265,903532,0-30,3051,PENDING,0.0,2025-11-19
5266,903532,0-30,3051,PENDING,0.0,2025-12-12
5267,903532,0-30,3051,PENDING,0.0,2026-01-03
5268,903532,0-30,3051,PARTIAL,125178.67,2026-01-26
5269,903532,0-30,3051,PARTIAL,45663.86,2026-02-17
5270,903532,0-30,3051,PENDING,0.0,2026-03-12
5271,903532,0-30,3051,PENDING,0.0,2026-04-03
5272,903532,0-30,3051,PENDING,0.0,2026-04-26
5273,903532,0-30,3051,PENDING,0.0,2026-05-18
5274,903532,30-60,3051,PENDING,0.0,2026-06-10
5275,903532,60-90,3051,PENDING,0.0,2026-07-02
5276,903532,90+,3051,WRITE_OFF,51926.94,2026-07-25
5277,903535,0-30,3073,PENDING,0.0,2026-04-19
5278,903535,0-30,3073,PARTIAL,13482.89,2026-05-13
5279,903535,30-60,3073,PENDING,0.0,2026-06-06
5280,903535,60-90,3073,PENDING,0.0,2026-06-30
5281,903535,90+,3073,PENDING,0.0,2026-07-25
5282,903539,0-30,3026,PARTIAL,158.64,2026-06-21
5283,903539,0-30,3026,PARTIAL,663.83,2026-07-08
5284,903539,30-60,3026,RECOVERED,1163.33,2026-07-25
5285,903545,30-60,3038,PENDING,0.0,2026-07-25
5286,903546,30-60,3011,PENDING,0.0,2026-05-20
5287,903546,60-90,3011,PENDING,0.0,2026-06-22
5288,903546,90+,3011,PARTIAL,665.62,2026-07-25
5289,903557,0-30,3080,PENDING,0.0,2026-06-28
5290,903557,30-60,3080,PARTIAL,11096.93,2026-07-25
5291,903559,0-30,3041,PENDING,0.0,2026-07-03
5292,903559,30-60,3041,PENDING,0.0,2026-07-25
5293,903561,0-30,3072,PENDING,0.0,2026-07-25
5294,903562,0-30,3062,PENDING,0.0,2025-09-04
5295,903562,0-30,3062,PENDING,0.0,2025-10-10
5296,903562,0-30,3062,PENDING,0.0,2025-11-15
5297,903562,0-30,3062,PARTIAL,253244.88,2025-12-21
5298,903562,0-30,3062,PENDING,0.0,2026-01-26
5299,903562,0-30,3062,PENDING,0.0,2026-03-03
5300,903562,0-30,3062,PENDING,0.0,2026-04-08
5301,903562,30-60,3062,PENDING,0.0,2026-05-14
5302,903562,60-90,3062,PARTIAL,207761.08,2026-06-19
5303,903562,90+,3062,PENDING,0.0,2026-07-25
5304,903565,0-30,3014,PENDING,0.0,2026-06-13
5305,903565,0-30,3014,PARTIAL,12911.82,2026-06-27
5306,903565,0-30,3014,PENDING,0.0,2026-07-11
5307,903565,30-60,3014,PENDING,0.0,2026-07-25
5308,903570,30-60,3046,PENDING,0.0,2026-07-25
5309,903574,30-60,3057,PARTIAL,2183.38,2026-07-25
5310,903576,0-30,3070,PARTIAL,12006.7,2025-12-29
5311,903576,0-30,3070,PENDING,0.0,2026-01-24
5312,903576,0-30,3070,PENDING,0.0,2026-02-19
5313,903576,0-30,3070,PENDING,0.0,2026-03-17
5314,903576,0-30,3070,PENDING,0.0,2026-04-12
5315,903576,0-30,3070,PARTIAL,16930.15,2026-05-08
5316,903576,30-60,3070,PENDING,0.0,2026-06-03
5317,903576,60-90,3070,PENDING,0.0,2026-06-29
5318,903576,90+,3070,WRITE_OFF,2170.86,2026-07-25
5319,903579,30-60,3028,PARTIAL,28537.88,2026-07-25
5320,903580,0-30,3055,PENDING,0.0,2025-12-16
5321,903580,0-30,3055,PARTIAL,27300.61,2026-01-17
5322,903580,0-30,3055,PENDING,0.0,2026-02-17
5323,903580,0-30,3055,PENDING,0.0,2026-03-21
5324,903580,0-30,3055,PENDING,0.0,2026-04-21
5325,903580,30-60,3055,PARTIAL,6921.59,2026-05-23
5326,903580,60-90,3055,PENDING,0.0,2026-06-23
5327,903580,90+,3055,PARTIAL,21259.71,2026-07-25
5328,903587,0-30,3024,PARTIAL,35517.6,2026-04-29
5329,903587,30-60,3024,PENDING,0.0,2026-05-28
5330,903587,60-90,3024,PENDING,0.0,2026-06-26
5331,903587,90+,3024,PENDING,0.0,2026-07-25
5332,903594,0-30,3075,PENDING,0.0,2025-12-29
5333,903594,0-30,3075,PENDING,0.0,2026-02-09
5334,903594,0-30,3075,PARTIAL,530408.32,2026-03-22
5335,903594,30-60,3075,PENDING,0.0,2026-05-03
5336,903594,60-90,3075,PENDING,0.0,2026-06-13
5337,903594,90+,3075,PARTIAL,691821.52,2026-07-25
5338,903598,0-30,3075,PENDING,0.0,2026-07-06
5339,903598,30-60,3075,PENDING,0.0,2026-07-25
5340,903602,30-60,3060,RECOVERED,1768.25,2026-07-25
5341,903603,0-30,3021,PENDING,0.0,2026-06-14
5342,903603,30-60,3021,PENDING,0.0,2026-07-04
5343,903603,60-90,3021,PENDING,0.0,2026-07-25
5344,903608,30-60,3080,PENDING,0.0,2026-06-16
5345,903608,60-90,3080,PARTIAL,51668.08,2026-07-25
5346,903616,0-30,3073,PARTIAL,31158.69,2026-07-08
5347,903616,30-60,3073,RECOVERED,51235.38,2026-07-25
5348,903620,0-30,3032,PENDING,0.0,2026-07-25
5349,903621,0-30,3014,PARTIAL,40953.88,2026-07-05
5350,903621,30-60,3014,PARTIAL,34310.9,2026-07-25
5351,903622,0-30,3008,PARTIAL,18577.89,2026-03-15
5352,903622,0-30,3008,PENDING,0.0,2026-04-06
5353,903622,0-30,3008,PENDING,0.0,2026-04-28
5354,903622,0-30,3008,PENDING,0.0,2026-05-20
5355,903622,30-60,3008,PENDING,0.0,2026-06-11
5356,903622,60-90,3008,PENDING,0.0,2026-07-03
5357,903622,90+,3008,PARTIAL,33849.93,2026-07-25
5358,903623,0-30,3016,PENDING,0.0,2026-06-26
5359,903623,0-30,3016,PENDING,0.0,2026-07-10
5360,903623,30-60,3016,PARTIAL,1513.52,2026-07-25
5361,903624,60-90,3015,PARTIAL,7824.8,2026-06-07
5362,903624,90+,3015,WRITE_OFF,3296.28,2026-07-25
5363,903625,0-30,3068,PENDING,0.0,2026-07-25
5364,903628,0-30,3055,PENDING,0.0,2026-05-14
5365,903628,30-60,3055,PARTIAL,47653.41,2026-06-07
5366,903628,60-90,3055,PARTIAL,30422.05,2026-07-01
5367,903628,90+,3055,PARTIAL,25284.78,2026-07-25
5368,903634,0-30,3036,PARTIAL,447476.78,2025-08-30
5369,903634,0-30,3036,PARTIAL,800051.34,2025-09-22
5370,903634,0-30,3036,PENDING,0.0,2025-10-16
5371,903634,0-30,3036,PENDING,0.0,2025-11-08
5372,903634,0-30,3036,PENDING,0.0,2025-12-02
5373,903634,0-30,3036,PENDING,0.0,2025-12-25
5374,903634,0-30,3036,PENDING,0.0,2026-01-18
5375,903634,0-30,3036,PARTIAL,692472.82,2026-02-10
5376,903634,0-30,3036,PENDING,0.0,2026-03-06
5377,903634,0-30,3036,PENDING,0.0,2026-03-29
5378,903634,0-30,3036,PENDING,0.0,2026-04-22
5379,903634,0-30,3036,PENDING,0.0,2026-05-15
5380,903634,30-60,3036,PARTIAL,341995.76,2026-06-08
5381,903634,60-90,3036,PENDING,0.0,2026-07-01
5382,903634,90+,3036,WRITE_OFF,144927.55,2026-07-25
5383,903654,30-60,3077,PARTIAL,56.37,2026-07-25
5384,903656,30-60,3077,PENDING,0.0,2026-07-25
5385,903661,0-30,3060,PENDING,0.0,2026-03-30
5386,903661,0-30,3060,PENDING,0.0,2026-04-22
5387,903661,0-30,3060,PARTIAL,73065.17,2026-05-16
5388,903661,30-60,3060,PARTIAL,14272.94,2026-06-08
5389,903661,60-90,3060,PENDING,0.0,2026-07-01
5390,903661,90+,3060,PENDING,0.0,2026-07-25
5391,903664,0-30,3024,PENDING,0.0,2026-04-15
5392,903664,0-30,3024,PARTIAL,307028.57,2026-05-05
5393,903664,0-30,3024,PENDING,0.0,2026-05-25
5394,903664,30-60,3024,PENDING,0.0,2026-06-14
5395,903664,60-90,3024,PENDING,0.0,2026-07-04
5396,903664,90+,3024,PARTIAL,449371.11,2026-07-25
5397,903665,0-30,3010,PENDING,0.0,2026-06-19
5398,903665,0-30,3010,PENDING,0.0,2026-06-28
5399,903665,0-30,3010,PENDING,0.0,2026-07-07
5400,903665,0-30,3010,PENDING,0.0,2026-07-16
5401,903665,30-60,3010,PENDING,0.0,2026-07-25
5402,903672,0-30,3047,PENDING,0.0,2026-03-03
5403,903672,0-30,3047,PENDING,0.0,2026-03-17
5404,903672,0-30,3047,PENDING,0.0,2026-04-01
5405,903672,0-30,3047,PENDING,0.0,2026-04-15
5406,903672,0-30,3047,PARTIAL,24131.62,2026-04-29
5407,903672,0-30,3047,PENDING,0.0,2026-05-14
5408,903672,0-30,3047,PENDING,0.0,2026-05-28
5409,903672,0-30,3047,PENDING,0.0,2026-06-11
5410,903672,30-60,3047,PENDING,0.0,2026-06-26
5411,903672,60-90,3047,PENDING,0.0,2026-07-10
5412,903672,90+,3047,PARTIAL,22088.73,2026-07-25
5413,903674,0-30,3027,PARTIAL,93598.26,2025-12-07
5414,903674,0-30,3027,PENDING,0.0,2026-01-05
5415,903674,0-30,3027,PARTIAL,19817.33,2026-02-03
5416,903674,0-30,3027,PENDING,0.0,2026-03-03
5417,903674,0-30,3027,PENDING,0.0,2026-04-01
5418,903674,0-30,3027,PENDING,0.0,2026-04-30
5419,903674,30-60,3027,PARTIAL,61857.59,2026-05-28
5420,903674,60-90,3027,PARTIAL,85000.35,2026-06-26
5421,903674,90+,3027,PENDING,0.0,2026-07-25
5422,903675,30-60,3035,PENDING,0.0,2026-07-25
5423,903681,0-30,3046,PENDING,0.0,2025-11-16
5424,903681,0-30,3046,PARTIAL,81447.54,2025-12-07
5425,903681,0-30,3046,PENDING,0.0,2025-12-28
5426,903681,0-30,3046,PENDING,0.0,2026-01-18
5427,903681,0-30,3046,PARTIAL,198011.38,2026-02-08
5428,903681,0-30,3046,PARTIAL,75706.54,2026-03-01
5429,903681,0-30,3046,PENDING,0.0,2026-03-21
5430,903681,0-30,3046,PENDING,0.0,2026-04-11
5431,903681,0-30,3046,PENDING,0.0,2026-05-02
5432,903681,0-30,3046,PENDING,0.0,2026-05-23
5433,903681,30-60,3046,PENDING,0.0,2026-06-13
5434,903681,60-90,3046,PENDING,0.0,2026-07-04
5435,903681,90+,3046,PENDING,0.0,2026-07-25
5436,903682,0-30,3023,PENDING,0.0,2025-11-14
5437,903682,0-30,3023,PENDING,0.0,2025-12-03
5438,903682,0-30,3023,PENDING,0.0,2025-12-23
5439,903682,0-30,3023,PENDING,0.0,2026-01-11
5440,903682,0-30,3023,PENDING,0.0,2026-01-31
5441,903682,0-30,3023,PARTIAL,65982.54,2026-02-19
5442,903682,0-30,3023,PARTIAL,63643.12,2026-03-11
5443,903682,0-30,3023,PENDING,0.0,2026-03-30
5444,903682,0-30,3023,PENDING,0.0,2026-04-18
5445,903682,0-30,3023,PENDING,0.0,2026-05-08
5446,903682,0-30,3023,PENDING,0.0,2026-05-27
5447,903682,30-60,3023,PENDING,0.0,2026-06-16
5448,903682,60-90,3023,PENDING,0.0,2026-07-05
5449,903682,90+,3023,WRITE_OFF,8830.22,2026-07-25
5450,903684,0-30,3050,PARTIAL,17137.08,2026-02-09
5451,903684,0-30,3050,PARTIAL,15209.45,2026-03-05
5452,903684,0-30,3050,PENDING,0.0,2026-03-28
5453,903684,0-30,3050,PENDING,0.0,2026-04-21
5454,903684,0-30,3050,PENDING,0.0,2026-05-15
5455,903684,30-60,3050,PARTIAL,10512.73,2026-06-07
5456,903684,60-90,3050,PARTIAL,2264.56,2026-07-01
5457,903684,90+,3050,WRITE_OFF,3648.81,2026-07-25
5458,903687,0-30,3019,PENDING,0.0,2026-07-01
5459,903687,0-30,3019,PENDING,0.0,2026-07-07
5460,903687,0-30,3019,PENDING,0.0,2026-07-13
5461,903687,0-30,3019,PARTIAL,495.77,2026-07-19
5462,903687,0-30,3019,RECOVERED,1094.39,2026-07-25
5463,903688,60-90,3019,PENDING,0.0,2026-07-25
5464,903690,0-30,3017,PENDING,0.0,2025-08-20
5465,903690,0-30,3017,PENDING,0.0,2025-09-15
5466,903690,0-30,3017,PENDING,0.0,2025-10-11
5467,903690,0-30,3017,PENDING,0.0,2025-11-06
5468,903690,0-30,3017,PENDING,0.0,2025-12-02
5469,903690,0-30,3017,PENDING,0.0,2025-12-28
5470,903690,0-30,3017,PENDING,0.0,2026-01-23
5471,903690,0-30,3017,PENDING,0.0,2026-02-18
5472,903690,0-30,3017,PENDING,0.0,2026-03-16
5473,903690,0-30,3017,PARTIAL,91450.94,2026-04-11
5474,903690,0-30,3017,PENDING,0.0,2026-05-07
5475,903690,30-60,3017,PENDING,0.0,2026-06-02
5476,903690,60-90,3017,PARTIAL,551658.93,2026-06-28
5477,903690,90+,3017,PARTIAL,187090.85,2026-07-25
5478,903691,0-30,3012,PARTIAL,7921.4,2026-02-17
5479,903691,0-30,3012,PENDING,0.0,2026-03-28
5480,903691,30-60,3012,PARTIAL,6541.33,2026-05-07
5481,903691,60-90,3012,PENDING,0.0,2026-06-15
5482,903691,90+,3012,PENDING,0.0,2026-07-25
5483,903692,0-30,3043,PENDING,0.0,2026-07-25
5484,903694,0-30,3043,PARTIAL,106526.01,2026-04-03
5485,903694,0-30,3043,PARTIAL,206295.64,2026-04-17
5486,903694,0-30,3043,PENDING,0.0,2026-05-01
5487,903694,0-30,3043,PARTIAL,130609.26,2026-05-15
5488,903694,0-30,3043,PARTIAL,290098.05,2026-05-29
5489,903694,0-30,3043,PARTIAL,142601.05,2026-06-12
5490,903694,30-60,3043,PARTIAL,292521.98,2026-06-26
5491,903694,60-90,3043,PENDING,0.0,2026-07-10
5492,903694,90+,3043,PARTIAL,186535.06,2026-07-25
5493,903695,30-60,3072,PENDING,0.0,2026-07-25
5494,903697,0-30,3050,PENDING,0.0,2026-05-13
5495,903697,0-30,3050,PENDING,0.0,2026-05-25
5496,903697,0-30,3050,PARTIAL,75718.61,2026-06-06
5497,903697,0-30,3050,PENDING,0.0,2026-06-18
5498,903697,0-30,3050,PENDING,0.0,2026-06-30
5499,903697,30-60,3050,PENDING,0.0,2026-07-12
5500,903697,60-90,3050,PENDING,0.0,2026-07-25
5501,903703,0-30,3041,PARTIAL,32359.27,2026-07-02
5502,903703,30-60,3041,PENDING,0.0,2026-07-25
5503,903709,0-30,3046,PENDING,0.0,2026-07-03
5504,903709,30-60,3046,PARTIAL,9812.22,2026-07-25
5505,903716,30-60,3015,PENDING,0.0,2026-05-01
5506,903716,60-90,3015,PENDING,0.0,2026-06-12
5507,903716,90+,3015,WRITE_OFF,1873.08,2026-07-25
5508,903720,0-30,3076,PENDING,0.0,2025-10-02
5509,903720,0-30,3076,PENDING,0.0,2025-10-29
5510,903720,0-30,3076,PENDING,0.0,2025-11-25
5511,903720,0-30,3076,PARTIAL,58305.18,2025-12-22
5512,903720,0-30,3076,PARTIAL,197670.06,2026-01-18
5513,903720,0-30,3076,PENDING,0.0,2026-02-14
5514,903720,0-30,3076,PARTIAL,417884.6,2026-03-12
5515,903720,0-30,3076,PARTIAL,87676.79,2026-04-08
5516,903720,0-30,3076,PENDING,0.0,2026-05-05
5517,903720,30-60,3076,PENDING,0.0,2026-06-01
5518,903720,60-90,3076,PENDING,0.0,2026-06-28
5519,903720,90+,3076,PENDING,0.0,2026-07-25
5520,903723,0-30,3026,RECOVERED,18855.13,2026-07-25
5521,903735,0-30,3041,PENDING,0.0,2026-02-27
5522,903735,0-30,3041,PARTIAL,58257.34,2026-04-05
5523,903735,30-60,3041,PARTIAL,158060.79,2026-05-12
5524,903735,60-90,3041,PARTIAL,115855.41,2026-06-18
5525,903735,90+,3041,PENDING,0.0,2026-07-25
5526,903737,30-60,3021,PARTIAL,14155.03,2026-07-25
5527,903739,30-60,3002,PENDING,0.0,2026-07-25
5528,903740,30-60,3002,PENDING,0.0,2026-07-25
5529,903746,0-30,3042,PENDING,0.0,2026-06-24
5530,903746,0-30,3042,PENDING,0.0,2026-07-04
5531,903746,0-30,3042,PENDING,0.0,2026-07-14
5532,903746,30-60,3042,PARTIAL,52081.89,2026-07-25
5533,903750,30-60,3011,PENDING,0.0,2026-07-25
5534,903752,0-30,3036,PENDING,0.0,2026-01-12
5535,903752,0-30,3036,PENDING,0.0,2026-02-09
5536,903752,0-30,3036,PARTIAL,20531.06,2026-03-08
5537,903752,0-30,3036,PENDING,0.0,2026-04-05
5538,903752,0-30,3036,PENDING,0.0,2026-05-03
5539,903752,30-60,3036,PENDING,0.0,2026-05-30
5540,903752,60-90,3036,PENDING,0.0,2026-06-27
5541,903752,90+,3036,PENDING,0.0,2026-07-25
5542,903754,0-30,3071,PENDING,0.0,2026-06-26
5543,903754,0-30,3071,PENDING,0.0,2026-07-10
5544,903754,30-60,3071,PARTIAL,3516.74,2026-07-25
5545,903757,0-30,3023,PARTIAL,172820.6,2026-01-23
5546,903757,0-30,3023,PARTIAL,215424.9,2026-02-15
5547,903757,0-30,3023,PARTIAL,246192.92,2026-03-10
5548,903757,0-30,3023,PARTIAL,234060.31,2026-04-02
5549,903757,0-30,3023,PENDING,0.0,2026-04-24
5550,903757,0-30,3023,PARTIAL,265113.66,2026-05-17
5551,903757,30-60,3023,PENDING,0.0,2026-06-09
5552,903757,60-90,3023,PENDING,0.0,2026-07-02
5553,903757,90+,3023,PENDING,0.0,2026-07-25
5554,903763,0-30,3038,PENDING,0.0,2026-07-14
5555,903763,0-30,3038,PENDING,0.0,2026-07-25
5556,903766,30-60,3053,PENDING,0.0,2026-06-18
5557,903766,60-90,3053,PENDING,0.0,2026-07-25
5558,903771,0-30,3039,PENDING,0.0,2026-02-01
5559,903771,0-30,3039,PENDING,0.0,2026-03-02
5560,903771,0-30,3039,PENDING,0.0,2026-03-31
5561,903771,0-30,3039,PENDING,0.0,2026-04-29
5562,903771,30-60,3039,PENDING,0.0,2026-05-28
5563,903771,60-90,3039,PARTIAL,20151.03,2026-06-26
5564,903771,90+,3039,PARTIAL,14012.52,2026-07-25
5565,903775,0-30,3059,PENDING,0.0,2026-07-05
5566,903775,30-60,3059,RECOVERED,50477.76,2026-07-25
5567,903777,0-30,3048,PARTIAL,312647.12,2026-01-06
5568,903777,0-30,3048,PENDING,0.0,2026-01-26
5569,903777,0-30,3048,PENDING,0.0,2026-02-15
5570,903777,0-30,3048,PENDING,0.0,2026-03-07
5571,903777,0-30,3048,PENDING,0.0,2026-03-27
5572,903777,0-30,3048,PENDING,0.0,2026-04-16
5573,903777,0-30,3048,PENDING,0.0,2026-05-06
5574,903777,0-30,3048,PARTIAL,114281.65,2026-05-26
5575,903777,30-60,3048,PENDING,0.0,2026-06-15
5576,903777,60-90,3048,PENDING,0.0,2026-07-05
5577,903777,90+,3048,WRITE_OFF,23374.71,2026-07-25
5578,903783,0-30,3015,PENDING,0.0,2026-06-29
5579,903783,0-30,3015,PENDING,0.0,2026-07-12
5580,903783,30-60,3015,PENDING,0.0,2026-07-25
5581,903796,0-30,3054,PENDING,0.0,2026-07-09
5582,903796,0-30,3054,PENDING,0.0,2026-07-17
5583,903796,0-30,3054,PARTIAL,790.87,2026-07-25
5584,903803,0-30,3035,PENDING,0.0,2026-07-07
5585,903803,30-60,3035,PARTIAL,49071.9,2026-07-25
5586,903809,0-30,3014,PARTIAL,12291.98,2026-06-28
5587,903809,0-30,3014,PENDING,0.0,2026-07-11
5588,903809,30-60,3014,RECOVERED,25631.7,2026-07-25
5589,903810,30-60,3031,PENDING,0.0,2026-07-25
5590,903812,0-30,3031,PENDING,0.0,2026-07-04
5591,903812,30-60,3031,PARTIAL,37747.63,2026-07-25
5592,903820,0-30,3068,PENDING,0.0,2026-03-25
5593,903820,0-30,3068,PENDING,0.0,2026-04-14
5594,903820,0-30,3068,PENDING,0.0,2026-05-04
5595,903820,0-30,3068,PENDING,0.0,2026-05-25
5596,903820,30-60,3068,PARTIAL,20003.88,2026-06-14
5597,903820,60-90,3068,PENDING,0.0,2026-07-04
5598,903820,90+,3068,PARTIAL,40674.26,2026-07-25
5599,903824,0-30,3002,PARTIAL,61602.21,2026-07-06
5600,903824,0-30,3002,PENDING,0.0,2026-07-12
5601,903824,0-30,3002,PENDING,0.0,2026-07-18
5602,903824,0-30,3002,PENDING,0.0,2026-07-25
5603,903827,0-30,3036,PENDING,0.0,2026-07-08
5604,903827,30-60,3036,PENDING,0.0,2026-07-25
5605,903836,0-30,3046,PENDING,0.0,2025-09-08
5606,903836,0-30,3046,PENDING,0.0,2025-10-14
5607,903836,0-30,3046,PARTIAL,24960.57,2025-11-18
5608,903836,0-30,3046,PENDING,0.0,2025-12-24
5609,903836,0-30,3046,PENDING,0.0,2026-01-28
5610,903836,0-30,3046,PENDING,0.0,2026-03-05
5611,903836,0-30,3046,PARTIAL,5472.51,2026-04-09
5612,903836,30-60,3046,PENDING,0.0,2026-05-15
5613,903836,60-90,3046,PARTIAL,10257.62,2026-06-19
5614,903836,90+,3046,PENDING,0.0,2026-07-25
5615,903841,0-30,3002,PARTIAL,184947.01,2026-03-03
5616,903841,30-60,3002,PARTIAL,165118.69,2026-04-20
5617,903841,60-90,3002,PENDING,0.0,2026-06-07
5618,903841,90+,3002,WRITE_OFF,58040.16,2026-07-25
5619,903848,0-30,3008,PARTIAL,510580.59,2026-02-01
5620,903848,0-30,3008,PENDING,0.0,2026-02-26
5621,903848,0-30,3008,PENDING,0.0,2026-03-23
5622,903848,0-30,3008,PENDING,0.0,2026-04-17
5623,903848,0-30,3008,PENDING,0.0,2026-05-11
5624,903848,30-60,3008,PENDING,0.0,2026-06-05
5625,903848,60-90,3008,PENDING,0.0,2026-06-30
5626,903848,90+,3008,WRITE_OFF,90323.15,2026-07-25
5627,903856,30-60,3060,RECOVERED,2746.07,2026-07-25
5628,903865,0-30,3031,PENDING,0.0,2026-07-06
5629,903865,30-60,3031,PENDING,0.0,2026-07-25
5630,903872,0-30,3006,PARTIAL,19090.87,2026-01-26
5631,903872,0-30,3006,PENDING,0.0,2026-02-17
5632,903872,0-30,3006,PENDING,0.0,2026-03-12
5633,903872,0-30,3006,PENDING,0.0,2026-04-03
5634,903872,0-30,3006,PENDING,0.0,2026-04-26
5635,903872,0-30,3006,PENDING,0.0,2026-05-18
5636,903872,30-60,3006,PENDING,0.0,2026-06-10
5637,903872,60-90,3006,PARTIAL,7680.87,2026-07-02
5638,903872,90+,3006,WRITE_OFF,1850.6,2026-07-25
5639,903873,0-30,3037,PENDING,0.0,2025-11-27
5640,903873,0-30,3037,PENDING,0.0,2026-01-06
5641,903873,0-30,3037,PENDING,0.0,2026-02-15
5642,903873,0-30,3037,PENDING,0.0,2026-03-27
5643,903873,30-60,3037,PENDING,0.0,2026-05-06
5644,903873,60-90,3037,PARTIAL,323438.48,2026-06-15
5645,903873,90+,3037,WRITE_OFF,89617.59,2026-07-25
5646,903878,0-30,3025,PENDING,0.0,2026-01-02
5647,903878,0-30,3025,PENDING,0.0,2026-01-31
5648,903878,0-30,3025,PARTIAL,61780.42,2026-03-01
5649,903878,0-30,3025,PARTIAL,14368.89,2026-03-30
5650,903878,0-30,3025,PARTIAL,74183.35,2026-04-28
5651,903878,30-60,3025,PARTIAL,51865.52,2026-05-27
5652,903878,60-90,3025,PENDING,0.0,2026-06-25
5653,903878,90+,3025,PARTIAL,29782.39,2026-07-25
5654,903887,0-30,3057,PENDING,0.0,2025-10-13
5655,903887,0-30,3057,PENDING,0.0,2025-11-10
5656,903887,0-30,3057,PARTIAL,36028.41,2025-12-09
5657,903887,0-30,3057,PENDING,0.0,2026-01-06
5658,903887,0-30,3057,PENDING,0.0,2026-02-04
5659,903887,0-30,3057,PENDING,0.0,2026-03-04
5660,903887,0-30,3057,PENDING,0.0,2026-04-02
5661,903887,0-30,3057,PENDING,0.0,2026-04-30
5662,903887,30-60,3057,PARTIAL,107449.13,2026-05-29
5663,903887,60-90,3057,PENDING,0.0,2026-06-26
5664,903887,90+,3057,PENDING,0.0,2026-07-25
5665,903899,0-30,3025,PENDING,0.0,2026-07-08
5666,903899,30-60,3025,PENDING,0.0,2026-07-25
5667,903901,0-30,3007,PENDING,0.0,2026-07-07
5668,903901,0-30,3007,PENDING,0.0,2026-07-16
5669,903901,0-30,3007,PARTIAL,48304.18,2026-07-25
5670,903905,0-30,3068,PARTIAL,37801.42,2025-12-28
5671,903905,0-30,3068,PENDING,0.0,2026-01-18
5672,903905,0-30,3068,PARTIAL,58095.29,2026-02-08
5673,903905,0-30,3068,PARTIAL,9604.66,2026-03-01
5674,903905,0-30,3068,PARTIAL,35051.68,2026-03-22
5675,903905,0-30,3068,PENDING,0.0,2026-04-11
5676,903905,0-30,3068,PENDING,0.0,2026-05-02
5677,903905,0-30,3068,PENDING,0.0,2026-05-23
5678,903905,30-60,3068,PARTIAL,29779.85,2026-06-13
5679,903905,60-90,3068,PENDING,0.0,2026-07-04
5680,903905,90+,3068,WRITE_OFF,13948.66,2026-07-25
5681,903907,30-60,3025,PENDING,0.0,2026-05-20
5682,903907,60-90,3025,PARTIAL,7861.76,2026-06-22
5683,903907,90+,3025,PARTIAL,3007.21,2026-07-25
5684,903908,0-30,3040,PARTIAL,18035.87,2026-07-25
5685,903909,0-30,3051,PENDING,0.0,2026-07-16
5686,903909,0-30,3051,PENDING,0.0,2026-07-25
5687,903912,0-30,3029,PARTIAL,32473.91,2026-07-09
5688,903912,30-60,3029,PENDING,0.0,2026-07-25
5689,903913,30-60,3021,PENDING,0.0,2026-07-25
5690,903914,60-90,3048,PARTIAL,4375.39,2026-05-25
5691,903914,90+,3048,PARTIAL,29235.01,2026-07-25
5692,903915,30-60,3038,PARTIAL,1997.09,2026-07-25
5693,903918,0-30,3007,PENDING,0.0,2025-08-24
5694,903918,0-30,3007,PARTIAL,18530.08,2025-09-12
5695,903918,0-30,3007,PARTIAL,30734.92,2025-09-30
5696,903918,0-30,3007,PENDING,0.0,2025-10-19
5697,903918,0-30,3007,PARTIAL,13632.6,2025-11-06
5698,903918,0-30,3007,PENDING,0.0,2025-11-25
5699,903918,0-30,3007,PENDING,0.0,2025-12-14
5700,903918,0-30,3007,PARTIAL,48045.0,2026-01-01
5701,903918,0-30,3007,PENDING,0.0,2026-01-20
5702,903918,0-30,3007,PENDING,0.0,2026-02-07
5703,903918,0-30,3007,PARTIAL,19592.06,2026-02-26
5704,903918,0-30,3007,PARTIAL,6243.69,2026-03-16
5705,903918,0-30,3007,PENDING,0.0,2026-04-04
5706,903918,0-30,3007,PARTIAL,16952.67,2026-04-23
5707,903918,0-30,3007,PENDING,0.0,2026-05-11
5708,903918,0-30,3007,PENDING,0.0,2026-05-30
5709,903918,30-60,3007,PENDING,0.0,2026-06-17
5710,903918,60-90,3007,PENDING,0.0,2026-07-06
5711,903918,90+,3007,WRITE_OFF,20951.57,2026-07-25
5712,903919,90+,3049,PARTIAL,30425.67,2026-07-25
5713,903922,0-30,3032,PENDING,0.0,2026-07-25
5714,903924,0-30,3006,PARTIAL,5165.99,2025-12-30
5715,903924,0-30,3006,PARTIAL,14441.69,2026-01-25
5716,903924,0-30,3006,PENDING,0.0,2026-02-20
5717,903924,0-30,3006,PENDING,0.0,2026-03-18
5718,903924,0-30,3006,PARTIAL,5339.93,2026-04-12
5719,903924,0-30,3006,PENDING,0.0,2026-05-08
5720,903924,30-60,3006,PENDING,0.0,2026-06-03
5721,903924,60-90,3006,PARTIAL,7936.19,2026-06-29
5722,903924,90+,3006,PENDING,0.0,2026-07-25
5723,903926,0-30,3073,PARTIAL,2788.94,2026-02-07
5724,903926,0-30,3073,PARTIAL,989.03,2026-03-13
5725,903926,0-30,3073,PARTIAL,2382.86,2026-04-15
5726,903926,30-60,3073,PARTIAL,3047.28,2026-05-19
5727,903926,60-90,3073,PARTIAL,2947.73,2026-06-21
5728,903926,90+,3073,PENDING,0.0,2026-07-25
5729,903932,0-30,3021,PENDING,0.0,2026-07-25
5730,903936,30-60,3045,PARTIAL,18486.92,2026-07-25
5731,903938,0-30,3030,PENDING,0.0,2025-10-11
5732,903938,0-30,3030,PARTIAL,227354.92,2025-11-12
5733,903938,0-30,3030,PENDING,0.0,2025-12-14
5734,903938,0-30,3030,PENDING,0.0,2026-01-15
5735,903938,0-30,3030,PENDING,0.0,2026-02-16
5736,903938,0-30,3030,PARTIAL,68490.06,2026-03-19
5737,903938,0-30,3030,PENDING,0.0,2026-04-20
5738,903938,30-60,3030,PENDING,0.0,2026-05-22
5739,903938,60-90,3030,PENDING,0.0,2026-06-23
5740,903938,90+,3030,PENDING,0.0,2026-07-25
5741,903941,0-30,3070,PARTIAL,10170.13,2026-06-22
5742,903941,0-30,3070,PENDING,0.0,2026-07-03
5743,903941,0-30,3070,PENDING,0.0,2026-07-14
5744,903941,30-60,3070,PENDING,0.0,2026-07-25
5745,903944,0-30,3063,PENDING,0.0,2025-11-28
5746,903944,0-30,3063,PARTIAL,64231.5,2025-12-22
5747,903944,0-30,3063,PARTIAL,103884.34,2026-01-15
5748,903944,0-30,3063,PENDING,0.0,2026-02-08
5749,903944,0-30,3063,PARTIAL,31498.5,2026-03-04
5750,903944,0-30,3063,PENDING,0.0,2026-03-27
5751,903944,0-30,3063,PENDING,0.0,2026-04-20
5752,903944,0-30,3063,PENDING,0.0,2026-05-14
5753,903944,30-60,3063,PARTIAL,78697.16,2026-06-07
5754,903944,60-90,3063,PARTIAL,12723.11,2026-07-01
5755,903944,90+,3063,WRITE_OFF,19210.98,2026-07-25
5756,903946,0-30,3019,PENDING,0.0,2026-06-25
5757,903946,0-30,3019,PARTIAL,10306.21,2026-07-10
5758,903946,30-60,3019,PENDING,0.0,2026-07-25
5759,903954,0-30,3070,PENDING,0.0,2026-07-03
5760,903954,30-60,3070,PENDING,0.0,2026-07-25
5761,903962,0-30,3071,PENDING,0.0,2026-01-24
5762,903962,0-30,3071,PARTIAL,29616.52,2026-02-16
5763,903962,0-30,3071,PENDING,0.0,2026-03-11
5764,903962,0-30,3071,PARTIAL,32442.99,2026-04-02
5765,903962,0-30,3071,PENDING,0.0,2026-04-25
5766,903962,0-30,3071,PENDING,0.0,2026-05-18
5767,903962,30-60,3071,PENDING,0.0,2026-06-09
5768,903962,60-90,3071,PARTIAL,15358.85,2026-07-02
5769,903962,90+,3071,PENDING,0.0,2026-07-25
5770,903965,0-30,3058,PARTIAL,57483.05,2026-01-09
5771,903965,0-30,3058,PENDING,0.0,2026-02-03
5772,903965,0-30,3058,PENDING,0.0,2026-02-27
5773,903965,0-30,3058,PENDING,0.0,2026-03-24
5774,903965,0-30,3058,PENDING,0.0,2026-04-17
5775,903965,0-30,3058,PARTIAL,138553.34,2026-05-12
5776,903965,30-60,3058,PARTIAL,122704.04,2026-06-05
5777,903965,60-90,3058,PENDING,0.0,2026-06-30
5778,903965,90+,3058,PENDING,0.0,2026-07-25
5779,903969,0-30,3017,PARTIAL,13899.33,2026-02-23
5780,903969,0-30,3017,PENDING,0.0,2026-03-17
5781,903969,0-30,3017,PARTIAL,74737.88,2026-04-07
5782,903969,0-30,3017,PENDING,0.0,2026-04-29
5783,903969,0-30,3017,PENDING,0.0,2026-05-21
5784,903969,30-60,3017,PENDING,0.0,2026-06-11
5785,903969,60-90,3017,PARTIAL,82645.41,2026-07-03
5786,903969,90+,3017,PARTIAL,57670.82,2026-07-25
5787,903980,0-30,3053,PENDING,0.0,2026-06-12
5788,903980,0-30,3053,PENDING,0.0,2026-06-23
5789,903980,0-30,3053,PENDING,0.0,2026-07-03
5790,903980,0-30,3053,PENDING,0.0,2026-07-14
5791,903980,30-60,3053,PENDING,0.0,2026-07-25
5792,903982,0-30,3079,PENDING,0.0,2026-07-17
5793,903982,0-30,3079,RECOVERED,205043.66,2026-07-25
5794,903983,30-60,3078,PARTIAL,1888.57,2026-07-25
5795,903989,0-30,3066,PENDING,0.0,2026-02-28
5796,903989,0-30,3066,PENDING,0.0,2026-03-16
5797,903989,0-30,3066,PARTIAL,25733.99,2026-04-01
5798,903989,0-30,3066,PENDING,0.0,2026-04-18
5799,903989,0-30,3066,PENDING,0.0,2026-05-04
5800,903989,0-30,3066,PARTIAL,69868.12,2026-05-20
5801,903989,0-30,3066,PENDING,0.0,2026-06-06
5802,903989,30-60,3066,PENDING,0.0,2026-06-22
5803,903989,60-90,3066,PENDING,0.0,2026-07-08
5804,903989,90+,3066,PENDING,0.0,2026-07-25
5805,903990,0-30,3054,RECOVERED,39826.13,2026-07-25
5806,903991,0-30,3062,PENDING,0.0,2026-06-21
5807,903991,0-30,3062,PENDING,0.0,2026-07-08
5808,903991,30-60,3062,PARTIAL,32681.76,2026-07-25
5809,903993,0-30,3025,PENDING,0.0,2026-04-12
5810,903993,0-30,3025,PENDING,0.0,2026-05-08
5811,903993,30-60,3025,PENDING,0.0,2026-06-03
5812,903993,60-90,3025,PARTIAL,36276.35,2026-06-29
5813,903993,90+,3025,PARTIAL,12437.35,2026-07-25
5814,903995,0-30,3017,PARTIAL,132217.37,2025-11-13
5815,903995,0-30,3017,PENDING,0.0,2025-12-08
5816,903995,0-30,3017,PARTIAL,136624.56,2026-01-03
5817,903995,0-30,3017,PENDING,0.0,2026-01-28
5818,903995,0-30,3017,PENDING,0.0,2026-02-22
5819,903995,0-30,3017,PARTIAL,57707.06,2026-03-20
5820,903995,0-30,3017,PARTIAL,13409.25,2026-04-14
5821,903995,0-30,3017,PARTIAL,49511.3,2026-05-09
5822,903995,30-60,3017,PENDING,0.0,2026-06-04
5823,903995,60-90,3017,PENDING,0.0,2026-06-29
5824,903995,90+,3017,PENDING,0.0,2026-07-25
5825,903999,0-30,3054,PENDING,0.0,2025-11-28
5826,903999,0-30,3054,PENDING,0.0,2026-01-07
5827,903999,0-30,3054,PARTIAL,21446.79,2026-02-16
5828,903999,0-30,3054,PENDING,0.0,2026-03-27
5829,903999,30-60,3054,PENDING,0.0,2026-05-06
5830,903999,60-90,3054,PENDING,0.0,2026-06-15
5831,903999,90+,3054,PENDING,0.0,2026-07-25
5832,904000,0-30,3062,RECOVERED,33308.49,2026-07-25
5833,904001,0-30,3057,PENDING,0.0,2026-01-02
5834,904001,0-30,3057,PARTIAL,371211.54,2026-01-31
5835,904001,0-30,3057,PARTIAL,90432.04,2026-03-01
5836,904001,0-30,3057,PARTIAL,138462.01,2026-03-30
5837,904001,0-30,3057,PARTIAL,201256.4,2026-04-28
5838,904001,30-60,3057,PENDING,0.0,2026-05-27
5839,904001,60-90,3057,PENDING,0.0,2026-06-25
5840,904001,90+,3057,PARTIAL,185147.95,2026-07-25
5841,904005,0-30,3063,PARTIAL,100265.67,2025-10-07
5842,904005,0-30,3063,PENDING,0.0,2025-10-24
5843,904005,0-30,3063,PARTIAL,21612.96,2025-11-10
5844,904005,0-30,3063,PARTIAL,36818.13,2025-11-27
5845,904005,0-30,3063,PENDING,0.0,2025-12-14
5846,904005,0-30,3063,PENDING,0.0,2025-12-31
5847,904005,0-30,3063,PARTIAL,55874.08,2026-01-17
5848,904005,0-30,3063,PENDING,0.0,2026-02-03
5849,904005,0-30,3063,PARTIAL,51875.83,2026-02-21
5850,904005,0-30,3063,PENDING,0.0,2026-03-10
5851,904005,0-30,3063,PARTIAL,23817.06,2026-03-27
5852,904005,0-30,3063,PARTIAL,109416.23,2026-04-13
5853,904005,0-30,3063,PENDING,0.0,2026-04-30
5854,904005,0-30,3063,PENDING,0.0,2026-05-17
5855,904005,0-30,3063,PENDING,0.0,2026-06-03
5856,904005,30-60,3063,PENDING,0.0,2026-06-20
5857,904005,60-90,3063,PENDING,0.0,2026-07-07
5858,904005,90+,3063,PARTIAL,33468.98,2026-07-25
5859,904012,30-60,3012,PARTIAL,1714.06,2026-04-28
5860,904012,60-90,3012,PENDING,0.0,2026-06-11
5861,904012,90+,3012,WRITE_OFF,595.88,2026-07-25
5862,904013,0-30,3022,PARTIAL,15814.49,2026-02-13
5863,904013,0-30,3022,PENDING,0.0,2026-03-12
5864,904013,0-30,3022,PENDING,0.0,2026-04-08
5865,904013,0-30,3022,PARTIAL,34590.33,2026-05-05
5866,904013,30-60,3022,PENDING,0.0,2026-06-01
5867,904013,60-90,3022,PENDING,0.0,2026-06-28
5868,904013,90+,3022,WRITE_OFF,5548.97,2026-07-25
5869,904016,30-60,3004,PENDING,0.0,2026-07-25
5870,904019,90+,3059,WRITE_OFF,2075.92,2026-07-25
5871,904026,0-30,3053,PENDING,0.0,2026-03-25
5872,904026,30-60,3053,PENDING,0.0,2026-05-05
5873,904026,60-90,3053,PENDING,0.0,2026-06-14
5874,904026,90+,3053,WRITE_OFF,6283.75,2026-07-25
5875,904030,0-30,3032,PENDING,0.0,2026-06-28
5876,904030,30-60,3032,PARTIAL,43612.78,2026-07-25
5877,904031,60-90,3064,PARTIAL,46792.6,2026-07-25
5878,904033,0-30,3020,RECOVERED,3911.11,2026-07-25
5879,904034,0-30,3030,PENDING,0.0,2026-06-27
5880,904034,0-30,3030,PENDING,0.0,2026-07-11
5881,904034,30-60,3030,RECOVERED,89518.7,2026-07-25
5882,904036,0-30,3016,PENDING,0.0,2025-11-07
5883,904036,0-30,3016,PARTIAL,189333.99,2025-12-03
5884,904036,0-30,3016,PENDING,0.0,2025-12-29
5885,904036,0-30,3016,PENDING,0.0,2026-01-24
5886,904036,0-30,3016,PENDING,0.0,2026-02-19
5887,904036,0-30,3016,PENDING,0.0,2026-03-17
5888,904036,0-30,3016,PARTIAL,178393.65,2026-04-12
5889,904036,0-30,3016,PENDING,0.0,2026-05-08
5890,904036,30-60,3016,PENDING,0.0,2026-06-03
5891,904036,60-90,3016,PARTIAL,158897.14,2026-06-29
5892,904036,90+,3016,WRITE_OFF,3842.41,2026-07-25
5893,904047,0-30,3080,PARTIAL,7648.58,2026-07-25
5894,904050,0-30,3026,PENDING,0.0,2026-01-26
5895,904050,0-30,3026,PENDING,0.0,2026-03-03
5896,904050,0-30,3026,PARTIAL,9167.52,2026-04-08
5897,904050,30-60,3026,PARTIAL,14454.98,2026-05-14
5898,904050,60-90,3026,PENDING,0.0,2026-06-19
5899,904050,90+,3026,PARTIAL,25733.53,2026-07-25
5900,904051,0-30,3027,PENDING,0.0,2025-08-24
5901,904051,0-30,3027,PENDING,0.0,2025-09-23
5902,904051,0-30,3027,PENDING,0.0,2025-10-24
5903,904051,0-30,3027,PENDING,0.0,2025-11-23
5904,904051,0-30,3027,PARTIAL,1641557.42,2025-12-24
5905,904051,0-30,3027,PARTIAL,949849.88,2026-01-23
5906,904051,0-30,3027,PENDING,0.0,2026-02-22
5907,904051,0-30,3027,PENDING,0.0,2026-03-25
5908,904051,0-30,3027,PENDING,0.0,2026-04-24
5909,904051,30-60,3027,PENDING,0.0,2026-05-25
5910,904051,60-90,3027,PARTIAL,268289.15,2026-06-24
5911,904051,90+,3027,WRITE_OFF,581656.55,2026-07-25
5912,904054,0-30,3016,PENDING,0.0,2026-07-03
5913,904054,30-60,3016,PARTIAL,16651.38,2026-07-25
5914,904055,0-30,3035,PENDING,0.0,2026-06-16
5915,904055,0-30,3035,PENDING,0.0,2026-06-29
5916,904055,0-30,3035,PARTIAL,4175.44,2026-07-12
5917,904055,30-60,3035,PENDING,0.0,2026-07-25
5918,904057,0-30,3045,PARTIAL,52539.65,2026-06-24
5919,904057,0-30,3045,PENDING,0.0,2026-07-04
5920,904057,0-30,3045,PARTIAL,85881.35,2026-07-14
5921,904057,30-60,3045,PENDING,0.0,2026-07-25
5922,904058,30-60,3070,PENDING,0.0,2026-05-23
5923,904058,60-90,3070,PARTIAL,60238.2,2026-06-23
5924,904058,90+,3070,PENDING,0.0,2026-07-25
5925,904061,90+,3019,WRITE_OFF,2009.7,2026-07-25
5926,904064,0-30,3070,PARTIAL,100359.43,2026-06-12
5927,904064,30-60,3070,PENDING,0.0,2026-07-03
5928,904064,60-90,3070,PENDING,0.0,2026-07-25
5929,904073,0-30,3059,PENDING,0.0,2025-09-29
5930,904073,0-30,3059,PENDING,0.0,2025-10-24
5931,904073,0-30,3059,PENDING,0.0,2025-11-18
5932,904073,0-30,3059,PARTIAL,201130.1,2025-12-13
5933,904073,0-30,3059,PARTIAL,272853.92,2026-01-07
5934,904073,0-30,3059,PENDING,0.0,2026-02-01
5935,904073,0-30,3059,PENDING,0.0,2026-02-25
5936,904073,0-30,3059,PENDING,0.0,2026-03-22
5937,904073,0-30,3059,PENDING,0.0,2026-04-16
5938,904073,0-30,3059,PENDING,0.0,2026-05-11
5939,904073,30-60,3059,PENDING,0.0,2026-06-05
5940,904073,60-90,3059,PARTIAL,36800.05,2026-06-30
5941,904073,90+,3059,PENDING,0.0,2026-07-25
5942,904074,30-60,3037,PENDING,0.0,2026-07-25
5943,904077,0-30,3009,PENDING,0.0,2026-06-30
5944,904077,30-60,3009,PARTIAL,81259.69,2026-07-25
5945,904078,30-60,3022,PARTIAL,15628.91,2026-07-25
5946,904079,0-30,3041,PENDING,0.0,2026-04-12
5947,904079,30-60,3041,PENDING,0.0,2026-05-17
5948,904079,60-90,3041,PARTIAL,2434.54,2026-06-20
5949,904079,90+,3041,WRITE_OFF,1191.03,2026-07-25
5950,904080,0-30,3062,PENDING,0.0,2025-09-02
5951,904080,0-30,3062,PENDING,0.0,2025-10-02
5952,904080,0-30,3062,PENDING,0.0,2025-10-31
5953,904080,0-30,3062,PENDING,0.0,2025-11-30
5954,904080,0-30,3062,PENDING,0.0,2025-12-29
5955,904080,0-30,3062,PENDING,0.0,2026-01-28
5956,904080,0-30,3062,PENDING,0.0,2026-02-27
5957,904080,0-30,3062,PENDING,0.0,2026-03-28
5958,904080,0-30,3062,PENDING,0.0,2026-04-27
5959,904080,30-60,3062,PARTIAL,20775.48,2026-05-26
5960,904080,60-90,3062,PARTIAL,18378.07,2026-06-25
5961,904080,90+,3062,PARTIAL,9516.14,2026-07-25
5962,904081,0-30,3011,PARTIAL,11476.84,2026-07-02
5963,904081,30-60,3011,PENDING,0.0,2026-07-25
5964,904086,30-60,3059,PARTIAL,11264.97,2026-06-24
5965,904086,60-90,3059,PENDING,0.0,2026-07-25
5966,904087,0-30,3044,PENDING,0.0,2025-10-05
5967,904087,0-30,3044,PENDING,0.0,2025-11-16
5968,904087,0-30,3044,PENDING,0.0,2025-12-28
5969,904087,0-30,3044,PENDING,0.0,2026-02-08
5970,904087,0-30,3044,PENDING,0.0,2026-03-21
5971,904087,30-60,3044,PARTIAL,272289.03,2026-05-02
5972,904087,60-90,3044,PARTIAL,148742.21,2026-06-13
5973,904087,90+,3044,PENDING,0.0,2026-07-25
5974,904090,0-30,3078,PENDING,0.0,2025-10-13
5975,904090,0-30,3078,PARTIAL,466547.99,2025-10-28
5976,904090,0-30,3078,PENDING,0.0,2025-11-12
5977,904090,0-30,3078,PARTIAL,141512.34,2025-11-27
5978,904090,0-30,3078,PENDING,0.0,2025-12-12
5979,904090,0-30,3078,PENDING,0.0,2025-12-27
5980,904090,0-30,3078,PENDING,0.0,2026-01-11
5981,904090,0-30,3078,PENDING,0.0,2026-01-26
5982,904090,0-30,3078,PENDING,0.0,2026-02-10
5983,904090,0-30,3078,PENDING,0.0,2026-02-25
5984,904090,0-30,3078,PENDING,0.0,2026-03-12
5985,904090,0-30,3078,PENDING,0.0,2026-03-27
5986,904090,0-30,3078,PENDING,0.0,2026-04-11
5987,904090,0-30,3078,PENDING,0.0,2026-04-26
5988,904090,0-30,3078,PENDING,0.0,2026-05-11
5989,904090,0-30,3078,PENDING,0.0,2026-05-26
5990,904090,0-30,3078,PENDING,0.0,2026-06-10
5991,904090,30-60,3078,PENDING,0.0,2026-06-25
5992,904090,60-90,3078,PENDING,0.0,2026-07-10
5993,904090,90+,3078,PENDING,0.0,2026-07-25
5994,904103,0-30,3039,PENDING,0.0,2026-05-28
5995,904103,0-30,3039,PENDING,0.0,2026-06-11
5996,904103,0-30,3039,PENDING,0.0,2026-06-26
5997,904103,30-60,3039,PENDING,0.0,2026-07-10
5998,904103,60-90,3039,PENDING,0.0,2026-07-25
5999,904105,0-30,3034,PENDING,0.0,2026-07-04
6000,904105,30-60,3034,PENDING,0.0,2026-07-25
6001,904108,30-60,3016,PENDING,0.0,2026-07-25
6002,904109,0-30,3015,PENDING,0.0,2025-08-24
6003,904109,0-30,3015,PENDING,0.0,2025-09-23
6004,904109,0-30,3015,PENDING,0.0,2025-10-24
6005,904109,0-30,3015,PENDING,0.0,2025-11-23
6006,904109,0-30,3015,PENDING,0.0,2025-12-24
6007,904109,0-30,3015,PENDING,0.0,2026-01-23
6008,904109,0-30,3015,PENDING,0.0,2026-02-22
6009,904109,0-30,3015,PARTIAL,4569.48,2026-03-25
6010,904109,0-30,3015,PARTIAL,1811.45,2026-04-24
6011,904109,30-60,3015,PENDING,0.0,2026-05-25
6012,904109,60-90,3015,PENDING,0.0,2026-06-24
6013,904109,90+,3015,WRITE_OFF,1246.77,2026-07-25
6014,904111,0-30,3027,PENDING,0.0,2026-06-22
6015,904111,0-30,3027,PENDING,0.0,2026-07-03
6016,904111,0-30,3027,PENDING,0.0,2026-07-14
6017,904111,30-60,3027,PENDING,0.0,2026-07-25
6018,904114,0-30,3070,PENDING,0.0,2026-07-07
6019,904114,30-60,3070,PARTIAL,50595.0,2026-07-25
6020,904116,0-30,3048,PENDING,0.0,2026-06-21
6021,904116,0-30,3048,PENDING,0.0,2026-07-08
6022,904116,30-60,3048,PARTIAL,4859.01,2026-07-25
6023,904117,30-60,3077,PARTIAL,4580.09,2026-07-25
6024,904122,0-30,3042,PARTIAL,50054.84,2026-07-02
6025,904122,30-60,3042,PENDING,0.0,2026-07-25
6026,904133,0-30,3071,PENDING,0.0,2026-06-22
6027,904133,0-30,3071,PENDING,0.0,2026-07-03
6028,904133,0-30,3071,PARTIAL,17122.31,2026-07-14
6029,904133,30-60,3071,PENDING,0.0,2026-07-25
6030,904134,0-30,3036,PARTIAL,375.49,2026-05-16
6031,904134,30-60,3036,PENDING,0.0,2026-06-08
6032,904134,60-90,3036,PARTIAL,1313.31,2026-07-01
6033,904134,90+,3036,PENDING,0.0,2026-07-25
6034,904146,0-30,3060,PARTIAL,5926.74,2026-07-25
6035,904147,0-30,3040,PENDING,0.0,2026-07-03
6036,904147,30-60,3040,RECOVERED,297109.59,2026-07-25
6037,904149,0-30,3060,PARTIAL,37306.24,2025-11-21
6038,904149,0-30,3060,PENDING,0.0,2025-12-05
6039,904149,0-30,3060,PARTIAL,178446.0,2025-12-18
6040,904149,0-30,3060,PENDING,0.0,2026-01-01
6041,904149,0-30,3060,PENDING,0.0,2026-01-15
6042,904149,0-30,3060,PENDING,0.0,2026-01-28
6043,904149,0-30,3060,PARTIAL,89656.13,2026-02-11
6044,904149,0-30,3060,PENDING,0.0,2026-02-25
6045,904149,0-30,3060,PENDING,0.0,2026-03-10
6046,904149,0-30,3060,PENDING,0.0,2026-03-24
6047,904149,0-30,3060,PENDING,0.0,2026-04-06
6048,904149,0-30,3060,PENDING,0.0,2026-04-20
6049,904149,0-30,3060,PARTIAL,115173.92,2026-05-04
6050,904149,0-30,3060,PENDING,0.0,2026-05-17
6051,904149,0-30,3060,PENDING,0.0,2026-05-31
6052,904149,0-30,3060,PARTIAL,160292.07,2026-06-14
6053,904149,30-60,3060,PARTIAL,57463.05,2026-06-27
6054,904149,60-90,3060,PENDING,0.0,2026-07-11
6055,904149,90+,3060,PENDING,0.0,2026-07-25
6056,904151,0-30,3034,PENDING,0.0,2026-06-27
6057,904151,0-30,3034,PENDING,0.0,2026-07-06
6058,904151,0-30,3034,PARTIAL,6602.72,2026-07-15
6059,904151,30-60,3034,PARTIAL,7792.54,2026-07-25
6060,904153,0-30,3046,PENDING,0.0,2026-06-22
6061,904153,0-30,3046,PENDING,0.0,2026-07-03
6062,904153,0-30,3046,PENDING,0.0,2026-07-14
6063,904153,30-60,3046,PARTIAL,122580.64,2026-07-25
6064,904159,0-30,3034,PARTIAL,9846.83,2025-11-09
6065,904159,0-30,3034,PENDING,0.0,2025-12-11
6066,904159,0-30,3034,PENDING,0.0,2026-01-12
6067,904159,0-30,3034,PENDING,0.0,2026-02-13
6068,904159,0-30,3034,PENDING,0.0,2026-03-18
6069,904159,0-30,3034,PENDING,0.0,2026-04-19
6070,904159,30-60,3034,PENDING,0.0,2026-05-21
6071,904159,60-90,3034,PENDING,0.0,2026-06-22
6072,904159,90+,3034,PENDING,0.0,2026-07-25
6073,904165,0-30,3057,PENDING,0.0,2026-06-03
6074,904165,0-30,3057,PENDING,0.0,2026-06-20
6075,904165,30-60,3057,PENDING,0.0,2026-07-07
6076,904165,60-90,3057,PARTIAL,20176.85,2026-07-25
6077,904166,0-30,3011,PENDING,0.0,2026-07-25
6078,904169,0-30,3060,PARTIAL,7336.72,2026-07-25
6079,904170,0-30,3047,PENDING,0.0,2026-02-14
6080,904170,30-60,3047,PENDING,0.0,2026-04-09
6081,904170,60-90,3047,PENDING,0.0,2026-06-01
6082,904170,90+,3047,WRITE_OFF,7112.06,2026-07-25
6083,904172,0-30,3059,PENDING,0.0,2026-07-11
6084,904172,0-30,3059,RECOVERED,2370.79,2026-07-25
6085,904182,0-30,3033,PENDING,0.0,2026-07-02
6086,904182,30-60,3033,PARTIAL,5766.37,2026-07-25
6087,904184,0-30,3051,PENDING,0.0,2026-06-27
6088,904184,0-30,3051,PENDING,0.0,2026-07-11
6089,904184,30-60,3051,PENDING,0.0,2026-07-25
6090,904185,0-30,3033,PENDING,0.0,2026-07-09
6091,904185,0-30,3033,PARTIAL,9259.97,2026-07-17
6092,904185,0-30,3033,PARTIAL,7006.6,2026-07-25
6093,904186,0-30,3063,PARTIAL,58698.42,2026-05-31
6094,904186,0-30,3063,PENDING,0.0,2026-06-14
6095,904186,0-30,3063,PENDING,0.0,2026-06-27
6096,904186,30-60,3063,PARTIAL,61363.1,2026-07-11
6097,904186,60-90,3063,PENDING,0.0,2026-07-25
6098,904187,0-30,3024,PENDING,0.0,2026-01-08
6099,904187,0-30,3024,PENDING,0.0,2026-02-10
6100,904187,0-30,3024,PENDING,0.0,2026-03-15
6101,904187,0-30,3024,PENDING,0.0,2026-04-17
6102,904187,30-60,3024,PENDING,0.0,2026-05-20
6103,904187,60-90,3024,PENDING,0.0,2026-06-22
6104,904187,90+,3024,PENDING,0.0,2026-07-25
6105,904190,0-30,3054,PENDING,0.0,2026-04-20
6106,904190,0-30,3054,PENDING,0.0,2026-05-09
6107,904190,0-30,3054,PENDING,0.0,2026-05-28
6108,904190,30-60,3054,PENDING,0.0,2026-06-16
6109,904190,60-90,3054,PARTIAL,103778.5,2026-07-05
6110,904190,90+,3054,PENDING,0.0,2026-07-25
6111,904195,0-30,3050,PARTIAL,38774.95,2025-08-29
6112,904195,0-30,3050,PENDING,0.0,2025-09-28
6113,904195,0-30,3050,PENDING,0.0,2025-10-28
6114,904195,0-30,3050,PARTIAL,55241.76,2025-11-27
6115,904195,0-30,3050,PENDING,0.0,2025-12-27
6116,904195,0-30,3050,PENDING,0.0,2026-01-26
6117,904195,0-30,3050,PENDING,0.0,2026-02-25
6118,904195,0-30,3050,PENDING,0.0,2026-03-27
6119,904195,0-30,3050,PENDING,0.0,2026-04-26
6120,904195,30-60,3050,PENDING,0.0,2026-05-26
6121,904195,60-90,3050,PENDING,0.0,2026-06-25
6122,904195,90+,3050,PENDING,0.0,2026-07-25
6123,904196,0-30,3039,PENDING,0.0,2026-07-17
6124,904196,0-30,3039,PENDING,0.0,2026-07-25
6125,904198,0-30,3070,PENDING,0.0,2026-03-09
6126,904198,0-30,3070,PENDING,0.0,2026-04-01
6127,904198,0-30,3070,PENDING,0.0,2026-04-24
6128,904198,0-30,3070,PENDING,0.0,2026-05-17
6129,904198,30-60,3070,PENDING,0.0,2026-06-09
6130,904198,60-90,3070,PARTIAL,60706.63,2026-07-02
6131,904198,90+,3070,PARTIAL,41216.39,2026-07-25
6132,904199,0-30,3032,PARTIAL,65408.29,2025-11-30
6133,904199,0-30,3032,PARTIAL,67130.56,2025-12-26
6134,904199,0-30,3032,PENDING,0.0,2026-01-21
6135,904199,0-30,3032,PENDING,0.0,2026-02-17
6136,904199,0-30,3032,PENDING,0.0,2026-03-15
6137,904199,0-30,3032,PENDING,0.0,2026-04-10
6138,904199,0-30,3032,PENDING,0.0,2026-05-07
6139,904199,30-60,3032,PARTIAL,29592.71,2026-06-02
6140,904199,60-90,3032,PARTIAL,20922.44,2026-06-28
6141,904199,90+,3032,PARTIAL,69074.84,2026-07-25
6142,904202,0-30,3036,PARTIAL,265784.41,2025-12-29
6143,904202,0-30,3036,PARTIAL,378874.82,2026-01-21
6144,904202,0-30,3036,PENDING,0.0,2026-02-13
6145,904202,0-30,3036,PENDING,0.0,2026-03-08
6146,904202,0-30,3036,PENDING,0.0,2026-03-31
6147,904202,0-30,3036,PENDING,0.0,2026-04-23
6148,904202,0-30,3036,PENDING,0.0,2026-05-16
6149,904202,30-60,3036,PENDING,0.0,2026-06-08
6150,904202,60-90,3036,PENDING,0.0,2026-07-01
6151,904202,90+,3036,PARTIAL,146306.83,2026-07-25
6152,904212,0-30,3031,PENDING,0.0,2026-07-05
6153,904212,30-60,3031,PENDING,0.0,2026-07-25
6154,904215,0-30,3005,PENDING,0.0,2026-03-19
6155,904215,0-30,3005,PENDING,0.0,2026-04-04
6156,904215,0-30,3005,PENDING,0.0,2026-04-20
6157,904215,0-30,3005,PARTIAL,5950.85,2026-05-06
6158,904215,0-30,3005,PARTIAL,10301.15,2026-05-22
6159,904215,0-30,3005,PARTIAL,17142.0,2026-06-07
6160,904215,30-60,3005,PENDING,0.0,2026-06-23
6161,904215,60-90,3005,PARTIAL,34385.49,2026-07-09
6162,904215,90+,3005,PARTIAL,23433.5,2026-07-25
6163,904218,30-60,3005,PARTIAL,9713.1,2026-07-25
6164,904234,30-60,3063,PENDING,0.0,2026-07-25
6165,904241,0-30,3020,PARTIAL,1493.12,2026-07-25
6166,904242,0-30,3080,PENDING,0.0,2026-06-26
6167,904242,0-30,3080,PARTIAL,8031.51,2026-07-10
6168,904242,30-60,3080,RECOVERED,64650.77,2026-07-25
6169,904243,0-30,3018,PENDING,0.0,2026-07-15
6170,904243,0-30,3018,PENDING,0.0,2026-07-20
6171,904243,0-30,3018,PENDING,0.0,2026-07-25
6172,904244,0-30,3069,PENDING,0.0,2026-06-06
6173,904244,0-30,3069,PENDING,0.0,2026-06-22
6174,904244,30-60,3069,PARTIAL,102455.76,2026-07-08
6175,904244,60-90,3069,PARTIAL,44848.17,2026-07-25
6176,904246,30-60,3020,PENDING,0.0,2026-07-25
6177,904255,0-30,3073,PARTIAL,45877.42,2026-07-25
6178,904259,0-30,3033,PENDING,0.0,2025-08-20
6179,904259,0-30,3033,PARTIAL,163887.18,2025-09-15
6180,904259,0-30,3033,PENDING,0.0,2025-10-11
6181,904259,0-30,3033,PENDING,0.0,2025-11-06
6182,904259,0-30,3033,PENDING,0.0,2025-12-02
6183,904259,0-30,3033,PENDING,0.0,2025-12-28
6184,904259,0-30,3033,PENDING,0.0,2026-01-23
6185,904259,0-30,3033,PENDING,0.0,2026-02-18
6186,904259,0-30,3033,PARTIAL,149259.23,2026-03-16
6187,904259,0-30,3033,PARTIAL,120779.28,2026-04-11
6188,904259,0-30,3033,PENDING,0.0,2026-05-07
6189,904259,30-60,3033,PENDING,0.0,2026-06-02
6190,904259,60-90,3033,PENDING,0.0,2026-06-28
6191,904259,90+,3033,PARTIAL,102302.12,2026-07-25
6192,904263,0-30,3049,PENDING,0.0,2025-09-13
6193,904263,0-30,3049,PENDING,0.0,2025-10-09
6194,904263,0-30,3049,PENDING,0.0,2025-11-04
6195,904263,0-30,3049,PENDING,0.0,2025-11-30
6196,904263,0-30,3049,PENDING,0.0,2025-12-27
6197,904263,0-30,3049,PENDING,0.0,2026-01-22
6198,904263,0-30,3049,PENDING,0.0,2026-02-17
6199,904263,0-30,3049,PENDING,0.0,2026-03-15
6200,904263,0-30,3049,PENDING,0.0,2026-04-11
6201,904263,0-30,3049,PARTIAL,316623.55,2026-05-07
6202,904263,30-60,3049,PENDING,0.0,2026-06-02
6203,904263,60-90,3049,PENDING,0.0,2026-06-28
6204,904263,90+,3049,PENDING,0.0,2026-07-25
6205,904265,0-30,3019,PARTIAL,307944.39,2025-11-15
6206,904265,0-30,3019,PENDING,0.0,2025-12-03
6207,904265,0-30,3019,PENDING,0.0,2025-12-21
6208,904265,0-30,3019,PENDING,0.0,2026-01-08
6209,904265,0-30,3019,PENDING,0.0,2026-01-26
6210,904265,0-30,3019,PENDING,0.0,2026-02-13
6211,904265,0-30,3019,PENDING,0.0,2026-03-03
6212,904265,0-30,3019,PENDING,0.0,2026-03-21
6213,904265,0-30,3019,PENDING,0.0,2026-04-08
6214,904265,0-30,3019,PENDING,0.0,2026-04-26
6215,904265,0-30,3019,PENDING,0.0,2026-05-14
6216,904265,0-30,3019,PENDING,0.0,2026-06-01
6217,904265,30-60,3019,PARTIAL,883552.23,2026-06-19
6218,904265,60-90,3019,PENDING,0.0,2026-07-07
6219,904265,90+,3019,PENDING,0.0,2026-07-25
6220,904269,0-30,3050,PENDING,0.0,2025-12-25
6221,904269,0-30,3050,PENDING,0.0,2026-01-13
6222,904269,0-30,3050,PENDING,0.0,2026-02-01
6223,904269,0-30,3050,PENDING,0.0,2026-02-21
6224,904269,0-30,3050,PENDING,0.0,2026-03-12
6225,904269,0-30,3050,PARTIAL,53702.12,2026-03-31
6226,904269,0-30,3050,PENDING,0.0,2026-04-19
6227,904269,0-30,3050,PENDING,0.0,2026-05-09
6228,904269,0-30,3050,PENDING,0.0,2026-05-28
6229,904269,30-60,3050,PENDING,0.0,2026-06-16
6230,904269,60-90,3050,PARTIAL,113234.26,2026-07-05
6231,904269,90+,3050,PENDING,0.0,2026-07-25
6232,904271,0-30,3021,PENDING,0.0,2026-02-06
6233,904271,0-30,3021,PARTIAL,5348.72,2026-02-27
6234,904271,0-30,3021,PENDING,0.0,2026-03-20
6235,904271,0-30,3021,PENDING,0.0,2026-04-10
6236,904271,0-30,3021,PENDING,0.0,2026-05-01
6237,904271,0-30,3021,PENDING,0.0,2026-05-22
6238,904271,30-60,3021,PENDING,0.0,2026-06-12
6239,904271,60-90,3021,PENDING,0.0,2026-07-03
6240,904271,90+,3021,WRITE_OFF,2772.67,2026-07-25
6241,904273,0-30,3037,PARTIAL,10883.33,2026-07-05
6242,904273,30-60,3037,PARTIAL,11230.04,2026-07-25
6243,904282,0-30,3049,PENDING,0.0,2026-06-01
6244,904282,0-30,3049,PENDING,0.0,2026-06-19
6245,904282,30-60,3049,PENDING,0.0,2026-07-07
6246,904282,60-90,3049,WRITE_OFF,2887.24,2026-07-25
6247,904289,0-30,3067,PARTIAL,5201.68,2026-06-29
6248,904289,0-30,3067,PENDING,0.0,2026-07-12
6249,904289,30-60,3067,PARTIAL,11629.85,2026-07-25
6250,904299,0-30,3078,PENDING,0.0,2025-08-30
6251,904299,0-30,3078,PENDING,0.0,2025-10-06
6252,904299,0-30,3078,PARTIAL,36766.73,2025-11-11
6253,904299,0-30,3078,PENDING,0.0,2025-12-18
6254,904299,0-30,3078,PENDING,0.0,2026-01-23
6255,904299,0-30,3078,PENDING,0.0,2026-03-01
6256,904299,0-30,3078,PARTIAL,11773.5,2026-04-06
6257,904299,30-60,3078,PENDING,0.0,2026-05-13
6258,904299,60-90,3078,PARTIAL,35366.52,2026-06-18
6259,904299,90+,3078,WRITE_OFF,20797.26,2026-07-25
6260,904301,0-30,3047,PARTIAL,140370.31,2025-09-17
6261,904301,0-30,3047,PARTIAL,105903.84,2025-10-13
6262,904301,0-30,3047,PARTIAL,222336.87,2025-11-08
6263,904301,0-30,3047,PENDING,0.0,2025-12-04
6264,904301,0-30,3047,PENDING,0.0,2025-12-30
6265,904301,0-30,3047,PARTIAL,164584.02,2026-01-25
6266,904301,0-30,3047,PENDING,0.0,2026-02-19
6267,904301,0-30,3047,PENDING,0.0,2026-03-17
6268,904301,0-30,3047,PARTIAL,103815.84,2026-04-12
6269,904301,0-30,3047,PARTIAL,307016.92,2026-05-08
6270,904301,30-60,3047,PENDING,0.0,2026-06-03
6271,904301,60-90,3047,PENDING,0.0,2026-06-29
6272,904301,90+,3047,PARTIAL,81815.25,2026-07-25
6273,904302,0-30,3022,PENDING,0.0,2026-02-26
6274,904302,0-30,3022,PENDING,0.0,2026-04-04
6275,904302,30-60,3022,PARTIAL,86117.81,2026-05-11
6276,904302,60-90,3022,PARTIAL,76323.59,2026-06-17
6277,904302,90+,3022,PARTIAL,20621.47,2026-07-25
6278,904303,30-60,3049,PARTIAL,6044.82,2026-07-25
6279,904304,0-30,3051,PENDING,0.0,2026-07-02
6280,904304,30-60,3051,RECOVERED,12645.29,2026-07-25
6281,904309,0-30,3006,PENDING,0.0,2025-11-10
6282,904309,0-30,3006,PENDING,0.0,2025-12-06
6283,904309,0-30,3006,PARTIAL,202894.48,2025-12-31
6284,904309,0-30,3006,PARTIAL,691350.7,2026-01-26
6285,904309,0-30,3006,PENDING,0.0,2026-02-21
6286,904309,0-30,3006,PENDING,0.0,2026-03-18
6287,904309,0-30,3006,PARTIAL,1146349.6,2026-04-13
6288,904309,0-30,3006,PARTIAL,550845.16,2026-05-09
6289,904309,30-60,3006,PARTIAL,477608.82,2026-06-03
6290,904309,60-90,3006,PENDING,0.0,2026-06-29
6291,904309,90+,3006,PARTIAL,329940.22,2026-07-25
6292,904317,0-30,3004,PARTIAL,126120.73,2025-08-27
6293,904317,0-30,3004,PENDING,0.0,2025-09-29
6294,904317,0-30,3004,PARTIAL,131257.78,2025-11-01
6295,904317,0-30,3004,PENDING,0.0,2025-12-04
6296,904317,0-30,3004,PENDING,0.0,2026-01-06
6297,904317,0-30,3004,PENDING,0.0,2026-02-09
6298,904317,0-30,3004,PARTIAL,48297.91,2026-03-14
6299,904317,0-30,3004,PENDING,0.0,2026-04-16
6300,904317,30-60,3004,PENDING,0.0,2026-05-19
6301,904317,60-90,3004,PARTIAL,38921.53,2026-06-21
6302,904317,90+,3004,WRITE_OFF,27650.72,2026-07-25
6303,904319,0-30,3071,PARTIAL,130495.4,2026-02-24
6304,904319,30-60,3071,PENDING,0.0,2026-04-15
6305,904319,60-90,3071,PENDING,0.0,2026-06-04
6306,904319,90+,3071,PENDING,0.0,2026-07-25
6307,904322,0-30,3074,PARTIAL,201931.43,2026-07-01
6308,904322,0-30,3074,PENDING,0.0,2026-07-07
6309,904322,0-30,3074,PENDING,0.0,2026-07-13
6310,904322,0-30,3074,PENDING,0.0,2026-07-19
6311,904322,0-30,3074,PENDING,0.0,2026-07-25
6312,904325,30-60,3002,PARTIAL,4544.02,2026-07-25
6313,904326,0-30,3031,PARTIAL,12733.31,2025-12-23
6314,904326,0-30,3031,PARTIAL,6365.22,2026-01-28
6315,904326,0-30,3031,PENDING,0.0,2026-03-04
6316,904326,0-30,3031,PENDING,0.0,2026-04-09
6317,904326,30-60,3031,PENDING,0.0,2026-05-14
6318,904326,60-90,3031,PENDING,0.0,2026-06-19
6319,904326,90+,3031,PARTIAL,5343.03,2026-07-25
6320,904328,0-30,3054,PARTIAL,77409.64,2026-06-01
6321,904328,30-60,3054,PENDING,0.0,2026-06-28
6322,904328,60-90,3054,PENDING,0.0,2026-07-25
6323,904334,30-60,3062,PARTIAL,80417.72,2026-06-17
6324,904334,60-90,3062,PARTIAL,85870.03,2026-07-25
6325,904341,0-30,3032,PENDING,0.0,2025-11-03
6326,904341,0-30,3032,PENDING,0.0,2025-11-25
6327,904341,0-30,3032,PENDING,0.0,2025-12-17
6328,904341,0-30,3032,PARTIAL,5829.64,2026-01-08
6329,904341,0-30,3032,PENDING,0.0,2026-01-30
6330,904341,0-30,3032,PENDING,0.0,2026-02-21
6331,904341,0-30,3032,PARTIAL,6182.8,2026-03-15
6332,904341,0-30,3032,PENDING,0.0,2026-04-06
6333,904341,0-30,3032,PENDING,0.0,2026-04-28
6334,904341,0-30,3032,PENDING,0.0,2026-05-20
6335,904341,30-60,3032,PENDING,0.0,2026-06-11
6336,904341,60-90,3032,PENDING,0.0,2026-07-03
6337,904341,90+,3032,PENDING,0.0,2026-07-25
6338,904342,0-30,3068,PARTIAL,68080.25,2025-09-03
6339,904342,0-30,3068,PENDING,0.0,2025-10-14
6340,904342,0-30,3068,PENDING,0.0,2025-11-23
6341,904342,0-30,3068,PARTIAL,54502.58,2026-01-03
6342,904342,0-30,3068,PENDING,0.0,2026-02-12
6343,904342,0-30,3068,PENDING,0.0,2026-03-25
6344,904342,30-60,3068,PENDING,0.0,2026-05-04
6345,904342,60-90,3068,PENDING,0.0,2026-06-14
6346,904342,90+,3068,WRITE_OFF,3667.99,2026-07-25
6347,904345,0-30,3050,PENDING,0.0,2026-07-25
6348,904347,0-30,3036,PARTIAL,4720.9,2026-07-25
6349,904355,0-30,3040,PENDING,0.0,2026-04-02
6350,904355,30-60,3040,PENDING,0.0,2026-05-10
6351,904355,60-90,3040,PENDING,0.0,2026-06-17
6352,904355,90+,3040,PENDING,0.0,2026-07-25
6353,904356,0-30,3073,PENDING,0.0,2025-10-06
6354,904356,0-30,3073,PENDING,0.0,2025-11-02
6355,904356,0-30,3073,PENDING,0.0,2025-11-28
6356,904356,0-30,3073,PENDING,0.0,2025-12-25
6357,904356,0-30,3073,PENDING,0.0,2026-01-20
6358,904356,0-30,3073,PARTIAL,24996.42,2026-02-16
6359,904356,0-30,3073,PARTIAL,18176.91,2026-03-14
6360,904356,0-30,3073,PENDING,0.0,2026-04-10
6361,904356,0-30,3073,PARTIAL,22948.32,2026-05-06
6362,904356,30-60,3073,PARTIAL,114395.98,2026-06-02
6363,904356,60-90,3073,PENDING,0.0,2026-06-28
6364,904356,90+,3073,PENDING,0.0,2026-07-25
6365,904363,30-60,3054,PENDING,0.0,2026-07-25
6366,904369,0-30,3019,PARTIAL,1120.24,2026-02-12
6367,904369,0-30,3019,PENDING,0.0,2026-03-02
6368,904369,0-30,3019,PENDING,0.0,2026-03-20
6369,904369,0-30,3019,PENDING,0.0,2026-04-07
6370,904369,0-30,3019,PARTIAL,11254.13,2026-04-25
6371,904369,0-30,3019,PENDING,0.0,2026-05-13
6372,904369,0-30,3019,PARTIAL,8565.09,2026-05-31
6373,904369,30-60,3019,PENDING,0.0,2026-06-18
6374,904369,60-90,3019,PENDING,0.0,2026-07-06
6375,904369,90+,3019,PARTIAL,9661.1,2026-07-25
6376,904374,0-30,3077,PENDING,0.0,2026-06-28
6377,904374,0-30,3077,PARTIAL,4107.34,2026-07-11
6378,904374,30-60,3077,PENDING,0.0,2026-07-25
6379,904376,30-60,3068,PENDING,0.0,2026-07-25
6380,904381,0-30,3001,PARTIAL,3282.97,2026-06-23
6381,904381,0-30,3001,PENDING,0.0,2026-07-09
6382,904381,30-60,3001,PARTIAL,3847.45,2026-07-25
6383,904385,0-30,3038,PENDING,0.0,2025-12-17
6384,904385,0-30,3038,PENDING,0.0,2026-01-08
6385,904385,0-30,3038,PENDING,0.0,2026-01-30
6386,904385,0-30,3038,PENDING,0.0,2026-02-21
6387,904385,0-30,3038,PARTIAL,73646.38,2026-03-15
6388,904385,0-30,3038,PENDING,0.0,2026-04-06
6389,904385,0-30,3038,PENDING,0.0,2026-04-28
6390,904385,0-30,3038,PENDING,0.0,2026-05-20
6391,904385,30-60,3038,PARTIAL,65263.6,2026-06-11
6392,904385,60-90,3038,PARTIAL,43303.5,2026-07-03
6393,904385,90+,3038,PENDING,0.0,2026-07-25
6394,904386,0-30,3026,PENDING,0.0,2026-06-22
6395,904386,0-30,3026,PARTIAL,981.69,2026-06-30
6396,904386,0-30,3026,PENDING,0.0,2026-07-08
6397,904386,0-30,3026,PENDING,0.0,2026-07-16
6398,904386,30-60,3026,PENDING,0.0,2026-07-25
6399,904390,30-60,3064,PARTIAL,645.93,2026-07-25
6400,904395,0-30,3010,PENDING,0.0,2025-12-21
6401,904395,0-30,3010,PARTIAL,29628.12,2026-01-14
6402,904395,0-30,3010,PENDING,0.0,2026-02-07
6403,904395,0-30,3010,PARTIAL,32941.99,2026-03-03
6404,904395,0-30,3010,PENDING,0.0,2026-03-27
6405,904395,0-30,3010,PENDING,0.0,2026-04-20
6406,904395,0-30,3010,PENDING,0.0,2026-05-14
6407,904395,30-60,3010,PENDING,0.0,2026-06-07
6408,904395,60-90,3010,PARTIAL,31276.73,2026-07-01
6409,904395,90+,3010,PARTIAL,26887.68,2026-07-25
6410,904404,0-30,3050,PENDING,0.0,2026-02-04
6411,904404,0-30,3050,PENDING,0.0,2026-02-25
6412,904404,0-30,3050,PENDING,0.0,2026-03-19
6413,904404,0-30,3050,PENDING,0.0,2026-04-09
6414,904404,0-30,3050,PARTIAL,3644.24,2026-04-30
6415,904404,0-30,3050,PENDING,0.0,2026-05-22
6416,904404,30-60,3050,PARTIAL,19768.49,2026-06-12
6417,904404,60-90,3050,PENDING,0.0,2026-07-03
6418,904404,90+,3050,WRITE_OFF,225.24,2026-07-25
6419,904408,0-30,3030,PENDING,0.0,2025-12-10
6420,904408,0-30,3030,PENDING,0.0,2025-12-26
6421,904408,0-30,3030,PENDING,0.0,2026-01-11
6422,904408,0-30,3030,PARTIAL,14836.67,2026-01-27
6423,904408,0-30,3030,PARTIAL,2432.44,2026-02-13
6424,904408,0-30,3030,PENDING,0.0,2026-03-01
6425,904408,0-30,3030,PENDING,0.0,2026-03-17
6426,904408,0-30,3030,PENDING,0.0,2026-04-02
6427,904408,0-30,3030,PENDING,0.0,2026-04-18
6428,904408,0-30,3030,PENDING,0.0,2026-05-05
6429,904408,0-30,3030,PARTIAL,14825.85,2026-05-21
6430,904408,0-30,3030,PENDING,0.0,2026-06-06
6431,904408,30-60,3030,PENDING,0.0,2026-06-22
6432,904408,60-90,3030,PENDING,0.0,2026-07-08
6433,904408,90+,3030,PENDING,0.0,2026-07-25
6434,904415,30-60,3018,PENDING,0.0,2026-07-25
6435,904416,30-60,3038,PENDING,0.0,2026-06-24
6436,904416,60-90,3038,PENDING,0.0,2026-07-25
6437,904424,30-60,3035,PARTIAL,8759.3,2026-07-25
6438,904427,0-30,3023,PARTIAL,259180.23,2025-12-24
6439,904427,0-30,3023,PARTIAL,546246.13,2026-01-14
6440,904427,0-30,3023,PENDING,0.0,2026-02-04
6441,904427,0-30,3023,PENDING,0.0,2026-02-26
6442,904427,0-30,3023,PENDING,0.0,2026-03-19
6443,904427,0-30,3023,PENDING,0.0,2026-04-09
6444,904427,0-30,3023,PENDING,0.0,2026-04-30
6445,904427,0-30,3023,PENDING,0.0,2026-05-22
6446,904427,30-60,3023,PARTIAL,56907.77,2026-06-12
6447,904427,60-90,3023,PENDING,0.0,2026-07-03
6448,904427,90+,3023,PENDING,0.0,2026-07-25
6449,904433,0-30,3022,PENDING,0.0,2026-05-01
6450,904433,0-30,3022,PARTIAL,10973.02,2026-05-18
6451,904433,0-30,3022,PARTIAL,2978.28,2026-06-04
6452,904433,30-60,3022,PENDING,0.0,2026-06-21
6453,904433,60-90,3022,PENDING,0.0,2026-07-08
6454,904433,90+,3022,PENDING,0.0,2026-07-25
6455,904439,0-30,3023,PENDING,0.0,2026-07-09
6456,904439,30-60,3023,RECOVERED,135541.93,2026-07-25
6457,904445,30-60,3023,PENDING,0.0,2026-07-25
6458,904450,30-60,3070,PENDING,0.0,2026-07-25
6459,904451,30-60,3073,PENDING,0.0,2026-07-25
6460,904455,0-30,3050,PENDING,0.0,2026-07-04
6461,904455,30-60,3050,PARTIAL,3546.8,2026-07-25
6462,904456,0-30,3045,PENDING,0.0,2026-07-05
6463,904456,30-60,3045,RECOVERED,26402.79,2026-07-25
6464,904460,0-30,3019,PARTIAL,17938.61,2025-12-15
6465,904460,0-30,3019,PENDING,0.0,2026-01-21
6466,904460,0-30,3019,PENDING,0.0,2026-02-27
6467,904460,0-30,3019,PENDING,0.0,2026-04-05
6468,904460,30-60,3019,PENDING,0.0,2026-05-12
6469,904460,60-90,3019,PENDING,0.0,2026-06-18
6470,904460,90+,3019,PENDING,0.0,2026-07-25
6471,904461,0-30,3003,RECOVERED,10895.87,2026-07-25
6472,904470,0-30,3038,PARTIAL,6141.62,2026-07-07
6473,904470,30-60,3038,PARTIAL,6679.07,2026-07-25
6474,904471,30-60,3062,PENDING,0.0,2026-07-25
6475,904472,0-30,3039,PARTIAL,1896.7,2026-07-13
6476,904472,0-30,3039,PENDING,0.0,2026-07-25
6477,904474,0-30,3018,PARTIAL,8602.99,2026-07-06
6478,904474,30-60,3018,PARTIAL,19857.43,2026-07-25
6479,904476,0-30,3042,PENDING,0.0,2025-08-18
6480,904476,0-30,3042,PENDING,0.0,2025-09-11
6481,904476,0-30,3042,PENDING,0.0,2025-10-06
6482,904476,0-30,3042,PENDING,0.0,2025-10-30
6483,904476,0-30,3042,PARTIAL,21835.37,2025-11-23
6484,904476,0-30,3042,PENDING,0.0,2025-12-18
6485,904476,0-30,3042,PARTIAL,72159.11,2026-01-11
6486,904476,0-30,3042,PENDING,0.0,2026-02-04
6487,904476,0-30,3042,PENDING,0.0,2026-03-01
6488,904476,0-30,3042,PENDING,0.0,2026-03-25
6489,904476,0-30,3042,PENDING,0.0,2026-04-18
6490,904476,0-30,3042,PENDING,0.0,2026-05-13
6491,904476,30-60,3042,PARTIAL,102936.56,2026-06-06
6492,904476,60-90,3042,PARTIAL,28500.83,2026-06-30
6493,904476,90+,3042,PENDING,0.0,2026-07-25
6494,904478,0-30,3043,PARTIAL,97151.46,2026-01-03
6495,904478,0-30,3043,PENDING,0.0,2026-02-01
6496,904478,0-30,3043,PENDING,0.0,2026-03-02
6497,904478,0-30,3043,PARTIAL,32315.23,2026-03-31
6498,904478,0-30,3043,PARTIAL,62041.48,2026-04-29
6499,904478,30-60,3043,PENDING,0.0,2026-05-28
6500,904478,60-90,3043,PENDING,0.0,2026-06-26
6501,904478,90+,3043,WRITE_OFF,10745.16,2026-07-25
6502,904481,0-30,3036,PENDING,0.0,2026-06-16
6503,904481,0-30,3036,PARTIAL,11546.91,2026-06-29
6504,904481,0-30,3036,PARTIAL,31843.25,2026-07-12
6505,904481,30-60,3036,PENDING,0.0,2026-07-25
6506,904482,0-30,3064,PENDING,0.0,2026-06-25
6507,904482,0-30,3064,PENDING,0.0,2026-07-10
6508,904482,30-60,3064,PENDING,0.0,2026-07-25
6509,904483,30-60,3039,PENDING,0.0,2026-07-25
6510,904487,0-30,3033,PENDING,0.0,2025-08-20
6511,904487,0-30,3033,PENDING,0.0,2025-09-15
6512,904487,0-30,3033,PENDING,0.0,2025-10-11
6513,904487,0-30,3033,PENDING,0.0,2025-11-06
6514,904487,0-30,3033,PARTIAL,241901.36,2025-12-02
6515,904487,0-30,3033,PARTIAL,236522.0,2025-12-28
6516,904487,0-30,3033,PARTIAL,208784.63,2026-01-23
6517,904487,0-30,3033,PARTIAL,62633.34,2026-02-18
6518,904487,0-30,3033,PENDING,0.0,2026-03-16
6519,904487,0-30,3033,PENDING,0.0,2026-04-11
6520,904487,0-30,3033,PARTIAL,164409.25,2026-05-07
6521,904487,30-60,3033,PARTIAL,110265.88,2026-06-02
6522,904487,60-90,3033,PENDING,0.0,2026-06-28
6523,904487,90+,3033,WRITE_OFF,20070.82,2026-07-25
6524,904489,0-30,3041,PENDING,0.0,2026-07-06
6525,904489,30-60,3041,PENDING,0.0,2026-07-25
6526,904492,0-30,3033,PENDING,0.0,2025-11-28
6527,904492,0-30,3033,PARTIAL,205374.69,2026-01-07
6528,904492,0-30,3033,PENDING,0.0,2026-02-16
6529,904492,0-30,3033,PENDING,0.0,2026-03-27
6530,904492,30-60,3033,PARTIAL,142949.35,2026-05-06
6531,904492,60-90,3033,PENDING,0.0,2026-06-15
6532,904492,90+,3033,WRITE_OFF,10515.33,2026-07-25
6533,904494,60-90,3022,WRITE_OFF,15944.06,2026-07-25
6534,904496,0-30,3031,PENDING,0.0,2026-02-08
6535,904496,0-30,3031,PENDING,0.0,2026-03-08
6536,904496,0-30,3031,PARTIAL,18551.62,2026-04-05
6537,904496,0-30,3031,PENDING,0.0,2026-05-02
6538,904496,30-60,3031,PENDING,0.0,2026-05-30
6539,904496,60-90,3031,PARTIAL,10187.48,2026-06-27
6540,904496,90+,3031,PENDING,0.0,2026-07-25
6541,904503,0-30,3024,PENDING,0.0,2026-02-28
6542,904503,0-30,3024,PENDING,0.0,2026-03-24
6543,904503,0-30,3024,PENDING,0.0,2026-04-18
6544,904503,0-30,3024,PENDING,0.0,2026-05-12
6545,904503,30-60,3024,PENDING,0.0,2026-06-06
6546,904503,60-90,3024,PENDING,0.0,2026-06-30
6547,904503,90+,3024,PARTIAL,31482.71,2026-07-25
6548,904504,30-60,3031,PARTIAL,8542.72,2026-07-25
6549,904506,0-30,3012,PARTIAL,12378.84,2026-07-03
6550,904506,0-30,3012,PENDING,0.0,2026-07-10
6551,904506,0-30,3012,PENDING,0.0,2026-07-17
6552,904506,0-30,3012,RECOVERED,29131.49,2026-07-25
6553,904510,0-30,3042,PENDING,0.0,2026-07-25
6554,904517,0-30,3035,PENDING,0.0,2025-10-12
6555,904517,0-30,3035,PENDING,0.0,2025-11-05
6556,904517,0-30,3035,PARTIAL,410768.37,2025-11-29
6557,904517,0-30,3035,PENDING,0.0,2025-12-23
6558,904517,0-30,3035,PENDING,0.0,2026-01-15
6559,904517,0-30,3035,PENDING,0.0,2026-02-08
6560,904517,0-30,3035,PENDING,0.0,2026-03-04
6561,904517,0-30,3035,PENDING,0.0,2026-03-28
6562,904517,0-30,3035,PENDING,0.0,2026-04-20
6563,904517,0-30,3035,PENDING,0.0,2026-05-14
6564,904517,30-60,3035,PENDING,0.0,2026-06-07
6565,904517,60-90,3035,PENDING,0.0,2026-07-01
6566,904517,90+,3035,PARTIAL,511084.95,2026-07-25
6567,904519,30-60,3050,PENDING,0.0,2026-07-25
6568,904522,0-30,3070,PARTIAL,39508.7,2026-07-25
6569,904530,0-30,3075,PENDING,0.0,2026-06-28
6570,904530,0-30,3075,PARTIAL,3724.89,2026-07-07
6571,904530,0-30,3075,PENDING,0.0,2026-07-16
6572,904530,30-60,3075,PENDING,0.0,2026-07-25
6573,904533,0-30,3012,PENDING,0.0,2025-12-31
6574,904533,0-30,3012,PENDING,0.0,2026-01-19
6575,904533,0-30,3012,PENDING,0.0,2026-02-07
6576,904533,0-30,3012,PENDING,0.0,2026-02-25
6577,904533,0-30,3012,PENDING,0.0,2026-03-16
6578,904533,0-30,3012,PENDING,0.0,2026-04-04
6579,904533,0-30,3012,PENDING,0.0,2026-04-22
6580,904533,0-30,3012,PARTIAL,387029.34,2026-05-11
6581,904533,0-30,3012,PENDING,0.0,2026-05-30
6582,904533,30-60,3012,PARTIAL,685866.3,2026-06-17
6583,904533,60-90,3012,PENDING,0.0,2026-07-06
6584,904533,90+,3012,WRITE_OFF,15195.64,2026-07-25
6585,904536,30-60,3016,PENDING,0.0,2026-07-25
6586,904542,0-30,3017,PENDING,0.0,2026-02-27
6587,904542,0-30,3017,PENDING,0.0,2026-03-24
6588,904542,0-30,3017,PENDING,0.0,2026-04-17
6589,904542,0-30,3017,PENDING,0.0,2026-05-12
6590,904542,30-60,3017,PENDING,0.0,2026-06-05
6591,904542,60-90,3017,PENDING,0.0,2026-06-30
6592,904542,90+,3017,PARTIAL,6401.41,2026-07-25
6593,904544,30-60,3002,PARTIAL,776.12,2026-07-25
6594,904546,0-30,3074,PENDING,0.0,2026-07-25
6595,904553,0-30,3040,PENDING,0.0,2026-02-15
6596,904553,0-30,3040,PENDING,0.0,2026-03-07
6597,904553,0-30,3040,PARTIAL,14237.74,2026-03-27
6598,904553,0-30,3040,PARTIAL,11052.52,2026-04-16
6599,904553,0-30,3040,PENDING,0.0,2026-05-06
6600,904553,0-30,3040,PENDING,0.0,2026-05-26
6601,904553,30-60,3040,PARTIAL,35612.69,2026-06-15
6602,904553,60-90,3040,PENDING,0.0,2026-07-05
6603,904553,90+,3040,WRITE_OFF,4168.71,2026-07-25
6604,904558,0-30,3010,PENDING,0.0,2025-10-12
6605,904558,0-30,3010,PENDING,0.0,2025-11-10
6606,904558,0-30,3010,PENDING,0.0,2025-12-08
6607,904558,0-30,3010,PENDING,0.0,2026-01-06
6608,904558,0-30,3010,PARTIAL,13192.46,2026-02-03
6609,904558,0-30,3010,PARTIAL,10788.44,2026-03-04
6610,904558,0-30,3010,PENDING,0.0,2026-04-01
6611,904558,0-30,3010,PENDING,0.0,2026-04-30
6612,904558,30-60,3010,PARTIAL,18295.99,2026-05-28
6613,904558,60-90,3010,PENDING,0.0,2026-06-26
6614,904558,90+,3010,PARTIAL,10207.04,2026-07-25
6615,904570,0-30,3044,PENDING,0.0,2026-06-27
6616,904570,30-60,3044,PENDING,0.0,2026-07-25
6617,904578,0-30,3079,PENDING,0.0,2026-03-25
6618,904578,0-30,3079,PENDING,0.0,2026-04-24
6619,904578,30-60,3079,PENDING,0.0,2026-05-25
6620,904578,60-90,3079,PARTIAL,591.09,2026-06-24
6621,904578,90+,3079,PENDING,0.0,2026-07-25
6622,904584,0-30,3027,PENDING,0.0,2025-09-23
6623,904584,0-30,3027,PARTIAL,195349.67,2025-10-21
6624,904584,0-30,3027,PENDING,0.0,2025-11-18
6625,904584,0-30,3027,PENDING,0.0,2025-12-15
6626,904584,0-30,3027,PENDING,0.0,2026-01-12
6627,904584,0-30,3027,PENDING,0.0,2026-02-09
6628,904584,0-30,3027,PENDING,0.0,2026-03-08
6629,904584,0-30,3027,PARTIAL,99944.55,2026-04-05
6630,904584,0-30,3027,PENDING,0.0,2026-05-03
6631,904584,30-60,3027,PARTIAL,41313.23,2026-05-30
6632,904584,60-90,3027,PENDING,0.0,2026-06-27
6633,904584,90+,3027,PENDING,0.0,2026-07-25
6634,904593,30-60,3029,RECOVERED,31173.75,2026-07-25
6635,904598,30-60,3027,PENDING,0.0,2026-07-25
6636,904600,0-30,3005,RECOVERED,93841.03,2026-07-25
6637,904606,0-30,3007,PARTIAL,1134558.46,2025-12-15
6638,904606,0-30,3007,PARTIAL,339592.28,2026-01-06
6639,904606,0-30,3007,PARTIAL,391988.7,2026-01-28
6640,904606,0-30,3007,PENDING,0.0,2026-02-19
6641,904606,0-30,3007,PARTIAL,438147.99,2026-03-13
6642,904606,0-30,3007,PENDING,0.0,2026-04-05
6643,904606,0-30,3007,PENDING,0.0,2026-04-27
6644,904606,0-30,3007,PENDING,0.0,2026-05-19
6645,904606,30-60,3007,PARTIAL,1150501.04,2026-06-10
6646,904606,60-90,3007,PENDING,0.0,2026-07-02
6647,904606,90+,3007,PENDING,0.0,2026-07-25
6648,904611,0-30,3054,PENDING,0.0,2026-03-13
6649,904611,0-30,3054,PENDING,0.0,2026-04-15
6650,904611,30-60,3054,PARTIAL,254883.25,2026-05-19
6651,904611,60-90,3054,PENDING,0.0,2026-06-21
6652,904611,90+,3054,WRITE_OFF,13295.21,2026-07-25
6653,904618,0-30,3056,PARTIAL,5964.2,2025-08-20
6654,904618,0-30,3056,PENDING,0.0,2025-09-15
6655,904618,0-30,3056,PENDING,0.0,2025-10-11
6656,904618,0-30,3056,PENDING,0.0,2025-11-06
6657,904618,0-30,3056,PENDING,0.0,2025-12-02
6658,904618,0-30,3056,PENDING,0.0,2025-12-28
6659,904618,0-30,3056,PENDING,0.0,2026-01-23
6660,904618,0-30,3056,PARTIAL,20642.47,2026-02-18
6661,904618,0-30,3056,PENDING,0.0,2026-03-16
6662,904618,0-30,3056,PENDING,0.0,2026-04-11
6663,904618,0-30,3056,PARTIAL,17390.59,2026-05-07
6664,904618,30-60,3056,PENDING,0.0,2026-06-02
6665,904618,60-90,3056,PENDING,0.0,2026-06-28
6666,904618,90+,3056,PARTIAL,18538.48,2026-07-25
6667,904620,0-30,3048,PARTIAL,2498.09,2026-07-17
6668,904620,0-30,3048,PENDING,0.0,2026-07-25
6669,904623,0-30,3055,PENDING,0.0,2026-06-16
6670,904623,0-30,3055,PENDING,0.0,2026-06-29
6671,904623,0-30,3055,PARTIAL,11598.44,2026-07-12
6672,904623,30-60,3055,PARTIAL,28944.06,2026-07-25
6673,904624,0-30,3060,PENDING,0.0,2025-08-22
6674,904624,0-30,3060,PARTIAL,146060.27,2025-09-19
6675,904624,0-30,3060,PENDING,0.0,2025-10-17
6676,904624,0-30,3060,PARTIAL,45248.57,2025-11-14
6677,904624,0-30,3060,PENDING,0.0,2025-12-12
6678,904624,0-30,3060,PENDING,0.0,2026-01-09
6679,904624,0-30,3060,PARTIAL,121391.41,2026-02-06
6680,904624,0-30,3060,PARTIAL,135271.73,2026-03-06
6681,904624,0-30,3060,PARTIAL,40512.17,2026-04-03
6682,904624,0-30,3060,PENDING,0.0,2026-05-01
6683,904624,30-60,3060,PENDING,0.0,2026-05-29
6684,904624,60-90,3060,PENDING,0.0,2026-06-26
6685,904624,90+,3060,WRITE_OFF,10571.68,2026-07-25
6686,904627,0-30,3007,PARTIAL,514.31,2026-06-19
6687,904627,0-30,3007,PENDING,0.0,2026-07-07
6688,904627,30-60,3007,PENDING,0.0,2026-07-25
6689,904636,0-30,3074,PENDING,0.0,2026-07-06
6690,904636,30-60,3074,PARTIAL,184.81,2026-07-25
6691,904637,0-30,3061,PENDING,0.0,2026-07-04
6692,904637,30-60,3061,PENDING,0.0,2026-07-25
6693,904638,0-30,3052,PARTIAL,50136.46,2026-06-06
6694,904638,0-30,3052,PENDING,0.0,2026-06-22
6695,904638,30-60,3052,PENDING,0.0,2026-07-08
6696,904638,60-90,3052,PARTIAL,36334.35,2026-07-25
6697,904642,0-30,3073,PENDING,0.0,2025-12-20
6698,904642,0-30,3073,PENDING,0.0,2026-01-25
6699,904642,0-30,3073,PENDING,0.0,2026-03-02
6700,904642,0-30,3073,PENDING,0.0,2026-04-07
6701,904642,30-60,3073,PENDING,0.0,2026-05-13
6702,904642,60-90,3073,PARTIAL,33474.94,2026-06-18
6703,904642,90+,3073,PENDING,0.0,2026-07-25
6704,904649,0-30,3015,PENDING,0.0,2026-05-30
6705,904649,30-60,3015,PENDING,0.0,2026-06-27
6706,904649,60-90,3015,PENDING,0.0,2026-07-25
6707,904651,30-60,3068,PENDING,0.0,2026-07-25
6708,904653,0-30,3053,PENDING,0.0,2026-06-12
6709,904653,0-30,3053,PENDING,0.0,2026-06-23
6710,904653,0-30,3053,PENDING,0.0,2026-07-03
6711,904653,0-30,3053,PENDING,0.0,2026-07-14
6712,904653,30-60,3053,RECOVERED,13164.21,2026-07-25
6713,904659,0-30,3023,PENDING,0.0,2026-06-29
6714,904659,0-30,3023,PARTIAL,69122.66,2026-07-12
6715,904659,30-60,3023,PENDING,0.0,2026-07-25
6716,904665,0-30,3035,PARTIAL,7692.19,2026-07-05
6717,904665,30-60,3035,PARTIAL,2088.42,2026-07-25
6718,904666,30-60,3074,PENDING,0.0,2026-07-25
6719,904675,0-30,3004,PENDING,0.0,2025-11-22
6720,904675,0-30,3004,PENDING,0.0,2025-12-27
6721,904675,0-30,3004,PARTIAL,14294.11,2026-01-31
6722,904675,0-30,3004,PENDING,0.0,2026-03-07
6723,904675,0-30,3004,PENDING,0.0,2026-04-11
6724,904675,30-60,3004,PENDING,0.0,2026-05-16
6725,904675,60-90,3004,PARTIAL,33185.5,2026-06-20
6726,904675,90+,3004,PENDING,0.0,2026-07-25
6727,904677,0-30,3074,PENDING,0.0,2026-03-23
6728,904677,0-30,3074,PARTIAL,34024.33,2026-04-10
6729,904677,0-30,3074,PENDING,0.0,2026-04-27
6730,904677,0-30,3074,PENDING,0.0,2026-05-15
6731,904677,0-30,3074,PENDING,0.0,2026-06-02
6732,904677,30-60,3074,PARTIAL,6900.59,2026-06-19
6733,904677,60-90,3074,PENDING,0.0,2026-07-07
6734,904677,90+,3074,WRITE_OFF,6756.28,2026-07-25
6735,904679,0-30,3041,PARTIAL,113639.25,2026-04-02
6736,904679,0-30,3041,PENDING,0.0,2026-04-21
6737,904679,0-30,3041,PENDING,0.0,2026-05-10
6738,904679,0-30,3041,PENDING,0.0,2026-05-29
6739,904679,30-60,3041,PARTIAL,61906.52,2026-06-17
6740,904679,60-90,3041,PENDING,0.0,2026-07-06
6741,904679,90+,3041,WRITE_OFF,52105.84,2026-07-25
6742,904683,0-30,3003,PARTIAL,5362.29,2026-01-30
6743,904683,0-30,3003,PENDING,0.0,2026-02-21
6744,904683,0-30,3003,PENDING,0.0,2026-03-15
6745,904683,0-30,3003,PARTIAL,5822.4,2026-04-06
6746,904683,0-30,3003,PENDING,0.0,2026-04-28
6747,904683,0-30,3003,PARTIAL,4526.09,2026-05-20
6748,904683,30-60,3003,PENDING,0.0,2026-06-11
6749,904683,60-90,3003,PENDING,0.0,2026-07-03
6750,904683,90+,3003,PARTIAL,3376.65,2026-07-25
6751,904685,0-30,3022,PENDING,0.0,2026-06-28
6752,904685,0-30,3022,PARTIAL,2113.56,2026-07-07
6753,904685,0-30,3022,PARTIAL,15762.35,2026-07-16
6754,904685,30-60,3022,PARTIAL,3644.72,2026-07-25
6755,904686,0-30,3037,PENDING,0.0,2026-06-19
6756,904686,0-30,3037,PENDING,0.0,2026-06-28
6757,904686,0-30,3037,PARTIAL,770.24,2026-07-07
6758,904686,0-30,3037,PENDING,0.0,2026-07-16
6759,904686,30-60,3037,PENDING,0.0,2026-07-25
6760,904691,0-30,3020,PENDING,0.0,2025-12-18
6761,904691,0-30,3020,PENDING,0.0,2026-01-18
6762,904691,0-30,3020,PENDING,0.0,2026-02-18
6763,904691,0-30,3020,PENDING,0.0,2026-03-22
6764,904691,0-30,3020,PENDING,0.0,2026-04-22
6765,904691,30-60,3020,PENDING,0.0,2026-05-23
6766,904691,60-90,3020,PARTIAL,24595.95,2026-06-23
6767,904691,90+,3020,WRITE_OFF,6965.76,2026-07-25
6768,904693,0-30,3023,PENDING,0.0,2025-10-21
6769,904693,0-30,3023,PENDING,0.0,2025-11-25
6770,904693,0-30,3023,PARTIAL,6369.03,2025-12-29
6771,904693,0-30,3023,PARTIAL,4039.49,2026-02-02
6772,904693,0-30,3023,PENDING,0.0,2026-03-08
6773,904693,0-30,3023,PENDING,0.0,2026-04-12
6774,904693,30-60,3023,PENDING,0.0,2026-05-16
6775,904693,60-90,3023,PENDING,0.0,2026-06-20
6776,904693,90+,3023,PENDING,0.0,2026-07-25
6777,904694,0-30,3043,PENDING,0.0,2026-01-17
6778,904694,0-30,3043,PENDING,0.0,2026-02-24
6779,904694,0-30,3043,PENDING,0.0,2026-04-03
6780,904694,30-60,3043,PENDING,0.0,2026-05-10
6781,904694,60-90,3043,PENDING,0.0,2026-06-17
6782,904694,90+,3043,PENDING,0.0,2026-07-25
6783,904696,0-30,3061,PENDING,0.0,2026-07-25
6784,904698,0-30,3052,PENDING,0.0,2026-07-18
6785,904698,0-30,3052,PENDING,0.0,2026-07-25
6786,904699,0-30,3054,PARTIAL,6719.07,2026-06-30
6787,904699,0-30,3054,PENDING,0.0,2026-07-12
6788,904699,30-60,3054,PENDING,0.0,2026-07-25
6789,904704,0-30,3010,PARTIAL,75065.31,2026-07-02
6790,904704,0-30,3010,PENDING,0.0,2026-07-08
6791,904704,0-30,3010,PENDING,0.0,2026-07-13
6792,904704,0-30,3010,PENDING,0.0,2026-07-19
6793,904704,0-30,3010,PARTIAL,84663.07,2026-07-25
6794,904705,0-30,3020,PARTIAL,7358.71,2026-05-07
6795,904705,30-60,3020,PENDING,0.0,2026-06-02
6796,904705,60-90,3020,PENDING,0.0,2026-06-28
6797,904705,90+,3020,PENDING,0.0,2026-07-25
6798,904707,0-30,3002,PENDING,0.0,2026-07-07
6799,904707,30-60,3002,PARTIAL,9194.34,2026-07-25
6800,904708,0-30,3029,PENDING,0.0,2026-04-16
6801,904708,0-30,3029,PARTIAL,152509.39,2026-05-11
6802,904708,30-60,3029,PENDING,0.0,2026-06-05
6803,904708,60-90,3029,PARTIAL,55216.78,2026-06-30
6804,904708,90+,3029,WRITE_OFF,20750.79,2026-07-25
6805,904710,0-30,3046,PENDING,0.0,2025-11-01
6806,904710,0-30,3046,PARTIAL,372476.86,2025-11-15
6807,904710,0-30,3046,PENDING,0.0,2025-11-29
6808,904710,0-30,3046,PENDING,0.0,2025-12-13
6809,904710,0-30,3046,PENDING,0.0,2025-12-27
6810,904710,0-30,3046,PENDING,0.0,2026-01-10
6811,904710,0-30,3046,PARTIAL,366727.44,2026-01-24
6812,904710,0-30,3046,PENDING,0.0,2026-02-07
6813,904710,0-30,3046,PENDING,0.0,2026-02-21
6814,904710,0-30,3046,PENDING,0.0,2026-03-07
6815,904710,0-30,3046,PENDING,0.0,2026-03-21
6816,904710,0-30,3046,PENDING,0.0,2026-04-04
6817,904710,0-30,3046,PARTIAL,121712.22,2026-04-18
6818,904710,0-30,3046,PENDING,0.0,2026-05-02
6819,904710,0-30,3046,PARTIAL,226807.62,2026-05-16
6820,904710,0-30,3046,PENDING,0.0,2026-05-30
6821,904710,0-30,3046,PENDING,0.0,2026-06-13
6822,904710,30-60,3046,PENDING,0.0,2026-06-27
6823,904710,60-90,3046,PENDING,0.0,2026-07-11
6824,904710,90+,3046,WRITE_OFF,94536.24,2026-07-25
6825,904712,0-30,3078,PARTIAL,21495.1,2026-07-01
6826,904712,0-30,3078,PENDING,0.0,2026-07-13
6827,904712,30-60,3078,PENDING,0.0,2026-07-25
6828,904713,30-60,3015,PENDING,0.0,2026-07-25
6829,904716,0-30,3037,PENDING,0.0,2025-11-11
6830,904716,0-30,3037,PENDING,0.0,2025-12-07
6831,904716,0-30,3037,PARTIAL,9103.41,2026-01-01
6832,904716,0-30,3037,PARTIAL,9465.76,2026-01-27
6833,904716,0-30,3037,PENDING,0.0,2026-02-21
6834,904716,0-30,3037,PARTIAL,7264.39,2026-03-19
6835,904716,0-30,3037,PARTIAL,8633.47,2026-04-13
6836,904716,0-30,3037,PARTIAL,6342.99,2026-05-09
6837,904716,30-60,3037,PENDING,0.0,2026-06-03
6838,904716,60-90,3037,PENDING,0.0,2026-06-29
6839,904716,90+,3037,PENDING,0.0,2026-07-25
6840,904718,0-30,3008,PARTIAL,30270.17,2026-06-27
6841,904718,30-60,3008,PENDING,0.0,2026-07-25
6842,904720,0-30,3019,PENDING,0.0,2026-07-03
6843,904720,30-60,3019,PENDING,0.0,2026-07-25
6844,904732,60-90,3066,PARTIAL,4095.65,2026-05-14
6845,904732,90+,3066,PARTIAL,10077.27,2026-07-25
6846,904738,30-60,3049,PARTIAL,688.45,2026-07-25
6847,904741,0-30,3048,PENDING,0.0,2025-08-14
6848,904741,0-30,3048,PARTIAL,606201.53,2025-09-03
6849,904741,0-30,3048,PENDING,0.0,2025-09-23
6850,904741,0-30,3048,PARTIAL,243875.83,2025-10-14
6851,904741,0-30,3048,PARTIAL,757853.51,2025-11-03
6852,904741,0-30,3048,PARTIAL,974207.06,2025-11-23
6853,904741,0-30,3048,PARTIAL,701376.86,2025-12-13
6854,904741,0-30,3048,PENDING,0.0,2026-01-03
6855,904741,0-30,3048,PARTIAL,763294.03,2026-01-23
6856,904741,0-30,3048,PENDING,0.0,2026-02-12
6857,904741,0-30,3048,PENDING,0.0,2026-03-05
6858,904741,0-30,3048,PENDING,0.0,2026-03-25
6859,904741,0-30,3048,PARTIAL,866595.55,2026-04-14
6860,904741,0-30,3048,PARTIAL,978533.77,2026-05-04
6861,904741,0-30,3048,PENDING,0.0,2026-05-25
6862,904741,30-60,3048,PENDING,0.0,2026-06-14
6863,904741,60-90,3048,PENDING,0.0,2026-07-04
6864,904741,90+,3048,PENDING,0.0,2026-07-25
6865,904747,0-30,3065,PARTIAL,34677.12,2026-01-08
6866,904747,0-30,3065,PENDING,0.0,2026-01-28
6867,904747,0-30,3065,PARTIAL,44147.94,2026-02-17
6868,904747,0-30,3065,PENDING,0.0,2026-03-08
6869,904747,0-30,3065,PENDING,0.0,2026-03-28
6870,904747,0-30,3065,PARTIAL,56327.13,2026-04-17
6871,904747,0-30,3065,PARTIAL,29207.17,2026-05-07
6872,904747,0-30,3065,PARTIAL,32387.12,2026-05-26
6873,904747,30-60,3065,PENDING,0.0,2026-06-15
6874,904747,60-90,3065,PENDING,0.0,2026-07-05
6875,904747,90+,3065,PENDING,0.0,2026-07-25
6876,904748,0-30,3007,PENDING,0.0,2026-07-09
6877,904748,30-60,3007,PENDING,0.0,2026-07-25
6878,904755,0-30,3023,PENDING,0.0,2026-07-09
6879,904755,30-60,3023,RECOVERED,815.36,2026-07-25
6880,904756,0-30,3021,PENDING,0.0,2026-06-28
6881,904756,30-60,3021,PENDING,0.0,2026-07-25
6882,904757,0-30,3064,PARTIAL,143843.54,2025-10-22
6883,904757,0-30,3064,PENDING,0.0,2025-11-16
6884,904757,0-30,3064,PENDING,0.0,2025-12-11
6885,904757,0-30,3064,PENDING,0.0,2026-01-05
6886,904757,0-30,3064,PENDING,0.0,2026-01-30
6887,904757,0-30,3064,PENDING,0.0,2026-02-24
6888,904757,0-30,3064,PENDING,0.0,2026-03-21
6889,904757,0-30,3064,PENDING,0.0,2026-04-15
6890,904757,0-30,3064,PENDING,0.0,2026-05-10
6891,904757,30-60,3064,PENDING,0.0,2026-06-04
6892,904757,60-90,3064,PARTIAL,52662.51,2026-06-29
6893,904757,90+,3064,PENDING,0.0,2026-07-25
6894,904758,0-30,3018,PARTIAL,3503.15,2026-02-02
6895,904758,0-30,3018,PENDING,0.0,2026-02-16
6896,904758,0-30,3018,PENDING,0.0,2026-03-03
6897,904758,0-30,3018,PARTIAL,4381.1,2026-03-17
6898,904758,0-30,3018,PENDING,0.0,2026-03-31
6899,904758,0-30,3018,PENDING,0.0,2026-04-15
6900,904758,0-30,3018,PENDING,0.0,2026-04-29
6901,904758,0-30,3018,PENDING,0.0,2026-05-14
6902,904758,0-30,3018,PENDING,0.0,2026-05-28
6903,904758,0-30,3018,PARTIAL,6017.28,2026-06-11
6904,904758,30-60,3018,PENDING,0.0,2026-06-26
6905,904758,60-90,3018,PARTIAL,8546.35,2026-07-10
6906,904758,90+,3018,PENDING,0.0,2026-07-25
6907,904764,0-30,3074,PARTIAL,10977.02,2026-02-22
6908,904764,0-30,3074,PARTIAL,3356.94,2026-03-25
6909,904764,0-30,3074,PENDING,0.0,2026-04-24
6910,904764,30-60,3074,PENDING,0.0,2026-05-25
6911,904764,60-90,3074,PARTIAL,2350.22,2026-06-24
6912,904764,90+,3074,WRITE_OFF,3629.43,2026-07-25
6913,904766,0-30,3004,PENDING,0.0,2026-05-05
6914,904766,0-30,3004,PENDING,0.0,2026-05-21
6915,904766,0-30,3004,PENDING,0.0,2026-06-06
6916,904766,30-60,3004,PENDING,0.0,2026-06-22
6917,904766,60-90,3004,PARTIAL,8195.57,2026-07-08
6918,904766,90+,3004,PENDING,0.0,2026-07-25
6919,904767,0-30,3063,PENDING,0.0,2026-07-25
6920,904769,0-30,3037,PARTIAL,38640.78,2026-07-25
6921,904771,0-30,3030,PENDING,0.0,2026-07-11
6922,904771,0-30,3030,RECOVERED,576970.26,2026-07-25
6923,904780,0-30,3068,PENDING,0.0,2026-07-25
6924,904781,0-30,3015,PENDING,0.0,2026-04-21
6925,904781,30-60,3015,PENDING,0.0,2026-05-23
6926,904781,60-90,3015,PENDING,0.0,2026-06-23
6927,904781,90+,3015,WRITE_OFF,16839.65,2026-07-25
6928,904786,30-60,3023,PENDING,0.0,2026-07-25
6929,904792,0-30,3067,PENDING,0.0,2026-06-27
6930,904792,0-30,3067,PARTIAL,1074.95,2026-07-11
6931,904792,30-60,3067,PENDING,0.0,2026-07-25
6932,904796,0-30,3058,PENDING,0.0,2026-06-12
6933,904796,0-30,3058,PENDING,0.0,2026-06-23
6934,904796,0-30,3058,PENDING,0.0,2026-07-03
6935,904796,0-30,3058,PARTIAL,25927.94,2026-07-14
6936,904796,30-60,3058,PENDING,0.0,2026-07-25
6937,904801,0-30,3008,PARTIAL,8049.21,2026-07-25
6938,904803,0-30,3021,PENDING,0.0,2026-07-25
6939,904807,0-30,3024,PENDING,0.0,2025-09-03
6940,904807,0-30,3024,PARTIAL,89300.35,2025-10-14
6941,904807,0-30,3024,PENDING,0.0,2025-11-23
6942,904807,0-30,3024,PENDING,0.0,2026-01-03
6943,904807,0-30,3024,PARTIAL,99845.13,2026-02-12
6944,904807,0-30,3024,PENDING,0.0,2026-03-25
6945,904807,30-60,3024,PARTIAL,94385.88,2026-05-04
6946,904807,60-90,3024,PENDING,0.0,2026-06-14
6947,904807,90+,3024,PARTIAL,110123.46,2026-07-25
6948,904808,0-30,3005,PENDING,0.0,2026-07-06
6949,904808,30-60,3005,PENDING,0.0,2026-07-25
6950,904813,0-30,3070,PARTIAL,2791.68,2026-06-28
6951,904813,30-60,3070,PARTIAL,3112.85,2026-07-25
6952,904814,30-60,3069,PENDING,0.0,2026-07-25
6953,904815,0-30,3079,PENDING,0.0,2026-07-04
6954,904815,30-60,3079,PENDING,0.0,2026-07-25
6955,904819,0-30,3017,PENDING,0.0,2026-06-30
6956,904819,30-60,3017,PENDING,0.0,2026-07-25
6957,904826,0-30,3030,PENDING,0.0,2025-10-16
6958,904826,0-30,3030,PENDING,0.0,2025-11-05
6959,904826,0-30,3030,PENDING,0.0,2025-11-25
6960,904826,0-30,3030,PENDING,0.0,2025-12-15
6961,904826,0-30,3030,PENDING,0.0,2026-01-04
6962,904826,0-30,3030,PENDING,0.0,2026-01-24
6963,904826,0-30,3030,PENDING,0.0,2026-02-13
6964,904826,0-30,3030,PENDING,0.0,2026-03-06
6965,904826,0-30,3030,PENDING,0.0,2026-03-26
6966,904826,0-30,3030,PARTIAL,34760.26,2026-04-15
6967,904826,0-30,3030,PARTIAL,139705.11,2026-05-05
6968,904826,0-30,3030,PENDING,0.0,2026-05-25
6969,904826,30-60,3030,PARTIAL,70934.66,2026-06-14
6970,904826,60-90,3030,PARTIAL,137612.05,2026-07-04
6971,904826,90+,3030,PENDING,0.0,2026-07-25
6972,904832,0-30,3054,PARTIAL,912.69,2026-07-04
6973,904832,30-60,3054,PARTIAL,733.95,2026-07-25
6974,904838,0-30,3065,PARTIAL,138043.02,2025-11-26
6975,904838,0-30,3065,PENDING,0.0,2025-12-18
6976,904838,0-30,3065,PARTIAL,80563.52,2026-01-09
6977,904838,0-30,3065,PARTIAL,83508.91,2026-01-31
6978,904838,0-30,3065,PARTIAL,59112.32,2026-02-22
6979,904838,0-30,3065,PARTIAL,156880.97,2026-03-16
6980,904838,0-30,3065,PARTIAL,202936.03,2026-04-06
6981,904838,0-30,3065,PENDING,0.0,2026-04-28
6982,904838,0-30,3065,PENDING,0.0,2026-05-20
6983,904838,30-60,3065,PARTIAL,174284.31,2026-06-11
6984,904838,60-90,3065,PARTIAL,45694.22,2026-07-03
6985,904838,90+,3065,PENDING,0.0,2026-07-25
6986,904840,0-30,3059,PENDING,0.0,2025-12-24
6987,904840,0-30,3059,PENDING,0.0,2026-01-06
6988,904840,0-30,3059,PENDING,0.0,2026-01-19
6989,904840,0-30,3059,PENDING,0.0,2026-02-02
6990,904840,0-30,3059,PENDING,0.0,2026-02-15
6991,904840,0-30,3059,PENDING,0.0,2026-02-28
6992,904840,0-30,3059,PENDING,0.0,2026-03-14
6993,904840,0-30,3059,PARTIAL,39264.09,2026-03-27
6994,904840,0-30,3059,PENDING,0.0,2026-04-09
6995,904840,0-30,3059,PENDING,0.0,2026-04-22
6996,904840,0-30,3059,PARTIAL,10734.31,2026-05-06
6997,904840,0-30,3059,PENDING,0.0,2026-05-19
6998,904840,0-30,3059,PARTIAL,42505.79,2026-06-01
6999,904840,0-30,3059,PENDING,0.0,2026-06-15
7000,904840,30-60,3059,PENDING,0.0,2026-06-28
7001,904840,60-90,3059,PENDING,0.0,2026-07-11
7002,904840,90+,3059,PENDING,0.0,2026-07-25
7003,904845,0-30,3049,PARTIAL,7878.33,2026-01-06
7004,904845,0-30,3049,PENDING,0.0,2026-01-31
7005,904845,0-30,3049,PARTIAL,19307.35,2026-02-25
7006,904845,0-30,3049,PENDING,0.0,2026-03-22
7007,904845,0-30,3049,PENDING,0.0,2026-04-16
7008,904845,0-30,3049,PENDING,0.0,2026-05-11
7009,904845,30-60,3049,PENDING,0.0,2026-06-05
7010,904845,60-90,3049,PENDING,0.0,2026-06-30
7011,904845,90+,3049,PENDING,0.0,2026-07-25
7012,904846,0-30,3041,PARTIAL,1569.24,2026-07-04
7013,904846,30-60,3041,PARTIAL,1730.7,2026-07-25
7014,904847,0-30,3072,PENDING,0.0,2026-07-25
7015,904848,60-90,3079,PENDING,0.0,2026-04-05
7016,904848,90+,3079,PENDING,0.0,2026-07-25
7017,904852,30-60,3072,PENDING,0.0,2026-07-25
7018,904853,30-60,3024,PENDING,0.0,2026-07-25
7019,904859,0-30,3033,PENDING,0.0,2026-01-02
7020,904859,0-30,3033,PARTIAL,48354.46,2026-01-22
7021,904859,0-30,3033,PARTIAL,182271.81,2026-02-12
7022,904859,0-30,3033,PARTIAL,342662.71,2026-03-04
7023,904859,0-30,3033,PENDING,0.0,2026-03-24
7024,904859,0-30,3033,PENDING,0.0,2026-04-14
7025,904859,0-30,3033,PARTIAL,35901.3,2026-05-04
7026,904859,0-30,3033,PENDING,0.0,2026-05-24
7027,904859,30-60,3033,PENDING,0.0,2026-06-14
7028,904859,60-90,3033,PENDING,0.0,2026-07-04
7029,904859,90+,3033,WRITE_OFF,8097.02,2026-07-25
7030,904861,0-30,3001,PENDING,0.0,2026-02-13
7031,904861,0-30,3001,PENDING,0.0,2026-03-17
7032,904861,0-30,3001,PENDING,0.0,2026-04-19
7033,904861,30-60,3001,PARTIAL,40283.32,2026-05-21
7034,904861,60-90,3001,PENDING,0.0,2026-06-22
7035,904861,90+,3001,PENDING,0.0,2026-07-25
7036,904862,0-30,3054,PENDING,0.0,2026-01-26
7037,904862,0-30,3054,PARTIAL,72620.53,2026-03-12
7038,904862,30-60,3054,PARTIAL,118270.35,2026-04-26
7039,904862,60-90,3054,PENDING,0.0,2026-06-10
7040,904862,90+,3054,PENDING,0.0,2026-07-25
7041,904863,0-30,3024,PARTIAL,19827.45,2026-07-07
7042,904863,0-30,3024,PENDING,0.0,2026-07-16
7043,904863,0-30,3024,PARTIAL,15808.06,2026-07-25
7044,904867,0-30,3022,PARTIAL,39707.53,2026-03-17
7045,904867,30-60,3022,PENDING,0.0,2026-04-29
7046,904867,60-90,3022,PENDING,0.0,2026-06-11
7047,904867,90+,3022,WRITE_OFF,3777.55,2026-07-25
7048,904875,0-30,3036,PENDING,0.0,2025-12-28
7049,904875,0-30,3036,PENDING,0.0,2026-02-08
7050,904875,0-30,3036,PENDING,0.0,2026-03-22
7051,904875,30-60,3036,PARTIAL,179458.01,2026-05-02
7052,904875,60-90,3036,PENDING,0.0,2026-06-13
7053,904875,90+,3036,PENDING,0.0,2026-07-25
7054,904878,0-30,3066,PARTIAL,76317.53,2026-04-24
7055,904878,0-30,3066,PARTIAL,63787.65,2026-05-17
7056,904878,30-60,3066,PENDING,0.0,2026-06-09
7057,904878,60-90,3066,PARTIAL,19163.02,2026-07-02
7058,904878,90+,3066,WRITE_OFF,17562.63,2026-07-25
7059,904879,0-30,3052,PENDING,0.0,2026-01-03
7060,904879,0-30,3052,PARTIAL,2684.44,2026-02-01
7061,904879,0-30,3052,PENDING,0.0,2026-03-02
7062,904879,0-30,3052,PARTIAL,2412.1,2026-03-31
7063,904879,0-30,3052,PENDING,0.0,2026-04-29
7064,904879,30-60,3052,PENDING,0.0,2026-05-28
7065,904879,60-90,3052,PENDING,0.0,2026-06-26
7066,904879,90+,3052,WRITE_OFF,1116.35,2026-07-25
7067,904880,0-30,3002,PARTIAL,4748.2,2026-06-18
7068,904880,0-30,3002,PENDING,0.0,2026-07-06
7069,904880,30-60,3002,PARTIAL,7162.19,2026-07-25
7070,904884,0-30,3062,PENDING,0.0,2025-11-12
7071,904884,0-30,3062,PENDING,0.0,2025-12-14
7072,904884,0-30,3062,PENDING,0.0,2026-01-15
7073,904884,0-30,3062,PARTIAL,29335.76,2026-02-16
7074,904884,0-30,3062,PENDING,0.0,2026-03-19
7075,904884,0-30,3062,PENDING,0.0,2026-04-20
7076,904884,30-60,3062,PENDING,0.0,2026-05-22
7077,904884,60-90,3062,PARTIAL,51959.36,2026-06-23
7078,904884,90+,3062,PENDING,0.0,2026-07-25
7079,904887,30-60,3080,PENDING,0.0,2026-05-04
7080,904887,60-90,3080,PENDING,0.0,2026-06-14
7081,904887,90+,3080,PENDING,0.0,2026-07-25
7082,904890,0-30,3055,PENDING,0.0,2026-07-13
7083,904890,0-30,3055,PENDING,0.0,2026-07-25
7084,904901,0-30,3029,PENDING,0.0,2026-04-30
7085,904901,0-30,3029,PENDING,0.0,2026-05-17
7086,904901,0-30,3029,PENDING,0.0,2026-06-03
7087,904901,30-60,3029,PENDING,0.0,2026-06-20
7088,904901,60-90,3029,PARTIAL,127056.4,2026-07-07
7089,904901,90+,3029,PENDING,0.0,2026-07-25
7090,904902,0-30,3009,PARTIAL,225019.35,2026-06-26
7091,904902,0-30,3009,PENDING,0.0,2026-07-10
7092,904902,30-60,3009,PARTIAL,195600.38,2026-07-25
7093,904907,0-30,3041,PARTIAL,8042.7,2025-10-23
7094,904907,0-30,3041,PENDING,0.0,2025-11-06
7095,904907,0-30,3041,PENDING,0.0,2025-11-20
7096,904907,0-30,3041,PENDING,0.0,2025-12-03
7097,904907,0-30,3041,PENDING,0.0,2025-12-17
7098,904907,0-30,3041,PARTIAL,13486.83,2025-12-31
7099,904907,0-30,3041,PENDING,0.0,2026-01-14
7100,904907,0-30,3041,PENDING,0.0,2026-01-27
7101,904907,0-30,3041,PARTIAL,13245.21,2026-02-10
7102,904907,0-30,3041,PARTIAL,20693.97,2026-02-24
7103,904907,0-30,3041,PENDING,0.0,2026-03-09
7104,904907,0-30,3041,PENDING,0.0,2026-03-23
7105,904907,0-30,3041,PARTIAL,3475.69,2026-04-06
7106,904907,0-30,3041,PENDING,0.0,2026-04-20
7107,904907,0-30,3041,PENDING,0.0,2026-05-03
7108,904907,0-30,3041,PENDING,0.0,2026-05-17
7109,904907,0-30,3041,PARTIAL,20904.35,2026-05-31
7110,904907,0-30,3041,PENDING,0.0,2026-06-13
7111,904907,30-60,3041,PARTIAL,7273.2,2026-06-27
7112,904907,60-90,3041,PENDING,0.0,2026-07-11
7113,904907,90+,3041,PENDING,0.0,2026-07-25
7114,904914,0-30,3008,PENDING,0.0,2026-06-07
7115,904914,30-60,3008,PENDING,0.0,2026-07-01
7116,904914,60-90,3008,WRITE_OFF,282.08,2026-07-25
7117,904916,0-30,3054,PENDING,0.0,2025-08-18
7118,904916,0-30,3054,PENDING,0.0,2025-09-11
7119,904916,0-30,3054,PENDING,0.0,2025-10-06
7120,904916,0-30,3054,PENDING,0.0,2025-10-30
7121,904916,0-30,3054,PENDING,0.0,2025-11-23
7122,904916,0-30,3054,PENDING,0.0,2025-12-18
7123,904916,0-30,3054,PARTIAL,56920.73,2026-01-11
7124,904916,0-30,3054,PENDING,0.0,2026-02-04
7125,904916,0-30,3054,PENDING,0.0,2026-03-01
7126,904916,0-30,3054,PENDING,0.0,2026-03-25
7127,904916,0-30,3054,PARTIAL,208172.45,2026-04-18
7128,904916,0-30,3054,PENDING,0.0,2026-05-13
7129,904916,30-60,3054,PARTIAL,579510.27,2026-06-06
7130,904916,60-90,3054,PARTIAL,649272.45,2026-06-30
7131,904916,90+,3054,WRITE_OFF,186789.01,2026-07-25
7132,904917,0-30,3002,PENDING,0.0,2026-05-03
7133,904917,30-60,3002,PENDING,0.0,2026-05-31
7134,904917,60-90,3002,PARTIAL,57945.41,2026-06-27
7135,904917,90+,3002,WRITE_OFF,480.27,2026-07-25
7136,904918,0-30,3022,PENDING,0.0,2025-11-16
7137,904918,0-30,3022,PENDING,0.0,2025-12-17
7138,904918,0-30,3022,PENDING,0.0,2026-01-18
7139,904918,0-30,3022,PENDING,0.0,2026-02-18
7140,904918,0-30,3022,PENDING,0.0,2026-03-21
7141,904918,0-30,3022,PARTIAL,3479.26,2026-04-22
7142,904918,30-60,3022,PARTIAL,1388.43,2026-05-23
7143,904918,60-90,3022,PENDING,0.0,2026-06-23
7144,904918,90+,3022,PENDING,0.0,2026-07-25
7145,904922,0-30,3018,PENDING,0.0,2026-06-27
7146,904922,30-60,3018,PENDING,0.0,2026-07-25
7147,904923,0-30,3035,PENDING,0.0,2026-07-13
7148,904923,0-30,3035,PENDING,0.0,2026-07-25
7149,904926,0-30,3037,PENDING,0.0,2026-03-18
7150,904926,30-60,3037,PENDING,0.0,2026-04-30
7151,904926,60-90,3037,PENDING,0.0,2026-06-12
7152,904926,90+,3037,PENDING,0.0,2026-07-25
7153,904931,0-30,3038,PENDING,0.0,2026-07-18
7154,904931,0-30,3038,PARTIAL,3712.86,2026-07-25
7155,904933,0-30,3038,PENDING,0.0,2026-04-11
7156,904933,30-60,3038,PENDING,0.0,2026-05-16
7157,904933,60-90,3038,PENDING,0.0,2026-06-20
7158,904933,90+,3038,WRITE_OFF,1241.14,2026-07-25
7159,904943,0-30,3026,PARTIAL,274612.96,2026-04-18
7160,904943,0-30,3026,PARTIAL,266524.58,2026-05-12
7161,904943,30-60,3026,PENDING,0.0,2026-06-06
7162,904943,60-90,3026,PENDING,0.0,2026-06-30
7163,904943,90+,3026,PENDING,0.0,2026-07-25
7164,904945,30-60,3073,PENDING,0.0,2026-06-22
7165,904945,60-90,3073,PARTIAL,137310.63,2026-07-25
7166,904954,0-30,3063,PENDING,0.0,2026-07-05
7167,904954,30-60,3063,RECOVERED,85981.78,2026-07-25
7168,904955,0-30,3037,PENDING,0.0,2026-07-09
7169,904955,30-60,3037,PARTIAL,32410.9,2026-07-25
7170,904956,0-30,3037,PENDING,0.0,2025-08-23
7171,904956,0-30,3037,PENDING,0.0,2025-09-20
7172,904956,0-30,3037,PENDING,0.0,2025-10-18
7173,904956,0-30,3037,PARTIAL,28483.14,2025-11-15
7174,904956,0-30,3037,PARTIAL,4065.51,2025-12-13
7175,904956,0-30,3037,PENDING,0.0,2026-01-10
7176,904956,0-30,3037,PENDING,0.0,2026-02-07
7177,904956,0-30,3037,PENDING,0.0,2026-03-07
7178,904956,0-30,3037,PARTIAL,32513.86,2026-04-04
7179,904956,0-30,3037,PENDING,0.0,2026-05-02
7180,904956,30-60,3037,PENDING,0.0,2026-05-30
7181,904956,60-90,3037,PENDING,0.0,2026-06-27
7182,904956,90+,3037,WRITE_OFF,5472.7,2026-07-25
7183,904957,0-30,3042,PENDING,0.0,2026-06-28
7184,904957,30-60,3042,PARTIAL,500.74,2026-07-25
7185,904959,0-30,3015,PENDING,0.0,2026-06-27
7186,904959,0-30,3015,PARTIAL,2756.62,2026-07-11
7187,904959,30-60,3015,PENDING,0.0,2026-07-25
7188,904965,0-30,3068,PARTIAL,80023.29,2026-04-23
7189,904965,30-60,3068,PENDING,0.0,2026-05-24
7190,904965,60-90,3068,PENDING,0.0,2026-06-24
7191,904965,90+,3068,PARTIAL,108372.63,2026-07-25
7192,904974,30-60,3064,PENDING,0.0,2026-07-25
7193,904977,0-30,3040,PARTIAL,26431.59,2026-07-03
7194,904977,30-60,3040,PARTIAL,53758.52,2026-07-25
7195,904980,90+,3045,PENDING,0.0,2026-07-25
7196,904989,30-60,3046,PENDING,0.0,2026-07-25
7197,904991,0-30,3031,PARTIAL,21014.57,2026-07-02
7198,904991,30-60,3031,RECOVERED,39696.98,2026-07-25
7199,904992,0-30,3016,PARTIAL,62121.43,2026-04-11
7200,904992,30-60,3016,PARTIAL,118015.57,2026-05-16
7201,904992,60-90,3016,PENDING,0.0,2026-06-20
7202,904992,90+,3016,WRITE_OFF,9932.15,2026-07-25
7203,904998,0-30,3042,PENDING,0.0,2026-07-06
7204,904998,30-60,3042,PENDING,0.0,2026-07-25
7205,905000,0-30,3039,PARTIAL,15177.15,2026-07-18
7206,905000,0-30,3039,PARTIAL,8552.63,2026-07-25
7207,905002,0-30,3034,PENDING,0.0,2026-07-01
7208,905002,0-30,3034,PENDING,0.0,2026-07-09
7209,905002,0-30,3034,PENDING,0.0,2026-07-17
7210,905002,30-60,3034,PENDING,0.0,2026-07-25
7211,905003,0-30,3077,PENDING,0.0,2026-07-25
7212,905005,0-30,3015,PENDING,0.0,2026-07-06
7213,905005,30-60,3015,PENDING,0.0,2026-07-25
7214,905007,30-60,3071,PENDING,0.0,2026-06-12
7215,905007,60-90,3071,PARTIAL,3156.79,2026-07-25
7216,905015,0-30,3037,PENDING,0.0,2026-07-11
7217,905015,0-30,3037,PENDING,0.0,2026-07-25
7218,905026,30-60,3029,PENDING,0.0,2026-06-16
7219,905026,60-90,3029,PENDING,0.0,2026-07-25
7220,905030,0-30,3067,PARTIAL,23605.13,2026-07-04
7221,905030,30-60,3067,PARTIAL,23104.17,2026-07-25
7222,905031,0-30,3078,PARTIAL,731.23,2026-07-04
7223,905031,30-60,3078,PENDING,0.0,2026-07-25
7224,905035,0-30,3053,PENDING,0.0,2025-11-12
7225,905035,0-30,3053,PENDING,0.0,2025-12-02
7226,905035,0-30,3053,PARTIAL,37366.6,2025-12-21
7227,905035,0-30,3053,PENDING,0.0,2026-01-10
7228,905035,0-30,3053,PENDING,0.0,2026-01-29
7229,905035,0-30,3053,PARTIAL,70473.16,2026-02-18
7230,905035,0-30,3053,PENDING,0.0,2026-03-10
7231,905035,0-30,3053,PARTIAL,36064.44,2026-03-29
7232,905035,0-30,3053,PENDING,0.0,2026-04-18
7233,905035,0-30,3053,PENDING,0.0,2026-05-07
7234,905035,0-30,3053,PENDING,0.0,2026-05-27
7235,905035,30-60,3053,PENDING,0.0,2026-06-15
7236,905035,60-90,3053,PENDING,0.0,2026-07-05
7237,905035,90+,3053,PENDING,0.0,2026-07-25
7238,905036,30-60,3003,RECOVERED,14692.94,2026-07-25
7239,905046,0-30,3039,PENDING,0.0,2026-01-04
7240,905046,0-30,3039,PENDING,0.0,2026-02-07
7241,905046,0-30,3039,PENDING,0.0,2026-03-12
7242,905046,0-30,3039,PENDING,0.0,2026-04-15
7243,905046,30-60,3039,PENDING,0.0,2026-05-18
7244,905046,60-90,3039,PENDING,0.0,2026-06-21
7245,905046,90+,3039,WRITE_OFF,312.02,2026-07-25
7246,905051,0-30,3040,PENDING,0.0,2025-08-27
7247,905051,0-30,3040,PENDING,0.0,2025-09-29
7248,905051,0-30,3040,PARTIAL,153970.35,2025-11-01
7249,905051,0-30,3040,PARTIAL,183068.48,2025-12-04
7250,905051,0-30,3040,PENDING,0.0,2026-01-06
7251,905051,0-30,3040,PARTIAL,34980.05,2026-02-09
7252,905051,0-30,3040,PENDING,0.0,2026-03-14
7253,905051,0-30,3040,PENDING,0.0,2026-04-16
7254,905051,30-60,3040,PENDING,0.0,2026-05-19
7255,905051,60-90,3040,PENDING,0.0,2026-06-21
7256,905051,90+,3040,PARTIAL,119285.15,2026-07-25
7257,905053,0-30,3051,PARTIAL,2341.76,2026-07-25
7258,905061,30-60,3011,RECOVERED,319224.25,2026-07-25
7259,905067,30-60,3041,PENDING,0.0,2026-07-25
7260,905068,0-30,3010,PENDING,0.0,2026-07-25
7261,905069,30-60,3063,PENDING,0.0,2026-07-25
7262,905072,0-30,3022,PENDING,0.0,2026-06-09
7263,905072,0-30,3022,PENDING,0.0,2026-06-18
7264,905072,0-30,3022,PENDING,0.0,2026-06-27
7265,905072,0-30,3022,PENDING,0.0,2026-07-06
7266,905072,0-30,3022,PENDING,0.0,2026-07-15
7267,905072,30-60,3022,PARTIAL,8507.68,2026-07-25
7268,905073,0-30,3064,PARTIAL,12164.49,2026-02-24
7269,905073,0-30,3064,PENDING,0.0,2026-04-03
7270,905073,30-60,3064,PARTIAL,21560.86,2026-05-10
7271,905073,60-90,3064,PENDING,0.0,2026-06-17
7272,905073,90+,3064,WRITE_OFF,5071.13,2026-07-25
7273,905080,0-30,3020,PENDING,0.0,2026-07-25
7274,905081,0-30,3080,PENDING,0.0,2026-07-09
7275,905081,0-30,3080,PENDING,0.0,2026-07-17
7276,905081,0-30,3080,RECOVERED,5231.8,2026-07-25
7277,905082,0-30,3010,PENDING,0.0,2025-09-14
7278,905082,0-30,3010,PARTIAL,11427.86,2025-10-05
7279,905082,0-30,3010,PARTIAL,8510.93,2025-10-26
7280,905082,0-30,3010,PENDING,0.0,2025-11-16
7281,905082,0-30,3010,PARTIAL,5580.56,2025-12-07
7282,905082,0-30,3010,PARTIAL,14604.24,2025-12-28
7283,905082,0-30,3010,PARTIAL,8586.49,2026-01-18
7284,905082,0-30,3010,PENDING,0.0,2026-02-08
7285,905082,0-30,3010,PENDING,0.0,2026-02-28
7286,905082,0-30,3010,PENDING,0.0,2026-03-21
7287,905082,0-30,3010,PARTIAL,18302.49,2026-04-11
7288,905082,0-30,3010,PENDING,0.0,2026-05-02
7289,905082,0-30,3010,PARTIAL,5007.21,2026-05-23
7290,905082,30-60,3010,PARTIAL,18700.39,2026-06-13
7291,905082,60-90,3010,PENDING,0.0,2026-07-04
7292,905082,90+,3010,PENDING,0.0,2026-07-25
7293,905088,0-30,3012,PENDING,0.0,2026-03-09
7294,905088,0-30,3012,PENDING,0.0,2026-03-26
7295,905088,0-30,3012,PARTIAL,18989.0,2026-04-12
7296,905088,0-30,3012,PARTIAL,10042.52,2026-04-29
7297,905088,0-30,3012,PARTIAL,25383.01,2026-05-17
7298,905088,0-30,3012,PENDING,0.0,2026-06-03
7299,905088,30-60,3012,PARTIAL,7834.18,2026-06-20
7300,905088,60-90,3012,PENDING,0.0,2026-07-07
7301,905088,90+,3012,WRITE_OFF,2620.22,2026-07-25
7302,905089,0-30,3023,PARTIAL,81688.79,2025-08-29
7303,905089,0-30,3023,PENDING,0.0,2025-09-28
7304,905089,0-30,3023,PARTIAL,25169.95,2025-10-28
7305,905089,0-30,3023,PARTIAL,8240.46,2025-11-27
7306,905089,0-30,3023,PENDING,0.0,2025-12-27
7307,905089,0-30,3023,PARTIAL,39275.62,2026-01-26
7308,905089,0-30,3023,PARTIAL,89232.23,2026-02-25
7309,905089,0-30,3023,PARTIAL,56583.78,2026-03-27
7310,905089,0-30,3023,PENDING,0.0,2026-04-26
7311,905089,30-60,3023,PENDING,0.0,2026-05-26
7312,905089,60-90,3023,PENDING,0.0,2026-06-25
7313,905089,90+,3023,PENDING,0.0,2026-07-25
7314,905090,0-30,3074,PARTIAL,14586.56,2026-07-17
7315,905090,0-30,3074,PENDING,0.0,2026-07-25
7316,905097,30-60,3079,PENDING,0.0,2026-07-25
7317,905100,0-30,3038,PENDING,0.0,2026-07-02
7318,905100,30-60,3038,PARTIAL,9342.81,2026-07-25
7319,905101,30-60,3064,PARTIAL,1612.7,2026-07-25
7320,905104,0-30,3017,PARTIAL,13150.36,2025-10-17
7321,905104,0-30,3017,PENDING,0.0,2025-12-12
7322,905104,0-30,3017,PENDING,0.0,2026-02-06
7323,905104,30-60,3017,PENDING,0.0,2026-04-03
7324,905104,60-90,3017,PENDING,0.0,2026-05-29
7325,905104,90+,3017,PENDING,0.0,2026-07-25
7326,905107,30-60,3025,PENDING,0.0,2026-07-25
7327,905113,0-30,3040,PENDING,0.0,2026-04-11
7328,905113,0-30,3040,PENDING,0.0,2026-05-02
7329,905113,0-30,3040,PARTIAL,104601.81,2026-05-23
7330,905113,30-60,3040,PENDING,0.0,2026-06-13
7331,905113,60-90,3040,PENDING,0.0,2026-07-04
7332,905113,90+,3040,WRITE_OFF,25080.92,2026-07-25
7333,905115,0-30,3064,PARTIAL,30608.15,2025-10-30
7334,905115,0-30,3064,PENDING,0.0,2025-11-21
7335,905115,0-30,3064,PARTIAL,48582.27,2025-12-13
7336,905115,0-30,3064,PENDING,0.0,2026-01-05
7337,905115,0-30,3064,PENDING,0.0,2026-01-27
7338,905115,0-30,3064,PENDING,0.0,2026-02-18
7339,905115,0-30,3064,PENDING,0.0,2026-03-13
7340,905115,0-30,3064,PENDING,0.0,2026-04-04
7341,905115,0-30,3064,PARTIAL,101865.97,2026-04-26
7342,905115,0-30,3064,PENDING,0.0,2026-05-19
7343,905115,30-60,3064,PENDING,0.0,2026-06-10
7344,905115,60-90,3064,PENDING,0.0,2026-07-02
7345,905115,90+,3064,PENDING,0.0,2026-07-25
7346,905116,0-30,3041,PARTIAL,30909.19,2026-07-25
7347,905118,90+,3053,PENDING,0.0,2026-07-25
7348,905120,0-30,3067,PENDING,0.0,2026-07-10
7349,905120,0-30,3067,PENDING,0.0,2026-07-25
7350,905121,60-90,3067,WRITE_OFF,1246.88,2026-07-25
7351,905130,0-30,3034,PENDING,0.0,2026-06-29
7352,905130,30-60,3034,PARTIAL,496.0,2026-07-25
7353,905131,0-30,3002,PENDING,0.0,2026-01-05
7354,905131,0-30,3002,PENDING,0.0,2026-01-22
7355,905131,0-30,3002,PENDING,0.0,2026-02-08
7356,905131,0-30,3002,PARTIAL,205530.43,2026-02-24
7357,905131,0-30,3002,PENDING,0.0,2026-03-13
7358,905131,0-30,3002,PARTIAL,611569.58,2026-03-30
7359,905131,0-30,3002,PENDING,0.0,2026-04-15
7360,905131,0-30,3002,PENDING,0.0,2026-05-02
7361,905131,0-30,3002,PENDING,0.0,2026-05-19
7362,905131,0-30,3002,PENDING,0.0,2026-06-04
7363,905131,30-60,3002,PENDING,0.0,2026-06-21
7364,905131,60-90,3002,PENDING,0.0,2026-07-08
7365,905131,90+,3002,WRITE_OFF,195210.24,2026-07-25
7366,905132,0-30,3068,PENDING,0.0,2026-06-28
7367,905132,0-30,3068,PENDING,0.0,2026-07-11
7368,905132,30-60,3068,PENDING,0.0,2026-07-25
7369,905133,0-30,3041,PENDING,0.0,2026-02-21
7370,905133,0-30,3041,PENDING,0.0,2026-03-31
7371,905133,30-60,3041,PARTIAL,2865.13,2026-05-09
7372,905133,60-90,3041,PARTIAL,6492.0,2026-06-16
7373,905133,90+,3041,PARTIAL,24026.0,2026-07-25
7374,905135,0-30,3079,PENDING,0.0,2026-06-17
7375,905135,0-30,3079,PARTIAL,120028.4,2026-06-30
7376,905135,0-30,3079,PENDING,0.0,2026-07-12
7377,905135,30-60,3079,PARTIAL,43154.19,2026-07-25
7378,905137,0-30,3073,PARTIAL,38406.84,2026-07-03
7379,905137,30-60,3073,PENDING,0.0,2026-07-25
7380,905138,30-60,3027,PARTIAL,69659.33,2026-07-25
7381,905139,30-60,3018,PARTIAL,12838.49,2026-07-25
7382,905140,30-60,3078,PENDING,0.0,2026-07-25
7383,905142,30-60,3050,PENDING,0.0,2026-07-25
7384,905143,30-60,3014,RECOVERED,10244.5,2026-07-25
7385,905144,0-30,3016,PENDING,0.0,2026-05-14
7386,905144,30-60,3016,PARTIAL,76687.91,2026-06-07
7387,905144,60-90,3016,PENDING,0.0,2026-07-01
7388,905144,90+,3016,WRITE_OFF,55860.49,2026-07-25
7389,905150,0-30,3014,PARTIAL,106534.77,2025-11-20
7390,905150,0-30,3014,PARTIAL,99544.56,2025-12-09
7391,905150,0-30,3014,PARTIAL,94196.87,2025-12-28
7392,905150,0-30,3014,PENDING,0.0,2026-01-16
7393,905150,0-30,3014,PENDING,0.0,2026-02-04
7394,905150,0-30,3014,PARTIAL,18349.64,2026-02-23
7395,905150,0-30,3014,PENDING,0.0,2026-03-14
7396,905150,0-30,3014,PENDING,0.0,2026-04-02
7397,905150,0-30,3014,PENDING,0.0,2026-04-21
7398,905150,0-30,3014,PENDING,0.0,2026-05-10
7399,905150,0-30,3014,PARTIAL,10274.89,2026-05-29
7400,905150,30-60,3014,PENDING,0.0,2026-06-17
7401,905150,60-90,3014,PENDING,0.0,2026-07-06
7402,905150,90+,3014,PENDING,0.0,2026-07-25
7403,905152,0-30,3051,PENDING,0.0,2025-12-01
7404,905152,0-30,3051,PENDING,0.0,2025-12-21
7405,905152,0-30,3051,PARTIAL,29200.21,2026-01-09
7406,905152,0-30,3051,PENDING,0.0,2026-01-29
7407,905152,0-30,3051,PENDING,0.0,2026-02-18
7408,905152,0-30,3051,PARTIAL,22001.24,2026-03-09
7409,905152,0-30,3051,PARTIAL,22562.57,2026-03-29
7410,905152,0-30,3051,PARTIAL,22100.14,2026-04-17
7411,905152,0-30,3051,PENDING,0.0,2026-05-07
7412,905152,0-30,3051,PENDING,0.0,2026-05-27
7413,905152,30-60,3051,PENDING,0.0,2026-06-15
7414,905152,60-90,3051,PARTIAL,21569.53,2026-07-05
7415,905152,90+,3051,PARTIAL,14895.78,2026-07-25
7416,905160,0-30,3019,PENDING,0.0,2026-01-06
7417,905160,0-30,3019,PARTIAL,63789.0,2026-01-26
7418,905160,0-30,3019,PARTIAL,33761.9,2026-02-15
7419,905160,0-30,3019,PENDING,0.0,2026-03-07
7420,905160,0-30,3019,PENDING,0.0,2026-03-27
7421,905160,0-30,3019,PARTIAL,12485.25,2026-04-16
7422,905160,0-30,3019,PENDING,0.0,2026-05-06
7423,905160,0-30,3019,PENDING,0.0,2026-05-26
7424,905160,30-60,3019,PARTIAL,35126.25,2026-06-15
7425,905160,60-90,3019,PENDING,0.0,2026-07-05
7426,905160,90+,3019,WRITE_OFF,11927.92,2026-07-25
7427,905164,30-60,3022,PENDING,0.0,2026-07-25
7428,905170,0-30,3020,PENDING,0.0,2026-06-27
7429,905170,0-30,3020,PENDING,0.0,2026-07-11
7430,905170,30-60,3020,PARTIAL,4886.97,2026-07-25
7431,905171,0-30,3063,PENDING,0.0,2026-07-25
7432,905175,0-30,3066,PENDING,0.0,2026-01-30
7433,905175,0-30,3066,PENDING,0.0,2026-02-19
7434,905175,0-30,3066,PARTIAL,29383.47,2026-03-10
7435,905175,0-30,3066,PARTIAL,11916.55,2026-03-30
7436,905175,0-30,3066,PARTIAL,30054.54,2026-04-18
7437,905175,0-30,3066,PENDING,0.0,2026-05-08
7438,905175,0-30,3066,PENDING,0.0,2026-05-27
7439,905175,30-60,3066,PENDING,0.0,2026-06-16
7440,905175,60-90,3066,PENDING,0.0,2026-07-05
7441,905175,90+,3066,WRITE_OFF,5406.53,2026-07-25
7442,905176,30-60,3018,PARTIAL,18389.67,2026-07-25
7443,905177,0-30,3053,PARTIAL,39031.34,2026-05-27
7444,905177,0-30,3053,PENDING,0.0,2026-06-16
7445,905177,30-60,3053,PENDING,0.0,2026-07-05
7446,905177,60-90,3053,PENDING,0.0,2026-07-25
7447,905178,0-30,3073,PENDING,0.0,2025-11-09
7448,905178,0-30,3073,PENDING,0.0,2025-12-11
7449,905178,0-30,3073,PENDING,0.0,2026-01-12
7450,905178,0-30,3073,PENDING,0.0,2026-02-13
7451,905178,0-30,3073,PARTIAL,115300.39,2026-03-18
7452,905178,0-30,3073,PENDING,0.0,2026-04-19
7453,905178,30-60,3073,PENDING,0.0,2026-05-21
7454,905178,60-90,3073,PENDING,0.0,2026-06-22
7455,905178,90+,3073,PARTIAL,143723.03,2026-07-25
7456,905180,0-30,3040,PENDING,0.0,2025-11-29
7457,905180,0-30,3040,PENDING,0.0,2025-12-23
7458,905180,0-30,3040,PENDING,0.0,2026-01-16
7459,905180,0-30,3040,PENDING,0.0,2026-02-08
7460,905180,0-30,3040,PENDING,0.0,2026-03-04
7461,905180,0-30,3040,PENDING,0.0,2026-03-28
7462,905180,0-30,3040,PENDING,0.0,2026-04-21
7463,905180,0-30,3040,PARTIAL,3825.13,2026-05-14
7464,905180,30-60,3040,PENDING,0.0,2026-06-07
7465,905180,60-90,3040,PENDING,0.0,2026-07-01
7466,905180,90+,3040,PARTIAL,3033.1,2026-07-25
7467,905181,30-60,3051,PENDING,0.0,2026-07-25
7468,905182,0-30,3002,PARTIAL,41760.31,2026-02-21
7469,905182,0-30,3002,PENDING,0.0,2026-03-15
7470,905182,0-30,3002,PENDING,0.0,2026-04-06
7471,905182,0-30,3002,PENDING,0.0,2026-04-28
7472,905182,0-30,3002,PENDING,0.0,2026-05-20
7473,905182,30-60,3002,PARTIAL,79269.3,2026-06-11
7474,905182,60-90,3002,PENDING,0.0,2026-07-03
7475,905182,90+,3002,PARTIAL,63782.81,2026-07-25
7476,905183,0-30,3042,PENDING,0.0,2025-12-15
7477,905183,0-30,3042,PARTIAL,1465.64,2026-01-04
7478,905183,0-30,3042,PENDING,0.0,2026-01-24
7479,905183,0-30,3042,PENDING,0.0,2026-02-13
7480,905183,0-30,3042,PENDING,0.0,2026-03-05
7481,905183,0-30,3042,PARTIAL,1523.55,2026-03-26
7482,905183,0-30,3042,PENDING,0.0,2026-04-15
7483,905183,0-30,3042,PENDING,0.0,2026-05-05
7484,905183,0-30,3042,PENDING,0.0,2026-05-25
7485,905183,30-60,3042,PENDING,0.0,2026-06-14
7486,905183,60-90,3042,PENDING,0.0,2026-07-04
7487,905183,90+,3042,WRITE_OFF,793.96,2026-07-25
7488,905184,0-30,3033,PARTIAL,27190.87,2025-10-15
7489,905184,0-30,3033,PENDING,0.0,2025-11-12
7490,905184,0-30,3033,PENDING,0.0,2025-12-10
7491,905184,0-30,3033,PARTIAL,31099.64,2026-01-08
7492,905184,0-30,3033,PENDING,0.0,2026-02-05
7493,905184,0-30,3033,PENDING,0.0,2026-03-05
7494,905184,0-30,3033,PARTIAL,19739.86,2026-04-02
7495,905184,0-30,3033,PENDING,0.0,2026-05-01
7496,905184,30-60,3033,PENDING,0.0,2026-05-29
7497,905184,60-90,3033,PENDING,0.0,2026-06-26
7498,905184,90+,3033,WRITE_OFF,3255.71,2026-07-25
7499,905185,0-30,3040,PARTIAL,1706.58,2026-07-09
7500,905185,30-60,3040,PENDING,0.0,2026-07-25
7501,905188,0-30,3007,PARTIAL,700.71,2026-06-22
7502,905188,0-30,3007,PENDING,0.0,2026-07-03
7503,905188,0-30,3007,PARTIAL,1195.13,2026-07-14
7504,905188,30-60,3007,PENDING,0.0,2026-07-25
7505,905189,0-30,3006,PENDING,0.0,2025-11-29
7506,905189,0-30,3006,PENDING,0.0,2025-12-19
7507,905189,0-30,3006,PENDING,0.0,2026-01-08
7508,905189,0-30,3006,PENDING,0.0,2026-01-28
7509,905189,0-30,3006,PENDING,0.0,2026-02-16
7510,905189,0-30,3006,PENDING,0.0,2026-03-08
7511,905189,0-30,3006,PENDING,0.0,2026-03-28
7512,905189,0-30,3006,PENDING,0.0,2026-04-17
7513,905189,0-30,3006,PENDING,0.0,2026-05-06
7514,905189,0-30,3006,PENDING,0.0,2026-05-26
7515,905189,30-60,3006,PENDING,0.0,2026-06-15
7516,905189,60-90,3006,PENDING,0.0,2026-07-05
7517,905189,90+,3006,PENDING,0.0,2026-07-25
7518,905191,30-60,3074,PARTIAL,57236.14,2026-07-25
7519,905192,0-30,3062,PENDING,0.0,2026-02-02
7520,905192,0-30,3062,PENDING,0.0,2026-02-24
7521,905192,0-30,3062,PENDING,0.0,2026-03-17
7522,905192,0-30,3062,PENDING,0.0,2026-04-08
7523,905192,0-30,3062,PARTIAL,289245.72,2026-04-29
7524,905192,0-30,3062,PARTIAL,151225.45,2026-05-21
7525,905192,30-60,3062,PENDING,0.0,2026-06-11
7526,905192,60-90,3062,PENDING,0.0,2026-07-03
7527,905192,90+,3062,PENDING,0.0,2026-07-25
7528,905194,30-60,3007,PARTIAL,7087.58,2026-07-25
7529,905195,0-30,3065,PENDING,0.0,2026-06-30
7530,905195,30-60,3065,PARTIAL,8988.31,2026-07-25
7531,905196,0-30,3063,RECOVERED,45137.81,2026-07-25
7532,905197,0-30,3038,PARTIAL,826.08,2026-06-13
7533,905197,0-30,3038,PENDING,0.0,2026-06-27
7534,905197,0-30,3038,PENDING,0.0,2026-07-11
7535,905197,30-60,3038,PENDING,0.0,2026-07-25
7536,905200,0-30,3050,PARTIAL,335277.83,2025-09-15
7537,905200,0-30,3050,PENDING,0.0,2025-10-13
7538,905200,0-30,3050,PARTIAL,59642.12,2025-11-11
7539,905200,0-30,3050,PARTIAL,276749.09,2025-12-09
7540,905200,0-30,3050,PENDING,0.0,2026-01-07
7541,905200,0-30,3050,PENDING,0.0,2026-02-04
7542,905200,0-30,3050,PENDING,0.0,2026-03-04
7543,905200,0-30,3050,PENDING,0.0,2026-04-02
7544,905200,0-30,3050,PARTIAL,117094.6,2026-04-30
7545,905200,30-60,3050,PENDING,0.0,2026-05-29
7546,905200,60-90,3050,PARTIAL,82595.87,2026-06-26
7547,905200,90+,3050,PENDING,0.0,2026-07-25
7548,905202,0-30,3005,PENDING,0.0,2026-06-30
7549,905202,30-60,3005,PARTIAL,3232.53,2026-07-25
7550,905205,0-30,3074,PENDING,0.0,2025-10-17
7551,905205,0-30,3074,PARTIAL,26762.92,2025-11-14
7552,905205,0-30,3074,PENDING,0.0,2025-12-12
7553,905205,0-30,3074,PENDING,0.0,2026-01-09
7554,905205,0-30,3074,PARTIAL,24125.59,2026-02-06
7555,905205,0-30,3074,PARTIAL,54640.73,2026-03-06
7556,905205,0-30,3074,PENDING,0.0,2026-04-03
7557,905205,0-30,3074,PENDING,0.0,2026-05-01
7558,905205,30-60,3074,PARTIAL,29613.47,2026-05-29
7559,905205,60-90,3074,PARTIAL,86239.38,2026-06-26
7560,905205,90+,3074,PARTIAL,20322.55,2026-07-25
7561,905216,0-30,3003,PENDING,0.0,2026-04-16
7562,905216,0-30,3003,PENDING,0.0,2026-04-30
7563,905216,0-30,3003,PARTIAL,1550.34,2026-05-14
7564,905216,0-30,3003,PENDING,0.0,2026-05-29
7565,905216,0-30,3003,PENDING,0.0,2026-06-12
7566,905216,30-60,3003,PENDING,0.0,2026-06-26
7567,905216,60-90,3003,PENDING,0.0,2026-07-10
7568,905216,90+,3003,PENDING,0.0,2026-07-25
7569,905226,0-30,3062,PENDING,0.0,2026-06-22
7570,905226,0-30,3062,PENDING,0.0,2026-07-08
7571,905226,30-60,3062,PENDING,0.0,2026-07-25
7572,905229,0-30,3080,PENDING,0.0,2026-06-16
7573,905229,0-30,3080,PENDING,0.0,2026-06-29
7574,905229,0-30,3080,PENDING,0.0,2026-07-12
7575,905229,30-60,3080,PENDING,0.0,2026-07-25
7576,905235,30-60,3019,PARTIAL,25459.83,2026-07-25
7577,905236,0-30,3003,PENDING,0.0,2026-06-25
7578,905236,0-30,3003,PENDING,0.0,2026-07-10
7579,905236,30-60,3003,RECOVERED,65737.49,2026-07-25
7580,905244,0-30,3040,PENDING,0.0,2025-09-24
7581,905244,0-30,3040,PENDING,0.0,2025-10-16
7582,905244,0-30,3040,PENDING,0.0,2025-11-07
7583,905244,0-30,3040,PENDING,0.0,2025-11-28
7584,905244,0-30,3040,PARTIAL,8533.03,2025-12-20
7585,905244,0-30,3040,PENDING,0.0,2026-01-11
7586,905244,0-30,3040,PENDING,0.0,2026-02-01
7587,905244,0-30,3040,PARTIAL,15624.57,2026-02-23
7588,905244,0-30,3040,PENDING,0.0,2026-03-17
7589,905244,0-30,3040,PARTIAL,6424.08,2026-04-07
7590,905244,0-30,3040,PENDING,0.0,2026-04-29
7591,905244,0-30,3040,PENDING,0.0,2026-05-21
7592,905244,30-60,3040,PARTIAL,5223.18,2026-06-11
7593,905244,60-90,3040,PARTIAL,9885.69,2026-07-03
7594,905244,90+,3040,PENDING,0.0,2026-07-25
7595,905246,30-60,3053,PARTIAL,62809.66,2026-07-25
7596,905257,0-30,3048,PENDING,0.0,2026-06-29
7597,905257,0-30,3048,PENDING,0.0,2026-07-12
7598,905257,30-60,3048,RECOVERED,5920.54,2026-07-25
7599,905258,0-30,3027,PENDING,0.0,2026-01-13
7600,905258,0-30,3027,PENDING,0.0,2026-02-10
7601,905258,0-30,3027,PENDING,0.0,2026-03-09
7602,905258,0-30,3027,PENDING,0.0,2026-04-06
7603,905258,0-30,3027,PENDING,0.0,2026-05-03
7604,905258,30-60,3027,PENDING,0.0,2026-05-31
7605,905258,60-90,3027,PARTIAL,44699.86,2026-06-27
7606,905258,90+,3027,PENDING,0.0,2026-07-25
7607,905271,0-30,3074,PENDING,0.0,2026-05-18
7608,905271,0-30,3074,PENDING,0.0,2026-06-04
7609,905271,0-30,3074,PENDING,0.0,2026-06-21
7610,905271,30-60,3074,PARTIAL,5679.62,2026-07-08
7611,905271,60-90,3074,PARTIAL,5508.18,2026-07-25
7612,905272,30-60,3008,PARTIAL,83112.1,2026-05-17
7613,905272,60-90,3008,PENDING,0.0,2026-06-20
7614,905272,90+,3008,WRITE_OFF,14937.41,2026-07-25
7615,905273,0-30,3043,PARTIAL,29212.45,2025-12-21
7616,905273,0-30,3043,PENDING,0.0,2026-01-17
7617,905273,0-30,3043,PENDING,0.0,2026-02-13
7618,905273,0-30,3043,PARTIAL,5773.15,2026-03-12
7619,905273,0-30,3043,PENDING,0.0,2026-04-08
7620,905273,0-30,3043,PENDING,0.0,2026-05-05
7621,905273,30-60,3043,PENDING,0.0,2026-06-01
7622,905273,60-90,3043,PARTIAL,7621.65,2026-06-28
7623,905273,90+,3043,PENDING,0.0,2026-07-25
7624,905277,0-30,3001,PENDING,0.0,2026-07-25
7625,905281,0-30,3012,PENDING,0.0,2026-07-03
7626,905281,30-60,3012,PENDING,0.0,2026-07-25
7627,905285,0-30,3068,PENDING,0.0,2026-06-11
7628,905285,0-30,3068,PENDING,0.0,2026-06-22
7629,905285,0-30,3068,PARTIAL,33939.03,2026-07-03
7630,905285,0-30,3068,PARTIAL,8442.96,2026-07-14
7631,905285,30-60,3068,PARTIAL,27007.69,2026-07-25
7632,905287,0-30,3056,PENDING,0.0,2025-09-12
7633,905287,0-30,3056,PARTIAL,22446.9,2025-10-08
7634,905287,0-30,3056,PARTIAL,17702.71,2025-11-03
7635,905287,0-30,3056,PARTIAL,21735.8,2025-11-30
7636,905287,0-30,3056,PENDING,0.0,2025-12-26
7637,905287,0-30,3056,PENDING,0.0,2026-01-21
7638,905287,0-30,3056,PARTIAL,34762.77,2026-02-17
7639,905287,0-30,3056,PARTIAL,14352.69,2026-03-15
7640,905287,0-30,3056,PENDING,0.0,2026-04-10
7641,905287,0-30,3056,PENDING,0.0,2026-05-07
7642,905287,30-60,3056,PARTIAL,11139.39,2026-06-02
7643,905287,60-90,3056,PENDING,0.0,2026-06-28
7644,905287,90+,3056,WRITE_OFF,5211.76,2026-07-25
7645,905290,0-30,3069,PARTIAL,95029.41,2026-01-22
7646,905290,0-30,3069,PARTIAL,101999.66,2026-02-22
7647,905290,0-30,3069,PENDING,0.0,2026-03-24
7648,905290,0-30,3069,PENDING,0.0,2026-04-24
7649,905290,30-60,3069,PENDING,0.0,2026-05-24
7650,905290,60-90,3069,PENDING,0.0,2026-06-24
7651,905290,90+,3069,WRITE_OFF,96553.56,2026-07-25
7652,905291,0-30,3038,PENDING,0.0,2026-07-01
7653,905291,0-30,3038,PENDING,0.0,2026-07-13
7654,905291,30-60,3038,PENDING,0.0,2026-07-25
7655,905292,0-30,3062,PENDING,0.0,2026-05-30
7656,905292,30-60,3062,PARTIAL,15963.27,2026-06-27
7657,905292,60-90,3062,PENDING,0.0,2026-07-25
7658,905293,30-60,3012,PENDING,0.0,2026-07-25
7659,905295,30-60,3003,PARTIAL,11399.6,2026-07-25
7660,905300,0-30,3071,PENDING,0.0,2026-06-25
7661,905300,0-30,3071,PENDING,0.0,2026-07-10
7662,905300,30-60,3071,PARTIAL,627.67,2026-07-25
7663,905303,0-30,3024,PENDING,0.0,2025-10-08
7664,905303,0-30,3024,PENDING,0.0,2025-10-30
7665,905303,0-30,3024,PENDING,0.0,2025-11-21
7666,905303,0-30,3024,PENDING,0.0,2025-12-14
7667,905303,0-30,3024,PARTIAL,184510.88,2026-01-05
7668,905303,0-30,3024,PARTIAL,163819.93,2026-01-27
7669,905303,0-30,3024,PARTIAL,994803.2,2026-02-19
7670,905303,0-30,3024,PENDING,0.0,2026-03-13
7671,905303,0-30,3024,PENDING,0.0,2026-04-04
7672,905303,0-30,3024,PENDING,0.0,2026-04-26
7673,905303,0-30,3024,PENDING,0.0,2026-05-19
7674,905303,30-60,3024,PARTIAL,323226.02,2026-06-10
7675,905303,60-90,3024,PENDING,0.0,2026-07-02
7676,905303,90+,3024,PENDING,0.0,2026-07-25
7677,905304,0-30,3071,PARTIAL,50094.22,2026-06-27
7678,905304,30-60,3071,RECOVERED,94333.56,2026-07-25
7679,905306,0-30,3023,PENDING,0.0,2026-07-25
7680,905310,0-30,3025,PARTIAL,9707.46,2026-06-25
7681,905310,30-60,3025,PENDING,0.0,2026-07-25
7682,905314,0-30,3019,PARTIAL,328427.17,2026-02-10
7683,905314,0-30,3019,PENDING,0.0,2026-03-15
7684,905314,0-30,3019,PARTIAL,440404.2,2026-04-17
7685,905314,30-60,3019,PARTIAL,171345.52,2026-05-20
7686,905314,60-90,3019,PENDING,0.0,2026-06-22
7687,905314,90+,3019,WRITE_OFF,82807.61,2026-07-25
7688,905322,0-30,3035,PENDING,0.0,2026-06-28
7689,905322,0-30,3035,PARTIAL,9481.94,2026-07-11
7690,905322,30-60,3035,PARTIAL,7189.17,2026-07-25
7691,905329,0-30,3035,PENDING,0.0,2025-12-12
7692,905329,0-30,3035,PARTIAL,40430.81,2026-01-09
7693,905329,0-30,3035,PENDING,0.0,2026-02-06
7694,905329,0-30,3035,PENDING,0.0,2026-03-06
7695,905329,0-30,3035,PENDING,0.0,2026-04-03
7696,905329,0-30,3035,PENDING,0.0,2026-05-01
7697,905329,30-60,3035,PENDING,0.0,2026-05-29
7698,905329,60-90,3035,PENDING,0.0,2026-06-26
7699,905329,90+,3035,PENDING,0.0,2026-07-25
7700,905332,0-30,3010,PARTIAL,4754.96,2026-07-25
7701,905333,0-30,3040,PENDING,0.0,2026-03-09
7702,905333,0-30,3040,PENDING,0.0,2026-04-06
7703,905333,0-30,3040,PARTIAL,114145.17,2026-05-03
7704,905333,30-60,3040,PENDING,0.0,2026-05-31
7705,905333,60-90,3040,PARTIAL,368617.46,2026-06-27
7706,905333,90+,3040,WRITE_OFF,148413.22,2026-07-25
7707,905334,0-30,3059,PARTIAL,1448.99,2026-07-10
7708,905334,0-30,3059,PARTIAL,4469.22,2026-07-25
7709,905335,0-30,3003,PENDING,0.0,2026-07-01
7710,905335,30-60,3003,PARTIAL,36674.46,2026-07-25
7711,905339,0-30,3071,PENDING,0.0,2026-07-25
7712,905340,0-30,3024,PENDING,0.0,2025-10-19
7713,905340,0-30,3024,PENDING,0.0,2025-11-16
7714,905340,0-30,3024,PARTIAL,5308.92,2025-12-14
7715,905340,0-30,3024,PARTIAL,5063.59,2026-01-11
7716,905340,0-30,3024,PENDING,0.0,2026-02-08
7717,905340,0-30,3024,PENDING,0.0,2026-03-07
7718,905340,0-30,3024,PENDING,0.0,2026-04-04
7719,905340,0-30,3024,PARTIAL,10849.7,2026-05-02
7720,905340,30-60,3024,PENDING,0.0,2026-05-30
7721,905340,60-90,3024,PENDING,0.0,2026-06-27
7722,905340,90+,3024,WRITE_OFF,4557.17,2026-07-25
7723,905341,0-30,3068,PENDING,0.0,2026-07-25
7724,905342,0-30,3076,PENDING,0.0,2026-04-10
7725,905342,30-60,3076,PENDING,0.0,2026-05-15
7726,905342,60-90,3076,PARTIAL,112964.05,2026-06-19
7727,905342,90+,3076,PENDING,0.0,2026-07-25
7728,905344,0-30,3076,PENDING,0.0,2026-03-16
7729,905344,0-30,3076,PENDING,0.0,2026-04-11
7730,905344,0-30,3076,PENDING,0.0,2026-05-07
7731,905344,30-60,3076,PARTIAL,92541.12,2026-06-02
7732,905344,60-90,3076,PENDING,0.0,2026-06-28
7733,905344,90+,3076,PENDING,0.0,2026-07-25
7734,905346,0-30,3031,PENDING,0.0,2026-07-25
7735,905358,0-30,3078,PARTIAL,140962.86,2026-02-16
7736,905358,0-30,3078,PENDING,0.0,2026-03-14
7737,905358,0-30,3078,PENDING,0.0,2026-04-10
7738,905358,0-30,3078,PENDING,0.0,2026-05-06
7739,905358,30-60,3078,PENDING,0.0,2026-06-02
7740,905358,60-90,3078,PENDING,0.0,2026-06-28
7741,905358,90+,3078,WRITE_OFF,43178.06,2026-07-25
7742,905369,30-60,3012,PENDING,0.0,2026-07-25
7743,905370,0-30,3055,PENDING,0.0,2025-11-04
7744,905370,0-30,3055,PARTIAL,189035.51,2025-12-03
7745,905370,0-30,3055,PENDING,0.0,2026-01-01
7746,905370,0-30,3055,PENDING,0.0,2026-01-30
7747,905370,0-30,3055,PENDING,0.0,2026-03-01
7748,905370,0-30,3055,PENDING,0.0,2026-03-30
7749,905370,0-30,3055,PENDING,0.0,2026-04-28
7750,905370,30-60,3055,PARTIAL,287478.64,2026-05-27
7751,905370,60-90,3055,PENDING,0.0,2026-06-25
7752,905370,90+,3055,PENDING,0.0,2026-07-25
7753,905374,0-30,3008,PARTIAL,10124.95,2026-07-25
7754,905378,0-30,3020,PENDING,0.0,2026-07-25
7755,905380,0-30,3033,PENDING,0.0,2026-07-16
7756,905380,0-30,3033,PENDING,0.0,2026-07-25
7757,905383,0-30,3037,PARTIAL,100793.45,2026-07-04
7758,905383,30-60,3037,PENDING,0.0,2026-07-25
7759,905386,0-30,3070,PARTIAL,2602.73,2026-06-29
7760,905386,30-60,3070,PENDING,0.0,2026-07-25
7761,905387,30-60,3047,RECOVERED,68276.52,2026-07-25
7762,905390,30-60,3022,RECOVERED,9566.98,2026-07-25
7763,905395,0-30,3043,PENDING,0.0,2026-06-25
7764,905395,0-30,3043,PENDING,0.0,2026-07-10
7765,905395,30-60,3043,PARTIAL,5287.79,2026-07-25
7766,905397,30-60,3079,PENDING,0.0,2026-05-15
7767,905397,60-90,3079,PENDING,0.0,2026-06-19
7768,905397,90+,3079,WRITE_OFF,4105.57,2026-07-25
7769,905400,30-60,3075,RECOVERED,184816.17,2026-07-25
7770,905401,0-30,3031,PENDING,0.0,2026-07-25
7771,905408,0-30,3004,PARTIAL,1963.72,2026-07-09
7772,905408,30-60,3004,PARTIAL,4402.26,2026-07-25
7773,905421,0-30,3071,PARTIAL,34370.12,2026-02-15
7774,905421,0-30,3071,PENDING,0.0,2026-03-27
7775,905421,30-60,3071,PARTIAL,61530.05,2026-05-06
7776,905421,60-90,3071,PENDING,0.0,2026-06-15
7777,905421,90+,3071,PARTIAL,164043.09,2026-07-25
7778,905423,0-30,3023,PENDING,0.0,2026-07-07
7779,905423,0-30,3023,PENDING,0.0,2026-07-16
7780,905423,0-30,3023,PARTIAL,4531.9,2026-07-25
7781,905426,0-30,3029,PENDING,0.0,2026-04-12
7782,905426,0-30,3029,PENDING,0.0,2026-05-08
7783,905426,30-60,3029,PARTIAL,6819.19,2026-06-03
7784,905426,60-90,3029,PENDING,0.0,2026-06-29
7785,905426,90+,3029,WRITE_OFF,2336.98,2026-07-25
7786,905427,0-30,3043,PENDING,0.0,2026-07-08
7787,905427,30-60,3043,PARTIAL,4065.32,2026-07-25
7788,905428,30-60,3061,PENDING,0.0,2026-07-25
7789,905435,0-30,3058,PENDING,0.0,2025-11-10
7790,905435,0-30,3058,PENDING,0.0,2025-12-01
7791,905435,0-30,3058,PENDING,0.0,2025-12-23
7792,905435,0-30,3058,PARTIAL,11536.92,2026-01-13
7793,905435,0-30,3058,PENDING,0.0,2026-02-03
7794,905435,0-30,3058,PENDING,0.0,2026-02-25
7795,905435,0-30,3058,PENDING,0.0,2026-03-18
7796,905435,0-30,3058,PENDING,0.0,2026-04-09
7797,905435,0-30,3058,PENDING,0.0,2026-04-30
7798,905435,0-30,3058,PENDING,0.0,2026-05-21
7799,905435,30-60,3058,PENDING,0.0,2026-06-12
7800,905435,60-90,3058,PENDING,0.0,2026-07-03
7801,905435,90+,3058,PARTIAL,7211.3,2026-07-25
7802,905437,30-60,3068,PENDING,0.0,2026-07-25
7803,905440,30-60,3022,PENDING,0.0,2026-07-25
7804,905447,0-30,3035,PENDING,0.0,2026-06-20
7805,905447,0-30,3035,PENDING,0.0,2026-07-07
7806,905447,30-60,3035,PENDING,0.0,2026-07-25
7807,905448,0-30,3079,PENDING,0.0,2026-07-25
7808,905449,0-30,3075,PARTIAL,21886.88,2025-10-20
7809,905449,0-30,3075,PENDING,0.0,2025-11-14
7810,905449,0-30,3075,PENDING,0.0,2025-12-09
7811,905449,0-30,3075,PENDING,0.0,2026-01-04
7812,905449,0-30,3075,PENDING,0.0,2026-01-29
7813,905449,0-30,3075,PENDING,0.0,2026-02-23
7814,905449,0-30,3075,PENDING,0.0,2026-03-20
7815,905449,0-30,3075,PENDING,0.0,2026-04-15
7816,905449,0-30,3075,PENDING,0.0,2026-05-10
7817,905449,30-60,3075,PENDING,0.0,2026-06-04
7818,905449,60-90,3075,PARTIAL,14411.96,2026-06-29
7819,905449,90+,3075,PENDING,0.0,2026-07-25
7820,905450,0-30,3022,PENDING,0.0,2026-03-01
7821,905450,0-30,3022,PENDING,0.0,2026-04-06
7822,905450,30-60,3022,PENDING,0.0,2026-05-13
7823,905450,60-90,3022,PENDING,0.0,2026-06-18
7824,905450,90+,3022,PENDING,0.0,2026-07-25
7825,905452,0-30,3041,PARTIAL,2396.68,2026-07-03
7826,905452,30-60,3041,PARTIAL,1205.98,2026-07-25
7827,905453,0-30,3064,PENDING,0.0,2026-02-19
7828,905453,0-30,3064,PENDING,0.0,2026-03-30
7829,905453,30-60,3064,PENDING,0.0,2026-05-08
7830,905453,60-90,3064,PENDING,0.0,2026-06-16
7831,905453,90+,3064,PENDING,0.0,2026-07-25
7832,905458,0-30,3060,PARTIAL,333966.66,2026-02-06
7833,905458,0-30,3060,PARTIAL,608300.55,2026-03-02
7834,905458,0-30,3060,PARTIAL,456019.88,2026-03-26
7835,905458,0-30,3060,PARTIAL,281813.31,2026-04-19
7836,905458,0-30,3060,PENDING,0.0,2026-05-13
7837,905458,30-60,3060,PARTIAL,159739.22,2026-06-06
7838,905458,60-90,3060,PARTIAL,645007.39,2026-06-30
7839,905458,90+,3060,PARTIAL,840893.82,2026-07-25
7840,905460,0-30,3013,PENDING,0.0,2026-07-25
7841,905461,0-30,3027,PENDING,0.0,2025-10-18
7842,905461,0-30,3027,PARTIAL,15516.11,2025-11-22
7843,905461,0-30,3027,PENDING,0.0,2025-12-27
7844,905461,0-30,3027,PENDING,0.0,2026-01-31
7845,905461,0-30,3027,PENDING,0.0,2026-03-07
7846,905461,0-30,3027,PARTIAL,66531.74,2026-04-11
7847,905461,30-60,3027,PENDING,0.0,2026-05-16
7848,905461,60-90,3027,PARTIAL,154503.91,2026-06-20
7849,905461,90+,3027,PENDING,0.0,2026-07-25
7850,905465,0-30,3016,PENDING,0.0,2026-06-19
7851,905465,0-30,3016,PENDING,0.0,2026-07-07
7852,905465,30-60,3016,PARTIAL,19951.27,2026-07-25
7853,905466,0-30,3006,PENDING,0.0,2026-07-25
7854,905469,0-30,3045,PENDING,0.0,2025-11-14
7855,905469,0-30,3045,PENDING,0.0,2025-12-16
7856,905469,0-30,3045,PARTIAL,19806.11,2026-01-16
7857,905469,0-30,3045,PENDING,0.0,2026-02-17
7858,905469,0-30,3045,PENDING,0.0,2026-03-20
7859,905469,0-30,3045,PARTIAL,99445.92,2026-04-21
7860,905469,30-60,3045,PARTIAL,88827.69,2026-05-22
7861,905469,60-90,3045,PENDING,0.0,2026-06-23
7862,905469,90+,3045,PARTIAL,96558.58,2026-07-25
7863,905470,0-30,3057,PENDING,0.0,2025-12-02
7864,905470,0-30,3057,PENDING,0.0,2025-12-25
7865,905470,0-30,3057,PENDING,0.0,2026-01-18
7866,905470,0-30,3057,PENDING,0.0,2026-02-10
7867,905470,0-30,3057,PENDING,0.0,2026-03-06
7868,905470,0-30,3057,PARTIAL,34030.07,2026-03-29
7869,905470,0-30,3057,PARTIAL,50797.17,2026-04-22
7870,905470,0-30,3057,PENDING,0.0,2026-05-15
7871,905470,30-60,3057,PENDING,0.0,2026-06-08
7872,905470,60-90,3057,PENDING,0.0,2026-07-01
7873,905470,90+,3057,WRITE_OFF,19120.42,2026-07-25
7874,905471,0-30,3030,PARTIAL,2664.86,2026-06-30
7875,905471,30-60,3030,PARTIAL,942.03,2026-07-25
7876,905473,0-30,3076,PENDING,0.0,2026-07-25
7877,905474,0-30,3067,PARTIAL,30279.68,2026-07-25
7878,905475,0-30,3027,PARTIAL,25519.48,2026-05-02
7879,905475,30-60,3027,PENDING,0.0,2026-05-30
7880,905475,60-90,3027,PENDING,0.0,2026-06-27
7881,905475,90+,3027,PENDING,0.0,2026-07-25
7882,905478,0-30,3055,PENDING,0.0,2026-07-09
7883,905478,30-60,3055,PENDING,0.0,2026-07-25
7884,905479,30-60,3017,RECOVERED,12218.36,2026-07-25
7885,905485,0-30,3031,PENDING,0.0,2025-09-20
7886,905485,0-30,3031,PENDING,0.0,2025-10-16
7887,905485,0-30,3031,PENDING,0.0,2025-11-10
7888,905485,0-30,3031,PENDING,0.0,2025-12-06
7889,905485,0-30,3031,PENDING,0.0,2026-01-01
7890,905485,0-30,3031,PENDING,0.0,2026-01-26
7891,905485,0-30,3031,PENDING,0.0,2026-02-21
7892,905485,0-30,3031,PENDING,0.0,2026-03-18
7893,905485,0-30,3031,PARTIAL,28128.08,2026-04-13
7894,905485,0-30,3031,PENDING,0.0,2026-05-09
7895,905485,30-60,3031,PARTIAL,31095.9,2026-06-03
7896,905485,60-90,3031,PENDING,0.0,2026-06-29
7897,905485,90+,3031,PENDING,0.0,2026-07-25
7898,905486,0-30,3031,PENDING,0.0,2026-07-25
7899,905489,60-90,3071,PARTIAL,13029.13,2026-07-25
7900,905490,0-30,3027,PENDING,0.0,2025-11-12
7901,905490,0-30,3027,PENDING,0.0,2025-11-30
7902,905490,0-30,3027,PENDING,0.0,2025-12-18
7903,905490,0-30,3027,PARTIAL,18133.22,2026-01-05
7904,905490,0-30,3027,PARTIAL,31407.49,2026-01-24
7905,905490,0-30,3027,PENDING,0.0,2026-02-11
7906,905490,0-30,3027,PENDING,0.0,2026-03-01
7907,905490,0-30,3027,PARTIAL,12918.17,2026-03-19
7908,905490,0-30,3027,PARTIAL,10799.24,2026-04-06
7909,905490,0-30,3027,PARTIAL,35256.5,2026-04-25
7910,905490,0-30,3027,PARTIAL,26611.79,2026-05-13
7911,905490,0-30,3027,PENDING,0.0,2026-05-31
7912,905490,30-60,3027,PENDING,0.0,2026-06-18
7913,905490,60-90,3027,PARTIAL,13860.19,2026-07-06
7914,905490,90+,3027,PARTIAL,17088.48,2026-07-25
7915,905492,0-30,3070,PENDING,0.0,2025-09-08
7916,905492,0-30,3070,PENDING,0.0,2025-10-24
7917,905492,0-30,3070,PARTIAL,136146.53,2025-12-08
7918,905492,0-30,3070,PENDING,0.0,2026-01-23
7919,905492,0-30,3070,PENDING,0.0,2026-03-10
7920,905492,30-60,3070,PENDING,0.0,2026-04-24
7921,905492,60-90,3070,PENDING,0.0,2026-06-09
7922,905492,90+,3070,PARTIAL,347193.21,2026-07-25
7923,905496,0-30,3071,PARTIAL,122238.59,2026-03-03
7924,905496,30-60,3071,PENDING,0.0,2026-04-20
7925,905496,60-90,3071,PENDING,0.0,2026-06-07
7926,905496,90+,3071,PENDING,0.0,2026-07-25
7927,905497,0-30,3050,PENDING,0.0,2025-12-05
7928,905497,0-30,3050,PENDING,0.0,2026-01-13
7929,905497,0-30,3050,PENDING,0.0,2026-02-20
7930,905497,0-30,3050,PENDING,0.0,2026-03-31
7931,905497,30-60,3050,PARTIAL,494478.31,2026-05-08
7932,905497,60-90,3050,PARTIAL,548965.06,2026-06-16
7933,905497,90+,3050,PARTIAL,364360.38,2026-07-25
7934,905501,0-30,3003,PENDING,0.0,2026-02-22
7935,905501,0-30,3003,PENDING,0.0,2026-04-01
7936,905501,30-60,3003,PENDING,0.0,2026-05-09
7937,905501,60-90,3003,PARTIAL,28659.15,2026-06-16
7938,905501,90+,3003,WRITE_OFF,26752.36,2026-07-25
7939,905502,0-30,3066,PENDING,0.0,2026-02-05
7940,905502,0-30,3066,PENDING,0.0,2026-03-11
7941,905502,0-30,3066,PENDING,0.0,2026-04-14
7942,905502,30-60,3066,PENDING,0.0,2026-05-18
7943,905502,60-90,3066,PENDING,0.0,2026-06-21
7944,905502,90+,3066,PARTIAL,155823.62,2026-07-25
7945,905509,0-30,3051,PENDING,0.0,2025-09-14
7946,905509,0-30,3051,PENDING,0.0,2025-10-02
7947,905509,0-30,3051,PENDING,0.0,2025-10-21
7948,905509,0-30,3051,PENDING,0.0,2025-11-08
7949,905509,0-30,3051,PENDING,0.0,2025-11-27
7950,905509,0-30,3051,PARTIAL,58985.95,2025-12-15
7951,905509,0-30,3051,PENDING,0.0,2026-01-03
7952,905509,0-30,3051,PARTIAL,12941.94,2026-01-21
7953,905509,0-30,3051,PENDING,0.0,2026-02-09
7954,905509,0-30,3051,PENDING,0.0,2026-02-27
7955,905509,0-30,3051,PARTIAL,24769.51,2026-03-17
7956,905509,0-30,3051,PENDING,0.0,2026-04-05
7957,905509,0-30,3051,PARTIAL,14123.53,2026-04-23
7958,905509,0-30,3051,PARTIAL,21959.67,2026-05-12
7959,905509,0-30,3051,PARTIAL,18985.8,2026-05-30
7960,905509,30-60,3051,PENDING,0.0,2026-06-18
7961,905509,60-90,3051,PARTIAL,64736.01,2026-07-06
7962,905509,90+,3051,PENDING,0.0,2026-07-25
7963,905511,0-30,3077,PENDING,0.0,2026-06-27
7964,905511,0-30,3077,PENDING,0.0,2026-07-11
7965,905511,30-60,3077,PENDING,0.0,2026-07-25
7966,905512,0-30,3038,PENDING,0.0,2025-09-04
7967,905512,0-30,3038,PENDING,0.0,2025-09-23
7968,905512,0-30,3038,PENDING,0.0,2025-10-12
7969,905512,0-30,3038,PARTIAL,140138.15,2025-10-31
7970,905512,0-30,3038,PENDING,0.0,2025-11-19
7971,905512,0-30,3038,PENDING,0.0,2025-12-08
7972,905512,0-30,3038,PENDING,0.0,2025-12-27
7973,905512,0-30,3038,PENDING,0.0,2026-01-15
7974,905512,0-30,3038,PENDING,0.0,2026-02-03
7975,905512,0-30,3038,PENDING,0.0,2026-02-22
7976,905512,0-30,3038,PARTIAL,43100.14,2026-03-13
7977,905512,0-30,3038,PENDING,0.0,2026-04-01
7978,905512,0-30,3038,PENDING,0.0,2026-04-20
7979,905512,0-30,3038,PENDING,0.0,2026-05-09
7980,905512,0-30,3038,PENDING,0.0,2026-05-28
7981,905512,30-60,3038,PENDING,0.0,2026-06-16
7982,905512,60-90,3038,PARTIAL,112742.68,2026-07-05
7983,905512,90+,3038,PENDING,0.0,2026-07-25
7984,905513,0-30,3038,PENDING,0.0,2026-05-23
7985,905513,0-30,3038,PARTIAL,48581.27,2026-06-05
7986,905513,0-30,3038,PARTIAL,87845.09,2026-06-17
7987,905513,0-30,3038,PENDING,0.0,2026-06-30
7988,905513,30-60,3038,PENDING,0.0,2026-07-12
7989,905513,60-90,3038,PENDING,0.0,2026-07-25
7990,905518,0-30,3069,PENDING,0.0,2026-07-03
7991,905518,0-30,3069,PENDING,0.0,2026-07-14
7992,905518,30-60,3069,PENDING,0.0,2026-07-25
7993,905519,0-30,3022,PARTIAL,8118.32,2026-07-25
7994,905523,0-30,3021,PENDING,0.0,2026-07-25
7995,905524,0-30,3004,PENDING,0.0,2025-09-15
7996,905524,0-30,3004,PENDING,0.0,2025-10-13
7997,905524,0-30,3004,PARTIAL,387145.59,2025-11-11
7998,905524,0-30,3004,PENDING,0.0,2025-12-09
7999,905524,0-30,3004,PENDING,0.0,2026-01-07
8000,905524,0-30,3004,PENDING,0.0,2026-02-04
8001,905524,0-30,3004,PARTIAL,322912.9,2026-03-04
8002,905524,0-30,3004,PENDING,0.0,2026-04-02
8003,905524,0-30,3004,PENDING,0.0,2026-04-30
8004,905524,30-60,3004,PENDING,0.0,2026-05-29
8005,905524,60-90,3004,PARTIAL,65446.2,2026-06-26
8006,905524,90+,3004,PENDING,0.0,2026-07-25
8007,905525,0-30,3064,PARTIAL,19056.92,2025-12-21
8008,905525,0-30,3064,PARTIAL,12656.85,2026-01-07
8009,905525,0-30,3064,PENDING,0.0,2026-01-23
8010,905525,0-30,3064,PENDING,0.0,2026-02-09
8011,905525,0-30,3064,PENDING,0.0,2026-02-25
8012,905525,0-30,3064,PARTIAL,21968.4,2026-03-14
8013,905525,0-30,3064,PENDING,0.0,2026-03-31
8014,905525,0-30,3064,PARTIAL,7794.85,2026-04-16
8015,905525,0-30,3064,PENDING,0.0,2026-05-03
8016,905525,0-30,3064,PARTIAL,17626.29,2026-05-19
8017,905525,0-30,3064,PENDING,0.0,2026-06-05
8018,905525,30-60,3064,PENDING,0.0,2026-06-21
8019,905525,60-90,3064,PARTIAL,38483.23,2026-07-08
8020,905525,90+,3064,PARTIAL,15239.93,2026-07-25
8021,905529,0-30,3047,PARTIAL,1797.99,2026-06-19
8022,905529,0-30,3047,PENDING,0.0,2026-07-07
8023,905529,30-60,3047,PARTIAL,8351.12,2026-07-25
8024,905534,30-60,3069,PARTIAL,4017.05,2026-05-02
8025,905534,60-90,3069,PARTIAL,10241.06,2026-06-13
8026,905534,90+,3069,WRITE_OFF,2627.24,2026-07-25
8027,905535,0-30,3066,PARTIAL,3135.0,2026-06-18
8028,905535,0-30,3066,PENDING,0.0,2026-07-06
8029,905535,30-60,3066,PARTIAL,923.85,2026-07-25
8030,905540,0-30,3008,PENDING,0.0,2025-09-11
8031,905540,0-30,3008,PENDING,0.0,2025-10-10
8032,905540,0-30,3008,PARTIAL,8111.36,2025-11-08
8033,905540,0-30,3008,PARTIAL,46222.51,2025-12-07
8034,905540,0-30,3008,PENDING,0.0,2026-01-04
8035,905540,0-30,3008,PENDING,0.0,2026-02-02
8036,905540,0-30,3008,PARTIAL,49943.9,2026-03-03
8037,905540,0-30,3008,PENDING,0.0,2026-04-01
8038,905540,0-30,3008,PARTIAL,23278.88,2026-04-29
8039,905540,30-60,3008,PENDING,0.0,2026-05-28
8040,905540,60-90,3008,PENDING,0.0,2026-06-26
8041,905540,90+,3008,WRITE_OFF,14977.63,2026-07-25
8042,905541,0-30,3030,PENDING,0.0,2026-01-14
8043,905541,30-60,3030,PENDING,0.0,2026-03-19
8044,905541,60-90,3030,PENDING,0.0,2026-05-22
8045,905541,90+,3030,PENDING,0.0,2026-07-25
8046,905548,0-30,3076,PENDING,0.0,2026-06-22
8047,905548,0-30,3076,PARTIAL,890.97,2026-07-08
8048,905548,30-60,3076,PENDING,0.0,2026-07-25
8049,905555,30-60,3022,PENDING,0.0,2026-07-25
8050,905557,0-30,3010,PENDING,0.0,2026-07-04
8051,905557,30-60,3010,PARTIAL,7245.69,2026-07-25
8052,905559,0-30,3055,PENDING,0.0,2026-07-18
8053,905559,0-30,3055,PENDING,0.0,2026-07-25
8054,905561,0-30,3058,PARTIAL,8073.75,2026-07-11
8055,905561,0-30,3058,PARTIAL,2625.26,2026-07-25
8056,905562,30-60,3060,PENDING,0.0,2026-07-25
8057,905563,0-30,3036,PARTIAL,650.89,2026-07-05
8058,905563,30-60,3036,PENDING,0.0,2026-07-25
8059,905568,0-30,3055,PENDING,0.0,2025-08-24
8060,905568,0-30,3055,PARTIAL,313976.87,2025-09-23
8061,905568,0-30,3055,PENDING,0.0,2025-10-24
8062,905568,0-30,3055,PENDING,0.0,2025-11-23
8063,905568,0-30,3055,PENDING,0.0,2025-12-24
8064,905568,0-30,3055,PENDING,0.0,2026-01-23
8065,905568,0-30,3055,PENDING,0.0,2026-02-22
8066,905568,0-30,3055,PENDING,0.0,2026-03-25
8067,905568,0-30,3055,PENDING,0.0,2026-04-24
8068,905568,30-60,3055,PENDING,0.0,2026-05-25
8069,905568,60-90,3055,PARTIAL,244178.93,2026-06-24
8070,905568,90+,3055,PENDING,0.0,2026-07-25
8071,905572,0-30,3036,PARTIAL,17163.24,2026-06-29
8072,905572,0-30,3036,PENDING,0.0,2026-07-12
8073,905572,30-60,3036,PENDING,0.0,2026-07-25
8074,905574,0-30,3039,PENDING,0.0,2025-12-26
8075,905574,0-30,3039,PARTIAL,11351.28,2026-01-16
8076,905574,0-30,3039,PARTIAL,3130.01,2026-02-06
8077,905574,0-30,3039,PENDING,0.0,2026-02-27
8078,905574,0-30,3039,PARTIAL,13991.06,2026-03-20
8079,905574,0-30,3039,PENDING,0.0,2026-04-10
8080,905574,0-30,3039,PARTIAL,9126.92,2026-05-01
8081,905574,0-30,3039,PENDING,0.0,2026-05-22
8082,905574,30-60,3039,PENDING,0.0,2026-06-12
8083,905574,60-90,3039,PARTIAL,3843.34,2026-07-03
8084,905574,90+,3039,PARTIAL,14570.23,2026-07-25
8085,905575,0-30,3075,PENDING,0.0,2025-12-13
8086,905575,0-30,3075,PENDING,0.0,2026-01-14
8087,905575,0-30,3075,PENDING,0.0,2026-02-15
8088,905575,0-30,3075,PARTIAL,70945.01,2026-03-19
8089,905575,0-30,3075,PENDING,0.0,2026-04-20
8090,905575,30-60,3075,PENDING,0.0,2026-05-22
8091,905575,60-90,3075,PENDING,0.0,2026-06-23
8092,905575,90+,3075,PENDING,0.0,2026-07-25
8093,905580,0-30,3037,PENDING,0.0,2025-09-19
8094,905580,0-30,3037,PARTIAL,47214.22,2025-10-28
8095,905580,0-30,3037,PENDING,0.0,2025-12-05
8096,905580,0-30,3037,PENDING,0.0,2026-01-13
8097,905580,0-30,3037,PARTIAL,59436.54,2026-02-20
8098,905580,0-30,3037,PENDING,0.0,2026-03-31
8099,905580,30-60,3037,PARTIAL,7285.58,2026-05-08
8100,905580,60-90,3037,PARTIAL,45078.22,2026-06-16
8101,905580,90+,3037,PENDING,0.0,2026-07-25
8102,905583,0-30,3007,PENDING,0.0,2025-08-27
8103,905583,0-30,3007,PENDING,0.0,2025-09-29
8104,905583,0-30,3007,PENDING,0.0,2025-11-01
8105,905583,0-30,3007,PARTIAL,55298.84,2025-12-04
8106,905583,0-30,3007,PENDING,0.0,2026-01-06
8107,905583,0-30,3007,PENDING,0.0,2026-02-09
8108,905583,0-30,3007,PENDING,0.0,2026-03-14
8109,905583,0-30,3007,PARTIAL,34445.73,2026-04-16
8110,905583,30-60,3007,PENDING,0.0,2026-05-19
8111,905583,60-90,3007,PENDING,0.0,2026-06-21
8112,905583,90+,3007,PENDING,0.0,2026-07-25
8113,905590,0-30,3056,PENDING,0.0,2026-06-22
8114,905590,0-30,3056,PENDING,0.0,2026-06-30
8115,905590,0-30,3056,PENDING,0.0,2026-07-08
8116,905590,0-30,3056,PENDING,0.0,2026-07-16
8117,905590,30-60,3056,PENDING,0.0,2026-07-25
8118,905599,0-30,3058,PENDING,0.0,2026-07-06
8119,905599,30-60,3058,PARTIAL,42922.02,2026-07-25
8120,905600,0-30,3019,PARTIAL,22244.6,2026-04-26
8121,905600,0-30,3019,PENDING,0.0,2026-05-14
8122,905600,0-30,3019,PENDING,0.0,2026-06-01
8123,905600,30-60,3019,PARTIAL,19187.19,2026-06-19
8124,905600,60-90,3019,PENDING,0.0,2026-07-07
8125,905600,90+,3019,PARTIAL,49023.13,2026-07-25
8126,905613,0-30,3005,PARTIAL,52440.59,2025-08-20
8127,905613,0-30,3005,PARTIAL,153720.56,2025-09-15
8128,905613,0-30,3005,PENDING,0.0,2025-10-11
8129,905613,0-30,3005,PENDING,0.0,2025-11-06
8130,905613,0-30,3005,PARTIAL,178266.12,2025-12-02
8131,905613,0-30,3005,PARTIAL,165578.22,2025-12-28
8132,905613,0-30,3005,PENDING,0.0,2026-01-23
8133,905613,0-30,3005,PARTIAL,23774.7,2026-02-18
8134,905613,0-30,3005,PENDING,0.0,2026-03-16
8135,905613,0-30,3005,PENDING,0.0,2026-04-11
8136,905613,0-30,3005,PARTIAL,162935.1,2026-05-07
8137,905613,30-60,3005,PENDING,0.0,2026-06-02
8138,905613,60-90,3005,PENDING,0.0,2026-06-28
8139,905613,90+,3005,WRITE_OFF,36675.42,2026-07-25
8140,905620,0-30,3038,PARTIAL,135565.65,2025-10-03
8141,905620,0-30,3038,PENDING,0.0,2025-10-21
8142,905620,0-30,3038,PENDING,0.0,2025-11-09
8143,905620,0-30,3038,PENDING,0.0,2025-11-27
8144,905620,0-30,3038,PENDING,0.0,2025-12-16
8145,905620,0-30,3038,PENDING,0.0,2026-01-03
8146,905620,0-30,3038,PENDING,0.0,2026-01-21
8147,905620,0-30,3038,PARTIAL,263113.7,2026-02-09
8148,905620,0-30,3038,PARTIAL,282146.64,2026-02-27
8149,905620,0-30,3038,PENDING,0.0,2026-03-18
8150,905620,0-30,3038,PENDING,0.0,2026-04-05
8151,905620,0-30,3038,PARTIAL,429349.1,2026-04-23
8152,905620,0-30,3038,PENDING,0.0,2026-05-12
8153,905620,0-30,3038,PENDING,0.0,2026-05-30
8154,905620,30-60,3038,PENDING,0.0,2026-06-18
8155,905620,60-90,3038,PARTIAL,165142.85,2026-07-06
8156,905620,90+,3038,PENDING,0.0,2026-07-25
8157,905623,0-30,3012,PENDING,0.0,2026-07-18
8158,905623,0-30,3012,PENDING,0.0,2026-07-25
8159,905625,30-60,3056,PENDING,0.0,2026-07-25
8160,905626,0-30,3057,PARTIAL,45882.31,2026-07-01
8161,905626,0-30,3057,PENDING,0.0,2026-07-13
8162,905626,30-60,3057,PENDING,0.0,2026-07-25
8163,905630,0-30,3028,PENDING,0.0,2026-07-10
8164,905630,0-30,3028,PARTIAL,2695.01,2026-07-25
8165,905637,0-30,3026,PENDING,0.0,2025-11-08
8166,905637,0-30,3026,PENDING,0.0,2025-12-04
8167,905637,0-30,3026,PENDING,0.0,2025-12-30
8168,905637,0-30,3026,PENDING,0.0,2026-01-25
8169,905637,0-30,3026,PENDING,0.0,2026-02-20
8170,905637,0-30,3026,PENDING,0.0,2026-03-17
8171,905637,0-30,3026,PARTIAL,78651.61,2026-04-12
8172,905637,0-30,3026,PENDING,0.0,2026-05-08
8173,905637,30-60,3026,PENDING,0.0,2026-06-03
8174,905637,60-90,3026,PENDING,0.0,2026-06-29
8175,905637,90+,3026,PENDING,0.0,2026-07-25
8176,905640,0-30,3023,PARTIAL,4392.27,2026-07-10
8177,905640,0-30,3023,PARTIAL,10908.9,2026-07-25
8178,905643,0-30,3070,PENDING,0.0,2026-07-15
8179,905643,0-30,3070,PARTIAL,904.96,2026-07-25
8180,905648,0-30,3077,PENDING,0.0,2026-07-25
8181,905651,30-60,3053,PENDING,0.0,2026-07-25
8182,905653,0-30,3018,PARTIAL,25170.13,2026-06-30
8183,905653,30-60,3018,PENDING,0.0,2026-07-25
8184,905654,0-30,3013,PENDING,0.0,2026-06-16
8185,905654,0-30,3013,PENDING,0.0,2026-06-29
8186,905654,0-30,3013,PENDING,0.0,2026-07-12
8187,905654,30-60,3013,PENDING,0.0,2026-07-25
8188,905663,0-30,3041,PENDING,0.0,2026-07-25
8189,905669,0-30,3031,PENDING,0.0,2025-10-01
8190,905669,0-30,3031,PARTIAL,10190.5,2025-11-03
8191,905669,0-30,3031,PARTIAL,13492.0,2025-12-06
8192,905669,0-30,3031,PENDING,0.0,2026-01-08
8193,905669,0-30,3031,PENDING,0.0,2026-02-10
8194,905669,0-30,3031,PARTIAL,7337.23,2026-03-15
8195,905669,0-30,3031,PENDING,0.0,2026-04-17
8196,905669,30-60,3031,PARTIAL,21358.51,2026-05-20
8197,905669,60-90,3031,PARTIAL,13012.63,2026-06-22
8198,905669,90+,3031,PENDING,0.0,2026-07-25
8199,905675,0-30,3050,PENDING,0.0,2025-11-01
8200,905675,0-30,3050,PARTIAL,356594.77,2025-11-25
8201,905675,0-30,3050,PENDING,0.0,2025-12-19
8202,905675,0-30,3050,PENDING,0.0,2026-01-12
8203,905675,0-30,3050,PENDING,0.0,2026-02-05
8204,905675,0-30,3050,PENDING,0.0,2026-03-02
8205,905675,0-30,3050,PENDING,0.0,2026-03-26
8206,905675,0-30,3050,PARTIAL,238206.34,2026-04-19
8207,905675,0-30,3050,PENDING,0.0,2026-05-13
8208,905675,30-60,3050,PENDING,0.0,2026-06-06
8209,905675,60-90,3050,PENDING,0.0,2026-06-30
8210,905675,90+,3050,PENDING,0.0,2026-07-25
8211,905681,0-30,3016,PENDING,0.0,2026-01-26
8212,905681,0-30,3016,PENDING,0.0,2026-02-21
8213,905681,0-30,3016,PENDING,0.0,2026-03-18
8214,905681,0-30,3016,PENDING,0.0,2026-04-13
8215,905681,0-30,3016,PENDING,0.0,2026-05-09
8216,905681,30-60,3016,PENDING,0.0,2026-06-03
8217,905681,60-90,3016,PENDING,0.0,2026-06-29
8218,905681,90+,3016,WRITE_OFF,15379.6,2026-07-25
8219,905682,0-30,3079,PARTIAL,255.67,2026-03-07
8220,905682,0-30,3079,PENDING,0.0,2026-03-27
8221,905682,0-30,3079,PENDING,0.0,2026-04-16
8222,905682,0-30,3079,PARTIAL,810.17,2026-05-06
8223,905682,0-30,3079,PARTIAL,1616.16,2026-05-26
8224,905682,30-60,3079,PARTIAL,1832.23,2026-06-15
8225,905682,60-90,3079,PARTIAL,699.3,2026-07-05
8226,905682,90+,3079,PENDING,0.0,2026-07-25
8227,905684,30-60,3031,PENDING,0.0,2026-07-25
8228,905686,60-90,3041,PENDING,0.0,2026-05-05
8229,905686,90+,3041,PENDING,0.0,2026-07-25
8230,905687,0-30,3041,PARTIAL,1775.59,2026-05-20
8231,905687,0-30,3041,PARTIAL,3597.67,2026-06-02
8232,905687,0-30,3041,PENDING,0.0,2026-06-15
8233,905687,0-30,3041,PENDING,0.0,2026-06-28
8234,905687,30-60,3041,PENDING,0.0,2026-07-11
8235,905687,60-90,3041,PARTIAL,2292.43,2026-07-25
8236,905690,0-30,3038,PENDING,0.0,2026-06-07
8237,905690,0-30,3038,PENDING,0.0,2026-06-23
8238,905690,30-60,3038,PENDING,0.0,2026-07-09
8239,905690,60-90,3038,PARTIAL,31208.26,2026-07-25
8240,905693,30-60,3016,PARTIAL,23669.21,2026-07-25
8241,905695,30-60,3054,PENDING,0.0,2026-07-25
8242,905699,0-30,3014,PENDING,0.0,2026-07-08
8243,905699,30-60,3014,PENDING,0.0,2026-07-25
8244,905700,0-30,3003,PENDING,0.0,2026-06-05
8245,905700,0-30,3003,PENDING,0.0,2026-06-15
8246,905700,0-30,3003,PENDING,0.0,2026-06-25
8247,905700,0-30,3003,PARTIAL,40742.79,2026-07-05
8248,905700,0-30,3003,PENDING,0.0,2026-07-15
8249,905700,30-60,3003,PENDING,0.0,2026-07-25
8250,905704,0-30,3045,PENDING,0.0,2026-07-25
8251,905707,30-60,3034,PENDING,0.0,2026-06-21
8252,905707,60-90,3034,PENDING,0.0,2026-07-25
8253,905708,60-90,3044,PENDING,0.0,2026-07-25
8254,905713,0-30,3022,PENDING,0.0,2025-09-26
8255,905713,0-30,3022,PARTIAL,38223.45,2025-10-16
8256,905713,0-30,3022,PENDING,0.0,2025-11-05
8257,905713,0-30,3022,PENDING,0.0,2025-11-25
8258,905713,0-30,3022,PENDING,0.0,2025-12-15
8259,905713,0-30,3022,PARTIAL,14595.77,2026-01-04
8260,905713,0-30,3022,PENDING,0.0,2026-01-24
8261,905713,0-30,3022,PENDING,0.0,2026-02-14
8262,905713,0-30,3022,PENDING,0.0,2026-03-06
8263,905713,0-30,3022,PENDING,0.0,2026-03-26
8264,905713,0-30,3022,PENDING,0.0,2026-04-15
8265,905713,0-30,3022,PENDING,0.0,2026-05-05
8266,905713,0-30,3022,PENDING,0.0,2026-05-25
8267,905713,30-60,3022,PENDING,0.0,2026-06-14
8268,905713,60-90,3022,PENDING,0.0,2026-07-04
8269,905713,90+,3022,PENDING,0.0,2026-07-25
8270,905715,0-30,3072,PARTIAL,50443.52,2026-06-18
8271,905715,0-30,3072,PENDING,0.0,2026-07-06
8272,905715,30-60,3072,PENDING,0.0,2026-07-25
8273,905716,0-30,3006,PENDING,0.0,2026-05-19
8274,905716,0-30,3006,PENDING,0.0,2026-06-05
8275,905716,0-30,3006,PENDING,0.0,2026-06-21
8276,905716,30-60,3006,PENDING,0.0,2026-07-08
8277,905716,60-90,3006,PARTIAL,59547.85,2026-07-25
8278,905717,0-30,3055,PENDING,0.0,2026-06-25
8279,905717,0-30,3055,PENDING,0.0,2026-07-10
8280,905717,30-60,3055,PARTIAL,719.71,2026-07-25
8281,905722,30-60,3016,PENDING,0.0,2026-06-21
8282,905722,60-90,3016,PENDING,0.0,2026-07-25
8283,905729,0-30,3031,PARTIAL,204679.44,2025-08-22
8284,905729,0-30,3031,PENDING,0.0,2025-09-19
8285,905729,0-30,3031,PENDING,0.0,2025-10-17
8286,905729,0-30,3031,PENDING,0.0,2025-11-14
8287,905729,0-30,3031,PENDING,0.0,2025-12-12
8288,905729,0-30,3031,PENDING,0.0,2026-01-09
8289,905729,0-30,3031,PENDING,0.0,2026-02-06
8290,905729,0-30,3031,PENDING,0.0,2026-03-06
8291,905729,0-30,3031,PENDING,0.0,2026-04-03
8292,905729,0-30,3031,PENDING,0.0,2026-05-01
8293,905729,30-60,3031,PENDING,0.0,2026-05-29
8294,905729,60-90,3031,PENDING,0.0,2026-06-26
8295,905729,90+,3031,WRITE_OFF,102641.48,2026-07-25
8296,905734,0-30,3053,PENDING,0.0,2025-11-17
8297,905734,0-30,3053,PENDING,0.0,2025-12-29
8298,905734,0-30,3053,PENDING,0.0,2026-02-08
8299,905734,0-30,3053,PENDING,0.0,2026-03-22
8300,905734,30-60,3053,PENDING,0.0,2026-05-02
8301,905734,60-90,3053,PENDING,0.0,2026-06-13
8302,905734,90+,3053,WRITE_OFF,119423.1,2026-07-25
8303,905735,0-30,3066,PENDING,0.0,2025-10-04
8304,905735,0-30,3066,PENDING,0.0,2025-10-31
8305,905735,0-30,3066,PARTIAL,47951.26,2025-11-27
8306,905735,0-30,3066,PENDING,0.0,2025-12-23
8307,905735,0-30,3066,PENDING,0.0,2026-01-19
8308,905735,0-30,3066,PARTIAL,70525.58,2026-02-15
8309,905735,0-30,3066,PENDING,0.0,2026-03-13
8310,905735,0-30,3066,PENDING,0.0,2026-04-09
8311,905735,0-30,3066,PENDING,0.0,2026-05-06
8312,905735,30-60,3066,PARTIAL,222061.83,2026-06-01
8313,905735,60-90,3066,PENDING,0.0,2026-06-28
8314,905735,90+,3066,PARTIAL,223605.57,2026-07-25
8315,905738,30-60,3046,PENDING,0.0,2026-06-20
8316,905738,60-90,3046,PARTIAL,90934.16,2026-07-25
8317,905748,0-30,3002,PENDING,0.0,2026-06-30
8318,905748,30-60,3002,PENDING,0.0,2026-07-25
8319,905756,60-90,3006,PENDING,0.0,2026-05-21
8320,905756,90+,3006,PENDING,0.0,2026-07-25
8321,905759,0-30,3044,PARTIAL,24145.0,2026-07-25
8322,905767,0-30,3061,PENDING,0.0,2026-02-16
8323,905767,0-30,3061,PARTIAL,46672.86,2026-03-02
8324,905767,0-30,3061,PARTIAL,10126.04,2026-03-17
8325,905767,0-30,3061,PENDING,0.0,2026-03-31
8326,905767,0-30,3061,PENDING,0.0,2026-04-15
8327,905767,0-30,3061,PENDING,0.0,2026-04-29
8328,905767,0-30,3061,PARTIAL,31831.92,2026-05-13
8329,905767,0-30,3061,PARTIAL,85267.48,2026-05-28
8330,905767,0-30,3061,PARTIAL,54606.59,2026-06-11
8331,905767,30-60,3061,PENDING,0.0,2026-06-26
8332,905767,60-90,3061,PENDING,0.0,2026-07-10
8333,905767,90+,3061,PARTIAL,88394.24,2026-07-25
8334,905769,30-60,3049,PENDING,0.0,2026-07-25
8335,905771,0-30,3051,PARTIAL,45353.93,2026-04-02
8336,905771,0-30,3051,PARTIAL,33954.02,2026-04-21
8337,905771,0-30,3051,PENDING,0.0,2026-05-10
8338,905771,0-30,3051,PENDING,0.0,2026-05-29
8339,905771,30-60,3051,PARTIAL,42970.93,2026-06-17
8340,905771,60-90,3051,PENDING,0.0,2026-07-06
8341,905771,90+,3051,PARTIAL,123292.41,2026-07-25
8342,905775,30-60,3070,PENDING,0.0,2026-06-19
8343,905775,60-90,3070,PARTIAL,83747.08,2026-07-25
8344,905779,0-30,3074,PARTIAL,69935.34,2025-08-22
8345,905779,0-30,3074,PENDING,0.0,2025-09-19
8346,905779,0-30,3074,PENDING,0.0,2025-10-17
8347,905779,0-30,3074,PENDING,0.0,2025-11-14
8348,905779,0-30,3074,PENDING,0.0,2025-12-12
8349,905779,0-30,3074,PARTIAL,29329.26,2026-01-09
8350,905779,0-30,3074,PARTIAL,75621.23,2026-02-06
8351,905779,0-30,3074,PENDING,0.0,2026-03-06
8352,905779,0-30,3074,PENDING,0.0,2026-04-03
8353,905779,0-30,3074,PENDING,0.0,2026-05-01
8354,905779,30-60,3074,PENDING,0.0,2026-05-29
8355,905779,60-90,3074,PENDING,0.0,2026-06-26
8356,905779,90+,3074,PENDING,0.0,2026-07-25
8357,905780,30-60,3059,PARTIAL,2423.68,2026-07-25
8358,905782,0-30,3043,PENDING,0.0,2026-07-25
8359,905785,0-30,3037,PENDING,0.0,2026-07-04
8360,905785,30-60,3037,PARTIAL,1296.34,2026-07-25
8361,905794,0-30,3065,PENDING,0.0,2026-07-03
8362,905794,30-60,3065,PARTIAL,1407.45,2026-07-25
8363,905795,30-60,3029,PENDING,0.0,2026-07-25
8364,905796,30-60,3077,PARTIAL,30920.72,2026-06-21
8365,905796,60-90,3077,WRITE_OFF,9060.62,2026-07-25
8366,905799,0-30,3033,PENDING,0.0,2026-07-25
8367,905802,0-30,3071,PENDING,0.0,2025-11-25
8368,905802,0-30,3071,PENDING,0.0,2025-12-15
8369,905802,0-30,3071,PENDING,0.0,2026-01-04
8370,905802,0-30,3071,PARTIAL,121871.06,2026-01-24
8371,905802,0-30,3071,PENDING,0.0,2026-02-13
8372,905802,0-30,3071,PENDING,0.0,2026-03-05
8373,905802,0-30,3071,PENDING,0.0,2026-03-26
8374,905802,0-30,3071,PENDING,0.0,2026-04-15
8375,905802,0-30,3071,PENDING,0.0,2026-05-05
8376,905802,0-30,3071,PENDING,0.0,2026-05-25
8377,905802,30-60,3071,PENDING,0.0,2026-06-14
8378,905802,60-90,3071,PENDING,0.0,2026-07-04
8379,905802,90+,3071,PARTIAL,166683.11,2026-07-25
8380,905804,0-30,3073,PENDING,0.0,2026-06-16
8381,905804,0-30,3073,PENDING,0.0,2026-06-22
8382,905804,0-30,3073,PARTIAL,29414.6,2026-06-29
8383,905804,0-30,3073,PARTIAL,20540.26,2026-07-05
8384,905804,0-30,3073,PENDING,0.0,2026-07-12
8385,905804,0-30,3073,PENDING,0.0,2026-07-18
8386,905804,30-60,3073,PENDING,0.0,2026-07-25
8387,905805,30-60,3039,PARTIAL,71107.33,2026-07-25
8388,905806,0-30,3033,PENDING,0.0,2026-07-03
8389,905806,0-30,3033,PENDING,0.0,2026-07-14
8390,905806,30-60,3033,PARTIAL,81599.9,2026-07-25
8391,905809,0-30,3044,PARTIAL,12238.07,2026-03-04
8392,905809,0-30,3044,PENDING,0.0,2026-03-24
8393,905809,0-30,3044,PENDING,0.0,2026-04-14
8394,905809,0-30,3044,PENDING,0.0,2026-05-04
8395,905809,0-30,3044,PARTIAL,34848.49,2026-05-24
8396,905809,30-60,3044,PARTIAL,34501.92,2026-06-14
8397,905809,60-90,3044,PARTIAL,36503.81,2026-07-04
8398,905809,90+,3044,PENDING,0.0,2026-07-25
8399,905813,30-60,3074,PENDING,0.0,2026-07-25
8400,905816,0-30,3078,PARTIAL,26882.4,2026-07-25
8401,905817,0-30,3075,PENDING,0.0,2026-07-25
8402,905821,0-30,3035,PENDING,0.0,2026-06-30
8403,905821,0-30,3035,PARTIAL,12987.2,2026-07-12
8404,905821,30-60,3035,PENDING,0.0,2026-07-25
8405,905825,30-60,3018,RECOVERED,23151.29,2026-07-25
8406,905827,0-30,3050,PARTIAL,4358.67,2026-07-03
8407,905827,30-60,3050,PENDING,0.0,2026-07-25
8408,905833,0-30,3009,PENDING,0.0,2025-11-09
8409,905833,0-30,3009,PARTIAL,375277.7,2025-12-05
8410,905833,0-30,3009,PENDING,0.0,2025-12-31
8411,905833,0-30,3009,PENDING,0.0,2026-01-25
8412,905833,0-30,3009,PENDING,0.0,2026-02-20
8413,905833,0-30,3009,PENDING,0.0,2026-03-18
8414,905833,0-30,3009,PARTIAL,649874.93,2026-04-13
8415,905833,0-30,3009,PENDING,0.0,2026-05-08
8416,905833,30-60,3009,PENDING,0.0,2026-06-03
8417,905833,60-90,3009,PENDING,0.0,2026-06-29
8418,905833,90+,3009,PENDING,0.0,2026-07-25
8419,905839,0-30,3038,PARTIAL,5817.77,2026-06-15
8420,905839,0-30,3038,PENDING,0.0,2026-07-05
8421,905839,30-60,3038,PARTIAL,3085.48,2026-07-25
8422,905840,0-30,3067,PARTIAL,4318.28,2026-07-02
8423,905840,30-60,3067,PARTIAL,4112.63,2026-07-25
8424,905841,0-30,3027,PARTIAL,19260.08,2026-07-25
8425,905849,0-30,3073,PENDING,0.0,2026-07-07
8426,905849,30-60,3073,PARTIAL,26793.55,2026-07-25
8427,905852,0-30,3018,PENDING,0.0,2026-06-22
8428,905852,0-30,3018,PENDING,0.0,2026-07-08
8429,905852,30-60,3018,PENDING,0.0,2026-07-25
8430,905853,0-30,3039,PENDING,0.0,2025-08-30
8431,905853,0-30,3039,PARTIAL,160859.32,2025-10-06
8432,905853,0-30,3039,PENDING,0.0,2025-11-11
8433,905853,0-30,3039,PENDING,0.0,2025-12-18
8434,905853,0-30,3039,PENDING,0.0,2026-01-23
8435,905853,0-30,3039,PARTIAL,128518.48,2026-03-01
8436,905853,0-30,3039,PARTIAL,328445.64,2026-04-06
8437,905853,30-60,3039,PENDING,0.0,2026-05-13
8438,905853,60-90,3039,PENDING,0.0,2026-06-18
8439,905853,90+,3039,PENDING,0.0,2026-07-25
8440,905854,0-30,3052,PENDING,0.0,2026-02-25
8441,905854,0-30,3052,PARTIAL,31162.61,2026-03-22
8442,905854,0-30,3052,PENDING,0.0,2026-04-16
8443,905854,0-30,3052,PENDING,0.0,2026-05-11
8444,905854,30-60,3052,PENDING,0.0,2026-06-05
8445,905854,60-90,3052,PENDING,0.0,2026-06-30
8446,905854,90+,3052,PARTIAL,23107.81,2026-07-25
8447,905859,0-30,3035,PENDING,0.0,2026-07-06
8448,905859,30-60,3035,PARTIAL,19924.84,2026-07-25
8449,905861,0-30,3075,PENDING,0.0,2026-06-17
8450,905861,0-30,3075,PARTIAL,2113.61,2026-06-30
8451,905861,0-30,3075,PARTIAL,5056.65,2026-07-12
8452,905861,30-60,3075,PARTIAL,5443.57,2026-07-25
8453,905863,0-30,3027,PARTIAL,4721.21,2026-07-25
8454,905869,0-30,3060,PARTIAL,12041.85,2026-07-05
8455,905869,0-30,3060,PENDING,0.0,2026-07-15
8456,905869,0-30,3060,PENDING,0.0,2026-07-25
8457,905872,30-60,3029,PENDING,0.0,2026-07-25
8458,905877,30-60,3058,PARTIAL,33339.72,2026-07-25
8459,905878,0-30,3047,PARTIAL,101140.42,2025-10-01
8460,905878,0-30,3047,PENDING,0.0,2025-10-17
8461,905878,0-30,3047,PARTIAL,118882.62,2025-11-03
8462,905878,0-30,3047,PENDING,0.0,2025-11-19
8463,905878,0-30,3047,PENDING,0.0,2025-12-06
8464,905878,0-30,3047,PENDING,0.0,2025-12-22
8465,905878,0-30,3047,PARTIAL,56010.71,2026-01-08
8466,905878,0-30,3047,PENDING,0.0,2026-01-24
8467,905878,0-30,3047,PENDING,0.0,2026-02-10
8468,905878,0-30,3047,PENDING,0.0,2026-02-26
8469,905878,0-30,3047,PENDING,0.0,2026-03-15
8470,905878,0-30,3047,PENDING,0.0,2026-03-31
8471,905878,0-30,3047,PARTIAL,174418.93,2026-04-17
8472,905878,0-30,3047,PENDING,0.0,2026-05-03
8473,905878,0-30,3047,PENDING,0.0,2026-05-20
8474,905878,0-30,3047,PARTIAL,174944.35,2026-06-05
8475,905878,30-60,3047,PENDING,0.0,2026-06-22
8476,905878,60-90,3047,PENDING,0.0,2026-07-08
8477,905878,90+,3047,PARTIAL,108663.6,2026-07-25
8478,905880,0-30,3004,PENDING,0.0,2026-07-06
8479,905880,30-60,3004,PENDING,0.0,2026-07-25
8480,905890,0-30,3063,PENDING,0.0,2025-08-27
8481,905890,0-30,3063,PENDING,0.0,2025-09-29
8482,905890,0-30,3063,PENDING,0.0,2025-11-01
8483,905890,0-30,3063,PARTIAL,78095.68,2025-12-04
8484,905890,0-30,3063,PENDING,0.0,2026-01-06
8485,905890,0-30,3063,PENDING,0.0,2026-02-09
8486,905890,0-30,3063,PENDING,0.0,2026-03-14
8487,905890,0-30,3063,PARTIAL,41391.27,2026-04-16
8488,905890,30-60,3063,PENDING,0.0,2026-05-19
8489,905890,60-90,3063,PENDING,0.0,2026-06-21
8490,905890,90+,3063,WRITE_OFF,34344.97,2026-07-25
8491,905894,0-30,3025,PENDING,0.0,2026-07-04
8492,905894,30-60,3025,PARTIAL,765.92,2026-07-25
8493,905900,0-30,3074,PENDING,0.0,2026-02-03
8494,905900,0-30,3074,PENDING,0.0,2026-03-18
8495,905900,30-60,3074,PENDING,0.0,2026-04-30
8496,905900,60-90,3074,PARTIAL,48435.35,2026-06-12
8497,905900,90+,3074,PARTIAL,20095.14,2026-07-25
8498,905901,0-30,3011,PENDING,0.0,2026-06-30
8499,905901,0-30,3011,PARTIAL,938.44,2026-07-12
8500,905901,30-60,3011,PENDING,0.0,2026-07-25
8501,905905,0-30,3067,PENDING,0.0,2026-01-28
8502,905905,0-30,3067,PENDING,0.0,2026-02-22
8503,905905,0-30,3067,PENDING,0.0,2026-03-20
8504,905905,0-30,3067,PENDING,0.0,2026-04-14
8505,905905,0-30,3067,PENDING,0.0,2026-05-09
8506,905905,30-60,3067,PENDING,0.0,2026-06-04
8507,905905,60-90,3067,PENDING,0.0,2026-06-29
8508,905905,90+,3067,PENDING,0.0,2026-07-25
8509,905906,30-60,3005,PARTIAL,12919.7,2026-07-25
8510,905914,0-30,3006,PENDING,0.0,2025-09-28
8511,905914,0-30,3006,PENDING,0.0,2025-10-13
8512,905914,0-30,3006,PARTIAL,804164.45,2025-10-28
8513,905914,0-30,3006,PARTIAL,79410.84,2025-11-12
8514,905914,0-30,3006,PENDING,0.0,2025-11-27
8515,905914,0-30,3006,PENDING,0.0,2025-12-12
8516,905914,0-30,3006,PARTIAL,763687.04,2025-12-27
8517,905914,0-30,3006,PENDING,0.0,2026-01-11
8518,905914,0-30,3006,PARTIAL,657081.67,2026-01-26
8519,905914,0-30,3006,PENDING,0.0,2026-02-10
8520,905914,0-30,3006,PARTIAL,480065.05,2026-02-25
8521,905914,0-30,3006,PARTIAL,291350.41,2026-03-12
8522,905914,0-30,3006,PENDING,0.0,2026-03-27
8523,905914,0-30,3006,PENDING,0.0,2026-04-11
8524,905914,0-30,3006,PARTIAL,677266.85,2026-04-26
8525,905914,0-30,3006,PENDING,0.0,2026-05-11
8526,905914,0-30,3006,PENDING,0.0,2026-05-26
8527,905914,0-30,3006,PENDING,0.0,2026-06-10
8528,905914,30-60,3006,PENDING,0.0,2026-06-25
8529,905914,60-90,3006,PENDING,0.0,2026-07-10
8530,905914,90+,3006,PENDING,0.0,2026-07-25
8531,905920,0-30,3071,PENDING,0.0,2026-04-26
8532,905920,0-30,3071,PENDING,0.0,2026-05-11
8533,905920,0-30,3071,PARTIAL,36728.1,2026-05-26
8534,905920,0-30,3071,PARTIAL,64471.95,2026-06-10
8535,905920,30-60,3071,PARTIAL,143744.64,2026-06-25
8536,905920,60-90,3071,PARTIAL,80029.6,2026-07-10
8537,905920,90+,3071,WRITE_OFF,18462.26,2026-07-25
8538,905926,0-30,3019,PENDING,0.0,2026-06-19
8539,905926,0-30,3019,PARTIAL,100612.45,2026-07-07
8540,905926,30-60,3019,PARTIAL,79777.99,2026-07-25
8541,905930,0-30,3019,PARTIAL,711.82,2025-11-27
8542,905930,0-30,3019,PENDING,0.0,2025-12-12
8543,905930,0-30,3019,PARTIAL,6375.78,2025-12-27
8544,905930,0-30,3019,PARTIAL,843.44,2026-01-11
8545,905930,0-30,3019,PARTIAL,2668.74,2026-01-26
8546,905930,0-30,3019,PENDING,0.0,2026-02-10
8547,905930,0-30,3019,PENDING,0.0,2026-02-25
8548,905930,0-30,3019,PENDING,0.0,2026-03-12
8549,905930,0-30,3019,PARTIAL,6586.01,2026-03-27
8550,905930,0-30,3019,PENDING,0.0,2026-04-11
8551,905930,0-30,3019,PARTIAL,2133.87,2026-04-26
8552,905930,0-30,3019,PENDING,0.0,2026-05-11
8553,905930,0-30,3019,PENDING,0.0,2026-05-26
8554,905930,0-30,3019,PENDING,0.0,2026-06-10
8555,905930,30-60,3019,PARTIAL,1131.02,2026-06-25
8556,905930,60-90,3019,PENDING,0.0,2026-07-10
8557,905930,90+,3019,WRITE_OFF,843.3,2026-07-25
8558,905931,0-30,3025,PENDING,0.0,2026-07-01
8559,905931,30-60,3025,PENDING,0.0,2026-07-25
8560,905936,30-60,3024,PENDING,0.0,2026-07-25
8561,905938,0-30,3071,PENDING,0.0,2026-05-18
8562,905938,0-30,3071,PENDING,0.0,2026-06-04
8563,905938,0-30,3071,PENDING,0.0,2026-06-21
8564,905938,30-60,3071,PENDING,0.0,2026-07-08
8565,905938,60-90,3071,PENDING,0.0,2026-07-25
8566,905939,30-60,3071,PENDING,0.0,2026-07-25
8567,905946,0-30,3060,PARTIAL,19330.96,2025-09-28
8568,905946,0-30,3060,PENDING,0.0,2025-10-18
8569,905946,0-30,3060,PARTIAL,21140.34,2025-11-07
8570,905946,0-30,3060,PENDING,0.0,2025-11-27
8571,905946,0-30,3060,PENDING,0.0,2025-12-17
8572,905946,0-30,3060,PENDING,0.0,2026-01-06
8573,905946,0-30,3060,PENDING,0.0,2026-01-26
8574,905946,0-30,3060,PENDING,0.0,2026-02-15
8575,905946,0-30,3060,PARTIAL,17432.65,2026-03-07
8576,905946,0-30,3060,PENDING,0.0,2026-03-27
8577,905946,0-30,3060,PENDING,0.0,2026-04-16
8578,905946,0-30,3060,PARTIAL,19278.23,2026-05-06
8579,905946,0-30,3060,PENDING,0.0,2026-05-26
8580,905946,30-60,3060,PENDING,0.0,2026-06-15
8581,905946,60-90,3060,PARTIAL,23247.35,2026-07-05
8582,905946,90+,3060,WRITE_OFF,9176.34,2026-07-25
8583,905950,0-30,3071,PENDING,0.0,2025-09-20
8584,905950,0-30,3071,PENDING,0.0,2025-10-24
8585,905950,0-30,3071,PENDING,0.0,2025-11-27
8586,905950,0-30,3071,PENDING,0.0,2025-12-31
8587,905950,0-30,3071,PENDING,0.0,2026-02-04
8588,905950,0-30,3071,PENDING,0.0,2026-03-10
8589,905950,0-30,3071,PENDING,0.0,2026-04-13
8590,905950,30-60,3071,PARTIAL,4311.01,2026-05-17
8591,905950,60-90,3071,PENDING,0.0,2026-06-20
8592,905950,90+,3071,PARTIAL,8899.38,2026-07-25
8593,905951,0-30,3071,PARTIAL,6836.71,2026-07-08
8594,905951,30-60,3071,PENDING,0.0,2026-07-25
8595,905952,0-30,3019,PARTIAL,7480.95,2026-01-10
8596,905952,0-30,3019,PENDING,0.0,2026-02-28
8597,905952,30-60,3019,PENDING,0.0,2026-04-18
8598,905952,60-90,3019,PENDING,0.0,2026-06-06
8599,905952,90+,3019,WRITE_OFF,985.69,2026-07-25
8600,905954,0-30,3003,PARTIAL,3741.19,2026-03-24
8601,905954,0-30,3003,PENDING,0.0,2026-04-07
8602,905954,0-30,3003,PENDING,0.0,2026-04-20
8603,905954,0-30,3003,PARTIAL,2592.24,2026-05-04
8604,905954,0-30,3003,PARTIAL,4155.53,2026-05-18
8605,905954,0-30,3003,PENDING,0.0,2026-05-31
8606,905954,0-30,3003,PENDING,0.0,2026-06-14
8607,905954,30-60,3003,PARTIAL,7489.75,2026-06-27
8608,905954,60-90,3003,PENDING,0.0,2026-07-11
8609,905954,90+,3003,PENDING,0.0,2026-07-25
8610,905955,0-30,3071,PENDING,0.0,2025-11-18
8611,905955,0-30,3071,PENDING,0.0,2025-12-03
8612,905955,0-30,3071,PENDING,0.0,2025-12-17
8613,905955,0-30,3071,PARTIAL,8333.89,2026-01-01
8614,905955,0-30,3071,PENDING,0.0,2026-01-16
8615,905955,0-30,3071,PENDING,0.0,2026-01-30
8616,905955,0-30,3071,PARTIAL,34857.45,2026-02-14
8617,905955,0-30,3071,PENDING,0.0,2026-02-28
8618,905955,0-30,3071,PENDING,0.0,2026-03-15
8619,905955,0-30,3071,PARTIAL,48980.3,2026-03-30
8620,905955,0-30,3071,PARTIAL,24564.62,2026-04-13
8621,905955,0-30,3071,PENDING,0.0,2026-04-28
8622,905955,0-30,3071,PENDING,0.0,2026-05-12
8623,905955,0-30,3071,PARTIAL,28126.32,2026-05-27
8624,905955,0-30,3071,PARTIAL,56169.19,2026-06-11
8625,905955,30-60,3071,PARTIAL,63178.97,2026-06-25
8626,905955,60-90,3071,PARTIAL,86139.12,2026-07-10
8627,905955,90+,3071,PARTIAL,39826.75,2026-07-25
8628,905956,0-30,3012,PENDING,0.0,2026-07-14
8629,905956,0-30,3012,PENDING,0.0,2026-07-25
8630,905958,0-30,3032,PENDING,0.0,2026-06-22
8631,905958,0-30,3032,PENDING,0.0,2026-06-30
8632,905958,0-30,3032,PENDING,0.0,2026-07-08
8633,905958,0-30,3032,PENDING,0.0,2026-07-16
8634,905958,30-60,3032,PARTIAL,17680.38,2026-07-25
8635,905959,0-30,3050,PENDING,0.0,2026-07-12
8636,905959,0-30,3050,PENDING,0.0,2026-07-25
8637,905964,0-30,3029,PENDING,0.0,2026-02-03
8638,905964,0-30,3029,PARTIAL,6990.98,2026-03-18
8639,905964,30-60,3029,PENDING,0.0,2026-04-30
8640,905964,60-90,3029,PENDING,0.0,2026-06-12
8641,905964,90+,3029,PARTIAL,14057.79,2026-07-25
8642,905970,0-30,3077,PENDING,0.0,2026-07-04
8643,905970,30-60,3077,PENDING,0.0,2026-07-25
8644,905973,0-30,3060,PENDING,0.0,2026-03-20
8645,905973,0-30,3060,PENDING,0.0,2026-04-07
8646,905973,0-30,3060,PENDING,0.0,2026-04-25
8647,905973,0-30,3060,PENDING,0.0,2026-05-13
8648,905973,0-30,3060,PENDING,0.0,2026-05-31
8649,905973,30-60,3060,PENDING,0.0,2026-06-18
8650,905973,60-90,3060,PENDING,0.0,2026-07-06
8651,905973,90+,3060,PENDING,0.0,2026-07-25
8652,905976,0-30,3038,PENDING,0.0,2025-11-27
8653,905976,0-30,3038,PENDING,0.0,2025-12-19
8654,905976,0-30,3038,PENDING,0.0,2026-01-10
8655,905976,0-30,3038,PENDING,0.0,2026-02-01
8656,905976,0-30,3038,PARTIAL,137457.86,2026-02-22
8657,905976,0-30,3038,PARTIAL,134260.37,2026-03-16
8658,905976,0-30,3038,PENDING,0.0,2026-04-07
8659,905976,0-30,3038,PARTIAL,63234.07,2026-04-29
8660,905976,0-30,3038,PARTIAL,117876.08,2026-05-20
8661,905976,30-60,3038,PENDING,0.0,2026-06-11
8662,905976,60-90,3038,PENDING,0.0,2026-07-03
8663,905976,90+,3038,PENDING,0.0,2026-07-25
8664,905977,30-60,3068,PENDING,0.0,2026-07-25
8665,905984,0-30,3053,PARTIAL,16386.05,2026-05-10
8666,905984,0-30,3053,PENDING,0.0,2026-05-29
8667,905984,30-60,3053,PENDING,0.0,2026-06-17
8668,905984,60-90,3053,PENDING,0.0,2026-07-06
8669,905984,90+,3053,PARTIAL,26931.83,2026-07-25
8670,905988,0-30,3023,PARTIAL,11355.28,2026-07-10
8671,905988,0-30,3023,PENDING,0.0,2026-07-25
8672,905990,30-60,3063,PENDING,0.0,2026-07-25
8673,905994,0-30,3031,PARTIAL,30109.12,2026-01-28
8674,905994,0-30,3031,PENDING,0.0,2026-02-09
8675,905994,0-30,3031,PENDING,0.0,2026-02-21
8676,905994,0-30,3031,PENDING,0.0,2026-03-05
8677,905994,0-30,3031,PENDING,0.0,2026-03-17
8678,905994,0-30,3031,PARTIAL,32268.39,2026-03-28
8679,905994,0-30,3031,PENDING,0.0,2026-04-09
8680,905994,0-30,3031,PARTIAL,28633.43,2026-04-21
8681,905994,0-30,3031,PENDING,0.0,2026-05-03
8682,905994,0-30,3031,PENDING,0.0,2026-05-15
8683,905994,0-30,3031,PARTIAL,23000.99,2026-05-26
8684,905994,0-30,3031,PARTIAL,33574.35,2026-06-07
8685,905994,0-30,3031,PARTIAL,9057.94,2026-06-19
8686,905994,30-60,3031,PENDING,0.0,2026-07-01
8687,905994,60-90,3031,PENDING,0.0,2026-07-13
8688,905994,90+,3031,PENDING,0.0,2026-07-25
8689,905997,0-30,3018,PENDING,0.0,2026-04-25
8690,905997,30-60,3018,PARTIAL,1259.09,2026-05-25
8691,905997,60-90,3018,PARTIAL,2609.12,2026-06-24
8692,905997,90+,3018,WRITE_OFF,1054.7,2026-07-25
8693,905998,60-90,3042,PENDING,0.0,2026-07-25
8694,905999,0-30,3054,PENDING,0.0,2026-04-16
8695,905999,30-60,3054,PENDING,0.0,2026-05-19
8696,905999,60-90,3054,PENDING,0.0,2026-06-21
8697,905999,90+,3054,PENDING,0.0,2026-07-25
8698,906000,0-30,3014,PARTIAL,102791.42,2026-06-10
8699,906000,0-30,3014,PENDING,0.0,2026-06-25
8700,906000,0-30,3014,PARTIAL,27551.53,2026-07-10
8701,906000,30-60,3014,PENDING,0.0,2026-07-25
8702,906001,0-30,3011,PARTIAL,23208.67,2026-07-09
8703,906001,30-60,3011,PARTIAL,11686.43,2026-07-25
8704,906005,0-30,3070,PENDING,0.0,2025-12-13
8705,906005,0-30,3070,PENDING,0.0,2026-01-02
8706,906005,0-30,3070,PENDING,0.0,2026-01-23
8707,906005,0-30,3070,PARTIAL,5627.87,2026-02-12
8708,906005,0-30,3070,PENDING,0.0,2026-03-04
8709,906005,0-30,3070,PENDING,0.0,2026-03-25
8710,906005,0-30,3070,PENDING,0.0,2026-04-14
8711,906005,0-30,3070,PENDING,0.0,2026-05-04
8712,906005,0-30,3070,PENDING,0.0,2026-05-25
8713,906005,30-60,3070,PARTIAL,28408.23,2026-06-14
8714,906005,60-90,3070,PENDING,0.0,2026-07-04
8715,906005,90+,3070,PARTIAL,6979.01,2026-07-25
8716,906007,0-30,3008,PENDING,0.0,2025-12-29
8717,906007,0-30,3008,PENDING,0.0,2026-01-11
8718,906007,0-30,3008,PARTIAL,24151.77,2026-01-24
8719,906007,0-30,3008,PENDING,0.0,2026-02-06
8720,906007,0-30,3008,PENDING,0.0,2026-02-19
8721,906007,0-30,3008,PENDING,0.0,2026-03-04
8722,906007,0-30,3008,PENDING,0.0,2026-03-17
8723,906007,0-30,3008,PENDING,0.0,2026-03-30
8724,906007,0-30,3008,PARTIAL,41675.97,2026-04-12
8725,906007,0-30,3008,PENDING,0.0,2026-04-25
8726,906007,0-30,3008,PENDING,0.0,2026-05-08
8727,906007,0-30,3008,PENDING,0.0,2026-05-21
8728,906007,0-30,3008,PARTIAL,10536.92,2026-06-03
8729,906007,0-30,3008,PARTIAL,15854.92,2026-06-16
8730,906007,30-60,3008,PENDING,0.0,2026-06-29
8731,906007,60-90,3008,PENDING,0.0,2026-07-12
8732,906007,90+,3008,PENDING,0.0,2026-07-25
8733,906009,0-30,3027,PARTIAL,1747.15,2026-07-25
8734,906012,30-60,3046,PENDING,0.0,2026-03-01
8735,906012,60-90,3046,PENDING,0.0,2026-05-13
8736,906012,90+,3046,PARTIAL,3156.16,2026-07-25
8737,906015,0-30,3021,PENDING,0.0,2026-07-05
8738,906015,30-60,3021,PENDING,0.0,2026-07-25
8739,906016,0-30,3078,PARTIAL,13163.98,2026-07-06
8740,906016,30-60,3078,RECOVERED,32999.17,2026-07-25
8741,906024,0-30,3067,PENDING,0.0,2026-06-28
8742,906024,30-60,3067,PENDING,0.0,2026-07-25
8743,906027,0-30,3037,PENDING,0.0,2026-06-26
8744,906027,0-30,3037,PENDING,0.0,2026-07-10
8745,906027,30-60,3037,PARTIAL,33204.18,2026-07-25
8746,906028,0-30,3030,PENDING,0.0,2025-11-26
8747,906028,0-30,3030,PARTIAL,30636.84,2025-12-15
8748,906028,0-30,3030,PARTIAL,27184.1,2026-01-02
8749,906028,0-30,3030,PARTIAL,43136.25,2026-01-21
8750,906028,0-30,3030,PARTIAL,4247.53,2026-02-08
8751,906028,0-30,3030,PARTIAL,16887.62,2026-02-27
8752,906028,0-30,3030,PENDING,0.0,2026-03-17
8753,906028,0-30,3030,PENDING,0.0,2026-04-05
8754,906028,0-30,3030,PENDING,0.0,2026-04-23
8755,906028,0-30,3030,PENDING,0.0,2026-05-12
8756,906028,0-30,3030,PENDING,0.0,2026-05-30
8757,906028,30-60,3030,PARTIAL,7765.81,2026-06-18
8758,906028,60-90,3030,PENDING,0.0,2026-07-06
8759,906028,90+,3030,WRITE_OFF,11861.43,2026-07-25
8760,906041,0-30,3020,PARTIAL,51126.55,2025-12-11
8761,906041,0-30,3020,PENDING,0.0,2026-01-01
8762,906041,0-30,3020,PENDING,0.0,2026-01-21
8763,906041,0-30,3020,PARTIAL,45447.65,2026-02-11
8764,906041,0-30,3020,PENDING,0.0,2026-03-03
8765,906041,0-30,3020,PENDING,0.0,2026-03-24
8766,906041,0-30,3020,PENDING,0.0,2026-04-13
8767,906041,0-30,3020,PARTIAL,71435.61,2026-05-04
8768,906041,0-30,3020,PENDING,0.0,2026-05-24
8769,906041,30-60,3020,PARTIAL,158046.81,2026-06-14
8770,906041,60-90,3020,PENDING,0.0,2026-07-04
8771,906041,90+,3020,PENDING,0.0,2026-07-25
8772,906044,30-60,3021,PENDING,0.0,2026-07-25
8773,906054,0-30,3078,PARTIAL,127151.09,2026-01-22
8774,906054,0-30,3078,PENDING,0.0,2026-02-28
8775,906054,0-30,3078,PENDING,0.0,2026-04-06
8776,906054,30-60,3078,PARTIAL,309518.43,2026-05-12
8777,906054,60-90,3078,PENDING,0.0,2026-06-18
8778,906054,90+,3078,WRITE_OFF,95012.96,2026-07-25
8779,906062,0-30,3033,PARTIAL,806.11,2026-06-29
8780,906062,0-30,3033,PENDING,0.0,2026-07-12
8781,906062,30-60,3033,PENDING,0.0,2026-07-25
8782,906065,30-60,3001,PENDING,0.0,2026-07-25
8783,906067,0-30,3036,PENDING,0.0,2026-07-25
8784,906070,0-30,3051,PARTIAL,3516.33,2026-06-14
8785,906070,30-60,3051,PENDING,0.0,2026-07-04
8786,906070,60-90,3051,PARTIAL,28437.22,2026-07-25
8787,906074,0-30,3007,PENDING,0.0,2025-08-16
8788,906074,0-30,3007,PENDING,0.0,2025-09-08
8789,906074,0-30,3007,PENDING,0.0,2025-10-01
8790,906074,0-30,3007,PENDING,0.0,2025-10-24
8791,906074,0-30,3007,PENDING,0.0,2025-11-16
8792,906074,0-30,3007,PENDING,0.0,2025-12-08
8793,906074,0-30,3007,PARTIAL,26026.64,2025-12-31
8794,906074,0-30,3007,PENDING,0.0,2026-01-23
8795,906074,0-30,3007,PENDING,0.0,2026-02-15
8796,906074,0-30,3007,PARTIAL,23561.66,2026-03-10
8797,906074,0-30,3007,PENDING,0.0,2026-04-01
8798,906074,0-30,3007,PENDING,0.0,2026-04-24
8799,906074,0-30,3007,PARTIAL,28426.52,2026-05-17
8800,906074,30-60,3007,PARTIAL,14532.31,2026-06-09
8801,906074,60-90,3007,PENDING,0.0,2026-07-02
8802,906074,90+,3007,PENDING,0.0,2026-07-25
8803,906075,0-30,3018,PARTIAL,2315.69,2025-09-20
8804,906075,0-30,3018,PARTIAL,4596.05,2025-10-16
8805,906075,0-30,3018,PENDING,0.0,2025-11-10
8806,906075,0-30,3018,PARTIAL,3208.18,2025-12-06
8807,906075,0-30,3018,PENDING,0.0,2026-01-01
8808,906075,0-30,3018,PENDING,0.0,2026-01-26
8809,906075,0-30,3018,PARTIAL,4994.44,2026-02-21
8810,906075,0-30,3018,PENDING,0.0,2026-03-18
8811,906075,0-30,3018,PENDING,0.0,2026-04-13
8812,906075,0-30,3018,PENDING,0.0,2026-05-09
8813,906075,30-60,3018,PENDING,0.0,2026-06-03
8814,906075,60-90,3018,PENDING,0.0,2026-06-29
8815,906075,90+,3018,PENDING,0.0,2026-07-25
8816,906076,0-30,3057,PARTIAL,2067.37,2026-07-04
8817,906076,30-60,3057,PENDING,0.0,2026-07-25
8818,906079,30-60,3009,RECOVERED,36460.44,2026-07-25
8819,906082,0-30,3050,PENDING,0.0,2025-10-12
8820,906082,0-30,3050,PARTIAL,59894.98,2025-11-07
8821,906082,0-30,3050,PARTIAL,43126.06,2025-12-03
8822,906082,0-30,3050,PENDING,0.0,2025-12-29
8823,906082,0-30,3050,PENDING,0.0,2026-01-24
8824,906082,0-30,3050,PENDING,0.0,2026-02-19
8825,906082,0-30,3050,PENDING,0.0,2026-03-17
8826,906082,0-30,3050,PARTIAL,60164.72,2026-04-12
8827,906082,0-30,3050,PARTIAL,16591.2,2026-05-08
8828,906082,30-60,3050,PENDING,0.0,2026-06-03
8829,906082,60-90,3050,PENDING,0.0,2026-06-29
8830,906082,90+,3050,PARTIAL,9266.16,2026-07-25
8831,906085,0-30,3030,PENDING,0.0,2026-07-08
8832,906085,30-60,3030,PENDING,0.0,2026-07-25
8833,906089,0-30,3009,PENDING,0.0,2025-12-26
8834,906089,0-30,3009,PENDING,0.0,2026-01-18
8835,906089,0-30,3009,PARTIAL,91419.81,2026-02-11
8836,906089,0-30,3009,PARTIAL,36673.06,2026-03-06
8837,906089,0-30,3009,PARTIAL,47934.5,2026-03-30
8838,906089,0-30,3009,PENDING,0.0,2026-04-22
8839,906089,0-30,3009,PENDING,0.0,2026-05-15
8840,906089,30-60,3009,PENDING,0.0,2026-06-08
8841,906089,60-90,3009,PENDING,0.0,2026-07-01
8842,906089,90+,3009,WRITE_OFF,21748.17,2026-07-25
8843,906092,0-30,3021,PENDING,0.0,2026-07-05
8844,906092,30-60,3021,RECOVERED,29419.03,2026-07-25
8845,906095,0-30,3006,PENDING,0.0,2026-06-19
8846,906095,0-30,3006,PARTIAL,7180.64,2026-07-07
8847,906095,30-60,3006,PENDING,0.0,2026-07-25
8848,906100,30-60,3067,PENDING,0.0,2026-07-25
8849,906102,0-30,3010,PARTIAL,5271.8,2025-08-27
8850,906102,0-30,3010,PARTIAL,25456.24,2025-09-29
8851,906102,0-30,3010,PARTIAL,23611.53,2025-11-01
8852,906102,0-30,3010,PENDING,0.0,2025-12-04
8853,906102,0-30,3010,PENDING,0.0,2026-01-06
8854,906102,0-30,3010,PENDING,0.0,2026-02-09
8855,906102,0-30,3010,PENDING,0.0,2026-03-14
8856,906102,0-30,3010,PENDING,0.0,2026-04-16
8857,906102,30-60,3010,PARTIAL,5361.24,2026-05-19
8858,906102,60-90,3010,PARTIAL,25262.84,2026-06-21
8859,906102,90+,3010,WRITE_OFF,1858.6,2026-07-25
8860,906103,0-30,3011,PENDING,0.0,2026-06-07
8861,906103,30-60,3011,PENDING,0.0,2026-07-01
8862,906103,60-90,3011,PENDING,0.0,2026-07-25
8863,906109,60-90,3062,PENDING,0.0,2026-07-25
8864,906110,0-30,3072,PENDING,0.0,2026-07-04
8865,906110,30-60,3072,PENDING,0.0,2026-07-25
8866,906117,0-30,3046,PARTIAL,11621.14,2026-07-03
8867,906117,30-60,3046,RECOVERED,22216.85,2026-07-25
8868,906118,0-30,3041,PENDING,0.0,2026-03-12
8869,906118,0-30,3041,PENDING,0.0,2026-03-31
8870,906118,0-30,3041,PARTIAL,21449.83,2026-04-19
8871,906118,0-30,3041,PENDING,0.0,2026-05-09
8872,906118,0-30,3041,PARTIAL,9411.09,2026-05-28
8873,906118,30-60,3041,PENDING,0.0,2026-06-16
8874,906118,60-90,3041,PENDING,0.0,2026-07-05
8875,906118,90+,3041,WRITE_OFF,9219.72,2026-07-25
8876,906120,0-30,3051,PARTIAL,4572.75,2025-10-10
8877,906120,0-30,3051,PARTIAL,6123.41,2025-11-11
8878,906120,0-30,3051,PENDING,0.0,2025-12-13
8879,906120,0-30,3051,PENDING,0.0,2026-01-14
8880,906120,0-30,3051,PARTIAL,1937.71,2026-02-15
8881,906120,0-30,3051,PENDING,0.0,2026-03-19
8882,906120,0-30,3051,PENDING,0.0,2026-04-20
8883,906120,30-60,3051,PENDING,0.0,2026-05-22
8884,906120,60-90,3051,PENDING,0.0,2026-06-23
8885,906120,90+,3051,WRITE_OFF,1509.48,2026-07-25
8886,906122,0-30,3032,PARTIAL,11979.02,2026-07-11
8887,906122,0-30,3032,PARTIAL,17020.31,2026-07-25
8888,906129,0-30,3040,PENDING,0.0,2025-09-15
8889,906129,0-30,3040,PENDING,0.0,2025-10-16
8890,906129,0-30,3040,PENDING,0.0,2025-11-16
8891,906129,0-30,3040,PARTIAL,113976.18,2025-12-18
8892,906129,0-30,3040,PARTIAL,146492.53,2026-01-18
8893,906129,0-30,3040,PENDING,0.0,2026-02-18
8894,906129,0-30,3040,PENDING,0.0,2026-03-21
8895,906129,0-30,3040,PENDING,0.0,2026-04-22
8896,906129,30-60,3040,PARTIAL,26566.11,2026-05-23
8897,906129,60-90,3040,PARTIAL,57572.5,2026-06-23
8898,906129,90+,3040,PENDING,0.0,2026-07-25
8899,906131,0-30,3041,PENDING,0.0,2026-07-25
8900,906136,0-30,3059,PENDING,0.0,2026-06-23
8901,906136,0-30,3059,PENDING,0.0,2026-07-09
8902,906136,30-60,3059,PARTIAL,16816.15,2026-07-25
8903,906141,0-30,3062,PARTIAL,1523.89,2026-06-25
8904,906141,0-30,3062,PENDING,0.0,2026-07-05
8905,906141,0-30,3062,PARTIAL,2126.39,2026-07-15
8906,906141,30-60,3062,RECOVERED,4244.68,2026-07-25
8907,906142,0-30,3021,PENDING,0.0,2025-11-22
8908,906142,0-30,3021,PENDING,0.0,2025-12-08
8909,906142,0-30,3021,PENDING,0.0,2025-12-24
8910,906142,0-30,3021,PARTIAL,8745.01,2026-01-10
8911,906142,0-30,3021,PARTIAL,9107.63,2026-01-26
8912,906142,0-30,3021,PARTIAL,2482.76,2026-02-11
8913,906142,0-30,3021,PARTIAL,2317.39,2026-02-28
8914,906142,0-30,3021,PENDING,0.0,2026-03-16
8915,906142,0-30,3021,PENDING,0.0,2026-04-01
8916,906142,0-30,3021,PARTIAL,5834.38,2026-04-18
8917,906142,0-30,3021,PENDING,0.0,2026-05-04
8918,906142,0-30,3021,PENDING,0.0,2026-05-20
8919,906142,0-30,3021,PENDING,0.0,2026-06-06
8920,906142,30-60,3021,PENDING,0.0,2026-06-22
8921,906142,60-90,3021,PENDING,0.0,2026-07-08
8922,906142,90+,3021,PARTIAL,7043.25,2026-07-25
8923,906143,0-30,3059,PENDING,0.0,2025-11-16
8924,906143,0-30,3059,PARTIAL,166914.78,2025-12-07
8925,906143,0-30,3059,PARTIAL,161626.46,2025-12-28
8926,906143,0-30,3059,PENDING,0.0,2026-01-18
8927,906143,0-30,3059,PENDING,0.0,2026-02-08
8928,906143,0-30,3059,PENDING,0.0,2026-03-01
8929,906143,0-30,3059,PENDING,0.0,2026-03-21
8930,906143,0-30,3059,PARTIAL,166373.99,2026-04-11
8931,906143,0-30,3059,PARTIAL,127613.33,2026-05-02
8932,906143,0-30,3059,PENDING,0.0,2026-05-23
8933,906143,30-60,3059,PARTIAL,160134.56,2026-06-13
8934,906143,60-90,3059,PENDING,0.0,2026-07-04
8935,906143,90+,3059,WRITE_OFF,27859.72,2026-07-25
8936,906152,0-30,3046,PENDING,0.0,2026-07-25
8937,906153,0-30,3054,PARTIAL,4659.27,2026-07-12
8938,906153,0-30,3054,PENDING,0.0,2026-07-25
8939,906162,0-30,3078,PENDING,0.0,2026-07-25
8940,906163,0-30,3068,PENDING,0.0,2026-02-21
8941,906163,0-30,3068,PENDING,0.0,2026-03-15
8942,906163,0-30,3068,PENDING,0.0,2026-04-06
8943,906163,0-30,3068,PARTIAL,287812.08,2026-04-28
8944,906163,0-30,3068,PARTIAL,131051.9,2026-05-20
8945,906163,30-60,3068,PENDING,0.0,2026-06-11
8946,906163,60-90,3068,PENDING,0.0,2026-07-03
8947,906163,90+,3068,PENDING,0.0,2026-07-25
8948,906164,0-30,3007,PENDING,0.0,2026-06-28
8949,906164,0-30,3007,PENDING,0.0,2026-07-07
8950,906164,0-30,3007,PENDING,0.0,2026-07-16
8951,906164,30-60,3007,PENDING,0.0,2026-07-25
8952,906165,30-60,3033,PARTIAL,5301.6,2026-07-25
8953,906174,30-60,3031,PENDING,0.0,2026-06-13
8954,906174,60-90,3031,WRITE_OFF,2977.09,2026-07-25
8955,906176,0-30,3022,PENDING,0.0,2026-04-20
8956,906176,30-60,3022,PENDING,0.0,2026-05-22
8957,906176,60-90,3022,PENDING,0.0,2026-06-23
8958,906176,90+,3022,PARTIAL,19099.13,2026-07-25
8959,906178,0-30,3072,PARTIAL,6798.71,2025-10-01
8960,906178,0-30,3072,PENDING,0.0,2025-10-17
8961,906178,0-30,3072,PENDING,0.0,2025-11-01
8962,906178,0-30,3072,PENDING,0.0,2025-11-17
8963,906178,0-30,3072,PENDING,0.0,2025-12-03
8964,906178,0-30,3072,PENDING,0.0,2025-12-18
8965,906178,0-30,3072,PENDING,0.0,2026-01-03
8966,906178,0-30,3072,PARTIAL,5745.27,2026-01-18
8967,906178,0-30,3072,PENDING,0.0,2026-02-03
8968,906178,0-30,3072,PENDING,0.0,2026-02-19
8969,906178,0-30,3072,PENDING,0.0,2026-03-06
8970,906178,0-30,3072,PARTIAL,13653.07,2026-03-22
8971,906178,0-30,3072,PENDING,0.0,2026-04-06
8972,906178,0-30,3072,PENDING,0.0,2026-04-22
8973,906178,0-30,3072,PENDING,0.0,2026-05-08
8974,906178,0-30,3072,PARTIAL,6777.1,2026-05-23
8975,906178,0-30,3072,PENDING,0.0,2026-06-08
8976,906178,30-60,3072,PENDING,0.0,2026-06-23
8977,906178,60-90,3072,PENDING,0.0,2026-07-09
8978,906178,90+,3072,WRITE_OFF,5610.29,2026-07-25
8979,906186,0-30,3048,PARTIAL,11612.63,2026-03-26
8980,906186,0-30,3048,PENDING,0.0,2026-04-19
8981,906186,0-30,3048,PARTIAL,25203.67,2026-05-13
8982,906186,30-60,3048,PENDING,0.0,2026-06-06
8983,906186,60-90,3048,PENDING,0.0,2026-06-30
8984,906186,90+,3048,PARTIAL,25283.35,2026-07-25
8985,906191,0-30,3016,PENDING,0.0,2026-03-02
8986,906191,0-30,3016,PENDING,0.0,2026-04-07
8987,906191,30-60,3016,PENDING,0.0,2026-05-13
8988,906191,60-90,3016,PENDING,0.0,2026-06-18
8989,906191,90+,3016,PENDING,0.0,2026-07-25
8990,906197,0-30,3053,PENDING,0.0,2025-09-05
8991,906197,0-30,3053,PENDING,0.0,2025-10-07
8992,906197,0-30,3053,PENDING,0.0,2025-11-08
8993,906197,0-30,3053,PARTIAL,108834.26,2025-12-11
8994,906197,0-30,3053,PENDING,0.0,2026-01-12
8995,906197,0-30,3053,PENDING,0.0,2026-02-13
8996,906197,0-30,3053,PENDING,0.0,2026-03-17
8997,906197,0-30,3053,PENDING,0.0,2026-04-19
8998,906197,30-60,3053,PENDING,0.0,2026-05-21
8999,906197,60-90,3053,PENDING,0.0,2026-06-22
9000,906197,90+,3053,PENDING,0.0,2026-07-25
9001,906199,0-30,3063,PENDING,0.0,2026-04-07
9002,906199,0-30,3063,PENDING,0.0,2026-04-19
9003,906199,0-30,3063,PARTIAL,362863.74,2026-05-01
9004,906199,0-30,3063,PENDING,0.0,2026-05-13
9005,906199,0-30,3063,PENDING,0.0,2026-05-25
9006,906199,0-30,3063,PARTIAL,125113.73,2026-06-06
9007,906199,0-30,3063,PARTIAL,306510.2,2026-06-18
9008,906199,30-60,3063,PENDING,0.0,2026-06-30
9009,906199,60-90,3063,PENDING,0.0,2026-07-12
9010,906199,90+,3063,WRITE_OFF,46956.45,2026-07-25
9011,906201,0-30,3016,PARTIAL,7069.87,2026-01-14
9012,906201,0-30,3016,PENDING,0.0,2026-02-15
9013,906201,0-30,3016,PENDING,0.0,2026-03-19
9014,906201,0-30,3016,PENDING,0.0,2026-04-20
9015,906201,30-60,3016,PENDING,0.0,2026-05-22
9016,906201,60-90,3016,PARTIAL,21494.56,2026-06-23
9017,906201,90+,3016,PENDING,0.0,2026-07-25
9018,906207,0-30,3043,PENDING,0.0,2026-06-13
9019,906207,0-30,3043,PENDING,0.0,2026-06-27
9020,906207,0-30,3043,PENDING,0.0,2026-07-11
9021,906207,30-60,3043,PENDING,0.0,2026-07-25
9022,906210,0-30,3042,PENDING,0.0,2026-07-11
9023,906210,0-30,3042,PENDING,0.0,2026-07-25
9024,906211,0-30,3078,PARTIAL,920894.39,2025-10-01
9025,906211,0-30,3078,PENDING,0.0,2025-10-24
9026,906211,0-30,3078,PENDING,0.0,2025-11-16
9027,906211,0-30,3078,PENDING,0.0,2025-12-09
9028,906211,0-30,3078,PARTIAL,500949.89,2025-12-31
9029,906211,0-30,3078,PARTIAL,553066.19,2026-01-23
9030,906211,0-30,3078,PENDING,0.0,2026-02-15
9031,906211,0-30,3078,PENDING,0.0,2026-03-10
9032,906211,0-30,3078,PENDING,0.0,2026-04-02
9033,906211,0-30,3078,PENDING,0.0,2026-04-24
9034,906211,0-30,3078,PENDING,0.0,2026-05-17
9035,906211,30-60,3078,PENDING,0.0,2026-06-09
9036,906211,60-90,3078,PENDING,0.0,2026-07-02
9037,906211,90+,3078,PENDING,0.0,2026-07-25
9038,906213,0-30,3074,PARTIAL,225500.28,2025-10-01
9039,906213,0-30,3074,PARTIAL,246181.02,2025-10-21
9040,906213,0-30,3074,PENDING,0.0,2025-11-10
9041,906213,0-30,3074,PENDING,0.0,2025-11-30
9042,906213,0-30,3074,PARTIAL,55806.04,2025-12-19
9043,906213,0-30,3074,PENDING,0.0,2026-01-08
9044,906213,0-30,3074,PARTIAL,167074.58,2026-01-28
9045,906213,0-30,3074,PARTIAL,114219.79,2026-02-17
9046,906213,0-30,3074,PENDING,0.0,2026-03-08
9047,906213,0-30,3074,PARTIAL,223459.9,2026-03-28
9048,906213,0-30,3074,PENDING,0.0,2026-04-17
9049,906213,0-30,3074,PARTIAL,56961.18,2026-05-07
9050,906213,0-30,3074,PENDING,0.0,2026-05-26
9051,906213,30-60,3074,PARTIAL,252295.5,2026-06-15
9052,906213,60-90,3074,PENDING,0.0,2026-07-05
9053,906213,90+,3074,PENDING,0.0,2026-07-25
9054,906214,0-30,3027,PENDING,0.0,2026-07-25
9055,906215,60-90,3057,PENDING,0.0,2026-06-06
9056,906215,90+,3057,WRITE_OFF,556.74,2026-07-25
9057,906220,0-30,3063,PENDING,0.0,2026-01-14
9058,906220,0-30,3063,PENDING,0.0,2026-02-15
9059,906220,0-30,3063,PENDING,0.0,2026-03-19
9060,906220,0-30,3063,PENDING,0.0,2026-04-20
9061,906220,30-60,3063,PARTIAL,159333.55,2026-05-22
9062,906220,60-90,3063,PENDING,0.0,2026-06-23
9063,906220,90+,3063,PARTIAL,199869.38,2026-07-25
9064,906221,0-30,3048,PENDING,0.0,2026-07-04
9065,906221,30-60,3048,PENDING,0.0,2026-07-25
9066,906224,0-30,3065,PENDING,0.0,2025-11-11
9067,906224,0-30,3065,PENDING,0.0,2025-12-13
9068,906224,0-30,3065,PENDING,0.0,2026-01-14
9069,906224,0-30,3065,PENDING,0.0,2026-02-15
9070,906224,0-30,3065,PARTIAL,34869.68,2026-03-19
9071,906224,0-30,3065,PENDING,0.0,2026-04-20
9072,906224,30-60,3065,PENDING,0.0,2026-05-22
9073,906224,60-90,3065,PARTIAL,34438.84,2026-06-23
9074,906224,90+,3065,PARTIAL,8568.48,2026-07-25
9075,906228,0-30,3009,PARTIAL,25695.81,2025-12-09
9076,906228,0-30,3009,PENDING,0.0,2025-12-30
9077,906228,0-30,3009,PENDING,0.0,2026-01-20
9078,906228,0-30,3009,PENDING,0.0,2026-02-09
9079,906228,0-30,3009,PENDING,0.0,2026-03-02
9080,906228,0-30,3009,PENDING,0.0,2026-03-23
9081,906228,0-30,3009,PENDING,0.0,2026-04-12
9082,906228,0-30,3009,PENDING,0.0,2026-05-03
9083,906228,0-30,3009,PARTIAL,26806.17,2026-05-24
9084,906228,30-60,3009,PENDING,0.0,2026-06-13
9085,906228,60-90,3009,PENDING,0.0,2026-07-04
9086,906228,90+,3009,WRITE_OFF,18098.21,2026-07-25
9087,906234,0-30,3046,PENDING,0.0,2026-07-07
9088,906234,30-60,3046,RECOVERED,2950.45,2026-07-25
9089,906236,0-30,3007,PENDING,0.0,2026-01-04
9090,906236,0-30,3007,PARTIAL,14553.98,2026-01-24
9091,906236,0-30,3007,PENDING,0.0,2026-02-13
9092,906236,0-30,3007,PARTIAL,34573.7,2026-03-05
9093,906236,0-30,3007,PENDING,0.0,2026-03-25
9094,906236,0-30,3007,PENDING,0.0,2026-04-15
9095,906236,0-30,3007,PENDING,0.0,2026-05-05
9096,906236,0-30,3007,PARTIAL,11623.6,2026-05-25
9097,906236,30-60,3007,PARTIAL,34197.91,2026-06-14
9098,906236,60-90,3007,PARTIAL,31009.67,2026-07-04
9099,906236,90+,3007,PENDING,0.0,2026-07-25
9100,906245,30-60,3046,PENDING,0.0,2026-07-25
9101,906246,0-30,3035,PENDING,0.0,2026-03-25
9102,906246,0-30,3035,PENDING,0.0,2026-04-14
9103,906246,0-30,3035,PENDING,0.0,2026-05-04
9104,906246,0-30,3035,PENDING,0.0,2026-05-25
9105,906246,30-60,3035,PENDING,0.0,2026-06-14
9106,906246,60-90,3035,PENDING,0.0,2026-07-04
9107,906246,90+,3035,PARTIAL,125669.85,2026-07-25
9108,906253,0-30,3078,PENDING,0.0,2026-06-19
9109,906253,0-30,3078,PENDING,0.0,2026-07-07
9110,906253,30-60,3078,RECOVERED,63300.06,2026-07-25
9111,906258,0-30,3058,PENDING,0.0,2026-06-28
9112,906258,30-60,3058,PENDING,0.0,2026-07-25
9113,906267,0-30,3054,PENDING,0.0,2025-10-09
9114,906267,0-30,3054,PARTIAL,51719.14,2025-10-30
9115,906267,0-30,3054,PENDING,0.0,2025-11-19
9116,906267,0-30,3054,PENDING,0.0,2025-12-10
9117,906267,0-30,3054,PARTIAL,79028.31,2025-12-31
9118,906267,0-30,3054,PARTIAL,80984.67,2026-01-20
9119,906267,0-30,3054,PENDING,0.0,2026-02-10
9120,906267,0-30,3054,PENDING,0.0,2026-03-02
9121,906267,0-30,3054,PENDING,0.0,2026-03-23
9122,906267,0-30,3054,PENDING,0.0,2026-04-13
9123,906267,0-30,3054,PENDING,0.0,2026-05-03
9124,906267,0-30,3054,PENDING,0.0,2026-05-24
9125,906267,30-60,3054,PENDING,0.0,2026-06-13
9126,906267,60-90,3054,PENDING,0.0,2026-07-04
9127,906267,90+,3054,WRITE_OFF,15922.82,2026-07-25
9128,906269,30-60,3061,PENDING,0.0,2026-07-25
9129,906272,30-60,3036,PARTIAL,23499.67,2026-05-24
9130,906272,60-90,3036,PENDING,0.0,2026-06-24
9131,906272,90+,3036,PENDING,0.0,2026-07-25
9132,906274,0-30,3003,PENDING,0.0,2026-07-13
9133,906274,0-30,3003,PENDING,0.0,2026-07-25
9134,906280,30-60,3037,PARTIAL,7138.32,2026-07-25
9135,906281,0-30,3017,PENDING,0.0,2025-11-28
9136,906281,0-30,3017,PENDING,0.0,2025-12-22
9137,906281,0-30,3017,PENDING,0.0,2026-01-15
9138,906281,0-30,3017,PENDING,0.0,2026-02-08
9139,906281,0-30,3017,PENDING,0.0,2026-03-04
9140,906281,0-30,3017,PENDING,0.0,2026-03-27
9141,906281,0-30,3017,PENDING,0.0,2026-04-20
9142,906281,0-30,3017,PENDING,0.0,2026-05-14
9143,906281,30-60,3017,PENDING,0.0,2026-06-07
9144,906281,60-90,3017,PENDING,0.0,2026-07-01
9145,906281,90+,3017,PENDING,0.0,2026-07-25
9146,906282,0-30,3010,PARTIAL,120.83,2026-07-05
9147,906282,30-60,3010,PARTIAL,667.9,2026-07-25
9148,906283,0-30,3046,PENDING,0.0,2026-07-01
9149,906283,30-60,3046,PARTIAL,17054.07,2026-07-25
9150,906285,0-30,3027,PENDING,0.0,2026-07-05
9151,906285,30-60,3027,PENDING,0.0,2026-07-25
9152,906286,0-30,3021,RECOVERED,11644.07,2026-07-25
9153,906295,0-30,3031,PENDING,0.0,2026-07-07
9154,906295,30-60,3031,PARTIAL,291.84,2026-07-25
9155,906297,0-30,3055,PENDING,0.0,2025-10-06
9156,906297,0-30,3055,PARTIAL,218099.7,2025-10-27
9157,906297,0-30,3055,PENDING,0.0,2025-11-17
9158,906297,0-30,3055,PENDING,0.0,2025-12-08
9159,906297,0-30,3055,PENDING,0.0,2025-12-29
9160,906297,0-30,3055,PENDING,0.0,2026-01-18
9161,906297,0-30,3055,PENDING,0.0,2026-02-08
9162,906297,0-30,3055,PENDING,0.0,2026-03-01
9163,906297,0-30,3055,PENDING,0.0,2026-03-22
9164,906297,0-30,3055,PENDING,0.0,2026-04-12
9165,906297,0-30,3055,PENDING,0.0,2026-05-02
9166,906297,0-30,3055,PENDING,0.0,2026-05-23
9167,906297,30-60,3055,PENDING,0.0,2026-06-13
9168,906297,60-90,3055,PARTIAL,216869.53,2026-07-04
9169,906297,90+,3055,PENDING,0.0,2026-07-25
9170,906298,0-30,3026,PARTIAL,503.45,2026-07-10
9171,906298,0-30,3026,PENDING,0.0,2026-07-25
9172,906299,0-30,3060,PARTIAL,12303.46,2026-07-25
9173,906301,0-30,3027,PARTIAL,39296.9,2026-05-04
9174,906301,0-30,3027,PENDING,0.0,2026-05-16
9175,906301,0-30,3027,PENDING,0.0,2026-05-27
9176,906301,0-30,3027,PENDING,0.0,2026-06-08
9177,906301,0-30,3027,PENDING,0.0,2026-06-20
9178,906301,30-60,3027,PARTIAL,115525.01,2026-07-01
9179,906301,60-90,3027,PENDING,0.0,2026-07-13
9180,906301,90+,3027,WRITE_OFF,25521.3,2026-07-25
9181,906302,0-30,3021,PARTIAL,4887.43,2026-07-04
9182,906302,0-30,3021,PENDING,0.0,2026-07-14
9183,906302,30-60,3021,PENDING,0.0,2026-07-25
9184,906303,0-30,3006,PENDING,0.0,2025-08-22
9185,906303,0-30,3006,PENDING,0.0,2025-09-19
9186,906303,0-30,3006,PENDING,0.0,2025-10-17
9187,906303,0-30,3006,PARTIAL,112613.58,2025-11-14
9188,906303,0-30,3006,PENDING,0.0,2025-12-12
9189,906303,0-30,3006,PENDING,0.0,2026-01-09
9190,906303,0-30,3006,PARTIAL,402231.55,2026-02-06
9191,906303,0-30,3006,PENDING,0.0,2026-03-06
9192,906303,0-30,3006,PENDING,0.0,2026-04-03
9193,906303,0-30,3006,PARTIAL,371420.99,2026-05-01
9194,906303,30-60,3006,PENDING,0.0,2026-05-29
9195,906303,60-90,3006,PARTIAL,60611.32,2026-06-26
9196,906303,90+,3006,WRITE_OFF,91861.24,2026-07-25
9197,906306,30-60,3049,PARTIAL,17130.67,2026-07-25
9198,906307,30-60,3032,PENDING,0.0,2026-07-25
9199,906312,0-30,3018,PARTIAL,16368.1,2026-07-25
9200,906315,30-60,3078,PENDING,0.0,2026-07-25
9201,906319,60-90,3059,PARTIAL,158439.56,2026-05-24
9202,906319,90+,3059,PENDING,0.0,2026-07-25
9203,906324,0-30,3040,PARTIAL,21263.25,2025-09-09
9204,906324,0-30,3040,PARTIAL,7202.36,2025-10-08
9205,906324,0-30,3040,PENDING,0.0,2025-11-06
9206,906324,0-30,3040,PENDING,0.0,2025-12-05
9207,906324,0-30,3040,PENDING,0.0,2026-01-03
9208,906324,0-30,3040,PENDING,0.0,2026-02-01
9209,906324,0-30,3040,PENDING,0.0,2026-03-02
9210,906324,0-30,3040,PARTIAL,10513.95,2026-03-31
9211,906324,0-30,3040,PARTIAL,6157.01,2026-04-29
9212,906324,30-60,3040,PENDING,0.0,2026-05-28
9213,906324,60-90,3040,PARTIAL,21257.97,2026-06-26
9214,906324,90+,3040,WRITE_OFF,6974.5,2026-07-25
9215,906326,0-30,3062,PENDING,0.0,2025-11-10
9216,906326,0-30,3062,PENDING,0.0,2025-12-06
9217,906326,0-30,3062,PENDING,0.0,2025-12-31
9218,906326,0-30,3062,PENDING,0.0,2026-01-26
9219,906326,0-30,3062,PARTIAL,251945.63,2026-02-21
9220,906326,0-30,3062,PENDING,0.0,2026-03-18
9221,906326,0-30,3062,PENDING,0.0,2026-04-13
9222,906326,0-30,3062,PENDING,0.0,2026-05-09
9223,906326,30-60,3062,PENDING,0.0,2026-06-03
9224,906326,60-90,3062,PENDING,0.0,2026-06-29
9225,906326,90+,3062,WRITE_OFF,208480.01,2026-07-25
9226,906330,0-30,3056,PARTIAL,353721.61,2025-12-17
9227,906330,0-30,3056,PENDING,0.0,2026-01-10
9228,906330,0-30,3056,PARTIAL,321575.97,2026-02-04
9229,906330,0-30,3056,PARTIAL,489159.52,2026-02-28
9230,906330,0-30,3056,PENDING,0.0,2026-03-25
9231,906330,0-30,3056,PENDING,0.0,2026-04-18
9232,906330,0-30,3056,PENDING,0.0,2026-05-12
9233,906330,30-60,3056,PENDING,0.0,2026-06-06
9234,906330,60-90,3056,PENDING,0.0,2026-06-30
9235,906330,90+,3056,WRITE_OFF,131450.38,2026-07-25
9236,906333,0-30,3022,PENDING,0.0,2025-10-12
9237,906333,0-30,3022,PARTIAL,23459.54,2025-11-13
9238,906333,0-30,3022,PENDING,0.0,2025-12-15
9239,906333,0-30,3022,PENDING,0.0,2026-01-15
9240,906333,0-30,3022,PENDING,0.0,2026-02-16
9241,906333,0-30,3022,PENDING,0.0,2026-03-20
9242,906333,0-30,3022,PENDING,0.0,2026-04-20
9243,906333,30-60,3022,PARTIAL,16355.41,2026-05-22
9244,906333,60-90,3022,PENDING,0.0,2026-06-23
9245,906333,90+,3022,WRITE_OFF,2371.48,2026-07-25
9246,906334,0-30,3043,PENDING,0.0,2026-07-06
9247,906334,30-60,3043,PARTIAL,81444.73,2026-07-25
9248,906335,30-60,3015,PENDING,0.0,2026-07-25
9249,906337,0-30,3016,PENDING,0.0,2025-12-07
9250,906337,0-30,3016,PENDING,0.0,2026-01-22
9251,906337,0-30,3016,PARTIAL,53835.13,2026-03-09
9252,906337,30-60,3016,PENDING,0.0,2026-04-24
9253,906337,60-90,3016,PARTIAL,53329.45,2026-06-09
9254,906337,90+,3016,PARTIAL,38658.42,2026-07-25
9255,906343,0-30,3042,PENDING,0.0,2025-11-14
9256,906343,0-30,3042,PARTIAL,79704.11,2025-12-16
9257,906343,0-30,3042,PENDING,0.0,2026-01-16
9258,906343,0-30,3042,PARTIAL,25927.58,2026-02-17
9259,906343,0-30,3042,PENDING,0.0,2026-03-20
9260,906343,0-30,3042,PARTIAL,173635.69,2026-04-21
9261,906343,30-60,3042,PARTIAL,243052.48,2026-05-22
9262,906343,60-90,3042,PARTIAL,116899.67,2026-06-23
9263,906343,90+,3042,WRITE_OFF,44394.12,2026-07-25
9264,906349,0-30,3078,PENDING,0.0,2025-12-10
9265,906349,0-30,3078,PENDING,0.0,2025-12-29
9266,906349,0-30,3078,PARTIAL,517170.41,2026-01-17
9267,906349,0-30,3078,PARTIAL,216429.53,2026-02-05
9268,906349,0-30,3078,PENDING,0.0,2026-02-24
9269,906349,0-30,3078,PENDING,0.0,2026-03-15
9270,906349,0-30,3078,PARTIAL,291732.8,2026-04-02
9271,906349,0-30,3078,PENDING,0.0,2026-04-21
9272,906349,0-30,3078,PARTIAL,208605.09,2026-05-10
9273,906349,0-30,3078,PENDING,0.0,2026-05-29
9274,906349,30-60,3078,PENDING,0.0,2026-06-17
9275,906349,60-90,3078,PENDING,0.0,2026-07-06
9276,906349,90+,3078,WRITE_OFF,256338.59,2026-07-25
9277,906355,30-60,3012,PARTIAL,12954.22,2026-07-25
9278,906358,0-30,3075,PENDING,0.0,2026-01-09
9279,906358,0-30,3075,PENDING,0.0,2026-01-31
9280,906358,0-30,3075,PENDING,0.0,2026-02-22
9281,906358,0-30,3075,PENDING,0.0,2026-03-16
9282,906358,0-30,3075,PARTIAL,6319.86,2026-04-07
9283,906358,0-30,3075,PENDING,0.0,2026-04-28
9284,906358,0-30,3075,PENDING,0.0,2026-05-20
9285,906358,30-60,3075,PENDING,0.0,2026-06-11
9286,906358,60-90,3075,PARTIAL,3732.74,2026-07-03
9287,906358,90+,3075,WRITE_OFF,1743.04,2026-07-25
9288,906360,0-30,3062,PARTIAL,26998.13,2026-06-29
9289,906360,0-30,3062,PENDING,0.0,2026-07-08
9290,906360,0-30,3062,PENDING,0.0,2026-07-16
9291,906360,30-60,3062,PENDING,0.0,2026-07-25
9292,906362,0-30,3054,PENDING,0.0,2026-03-26
9293,906362,0-30,3054,PENDING,0.0,2026-04-12
9294,906362,0-30,3054,PENDING,0.0,2026-04-29
9295,906362,0-30,3054,PENDING,0.0,2026-05-17
9296,906362,0-30,3054,PARTIAL,3286.82,2026-06-03
9297,906362,30-60,3054,PENDING,0.0,2026-06-20
9298,906362,60-90,3054,PARTIAL,5884.94,2026-07-07
9299,906362,90+,3054,WRITE_OFF,2740.38,2026-07-25
9300,906365,0-30,3037,PENDING,0.0,2026-07-05
9301,906365,30-60,3037,PARTIAL,683.94,2026-07-25
9302,906368,30-60,3018,PENDING,0.0,2026-05-16
9303,906368,60-90,3018,PENDING,0.0,2026-06-20
9304,906368,90+,3018,PARTIAL,48756.06,2026-07-25
9305,906379,0-30,3021,PENDING,0.0,2026-06-30
9306,906379,30-60,3021,PARTIAL,36416.14,2026-07-25
9307,906381,30-60,3080,PENDING,0.0,2026-07-25
9308,906382,0-30,3038,PENDING,0.0,2025-12-22
9309,906382,0-30,3038,PENDING,0.0,2026-01-22
9310,906382,0-30,3038,PENDING,0.0,2026-02-21
9311,906382,0-30,3038,PENDING,0.0,2026-03-24
9312,906382,0-30,3038,PARTIAL,20823.95,2026-04-24
9313,906382,30-60,3038,PENDING,0.0,2026-05-24
9314,906382,60-90,3038,PARTIAL,125501.7,2026-06-24
9315,906382,90+,3038,PARTIAL,163571.01,2026-07-25
9316,906385,0-30,3074,PARTIAL,218177.61,2025-10-10
9317,906385,0-30,3074,PENDING,0.0,2025-10-26
9318,906385,0-30,3074,PENDING,0.0,2025-11-11
9319,906385,0-30,3074,PARTIAL,341156.7,2025-11-27
9320,906385,0-30,3074,PENDING,0.0,2025-12-13
9321,906385,0-30,3074,PARTIAL,283107.79,2025-12-29
9322,906385,0-30,3074,PARTIAL,111313.52,2026-01-14
9323,906385,0-30,3074,PENDING,0.0,2026-01-30
9324,906385,0-30,3074,PENDING,0.0,2026-02-15
9325,906385,0-30,3074,PENDING,0.0,2026-03-03
9326,906385,0-30,3074,PENDING,0.0,2026-03-19
9327,906385,0-30,3074,PENDING,0.0,2026-04-04
9328,906385,0-30,3074,PARTIAL,121704.1,2026-04-20
9329,906385,0-30,3074,PARTIAL,207526.79,2026-05-06
9330,906385,0-30,3074,PENDING,0.0,2026-05-22
9331,906385,0-30,3074,PENDING,0.0,2026-06-07
9332,906385,30-60,3074,PENDING,0.0,2026-06-23
9333,906385,60-90,3074,PENDING,0.0,2026-07-09
9334,906385,90+,3074,PARTIAL,231385.64,2026-07-25
9335,906388,0-30,3064,PARTIAL,118368.57,2025-09-06
9336,906388,0-30,3064,PENDING,0.0,2025-09-29
9337,906388,0-30,3064,PARTIAL,146869.26,2025-10-22
9338,906388,0-30,3064,PARTIAL,127210.65,2025-11-14
9339,906388,0-30,3064,PENDING,0.0,2025-12-07
9340,906388,0-30,3064,PENDING,0.0,2025-12-30
9341,906388,0-30,3064,PARTIAL,66345.35,2026-01-22
9342,906388,0-30,3064,PENDING,0.0,2026-02-14
9343,906388,0-30,3064,PENDING,0.0,2026-03-09
9344,906388,0-30,3064,PARTIAL,174904.72,2026-04-01
9345,906388,0-30,3064,PENDING,0.0,2026-04-24
9346,906388,0-30,3064,PENDING,0.0,2026-05-17
9347,906388,30-60,3064,PENDING,0.0,2026-06-09
9348,906388,60-90,3064,PARTIAL,342029.64,2026-07-02
9349,906388,90+,3064,WRITE_OFF,26340.27,2026-07-25
9350,906390,0-30,3056,PENDING,0.0,2026-07-25
9351,906392,0-30,3025,PENDING,0.0,2026-07-07
9352,906392,0-30,3025,PARTIAL,213420.41,2026-07-16
9353,906392,0-30,3025,PARTIAL,44640.61,2026-07-25
9354,906393,0-30,3027,PENDING,0.0,2025-08-18
9355,906393,0-30,3027,PENDING,0.0,2025-09-11
9356,906393,0-30,3027,PARTIAL,236463.69,2025-10-06
9357,906393,0-30,3027,PENDING,0.0,2025-10-30
9358,906393,0-30,3027,PENDING,0.0,2025-11-23
9359,906393,0-30,3027,PENDING,0.0,2025-12-18
9360,906393,0-30,3027,PENDING,0.0,2026-01-11
9361,906393,0-30,3027,PARTIAL,70818.23,2026-02-04
9362,906393,0-30,3027,PARTIAL,47197.78,2026-03-01
9363,906393,0-30,3027,PARTIAL,287995.59,2026-03-25
9364,906393,0-30,3027,PENDING,0.0,2026-04-18
9365,906393,0-30,3027,PENDING,0.0,2026-05-13
9366,906393,30-60,3027,PARTIAL,151010.23,2026-06-06
9367,906393,60-90,3027,PENDING,0.0,2026-06-30
9368,906393,90+,3027,WRITE_OFF,39851.28,2026-07-25
9369,906394,0-30,3027,PARTIAL,43240.82,2025-11-13
9370,906394,0-30,3027,PENDING,0.0,2025-12-11
9371,906394,0-30,3027,PARTIAL,39312.07,2026-01-08
9372,906394,0-30,3027,PENDING,0.0,2026-02-05
9373,906394,0-30,3027,PENDING,0.0,2026-03-06
9374,906394,0-30,3027,PARTIAL,15785.12,2026-04-03
9375,906394,0-30,3027,PARTIAL,46541.4,2026-05-01
9376,906394,30-60,3027,PARTIAL,42205.28,2026-05-29
9377,906394,60-90,3027,PENDING,0.0,2026-06-26
9378,906394,90+,3027,PENDING,0.0,2026-07-25
9379,906398,0-30,3075,PENDING,0.0,2026-07-25
9380,906399,0-30,3077,PARTIAL,834.5,2026-07-11
9381,906399,0-30,3077,PARTIAL,815.49,2026-07-25
9382,906403,0-30,3037,PARTIAL,92924.49,2026-02-13
9383,906403,0-30,3037,PENDING,0.0,2026-02-25
9384,906403,0-30,3037,PENDING,0.0,2026-03-08
9385,906403,0-30,3037,PENDING,0.0,2026-03-20
9386,906403,0-30,3037,PENDING,0.0,2026-03-31
9387,906403,0-30,3037,PENDING,0.0,2026-04-12
9388,906403,0-30,3037,PARTIAL,152743.5,2026-04-23
9389,906403,0-30,3037,PENDING,0.0,2026-05-05
9390,906403,0-30,3037,PENDING,0.0,2026-05-16
9391,906403,0-30,3037,PARTIAL,124685.0,2026-05-28
9392,906403,0-30,3037,PENDING,0.0,2026-06-08
9393,906403,0-30,3037,PENDING,0.0,2026-06-20
9394,906403,30-60,3037,PENDING,0.0,2026-07-01
9395,906403,60-90,3037,PENDING,0.0,2026-07-13
9396,906403,90+,3037,PENDING,0.0,2026-07-25
9397,906405,30-60,3064,PENDING,0.0,2026-07-25
9398,906411,30-60,3059,PARTIAL,652.15,2026-07-25
9399,906412,0-30,3046,PARTIAL,775.75,2026-07-06
9400,906412,30-60,3046,PARTIAL,603.94,2026-07-25
9401,906414,0-30,3030,PENDING,0.0,2026-06-27
9402,906414,0-30,3030,PENDING,0.0,2026-07-11
9403,906414,30-60,3030,RECOVERED,32116.44,2026-07-25
9404,906415,0-30,3037,PENDING,0.0,2026-07-01
9405,906415,30-60,3037,PENDING,0.0,2026-07-25
9406,906416,0-30,3029,PARTIAL,4966.62,2026-07-25
9407,906418,0-30,3021,PENDING,0.0,2025-10-10
9408,906418,0-30,3021,PENDING,0.0,2025-11-15
9409,906418,0-30,3021,PENDING,0.0,2025-12-21
9410,906418,0-30,3021,PARTIAL,1135.52,2026-01-26
9411,906418,0-30,3021,PENDING,0.0,2026-03-03
9412,906418,0-30,3021,PARTIAL,1585.28,2026-04-08
9413,906418,30-60,3021,PENDING,0.0,2026-05-14
9414,906418,60-90,3021,PARTIAL,3263.34,2026-06-19
9415,906418,90+,3021,WRITE_OFF,1352.79,2026-07-25
9416,906421,0-30,3073,PARTIAL,139337.52,2025-11-14
9417,906421,0-30,3073,PARTIAL,127892.87,2025-12-05
9418,906421,0-30,3073,PENDING,0.0,2025-12-26
9419,906421,0-30,3073,PENDING,0.0,2026-01-16
9420,906421,0-30,3073,PENDING,0.0,2026-02-06
9421,906421,0-30,3073,PENDING,0.0,2026-02-27
9422,906421,0-30,3073,PARTIAL,20604.08,2026-03-20
9423,906421,0-30,3073,PENDING,0.0,2026-04-10
9424,906421,0-30,3073,PENDING,0.0,2026-05-01
9425,906421,0-30,3073,PARTIAL,144140.09,2026-05-22
9426,906421,30-60,3073,PENDING,0.0,2026-06-12
9427,906421,60-90,3073,PENDING,0.0,2026-07-03
9428,906421,90+,3073,WRITE_OFF,4460.31,2026-07-25
9429,906424,0-30,3078,PENDING,0.0,2026-07-12
9430,906424,0-30,3078,PENDING,0.0,2026-07-25
9431,906425,0-30,3018,PENDING,0.0,2026-01-09
9432,906425,0-30,3018,PARTIAL,13864.28,2026-01-24
9433,906425,0-30,3018,PENDING,0.0,2026-02-08
9434,906425,0-30,3018,PARTIAL,69077.68,2026-02-23
9435,906425,0-30,3018,PENDING,0.0,2026-03-10
9436,906425,0-30,3018,PARTIAL,83828.71,2026-03-25
9437,906425,0-30,3018,PENDING,0.0,2026-04-10
9438,906425,0-30,3018,PENDING,0.0,2026-04-25
9439,906425,0-30,3018,PENDING,0.0,2026-05-10
9440,906425,0-30,3018,PARTIAL,14753.28,2026-05-25
9441,906425,0-30,3018,PARTIAL,71666.47,2026-06-09
9442,906425,30-60,3018,PENDING,0.0,2026-06-24
9443,906425,60-90,3018,PARTIAL,78981.04,2026-07-09
9444,906425,90+,3018,PENDING,0.0,2026-07-25
9445,906428,0-30,3065,PENDING,0.0,2025-10-14
9446,906428,0-30,3065,PENDING,0.0,2025-11-18
9447,906428,0-30,3065,PARTIAL,14324.75,2025-12-24
9448,906428,0-30,3065,PENDING,0.0,2026-01-28
9449,906428,0-30,3065,PARTIAL,10748.85,2026-03-05
9450,906428,0-30,3065,PENDING,0.0,2026-04-09
9451,906428,30-60,3065,PARTIAL,13887.48,2026-05-15
9452,906428,60-90,3065,PENDING,0.0,2026-06-19
9453,906428,90+,3065,WRITE_OFF,7917.77,2026-07-25
9454,906431,30-60,3080,PENDING,0.0,2026-07-25
9455,906435,0-30,3016,PENDING,0.0,2026-07-03
9456,906435,30-60,3016,PENDING,0.0,2026-07-25
9457,906436,0-30,3040,PENDING,0.0,2026-07-25
9458,906437,0-30,3060,PENDING,0.0,2026-07-06
9459,906437,0-30,3060,PENDING,0.0,2026-07-12
9460,906437,0-30,3060,PARTIAL,2276.97,2026-07-18
9461,906437,0-30,3060,PENDING,0.0,2026-07-25
9462,906438,0-30,3043,PENDING,0.0,2025-09-02
9463,906438,0-30,3043,PENDING,0.0,2025-10-02
9464,906438,0-30,3043,PARTIAL,308666.38,2025-10-31
9465,906438,0-30,3043,PARTIAL,227367.8,2025-11-30
9466,906438,0-30,3043,PENDING,0.0,2025-12-29
9467,906438,0-30,3043,PENDING,0.0,2026-01-28
9468,906438,0-30,3043,PARTIAL,88704.56,2026-02-27
9469,906438,0-30,3043,PENDING,0.0,2026-03-28
9470,906438,0-30,3043,PENDING,0.0,2026-04-27
9471,906438,30-60,3043,PENDING,0.0,2026-05-26
9472,906438,60-90,3043,PENDING,0.0,2026-06-25
9473,906438,90+,3043,PENDING,0.0,2026-07-25
9474,906439,0-30,3012,PENDING,0.0,2026-04-26
9475,906439,0-30,3012,PARTIAL,5781.27,2026-05-09
9476,906439,0-30,3012,PARTIAL,2121.32,2026-05-22
9477,906439,0-30,3012,PENDING,0.0,2026-06-04
9478,906439,0-30,3012,PENDING,0.0,2026-06-16
9479,906439,30-60,3012,PENDING,0.0,2026-06-29
9480,906439,60-90,3012,PENDING,0.0,2026-07-12
9481,906439,90+,3012,PARTIAL,4022.33,2026-07-25
9482,906440,0-30,3018,PENDING,0.0,2026-07-25
9483,906442,0-30,3026,PENDING,0.0,2026-04-01
9484,906442,0-30,3026,PENDING,0.0,2026-04-24
9485,906442,0-30,3026,PENDING,0.0,2026-05-17
9486,906442,30-60,3026,PARTIAL,2757.2,2026-06-09
9487,906442,60-90,3026,PENDING,0.0,2026-07-02
9488,906442,90+,3026,WRITE_OFF,1450.72,2026-07-25
9489,906446,0-30,3019,PENDING,0.0,2026-07-06
9490,906446,30-60,3019,PARTIAL,104.94,2026-07-25
9491,906455,0-30,3076,PENDING,0.0,2026-07-25
9492,906458,30-60,3021,RECOVERED,5300.72,2026-07-25
9493,906459,0-30,3066,PENDING,0.0,2026-04-29
9494,906459,0-30,3066,PARTIAL,34111.24,2026-05-16
9495,906459,0-30,3066,PARTIAL,33374.45,2026-06-03
9496,906459,30-60,3066,PENDING,0.0,2026-06-20
9497,906459,60-90,3066,PENDING,0.0,2026-07-07
9498,906459,90+,3066,PENDING,0.0,2026-07-25
9499,906462,60-90,3045,PARTIAL,928.23,2026-07-25
9500,906468,30-60,3026,PARTIAL,67240.59,2026-07-25
9501,906472,0-30,3015,PENDING,0.0,2026-02-08
9502,906472,0-30,3015,PENDING,0.0,2026-03-13
9503,906472,0-30,3015,PENDING,0.0,2026-04-16
9504,906472,30-60,3015,PARTIAL,11052.06,2026-05-19
9505,906472,60-90,3015,PARTIAL,48264.78,2026-06-21
9506,906472,90+,3015,PENDING,0.0,2026-07-25
9507,906482,30-60,3052,PENDING,0.0,2026-07-25
9508,906485,0-30,3033,PARTIAL,14051.42,2025-10-10
9509,906485,0-30,3033,PENDING,0.0,2025-11-01
9510,906485,0-30,3033,PENDING,0.0,2025-11-23
9511,906485,0-30,3033,PENDING,0.0,2025-12-15
9512,906485,0-30,3033,PENDING,0.0,2026-01-06
9513,906485,0-30,3033,PENDING,0.0,2026-01-28
9514,906485,0-30,3033,PARTIAL,3744.82,2026-02-20
9515,906485,0-30,3033,PENDING,0.0,2026-03-14
9516,906485,0-30,3033,PARTIAL,26029.86,2026-04-05
9517,906485,0-30,3033,PARTIAL,26420.42,2026-04-27
9518,906485,0-30,3033,PENDING,0.0,2026-05-19
9519,906485,30-60,3033,PARTIAL,20918.48,2026-06-10
9520,906485,60-90,3033,PENDING,0.0,2026-07-02
9521,906485,90+,3033,PENDING,0.0,2026-07-25
9522,906495,0-30,3016,PENDING,0.0,2026-07-03
9523,906495,30-60,3016,PARTIAL,932.66,2026-07-25
9524,906496,0-30,3080,PARTIAL,2299.32,2025-08-18
9525,906496,0-30,3080,PENDING,0.0,2025-09-11
9526,906496,0-30,3080,PENDING,0.0,2025-10-06
9527,906496,0-30,3080,PENDING,0.0,2025-10-30
9528,906496,0-30,3080,PENDING,0.0,2025-11-23
9529,906496,0-30,3080,PENDING,0.0,2025-12-18
9530,906496,0-30,3080,PARTIAL,2595.06,2026-01-11
9531,906496,0-30,3080,PENDING,0.0,2026-02-04
9532,906496,0-30,3080,PENDING,0.0,2026-03-01
9533,906496,0-30,3080,PENDING,0.0,2026-03-25
9534,906496,0-30,3080,PENDING,0.0,2026-04-18
9535,906496,0-30,3080,PENDING,0.0,2026-05-13
9536,906496,30-60,3080,PENDING,0.0,2026-06-06
9537,906496,60-90,3080,PARTIAL,3913.72,2026-06-30
9538,906496,90+,3080,PENDING,0.0,2026-07-25
9539,906504,0-30,3054,PARTIAL,309613.73,2025-12-01
9540,906504,0-30,3054,PENDING,0.0,2025-12-25
9541,906504,0-30,3054,PENDING,0.0,2026-01-17
9542,906504,0-30,3054,PENDING,0.0,2026-02-10
9543,906504,0-30,3054,PENDING,0.0,2026-03-05
9544,906504,0-30,3054,PARTIAL,232810.92,2026-03-29
9545,906504,0-30,3054,PENDING,0.0,2026-04-21
9546,906504,0-30,3054,PENDING,0.0,2026-05-15
9547,906504,30-60,3054,PENDING,0.0,2026-06-07
9548,906504,60-90,3054,PENDING,0.0,2026-07-01
9549,906504,90+,3054,PENDING,0.0,2026-07-25
9550,906515,30-60,3047,PENDING,0.0,2026-04-27
9551,906515,60-90,3047,PARTIAL,8811.23,2026-06-10
9552,906515,90+,3047,PARTIAL,14158.08,2026-07-25
9553,906516,0-30,3058,PENDING,0.0,2025-09-21
9554,906516,0-30,3058,PENDING,0.0,2025-10-15
9555,906516,0-30,3058,PARTIAL,22761.89,2025-11-07
9556,906516,0-30,3058,PENDING,0.0,2025-12-01
9557,906516,0-30,3058,PENDING,0.0,2025-12-24
9558,906516,0-30,3058,PARTIAL,32124.34,2026-01-17
9559,906516,0-30,3058,PENDING,0.0,2026-02-10
9560,906516,0-30,3058,PENDING,0.0,2026-03-05
9561,906516,0-30,3058,PENDING,0.0,2026-03-29
9562,906516,0-30,3058,PARTIAL,58155.54,2026-04-21
9563,906516,0-30,3058,PARTIAL,19391.68,2026-05-15
9564,906516,30-60,3058,PENDING,0.0,2026-06-07
9565,906516,60-90,3058,PENDING,0.0,2026-07-01
9566,906516,90+,3058,WRITE_OFF,13770.35,2026-07-25
9567,906518,0-30,3047,PENDING,0.0,2026-07-05
9568,906518,0-30,3047,PENDING,0.0,2026-07-12
9569,906518,0-30,3047,PENDING,0.0,2026-07-18
9570,906518,0-30,3047,PENDING,0.0,2026-07-25
9571,906519,0-30,3052,PENDING,0.0,2025-11-10
9572,906519,0-30,3052,PENDING,0.0,2025-11-28
9573,906519,0-30,3052,PENDING,0.0,2025-12-17
9574,906519,0-30,3052,PENDING,0.0,2026-01-04
9575,906519,0-30,3052,PENDING,0.0,2026-01-22
9576,906519,0-30,3052,PARTIAL,197888.87,2026-02-10
9577,906519,0-30,3052,PARTIAL,146940.27,2026-02-28
9578,906519,0-30,3052,PARTIAL,144342.62,2026-03-18
9579,906519,0-30,3052,PENDING,0.0,2026-04-06
9580,906519,0-30,3052,PENDING,0.0,2026-04-24
9581,906519,0-30,3052,PARTIAL,50312.83,2026-05-12
9582,906519,0-30,3052,PENDING,0.0,2026-05-31
9583,906519,30-60,3052,PARTIAL,246492.73,2026-06-18
9584,906519,60-90,3052,PENDING,0.0,2026-07-06
9585,906519,90+,3052,PENDING,0.0,2026-07-25
9586,906521,0-30,3027,PENDING,0.0,2025-12-30
9587,906521,0-30,3027,PENDING,0.0,2026-01-22
9588,906521,0-30,3027,PENDING,0.0,2026-02-14
9589,906521,0-30,3027,PENDING,0.0,2026-03-09
9590,906521,0-30,3027,PENDING,0.0,2026-04-01
9591,906521,0-30,3027,PENDING,0.0,2026-04-24
9592,906521,0-30,3027,PENDING,0.0,2026-05-17
9593,906521,30-60,3027,PENDING,0.0,2026-06-09
9594,906521,60-90,3027,PENDING,0.0,2026-07-02
9595,906521,90+,3027,PARTIAL,687834.96,2026-07-25
9596,906524,0-30,3049,PENDING,0.0,2026-07-14
9597,906524,0-30,3049,RECOVERED,1267.28,2026-07-25
9598,906525,0-30,3041,PENDING,0.0,2026-07-08
9599,906525,30-60,3041,PARTIAL,1291.47,2026-07-25
9600,906526,0-30,3007,PENDING,0.0,2026-02-07
9601,906526,0-30,3007,PENDING,0.0,2026-02-28
9602,906526,0-30,3007,PENDING,0.0,2026-03-21
9603,906526,0-30,3007,PARTIAL,46404.67,2026-04-11
9604,906526,0-30,3007,PENDING,0.0,2026-05-02
9605,906526,0-30,3007,PARTIAL,41094.26,2026-05-23
9606,906526,30-60,3007,PENDING,0.0,2026-06-13
9607,906526,60-90,3007,PARTIAL,31172.83,2026-07-04
9608,906526,90+,3007,PENDING,0.0,2026-07-25
9609,906527,0-30,3020,PENDING,0.0,2026-07-07
9610,906527,30-60,3020,PENDING,0.0,2026-07-25
9611,906530,0-30,3043,PENDING,0.0,2026-06-20
9612,906530,0-30,3043,PENDING,0.0,2026-07-07
9613,906530,30-60,3043,PENDING,0.0,2026-07-25
9614,906531,0-30,3054,PARTIAL,20649.71,2026-07-05
9615,906531,30-60,3054,PARTIAL,14265.68,2026-07-25
9616,906539,30-60,3040,PARTIAL,15831.88,2026-07-25
9617,906541,0-30,3023,PENDING,0.0,2026-01-20
9618,906541,0-30,3023,PENDING,0.0,2026-02-20
9619,906541,0-30,3023,PENDING,0.0,2026-03-23
9620,906541,0-30,3023,PARTIAL,572997.59,2026-04-23
9621,906541,30-60,3023,PENDING,0.0,2026-05-24
9622,906541,60-90,3023,PENDING,0.0,2026-06-24
9623,906541,90+,3023,PARTIAL,375302.23,2026-07-25
9624,906547,0-30,3055,PENDING,0.0,2026-01-05
9625,906547,0-30,3055,PARTIAL,507280.44,2026-01-27
9626,906547,0-30,3055,PARTIAL,261707.77,2026-02-18
9627,906547,0-30,3055,PARTIAL,417658.5,2026-03-13
9628,906547,0-30,3055,PENDING,0.0,2026-04-04
9629,906547,0-30,3055,PENDING,0.0,2026-04-26
9630,906547,0-30,3055,PENDING,0.0,2026-05-19
9631,906547,30-60,3055,PENDING,0.0,2026-06-10
9632,906547,60-90,3055,PARTIAL,381434.15,2026-07-02
9633,906547,90+,3055,PENDING,0.0,2026-07-25
9634,906552,0-30,3047,PENDING,0.0,2026-06-22
9635,906552,0-30,3047,PENDING,0.0,2026-07-08
9636,906552,30-60,3047,PENDING,0.0,2026-07-25
9637,906555,0-30,3024,PARTIAL,18019.77,2026-05-20
9638,906555,0-30,3024,PENDING,0.0,2026-06-05
9639,906555,0-30,3024,PENDING,0.0,2026-06-22
9640,906555,30-60,3024,PARTIAL,40941.66,2026-07-08
9641,906555,60-90,3024,PARTIAL,45094.33,2026-07-25
9642,906556,0-30,3080,PENDING,0.0,2026-06-25
9643,906556,0-30,3080,PARTIAL,304.15,2026-07-05
9644,906556,0-30,3080,PARTIAL,1906.92,2026-07-15
9645,906556,30-60,3080,PENDING,0.0,2026-07-25
9646,906557,0-30,3007,PARTIAL,115093.42,2026-07-25
9647,906560,0-30,3055,PENDING,0.0,2025-10-03
9648,906560,0-30,3055,PARTIAL,44084.27,2025-10-26
9649,906560,0-30,3055,PENDING,0.0,2025-11-17
9650,906560,0-30,3055,PARTIAL,13435.64,2025-12-10
9651,906560,0-30,3055,PENDING,0.0,2026-01-02
9652,906560,0-30,3055,PARTIAL,54082.72,2026-01-24
9653,906560,0-30,3055,PARTIAL,5860.55,2026-02-16
9654,906560,0-30,3055,PARTIAL,35734.61,2026-03-11
9655,906560,0-30,3055,PENDING,0.0,2026-04-02
9656,906560,0-30,3055,PENDING,0.0,2026-04-25
9657,906560,0-30,3055,PENDING,0.0,2026-05-18
9658,906560,30-60,3055,PENDING,0.0,2026-06-09
9659,906560,60-90,3055,PARTIAL,43597.86,2026-07-02
9660,906560,90+,3055,PENDING,0.0,2026-07-25
9661,906562,0-30,3014,PARTIAL,1852.97,2026-07-25
9662,906565,0-30,3062,PARTIAL,20788.29,2026-06-04
9663,906565,0-30,3062,PENDING,0.0,2026-06-21
9664,906565,30-60,3062,PARTIAL,17468.13,2026-07-08
9665,906565,60-90,3062,PENDING,0.0,2026-07-25
9666,906567,30-60,3020,RECOVERED,4524.89,2026-07-25
9667,906568,0-30,3048,PENDING,0.0,2026-07-03
9668,906568,30-60,3048,PENDING,0.0,2026-07-25
9669,906573,60-90,3076,PENDING,0.0,2026-04-22
9670,906573,90+,3076,PENDING,0.0,2026-07-25
9671,906582,0-30,3034,PENDING,0.0,2025-10-11
9672,906582,0-30,3034,PARTIAL,53222.67,2025-10-30
9673,906582,0-30,3034,PARTIAL,47201.51,2025-11-18
9674,906582,0-30,3034,PENDING,0.0,2025-12-07
9675,906582,0-30,3034,PARTIAL,76689.42,2025-12-26
9676,906582,0-30,3034,PENDING,0.0,2026-01-14
9677,906582,0-30,3034,PENDING,0.0,2026-02-02
9678,906582,0-30,3034,PENDING,0.0,2026-02-22
9679,906582,0-30,3034,PENDING,0.0,2026-03-13
9680,906582,0-30,3034,PENDING,0.0,2026-04-01
9681,906582,0-30,3034,PENDING,0.0,2026-04-20
9682,906582,0-30,3034,PARTIAL,45948.36,2026-05-09
9683,906582,0-30,3034,PENDING,0.0,2026-05-28
9684,906582,30-60,3034,PENDING,0.0,2026-06-16
9685,906582,60-90,3034,PENDING,0.0,2026-07-05
9686,906582,90+,3034,PARTIAL,21212.02,2026-07-25
9687,906584,0-30,3032,PENDING,0.0,2025-08-18
9688,906584,0-30,3032,PENDING,0.0,2025-09-11
9689,906584,0-30,3032,PENDING,0.0,2025-10-06
9690,906584,0-30,3032,PENDING,0.0,2025-10-30
9691,906584,0-30,3032,PARTIAL,242072.69,2025-11-23
9692,906584,0-30,3032,PENDING,0.0,2025-12-18
9693,906584,0-30,3032,PARTIAL,116140.26,2026-01-11
9694,906584,0-30,3032,PENDING,0.0,2026-02-04
9695,906584,0-30,3032,PENDING,0.0,2026-03-01
9696,906584,0-30,3032,PENDING,0.0,2026-03-25
9697,906584,0-30,3032,PARTIAL,972283.17,2026-04-18
9698,906584,0-30,3032,PENDING,0.0,2026-05-13
9699,906584,30-60,3032,PENDING,0.0,2026-06-06
9700,906584,60-90,3032,PARTIAL,1042687.54,2026-06-30
9701,906584,90+,3032,PENDING,0.0,2026-07-25
9702,906587,0-30,3068,PENDING,0.0,2026-01-06
9703,906587,0-30,3068,PENDING,0.0,2026-01-31
9704,906587,0-30,3068,PENDING,0.0,2026-02-25
9705,906587,0-30,3068,PARTIAL,89071.05,2026-03-22
9706,906587,0-30,3068,PARTIAL,89749.7,2026-04-16
9707,906587,0-30,3068,PENDING,0.0,2026-05-11
9708,906587,30-60,3068,PENDING,0.0,2026-06-05
9709,906587,60-90,3068,PENDING,0.0,2026-06-30
9710,906587,90+,3068,WRITE_OFF,80968.78,2026-07-25
9711,906589,0-30,3017,PENDING,0.0,2026-07-01
9712,906589,30-60,3017,PARTIAL,135446.3,2026-07-25
9713,906590,0-30,3028,PARTIAL,94408.73,2026-04-04
9714,906590,0-30,3028,PENDING,0.0,2026-05-02
9715,906590,30-60,3028,PENDING,0.0,2026-05-30
9716,906590,60-90,3028,PARTIAL,133430.14,2026-06-27
9717,906590,90+,3028,PENDING,0.0,2026-07-25
9718,906591,0-30,3042,PARTIAL,13386.44,2026-05-31
9719,906591,30-60,3042,PARTIAL,9243.14,2026-06-27
9720,906591,60-90,3042,PENDING,0.0,2026-07-25
9721,906592,0-30,3024,PENDING,0.0,2026-05-27
9722,906592,0-30,3024,PENDING,0.0,2026-06-08
9723,906592,0-30,3024,PENDING,0.0,2026-06-20
9724,906592,0-30,3024,PENDING,0.0,2026-07-01
9725,906592,30-60,3024,PENDING,0.0,2026-07-13
9726,906592,60-90,3024,PENDING,0.0,2026-07-25
9727,906593,30-60,3043,RECOVERED,49279.51,2026-07-25
9728,906595,0-30,3036,PENDING,0.0,2026-07-11
9729,906595,0-30,3036,PENDING,0.0,2026-07-25
9730,906596,0-30,3079,PENDING,0.0,2026-01-26
9731,906596,0-30,3079,PARTIAL,2562.48,2026-03-12
9732,906596,30-60,3079,PARTIAL,16742.75,2026-04-26
9733,906596,60-90,3079,PENDING,0.0,2026-06-10
9734,906596,90+,3079,WRITE_OFF,6209.57,2026-07-25
9735,906600,0-30,3067,PENDING,0.0,2026-03-23
9736,906600,0-30,3067,PARTIAL,48296.9,2026-04-23
9737,906600,30-60,3067,PENDING,0.0,2026-05-24
9738,906600,60-90,3067,PENDING,0.0,2026-06-24
9739,906600,90+,3067,PENDING,0.0,2026-07-25
9740,906601,30-60,3055,PARTIAL,2032.1,2026-07-25
9741,906603,0-30,3011,PARTIAL,343277.32,2025-08-18
9742,906603,0-30,3011,PENDING,0.0,2025-09-11
9743,906603,0-30,3011,PARTIAL,293434.79,2025-10-06
9744,906603,0-30,3011,PENDING,0.0,2025-10-30
9745,906603,0-30,3011,PENDING,0.0,2025-11-23
9746,906603,0-30,3011,PENDING,0.0,2025-12-18
9747,906603,0-30,3011,PENDING,0.0,2026-01-11
9748,906603,0-30,3011,PENDING,0.0,2026-02-04
9749,906603,0-30,3011,PENDING,0.0,2026-03-01
9750,906603,0-30,3011,PENDING,0.0,2026-03-25
9751,906603,0-30,3011,PENDING,0.0,2026-04-18
9752,906603,0-30,3011,PENDING,0.0,2026-05-13
9753,906603,30-60,3011,PENDING,0.0,2026-06-06
9754,906603,60-90,3011,PARTIAL,250497.64,2026-06-30
9755,906603,90+,3011,WRITE_OFF,85623.85,2026-07-25
9756,906604,0-30,3059,PENDING,0.0,2026-06-22
9757,906604,0-30,3059,PARTIAL,2135.64,2026-07-03
9758,906604,0-30,3059,PENDING,0.0,2026-07-14
9759,906604,30-60,3059,PENDING,0.0,2026-07-25
9760,906605,0-30,3071,PARTIAL,40738.9,2026-01-05
9761,906605,0-30,3071,PENDING,0.0,2026-01-30
9762,906605,0-30,3071,PENDING,0.0,2026-02-24
9763,906605,0-30,3071,PENDING,0.0,2026-03-21
9764,906605,0-30,3071,PENDING,0.0,2026-04-15
9765,906605,0-30,3071,PENDING,0.0,2026-05-10
9766,906605,30-60,3071,PARTIAL,67626.24,2026-06-04
9767,906605,60-90,3071,PENDING,0.0,2026-06-29
9768,906605,90+,3071,WRITE_OFF,23461.16,2026-07-25
9769,906607,30-60,3044,PARTIAL,1213.3,2026-07-25
9770,906609,30-60,3073,PENDING,0.0,2026-07-25
9771,906613,0-30,3070,PARTIAL,4245.16,2026-06-25
9772,906613,0-30,3070,PENDING,0.0,2026-07-10
9773,906613,30-60,3070,PARTIAL,2399.59,2026-07-25
9774,906615,30-60,3044,PENDING,0.0,2026-07-25
9775,906617,0-30,3044,PENDING,0.0,2026-07-06
9776,906617,30-60,3044,PARTIAL,939.88,2026-07-25
9777,906618,0-30,3069,PENDING,0.0,2026-06-25
9778,906618,0-30,3069,PENDING,0.0,2026-07-10
9779,906618,30-60,3069,PENDING,0.0,2026-07-25
9780,906619,0-30,3006,PARTIAL,36963.45,2026-01-01
9781,906619,0-30,3006,PARTIAL,42089.81,2026-01-24
9782,906619,0-30,3006,PARTIAL,65734.65,2026-02-16
9783,906619,0-30,3006,PENDING,0.0,2026-03-10
9784,906619,0-30,3006,PENDING,0.0,2026-04-02
9785,906619,0-30,3006,PARTIAL,8944.97,2026-04-25
9786,906619,0-30,3006,PENDING,0.0,2026-05-17
9787,906619,30-60,3006,PARTIAL,27944.13,2026-06-09
9788,906619,60-90,3006,PENDING,0.0,2026-07-02
9789,906619,90+,3006,PENDING,0.0,2026-07-25
9790,906622,0-30,3041,PARTIAL,38245.25,2026-02-14
9791,906622,0-30,3041,PENDING,0.0,2026-02-27
9792,906622,0-30,3041,PENDING,0.0,2026-03-13
9793,906622,0-30,3041,PENDING,0.0,2026-03-26
9794,906622,0-30,3041,PARTIAL,36259.48,2026-04-08
9795,906622,0-30,3041,PENDING,0.0,2026-04-22
9796,906622,0-30,3041,PENDING,0.0,2026-05-05
9797,906622,0-30,3041,PENDING,0.0,2026-05-19
9798,906622,0-30,3041,PARTIAL,3266.0,2026-06-01
9799,906622,0-30,3041,PENDING,0.0,2026-06-14
9800,906622,30-60,3041,PENDING,0.0,2026-06-28
9801,906622,60-90,3041,PENDING,0.0,2026-07-11
9802,906622,90+,3041,PENDING,0.0,2026-07-25
9803,906627,0-30,3057,PENDING,0.0,2026-06-05
9804,906627,30-60,3057,PENDING,0.0,2026-06-30
9805,906627,60-90,3057,WRITE_OFF,1943.43,2026-07-25
9806,906629,0-30,3070,PARTIAL,171314.31,2025-09-03
9807,906629,0-30,3070,PENDING,0.0,2025-10-14
9808,906629,0-30,3070,PENDING,0.0,2025-11-23
9809,906629,0-30,3070,PARTIAL,202970.9,2026-01-03
9810,906629,0-30,3070,PARTIAL,136363.39,2026-02-12
9811,906629,0-30,3070,PARTIAL,136169.78,2026-03-25
9812,906629,30-60,3070,PENDING,0.0,2026-05-04
9813,906629,60-90,3070,PARTIAL,182842.41,2026-06-14
9814,906629,90+,3070,PARTIAL,95222.02,2026-07-25
9815,906631,30-60,3028,PENDING,0.0,2026-07-25
9816,906645,0-30,3025,PENDING,0.0,2026-06-29
9817,906645,0-30,3025,PENDING,0.0,2026-07-12
9818,906645,30-60,3025,PARTIAL,17039.29,2026-07-25
9819,906647,90+,3033,WRITE_OFF,33833.53,2026-07-25
9820,906650,0-30,3027,PENDING,0.0,2026-07-10
9821,906650,0-30,3027,PENDING,0.0,2026-07-25
9822,906653,0-30,3070,PARTIAL,53624.75,2026-01-23
9823,906653,0-30,3070,PENDING,0.0,2026-02-09
9824,906653,0-30,3070,PENDING,0.0,2026-02-25
9825,906653,0-30,3070,PENDING,0.0,2026-03-14
9826,906653,0-30,3070,PENDING,0.0,2026-03-30
9827,906653,0-30,3070,PENDING,0.0,2026-04-16
9828,906653,0-30,3070,PARTIAL,200582.98,2026-05-03
9829,906653,0-30,3070,PARTIAL,248919.27,2026-05-19
9830,906653,0-30,3070,PARTIAL,198479.15,2026-06-05
9831,906653,30-60,3070,PARTIAL,237038.06,2026-06-21
9832,906653,60-90,3070,PENDING,0.0,2026-07-08
9833,906653,90+,3070,WRITE_OFF,30083.17,2026-07-25
9834,906664,0-30,3045,PENDING,0.0,2026-03-03
9835,906664,0-30,3045,PENDING,0.0,2026-03-27
9836,906664,0-30,3045,PARTIAL,1653.7,2026-04-20
9837,906664,0-30,3045,PENDING,0.0,2026-05-14
9838,906664,30-60,3045,PARTIAL,1138.64,2026-06-07
9839,906664,60-90,3045,PENDING,0.0,2026-07-01
9840,906664,90+,3045,PENDING,0.0,2026-07-25
9841,906665,0-30,3051,PENDING,0.0,2026-06-28
9842,906665,30-60,3051,RECOVERED,93616.1,2026-07-25
9843,906669,0-30,3021,PARTIAL,1921.11,2026-05-11
9844,906669,0-30,3021,PENDING,0.0,2026-05-26
9845,906669,0-30,3021,PENDING,0.0,2026-06-10
9846,906669,0-30,3021,PENDING,0.0,2026-06-25
9847,906669,30-60,3021,PARTIAL,20341.13,2026-07-10
9848,906669,60-90,3021,PARTIAL,9403.83,2026-07-25
9849,906671,0-30,3015,PENDING,0.0,2026-05-14
9850,906671,30-60,3015,PARTIAL,175917.3,2026-06-07
9851,906671,60-90,3015,PENDING,0.0,2026-07-01
9852,906671,90+,3015,PENDING,0.0,2026-07-25
9853,906675,0-30,3061,PENDING,0.0,2026-06-22
9854,906675,0-30,3061,PENDING,0.0,2026-07-08
9855,906675,30-60,3061,PARTIAL,7434.06,2026-07-25
9856,906677,0-30,3047,PARTIAL,3387.44,2026-06-30
9857,906677,0-30,3047,PENDING,0.0,2026-07-08
9858,906677,0-30,3047,PENDING,0.0,2026-07-16
9859,906677,30-60,3047,PARTIAL,9435.19,2026-07-25
9860,906682,0-30,3025,PARTIAL,763.26,2026-07-02
9861,906682,30-60,3025,PENDING,0.0,2026-07-25
9862,906693,30-60,3039,PENDING,0.0,2026-07-25
9863,906703,0-30,3006,PENDING,0.0,2026-03-16
9864,906703,0-30,3006,PENDING,0.0,2026-04-18
9865,906703,30-60,3006,PENDING,0.0,2026-05-20
9866,906703,60-90,3006,PARTIAL,136247.64,2026-06-22
9867,906703,90+,3006,PARTIAL,168405.49,2026-07-25
9868,906705,30-60,3037,PARTIAL,10898.44,2026-07-25
9869,906708,0-30,3062,PARTIAL,198726.63,2026-07-25
9870,906712,0-30,3019,PENDING,0.0,2026-07-25
9871,906714,30-60,3028,PENDING,0.0,2026-07-25
9872,906715,0-30,3061,PARTIAL,7149.16,2026-07-25
9873,906716,30-60,3068,PENDING,0.0,2026-07-25
9874,906720,0-30,3010,PENDING,0.0,2026-04-12
9875,906720,0-30,3010,PENDING,0.0,2026-05-08
9876,906720,30-60,3010,PENDING,0.0,2026-06-03
9877,906720,60-90,3010,PENDING,0.0,2026-06-29
9878,906720,90+,3010,PENDING,0.0,2026-07-25
9879,906722,30-60,3037,PENDING,0.0,2026-07-25
9880,906728,0-30,3036,PENDING,0.0,2026-07-07
9881,906728,30-60,3036,PENDING,0.0,2026-07-25
9882,906730,0-30,3037,RECOVERED,62705.75,2026-07-25
9883,906735,0-30,3051,PENDING,0.0,2026-05-21
9884,906735,0-30,3051,PENDING,0.0,2026-06-03
9885,906735,0-30,3051,PENDING,0.0,2026-06-16
9886,906735,0-30,3051,PARTIAL,2309.93,2026-06-29
9887,906735,30-60,3051,PARTIAL,2374.08,2026-07-12
9888,906735,60-90,3051,PARTIAL,1308.72,2026-07-25
9889,906737,0-30,3007,PARTIAL,572.92,2026-06-27
9890,906737,0-30,3007,PENDING,0.0,2026-07-11
9891,906737,30-60,3007,PARTIAL,951.16,2026-07-25
9892,906738,0-30,3025,PARTIAL,9184.84,2026-07-04
9893,906738,0-30,3025,PENDING,0.0,2026-07-14
9894,906738,30-60,3025,PENDING,0.0,2026-07-25
9895,906743,0-30,3030,PARTIAL,5581.22,2026-02-05
9896,906743,0-30,3030,PENDING,0.0,2026-02-26
9897,906743,0-30,3030,PENDING,0.0,2026-03-19
9898,906743,0-30,3030,PENDING,0.0,2026-04-09
9899,906743,0-30,3030,PARTIAL,25451.1,2026-05-01
9900,906743,0-30,3030,PENDING,0.0,2026-05-22
9901,906743,30-60,3030,PARTIAL,35803.82,2026-06-12
9902,906743,60-90,3030,PENDING,0.0,2026-07-03
9903,906743,90+,3030,PARTIAL,18648.63,2026-07-25
9904,906746,30-60,3009,PENDING,0.0,2026-07-25
9905,906748,0-30,3053,PENDING,0.0,2025-12-09
9906,906748,0-30,3053,PARTIAL,36917.19,2026-01-01
9907,906748,0-30,3053,PENDING,0.0,2026-01-24
9908,906748,0-30,3053,PARTIAL,71820.34,2026-02-15
9909,906748,0-30,3053,PENDING,0.0,2026-03-10
9910,906748,0-30,3053,PENDING,0.0,2026-04-02
9911,906748,0-30,3053,PENDING,0.0,2026-04-25
9912,906748,0-30,3053,PENDING,0.0,2026-05-17
9913,906748,30-60,3053,PENDING,0.0,2026-06-09
9914,906748,60-90,3053,PENDING,0.0,2026-07-02
9915,906748,90+,3053,PENDING,0.0,2026-07-25
9916,906750,30-60,3030,PENDING,0.0,2026-06-21
9917,906750,60-90,3030,PARTIAL,28729.23,2026-07-25
9918,906751,0-30,3068,PENDING,0.0,2026-01-09
9919,906751,0-30,3068,PENDING,0.0,2026-02-03
9920,906751,0-30,3068,PENDING,0.0,2026-02-27
9921,906751,0-30,3068,PENDING,0.0,2026-03-24
9922,906751,0-30,3068,PENDING,0.0,2026-04-17
9923,906751,0-30,3068,PARTIAL,40602.08,2026-05-12
9924,906751,30-60,3068,PENDING,0.0,2026-06-05
9925,906751,60-90,3068,PENDING,0.0,2026-06-30
9926,906751,90+,3068,PARTIAL,5678.61,2026-07-25
9927,906753,30-60,3022,PENDING,0.0,2026-07-25
9928,906762,0-30,3070,PENDING,0.0,2026-07-25
9929,906763,0-30,3050,PARTIAL,6111.31,2026-07-02
9930,906763,30-60,3050,PENDING,0.0,2026-07-25
9931,906764,0-30,3058,PENDING,0.0,2026-03-03
9932,906764,0-30,3058,PENDING,0.0,2026-04-08
9933,906764,30-60,3058,PARTIAL,70231.22,2026-05-14
9934,906764,60-90,3058,PENDING,0.0,2026-06-19
9935,906764,90+,3058,PARTIAL,132730.75,2026-07-25
9936,906768,0-30,3038,PENDING,0.0,2025-12-23
9937,906768,0-30,3038,PARTIAL,62216.73,2026-01-11
9938,906768,0-30,3038,PENDING,0.0,2026-01-31
9939,906768,0-30,3038,PENDING,0.0,2026-02-19
9940,906768,0-30,3038,PENDING,0.0,2026-03-11
9941,906768,0-30,3038,PENDING,0.0,2026-03-30
9942,906768,0-30,3038,PARTIAL,40898.37,2026-04-18
9943,906768,0-30,3038,PARTIAL,228547.62,2026-05-08
9944,906768,0-30,3038,PARTIAL,147748.75,2026-05-27
9945,906768,30-60,3038,PENDING,0.0,2026-06-16
9946,906768,60-90,3038,PENDING,0.0,2026-07-05
9947,906768,90+,3038,PARTIAL,240601.04,2026-07-25
9948,906769,0-30,3041,PENDING,0.0,2026-01-26
9949,906769,0-30,3041,PENDING,0.0,2026-02-21
9950,906769,0-30,3041,PARTIAL,36579.43,2026-03-18
9951,906769,0-30,3041,PARTIAL,24200.18,2026-04-13
9952,906769,0-30,3041,PENDING,0.0,2026-05-09
9953,906769,30-60,3041,PENDING,0.0,2026-06-03
9954,906769,60-90,3041,PENDING,0.0,2026-06-29
9955,906769,90+,3041,PARTIAL,41367.44,2026-07-25
9956,906772,0-30,3010,PARTIAL,74502.11,2026-02-09
9957,906772,0-30,3010,PARTIAL,202114.49,2026-02-24
9958,906772,0-30,3010,PARTIAL,84520.97,2026-03-11
9959,906772,0-30,3010,PENDING,0.0,2026-03-26
9960,906772,0-30,3010,PENDING,0.0,2026-04-10
9961,906772,0-30,3010,PENDING,0.0,2026-04-25
9962,906772,0-30,3010,PENDING,0.0,2026-05-10
9963,906772,0-30,3010,PARTIAL,199857.67,2026-05-25
9964,906772,0-30,3010,PENDING,0.0,2026-06-09
9965,906772,30-60,3010,PENDING,0.0,2026-06-24
9966,906772,60-90,3010,PENDING,0.0,2026-07-09
9967,906772,90+,3010,PARTIAL,43978.14,2026-07-25
9968,906776,0-30,3048,PENDING,0.0,2026-06-25
9969,906776,0-30,3048,PENDING,0.0,2026-07-10
9970,906776,30-60,3048,PENDING,0.0,2026-07-25
9971,906778,0-30,3056,PENDING,0.0,2026-07-25
9972,906781,30-60,3071,PENDING,0.0,2026-07-25
9973,906782,0-30,3035,PENDING,0.0,2025-08-15
9974,906782,0-30,3035,PENDING,0.0,2025-09-05
9975,906782,0-30,3035,PENDING,0.0,2025-09-27
9976,906782,0-30,3035,PENDING,0.0,2025-10-18
9977,906782,0-30,3035,PENDING,0.0,2025-11-09
9978,906782,0-30,3035,PENDING,0.0,2025-11-30
9979,906782,0-30,3035,PARTIAL,32213.84,2025-12-22
9980,906782,0-30,3035,PENDING,0.0,2026-01-12
9981,906782,0-30,3035,PENDING,0.0,2026-02-03
9982,906782,0-30,3035,PENDING,0.0,2026-02-24
9983,906782,0-30,3035,PENDING,0.0,2026-03-18
9984,906782,0-30,3035,PENDING,0.0,2026-04-08
9985,906782,0-30,3035,PARTIAL,59286.58,2026-04-30
9986,906782,0-30,3035,PENDING,0.0,2026-05-21
9987,906782,30-60,3035,PENDING,0.0,2026-06-12
9988,906782,60-90,3035,PENDING,0.0,2026-07-03
9989,906782,90+,3035,WRITE_OFF,15418.56,2026-07-25
9990,906784,0-30,3037,PARTIAL,377734.52,2025-10-20
9991,906784,0-30,3037,PENDING,0.0,2025-11-12
9992,906784,0-30,3037,PENDING,0.0,2025-12-05
9993,906784,0-30,3037,PENDING,0.0,2025-12-28
9994,906784,0-30,3037,PARTIAL,382012.7,2026-01-20
9995,906784,0-30,3037,PARTIAL,432221.63,2026-02-12
9996,906784,0-30,3037,PENDING,0.0,2026-03-08
9997,906784,0-30,3037,PENDING,0.0,2026-03-31
9998,906784,0-30,3037,PARTIAL,171340.6,2026-04-23
9999,906784,0-30,3037,PENDING,0.0,2026-05-16
10000,906784,30-60,3037,PARTIAL,393512.59,2026-06-08
10001,906784,60-90,3037,PENDING,0.0,2026-07-01
10002,906784,90+,3037,PENDING,0.0,2026-07-25
10003,906787,0-30,3058,PENDING,0.0,2026-03-09
10004,906787,30-60,3058,PARTIAL,23880.6,2026-04-24
10005,906787,60-90,3058,PENDING,0.0,2026-06-09
10006,906787,90+,3058,PARTIAL,38250.51,2026-07-25
10007,906788,0-30,3013,PENDING,0.0,2026-02-06
10008,906788,0-30,3013,PENDING,0.0,2026-02-25
10009,906788,0-30,3013,PENDING,0.0,2026-03-16
10010,906788,0-30,3013,PENDING,0.0,2026-04-03
10011,906788,0-30,3013,PENDING,0.0,2026-04-22
10012,906788,0-30,3013,PENDING,0.0,2026-05-11
10013,906788,0-30,3013,PENDING,0.0,2026-05-29
10014,906788,30-60,3013,PENDING,0.0,2026-06-17
10015,906788,60-90,3013,PENDING,0.0,2026-07-06
10016,906788,90+,3013,PARTIAL,1292.51,2026-07-25
10017,906796,0-30,3025,PENDING,0.0,2026-06-04
10018,906796,30-60,3025,PENDING,0.0,2026-06-29
10019,906796,60-90,3025,PENDING,0.0,2026-07-25
10020,906799,0-30,3042,PARTIAL,81432.25,2026-07-25
10021,906803,0-30,3075,PENDING,0.0,2025-09-18
10022,906803,0-30,3075,PARTIAL,5659.62,2025-10-10
10023,906803,0-30,3075,PENDING,0.0,2025-11-01
10024,906803,0-30,3075,PENDING,0.0,2025-11-23
10025,906803,0-30,3075,PENDING,0.0,2025-12-15
10026,906803,0-30,3075,PENDING,0.0,2026-01-06
10027,906803,0-30,3075,PARTIAL,15446.8,2026-01-28
10028,906803,0-30,3075,PARTIAL,8553.88,2026-02-20
10029,906803,0-30,3075,PENDING,0.0,2026-03-14
10030,906803,0-30,3075,PARTIAL,16924.11,2026-04-05
10031,906803,0-30,3075,PENDING,0.0,2026-04-27
10032,906803,0-30,3075,PENDING,0.0,2026-05-19
10033,906803,30-60,3075,PENDING,0.0,2026-06-10
10034,906803,60-90,3075,PARTIAL,10521.96,2026-07-02
10035,906803,90+,3075,WRITE_OFF,4608.83,2026-07-25
10036,906805,0-30,3045,PARTIAL,10701.0,2026-06-29
10037,906805,0-30,3045,PENDING,0.0,2026-07-12
10038,906805,30-60,3045,PENDING,0.0,2026-07-25
10039,906810,0-30,3028,PENDING,0.0,2026-01-27
10040,906810,0-30,3028,PENDING,0.0,2026-02-18
10041,906810,0-30,3028,PENDING,0.0,2026-03-13
10042,906810,0-30,3028,PENDING,0.0,2026-04-04
10043,906810,0-30,3028,PENDING,0.0,2026-04-26
10044,906810,0-30,3028,PARTIAL,2968.11,2026-05-19
10045,906810,30-60,3028,PENDING,0.0,2026-06-10
10046,906810,60-90,3028,PARTIAL,10607.16,2026-07-02
10047,906810,90+,3028,PENDING,0.0,2026-07-25
10048,906811,0-30,3035,PARTIAL,10395.2,2026-07-25
10049,906818,30-60,3021,PENDING,0.0,2026-07-25
10050,906819,0-30,3033,PENDING,0.0,2026-07-25
10051,906820,0-30,3002,PARTIAL,55220.47,2025-12-14
10052,906820,0-30,3002,PENDING,0.0,2026-01-08
10053,906820,0-30,3002,PENDING,0.0,2026-02-02
10054,906820,0-30,3002,PENDING,0.0,2026-02-26
10055,906820,0-30,3002,PARTIAL,75287.14,2026-03-23
10056,906820,0-30,3002,PENDING,0.0,2026-04-17
10057,906820,0-30,3002,PENDING,0.0,2026-05-11
10058,906820,30-60,3002,PENDING,0.0,2026-06-05
10059,906820,60-90,3002,PARTIAL,20742.48,2026-06-30
10060,906820,90+,3002,PARTIAL,33867.15,2026-07-25
10061,906824,0-30,3046,PENDING,0.0,2026-07-10
10062,906824,0-30,3046,PARTIAL,1776.19,2026-07-25
10063,906829,30-60,3011,PARTIAL,166.98,2026-07-25
10064,906830,0-30,3029,PARTIAL,173242.84,2026-07-25
10065,906831,0-30,3001,PARTIAL,33686.28,2026-07-08
10066,906831,30-60,3001,PENDING,0.0,2026-07-25
10067,906833,0-30,3061,PENDING,0.0,2026-02-25
10068,906833,30-60,3061,PENDING,0.0,2026-04-16
10069,906833,60-90,3061,PENDING,0.0,2026-06-05
10070,906833,90+,3061,WRITE_OFF,56482.86,2026-07-25
10071,906839,30-60,3053,PENDING,0.0,2026-06-21
10072,906839,60-90,3053,PARTIAL,39170.09,2026-07-25
10073,906840,30-60,3046,PARTIAL,23932.42,2026-07-25
10074,906842,0-30,3013,PENDING,0.0,2026-03-10
10075,906842,30-60,3013,PENDING,0.0,2026-04-25
10076,906842,60-90,3013,PENDING,0.0,2026-06-09
10077,906842,90+,3013,PENDING,0.0,2026-07-25
10078,906848,0-30,3048,PARTIAL,2683.62,2026-07-25
10079,906850,0-30,3014,PARTIAL,4853.59,2026-02-01
10080,906850,0-30,3014,PARTIAL,3380.45,2026-02-26
10081,906850,0-30,3014,PENDING,0.0,2026-03-23
10082,906850,0-30,3014,PENDING,0.0,2026-04-17
10083,906850,0-30,3014,PENDING,0.0,2026-05-11
10084,906850,30-60,3014,PENDING,0.0,2026-06-05
10085,906850,60-90,3014,PARTIAL,5135.39,2026-06-30
10086,906850,90+,3014,PENDING,0.0,2026-07-25
10087,906851,0-30,3023,PARTIAL,8562.28,2026-07-12
10088,906851,0-30,3023,PENDING,0.0,2026-07-25
10089,906856,0-30,3070,PARTIAL,7100.77,2026-07-07
10090,906856,30-60,3070,PENDING,0.0,2026-07-25
10091,906859,30-60,3058,RECOVERED,6253.18,2026-07-25
10092,906872,0-30,3051,PENDING,0.0,2025-12-12
10093,906872,0-30,3051,PENDING,0.0,2025-12-31
10094,906872,0-30,3051,PENDING,0.0,2026-01-19
10095,906872,0-30,3051,PENDING,0.0,2026-02-06
10096,906872,0-30,3051,PENDING,0.0,2026-02-25
10097,906872,0-30,3051,PENDING,0.0,2026-03-16
10098,906872,0-30,3051,PENDING,0.0,2026-04-03
10099,906872,0-30,3051,PARTIAL,1020.95,2026-04-22
10100,906872,0-30,3051,PENDING,0.0,2026-05-11
10101,906872,0-30,3051,PENDING,0.0,2026-05-29
10102,906872,30-60,3051,PARTIAL,5341.62,2026-06-17
10103,906872,60-90,3051,PENDING,0.0,2026-07-06
10104,906872,90+,3051,PENDING,0.0,2026-07-25
10105,906874,30-60,3077,PENDING,0.0,2026-07-25
10106,906879,0-30,3074,PENDING,0.0,2026-07-09
10107,906879,30-60,3074,PENDING,0.0,2026-07-25
10108,906882,30-60,3028,PENDING,0.0,2026-07-25
10109,906887,0-30,3024,PARTIAL,3394.05,2026-03-05
10110,906887,30-60,3024,PENDING,0.0,2026-04-21
10111,906887,60-90,3024,PENDING,0.0,2026-06-07
10112,906887,90+,3024,WRITE_OFF,875.44,2026-07-25
10113,906889,0-30,3011,PENDING,0.0,2026-05-20
10114,906889,0-30,3011,PARTIAL,23624.3,2026-05-31
10115,906889,0-30,3011,PENDING,0.0,2026-06-11
10116,906889,0-30,3011,PENDING,0.0,2026-06-22
10117,906889,0-30,3011,PENDING,0.0,2026-07-03
10118,906889,30-60,3011,PENDING,0.0,2026-07-14
10119,906889,60-90,3011,PENDING,0.0,2026-07-25
10120,906893,0-30,3071,PENDING,0.0,2026-07-08
10121,906893,30-60,3071,PENDING,0.0,2026-07-25
10122,906894,0-30,3039,PENDING,0.0,2026-06-27
10123,906894,30-60,3039,RECOVERED,6337.48,2026-07-25
10124,906895,0-30,3026,PENDING,0.0,2025-09-09
10125,906895,0-30,3026,PENDING,0.0,2025-09-28
10126,906895,0-30,3026,PARTIAL,165147.53,2025-10-17
10127,906895,0-30,3026,PENDING,0.0,2025-11-04
10128,906895,0-30,3026,PENDING,0.0,2025-11-23
10129,906895,0-30,3026,PARTIAL,208490.76,2025-12-12
10130,906895,0-30,3026,PENDING,0.0,2025-12-31
10131,906895,0-30,3026,PENDING,0.0,2026-01-18
10132,906895,0-30,3026,PENDING,0.0,2026-02-06
10133,906895,0-30,3026,PARTIAL,357819.56,2026-02-25
10134,906895,0-30,3026,PARTIAL,313998.44,2026-03-15
10135,906895,0-30,3026,PENDING,0.0,2026-04-03
10136,906895,0-30,3026,PENDING,0.0,2026-04-22
10137,906895,0-30,3026,PARTIAL,562254.03,2026-05-11
10138,906895,0-30,3026,PENDING,0.0,2026-05-29
10139,906895,30-60,3026,PENDING,0.0,2026-06-17
10140,906895,60-90,3026,PENDING,0.0,2026-07-06
10141,906895,90+,3026,PENDING,0.0,2026-07-25
10142,906898,30-60,3047,PARTIAL,3718.99,2026-05-22
10143,906898,60-90,3047,PENDING,0.0,2026-06-23
10144,906898,90+,3047,PENDING,0.0,2026-07-25
10145,906903,30-60,3010,PENDING,0.0,2026-07-25
10146,906906,0-30,3079,PENDING,0.0,2025-10-10
10147,906906,0-30,3079,PENDING,0.0,2025-11-05
10148,906906,0-30,3079,PENDING,0.0,2025-12-01
10149,906906,0-30,3079,PENDING,0.0,2025-12-27
10150,906906,0-30,3079,PARTIAL,11015.18,2026-01-22
10151,906906,0-30,3079,PENDING,0.0,2026-02-18
10152,906906,0-30,3079,PENDING,0.0,2026-03-16
10153,906906,0-30,3079,PENDING,0.0,2026-04-11
10154,906906,0-30,3079,PARTIAL,25868.86,2026-05-07
10155,906906,30-60,3079,PENDING,0.0,2026-06-02
10156,906906,60-90,3079,PENDING,0.0,2026-06-28
10157,906906,90+,3079,PENDING,0.0,2026-07-25
10158,906907,0-30,3045,PENDING,0.0,2025-11-02
10159,906907,0-30,3045,PENDING,0.0,2025-11-26
10160,906907,0-30,3045,PARTIAL,2893.38,2025-12-20
10161,906907,0-30,3045,PARTIAL,6041.4,2026-01-13
10162,906907,0-30,3045,PENDING,0.0,2026-02-06
10163,906907,0-30,3045,PENDING,0.0,2026-03-02
10164,906907,0-30,3045,PENDING,0.0,2026-03-26
10165,906907,0-30,3045,PENDING,0.0,2026-04-19
10166,906907,0-30,3045,PARTIAL,9034.72,2026-05-13
10167,906907,30-60,3045,PENDING,0.0,2026-06-06
10168,906907,60-90,3045,PENDING,0.0,2026-06-30
10169,906907,90+,3045,PARTIAL,8068.19,2026-07-25
10170,906910,30-60,3016,PARTIAL,32220.82,2026-07-25
10171,906912,0-30,3057,PARTIAL,3259.15,2025-09-05
10172,906912,0-30,3057,PENDING,0.0,2025-09-28
10173,906912,0-30,3057,PENDING,0.0,2025-10-21
10174,906912,0-30,3057,PENDING,0.0,2025-11-13
10175,906912,0-30,3057,PENDING,0.0,2025-12-06
10176,906912,0-30,3057,PENDING,0.0,2025-12-29
10177,906912,0-30,3057,PENDING,0.0,2026-01-21
10178,906912,0-30,3057,PARTIAL,6196.28,2026-02-13
10179,906912,0-30,3057,PARTIAL,2904.3,2026-03-08
10180,906912,0-30,3057,PENDING,0.0,2026-03-31
10181,906912,0-30,3057,PENDING,0.0,2026-04-23
10182,906912,0-30,3057,PENDING,0.0,2026-05-16
10183,906912,30-60,3057,PENDING,0.0,2026-06-08
10184,906912,60-90,3057,PENDING,0.0,2026-07-01
10185,906912,90+,3057,PENDING,0.0,2026-07-25
10186,906916,0-30,3080,PENDING,0.0,2026-06-29
10187,906916,0-30,3080,PENDING,0.0,2026-07-12
10188,906916,30-60,3080,PENDING,0.0,2026-07-25
10189,906918,0-30,3001,PENDING,0.0,2026-02-18
10190,906918,0-30,3001,PARTIAL,380306.39,2026-03-21
10191,906918,0-30,3001,PENDING,0.0,2026-04-22
10192,906918,30-60,3001,PARTIAL,95797.62,2026-05-23
10193,906918,60-90,3001,PENDING,0.0,2026-06-23
10194,906918,90+,3001,PENDING,0.0,2026-07-25
10195,906919,0-30,3025,PENDING,0.0,2025-10-16
10196,906919,0-30,3025,PENDING,0.0,2025-11-16
10197,906919,0-30,3025,PENDING,0.0,2025-12-17
10198,906919,0-30,3025,PENDING,0.0,2026-01-18
10199,906919,0-30,3025,PARTIAL,133988.37,2026-02-18
10200,906919,0-30,3025,PENDING,0.0,2026-03-21
10201,906919,0-30,3025,PARTIAL,148223.59,2026-04-22
10202,906919,30-60,3025,PENDING,0.0,2026-05-23
10203,906919,60-90,3025,PENDING,0.0,2026-06-23
10204,906919,90+,3025,WRITE_OFF,14022.35,2026-07-25
10205,906922,0-30,3017,PENDING,0.0,2026-05-04
10206,906922,0-30,3017,PENDING,0.0,2026-05-24
10207,906922,30-60,3017,PENDING,0.0,2026-06-14
10208,906922,60-90,3017,PARTIAL,19790.82,2026-07-04
10209,906922,90+,3017,PARTIAL,57505.5,2026-07-25
10210,906925,0-30,3005,PENDING,0.0,2026-07-11
10211,906925,0-30,3005,PENDING,0.0,2026-07-25
10212,906926,0-30,3037,PENDING,0.0,2026-06-29
10213,906926,30-60,3037,PENDING,0.0,2026-07-25
10214,906930,0-30,3054,PARTIAL,1140.39,2026-02-27
10215,906930,0-30,3054,PENDING,0.0,2026-03-24
10216,906930,0-30,3054,PENDING,0.0,2026-04-17
10217,906930,0-30,3054,PARTIAL,440.86,2026-05-12
10218,906930,30-60,3054,PARTIAL,487.86,2026-06-05
10219,906930,60-90,3054,PENDING,0.0,2026-06-30
10220,906930,90+,3054,WRITE_OFF,189.4,2026-07-25
10221,906932,0-30,3071,PENDING,0.0,2025-11-02
10222,906932,0-30,3071,PARTIAL,37534.68,2025-11-22
10223,906932,0-30,3071,PENDING,0.0,2025-12-13
10224,906932,0-30,3071,PENDING,0.0,2026-01-02
10225,906932,0-30,3071,PENDING,0.0,2026-01-22
10226,906932,0-30,3071,PENDING,0.0,2026-02-12
10227,906932,0-30,3071,PENDING,0.0,2026-03-04
10228,906932,0-30,3071,PENDING,0.0,2026-03-24
10229,906932,0-30,3071,PENDING,0.0,2026-04-14
10230,906932,0-30,3071,PARTIAL,106195.62,2026-05-04
10231,906932,0-30,3071,PARTIAL,64543.3,2026-05-24
10232,906932,30-60,3071,PENDING,0.0,2026-06-14
10233,906932,60-90,3071,PENDING,0.0,2026-07-04
10234,906932,90+,3071,PARTIAL,21304.05,2026-07-25
10235,906935,0-30,3043,PENDING,0.0,2026-07-03
10236,906935,30-60,3043,PENDING,0.0,2026-07-25
10237,906938,0-30,3021,PENDING,0.0,2025-08-31
10238,906938,0-30,3021,PENDING,0.0,2025-10-03
10239,906938,0-30,3021,PENDING,0.0,2025-11-05
10240,906938,0-30,3021,PARTIAL,35713.98,2025-12-07
10241,906938,0-30,3021,PENDING,0.0,2026-01-09
10242,906938,0-30,3021,PENDING,0.0,2026-02-11
10243,906938,0-30,3021,PENDING,0.0,2026-03-16
10244,906938,0-30,3021,PENDING,0.0,2026-04-17
10245,906938,30-60,3021,PENDING,0.0,2026-05-20
10246,906938,60-90,3021,PARTIAL,34823.36,2026-06-22
10247,906938,90+,3021,PENDING,0.0,2026-07-25
10248,906942,0-30,3032,PENDING,0.0,2026-06-23
10249,906942,0-30,3032,PENDING,0.0,2026-07-09
10250,906942,30-60,3032,PENDING,0.0,2026-07-25
10251,906945,0-30,3044,PARTIAL,4420.98,2026-06-22
10252,906945,0-30,3044,PENDING,0.0,2026-07-03
10253,906945,0-30,3044,PENDING,0.0,2026-07-14
10254,906945,30-60,3044,PENDING,0.0,2026-07-25
10255,906946,30-60,3039,PENDING,0.0,2026-05-25
10256,906946,60-90,3039,PENDING,0.0,2026-06-24
10257,906946,90+,3039,WRITE_OFF,15180.23,2026-07-25
10258,906947,0-30,3065,RECOVERED,10205.93,2026-07-25
10259,906948,0-30,3039,PENDING,0.0,2026-07-14
10260,906948,0-30,3039,PENDING,0.0,2026-07-25
10261,906951,0-30,3045,PENDING,0.0,2025-12-13
10262,906951,0-30,3045,PARTIAL,35678.88,2026-01-14
10263,906951,0-30,3045,PARTIAL,24673.8,2026-02-15
10264,906951,0-30,3045,PENDING,0.0,2026-03-19
10265,906951,0-30,3045,PENDING,0.0,2026-04-20
10266,906951,30-60,3045,PENDING,0.0,2026-05-22
10267,906951,60-90,3045,PENDING,0.0,2026-06-23
10268,906951,90+,3045,PENDING,0.0,2026-07-25
10269,906961,0-30,3015,PENDING,0.0,2026-02-11
10270,906961,0-30,3015,PARTIAL,10737.92,2026-03-24
10271,906961,30-60,3015,PENDING,0.0,2026-05-04
10272,906961,60-90,3015,PARTIAL,86803.0,2026-06-14
10273,906961,90+,3015,WRITE_OFF,24572.58,2026-07-25
10274,906962,0-30,3052,PENDING,0.0,2026-07-09
10275,906962,30-60,3052,RECOVERED,38836.28,2026-07-25
10276,906965,30-60,3037,PENDING,0.0,2026-07-25
10277,906966,0-30,3003,PENDING,0.0,2025-12-01
10278,906966,0-30,3003,PENDING,0.0,2025-12-22
10279,906966,0-30,3003,PARTIAL,91177.89,2026-01-13
10280,906966,0-30,3003,PENDING,0.0,2026-02-03
10281,906966,0-30,3003,PARTIAL,19816.01,2026-02-25
10282,906966,0-30,3003,PENDING,0.0,2026-03-18
10283,906966,0-30,3003,PARTIAL,154368.7,2026-04-08
10284,906966,0-30,3003,PENDING,0.0,2026-04-30
10285,906966,0-30,3003,PENDING,0.0,2026-05-21
10286,906966,30-60,3003,PENDING,0.0,2026-06-12
10287,906966,60-90,3003,PARTIAL,122305.57,2026-07-03
10288,906966,90+,3003,PENDING,0.0,2026-07-25
10289,906969,30-60,3066,RECOVERED,71862.79,2026-07-25
10290,906970,0-30,3072,RECOVERED,1833.29,2026-07-25
10291,906975,0-30,3017,PENDING,0.0,2026-06-02
10292,906975,30-60,3017,PENDING,0.0,2026-06-28
10293,906975,60-90,3017,PENDING,0.0,2026-07-25
10294,906976,0-30,3054,PENDING,0.0,2025-09-11
10295,906976,0-30,3054,PENDING,0.0,2025-10-07
10296,906976,0-30,3054,PENDING,0.0,2025-11-03
10297,906976,0-30,3054,PENDING,0.0,2025-11-29
10298,906976,0-30,3054,PENDING,0.0,2025-12-25
10299,906976,0-30,3054,PENDING,0.0,2026-01-21
10300,906976,0-30,3054,PARTIAL,42464.28,2026-02-16
10301,906976,0-30,3054,PARTIAL,203509.24,2026-03-15
10302,906976,0-30,3054,PENDING,0.0,2026-04-10
10303,906976,0-30,3054,PENDING,0.0,2026-05-06
10304,906976,30-60,3054,PARTIAL,206631.81,2026-06-02
10305,906976,60-90,3054,PENDING,0.0,2026-06-28
10306,906976,90+,3054,PENDING,0.0,2026-07-25
10307,906980,0-30,3069,PENDING,0.0,2026-01-23
10308,906980,0-30,3069,PENDING,0.0,2026-02-10
10309,906980,0-30,3069,PENDING,0.0,2026-02-28
10310,906980,0-30,3069,PENDING,0.0,2026-03-19
10311,906980,0-30,3069,PENDING,0.0,2026-04-06
10312,906980,0-30,3069,PARTIAL,10079.74,2026-04-24
10313,906980,0-30,3069,PARTIAL,5655.34,2026-05-12
10314,906980,0-30,3069,PENDING,0.0,2026-05-31
10315,906980,30-60,3069,PARTIAL,12810.5,2026-06-18
10316,906980,60-90,3069,PENDING,0.0,2026-07-06
10317,906980,90+,3069,PARTIAL,32413.8,2026-07-25
10318,906988,0-30,3039,PENDING,0.0,2025-12-14
10319,906988,0-30,3039,PENDING,0.0,2026-01-08
10320,906988,0-30,3039,PENDING,0.0,2026-02-02
10321,906988,0-30,3039,PENDING,0.0,2026-02-26
10322,906988,0-30,3039,PENDING,0.0,2026-03-23
10323,906988,0-30,3039,PARTIAL,26119.33,2026-04-17
10324,906988,0-30,3039,PENDING,0.0,2026-05-11
10325,906988,30-60,3039,PARTIAL,26630.11,2026-06-05
10326,906988,60-90,3039,PENDING,0.0,2026-06-30
10327,906988,90+,3039,PENDING,0.0,2026-07-25
10328,906991,0-30,3001,PARTIAL,61518.18,2026-07-25
10329,906992,0-30,3074,PENDING,0.0,2025-10-22
10330,906992,0-30,3074,PENDING,0.0,2025-11-25
10331,906992,0-30,3074,PENDING,0.0,2025-12-30
10332,906992,0-30,3074,PARTIAL,57575.92,2026-02-02
10333,906992,0-30,3074,PARTIAL,135107.93,2026-03-09
10334,906992,0-30,3074,PARTIAL,74997.06,2026-04-12
10335,906992,30-60,3074,PENDING,0.0,2026-05-17
10336,906992,60-90,3074,PENDING,0.0,2026-06-20
10337,906992,90+,3074,PARTIAL,28125.19,2026-07-25
10338,906993,0-30,3055,PENDING,0.0,2026-07-01
10339,906993,30-60,3055,PARTIAL,140.58,2026-07-25
10340,906999,0-30,3050,PARTIAL,57232.13,2026-06-23
10341,906999,0-30,3050,PENDING,0.0,2026-07-04
10342,906999,0-30,3050,PENDING,0.0,2026-07-14
10343,906999,30-60,3050,PENDING,0.0,2026-07-25
10344,907003,0-30,3028,PENDING,0.0,2026-06-03
10345,907003,0-30,3028,PENDING,0.0,2026-06-20
10346,907003,30-60,3028,PENDING,0.0,2026-07-07
10347,907003,60-90,3028,PENDING,0.0,2026-07-25
10348,907012,0-30,3024,PENDING,0.0,2026-06-01
10349,907012,30-60,3024,PARTIAL,75409.37,2026-06-28
10350,907012,60-90,3024,PARTIAL,81517.62,2026-07-25
10351,907014,0-30,3043,PARTIAL,10900.73,2025-11-24
10352,907014,0-30,3043,PENDING,0.0,2025-12-24
10353,907014,0-30,3043,PARTIAL,6875.47,2026-01-24
10354,907014,0-30,3043,PENDING,0.0,2026-02-23
10355,907014,0-30,3043,PENDING,0.0,2026-03-25
10356,907014,0-30,3043,PENDING,0.0,2026-04-25
10357,907014,30-60,3043,PENDING,0.0,2026-05-25
10358,907014,60-90,3043,PENDING,0.0,2026-06-24
10359,907014,90+,3043,PENDING,0.0,2026-07-25
10360,907015,30-60,3080,PENDING,0.0,2026-07-25
10361,907016,0-30,3056,PENDING,0.0,2025-11-19
10362,907016,0-30,3056,PENDING,0.0,2025-12-17
10363,907016,0-30,3056,PARTIAL,352134.82,2026-01-13
10364,907016,0-30,3056,PENDING,0.0,2026-02-10
10365,907016,0-30,3056,PENDING,0.0,2026-03-09
10366,907016,0-30,3056,PENDING,0.0,2026-04-06
10367,907016,0-30,3056,PENDING,0.0,2026-05-03
10368,907016,30-60,3056,PARTIAL,145507.5,2026-05-31
10369,907016,60-90,3056,PENDING,0.0,2026-06-27
10370,907016,90+,3056,PENDING,0.0,2026-07-25
10371,907021,30-60,3037,PENDING,0.0,2026-07-25
10372,907022,0-30,3071,PENDING,0.0,2026-07-09
10373,907022,30-60,3071,PARTIAL,3745.3,2026-07-25
10374,907024,0-30,3048,PENDING,0.0,2026-01-31
10375,907024,0-30,3048,PENDING,0.0,2026-02-17
10376,907024,0-30,3048,PARTIAL,2533.21,2026-03-07
10377,907024,0-30,3048,PARTIAL,13370.56,2026-03-24
10378,907024,0-30,3048,PARTIAL,4642.87,2026-04-11
10379,907024,0-30,3048,PENDING,0.0,2026-04-28
10380,907024,0-30,3048,PARTIAL,21066.42,2026-05-16
10381,907024,0-30,3048,PENDING,0.0,2026-06-02
10382,907024,30-60,3048,PENDING,0.0,2026-06-20
10383,907024,60-90,3048,PENDING,0.0,2026-07-07
10384,907024,90+,3048,WRITE_OFF,5134.98,2026-07-25
10385,907027,30-60,3044,PENDING,0.0,2026-07-25
10386,907029,30-60,3013,PARTIAL,9383.96,2026-07-25
10387,907031,0-30,3020,PARTIAL,274751.79,2025-08-19
10388,907031,0-30,3020,PENDING,0.0,2025-09-12
10389,907031,0-30,3020,PENDING,0.0,2025-10-06
10390,907031,0-30,3020,PENDING,0.0,2025-10-31
10391,907031,0-30,3020,PENDING,0.0,2025-11-24
10392,907031,0-30,3020,PENDING,0.0,2025-12-18
10393,907031,0-30,3020,PENDING,0.0,2026-01-11
10394,907031,0-30,3020,PENDING,0.0,2026-02-05
10395,907031,0-30,3020,PENDING,0.0,2026-03-01
10396,907031,0-30,3020,PENDING,0.0,2026-03-25
10397,907031,0-30,3020,PENDING,0.0,2026-04-18
10398,907031,0-30,3020,PARTIAL,224642.01,2026-05-13
10399,907031,30-60,3020,PENDING,0.0,2026-06-06
10400,907031,60-90,3020,PENDING,0.0,2026-06-30
10401,907031,90+,3020,PENDING,0.0,2026-07-25
10402,907032,0-30,3014,PENDING,0.0,2026-02-05
10403,907032,0-30,3014,PENDING,0.0,2026-03-05
10404,907032,0-30,3014,PENDING,0.0,2026-04-02
10405,907032,0-30,3014,PARTIAL,177630.65,2026-05-01
10406,907032,30-60,3014,PARTIAL,131545.85,2026-05-29
10407,907032,60-90,3014,PENDING,0.0,2026-06-26
10408,907032,90+,3014,PARTIAL,109848.66,2026-07-25
10409,907034,0-30,3074,PENDING,0.0,2025-10-28
10410,907034,0-30,3074,PARTIAL,214073.24,2025-11-18
10411,907034,0-30,3074,PENDING,0.0,2025-12-09
10412,907034,0-30,3074,PENDING,0.0,2025-12-29
10413,907034,0-30,3074,PENDING,0.0,2026-01-19
10414,907034,0-30,3074,PARTIAL,71321.73,2026-02-09
10415,907034,0-30,3074,PARTIAL,60184.13,2026-03-02
10416,907034,0-30,3074,PENDING,0.0,2026-03-22
10417,907034,0-30,3074,PENDING,0.0,2026-04-12
10418,907034,0-30,3074,PENDING,0.0,2026-05-03
10419,907034,0-30,3074,PARTIAL,111066.66,2026-05-23
10420,907034,30-60,3074,PARTIAL,105823.2,2026-06-13
10421,907034,60-90,3074,PARTIAL,34592.87,2026-07-04
10422,907034,90+,3074,PENDING,0.0,2026-07-25
10423,907036,0-30,3034,PENDING,0.0,2026-07-05
10424,907036,30-60,3034,PARTIAL,644.97,2026-07-25
10425,907038,0-30,3006,PARTIAL,310.52,2026-06-28
10426,907038,0-30,3006,PENDING,0.0,2026-07-07
10427,907038,0-30,3006,PARTIAL,347.7,2026-07-16
10428,907038,30-60,3006,RECOVERED,1302.51,2026-07-25
10429,907044,0-30,3043,PARTIAL,114166.23,2026-06-15
10430,907044,0-30,3043,PENDING,0.0,2026-06-28
10431,907044,0-30,3043,PENDING,0.0,2026-07-11
10432,907044,30-60,3043,PENDING,0.0,2026-07-25
10433,907046,30-60,3032,PENDING,0.0,2026-07-25
10434,907054,30-60,3007,PARTIAL,46047.92,2026-06-24
10435,907054,60-90,3007,PENDING,0.0,2026-07-25
10436,907057,0-30,3069,PENDING,0.0,2026-04-02
10437,907057,0-30,3069,PENDING,0.0,2026-04-21
10438,907057,0-30,3069,PARTIAL,2024.65,2026-05-10
10439,907057,0-30,3069,PENDING,0.0,2026-05-29
10440,907057,30-60,3069,PENDING,0.0,2026-06-17
10441,907057,60-90,3069,PENDING,0.0,2026-07-06
10442,907057,90+,3069,PENDING,0.0,2026-07-25
10443,907058,0-30,3025,PENDING,0.0,2025-09-24
10444,907058,0-30,3025,PENDING,0.0,2025-11-14
10445,907058,0-30,3025,PARTIAL,7718.38,2026-01-03
10446,907058,0-30,3025,PENDING,0.0,2026-02-23
10447,907058,30-60,3025,PENDING,0.0,2026-04-14
10448,907058,60-90,3025,PARTIAL,8660.14,2026-06-04
10449,907058,90+,3025,PARTIAL,11821.9,2026-07-25
10450,907061,30-60,3002,PARTIAL,2056.67,2026-07-25
10451,907062,0-30,3063,PARTIAL,12537.04,2025-11-02
10452,907062,0-30,3063,PENDING,0.0,2025-11-24
10453,907062,0-30,3063,PARTIAL,8674.84,2025-12-16
10454,907062,0-30,3063,PARTIAL,13277.15,2026-01-07
10455,907062,0-30,3063,PENDING,0.0,2026-01-29
10456,907062,0-30,3063,PENDING,0.0,2026-02-20
10457,907062,0-30,3063,PARTIAL,11338.34,2026-03-14
10458,907062,0-30,3063,PENDING,0.0,2026-04-05
10459,907062,0-30,3063,PENDING,0.0,2026-04-27
10460,907062,0-30,3063,PARTIAL,7713.4,2026-05-19
10461,907062,30-60,3063,PENDING,0.0,2026-06-10
10462,907062,60-90,3063,PARTIAL,9754.52,2026-07-02
10463,907062,90+,3063,PARTIAL,3972.64,2026-07-25
10464,907064,0-30,3067,PENDING,0.0,2025-08-22
10465,907064,0-30,3067,PARTIAL,37387.45,2025-09-19
10466,907064,0-30,3067,PENDING,0.0,2025-10-17
10467,907064,0-30,3067,PENDING,0.0,2025-11-14
10468,907064,0-30,3067,PARTIAL,15030.39,2025-12-12
10469,907064,0-30,3067,PENDING,0.0,2026-01-09
10470,907064,0-30,3067,PARTIAL,3925.16,2026-02-06
10471,907064,0-30,3067,PENDING,0.0,2026-03-06
10472,907064,0-30,3067,PENDING,0.0,2026-04-03
10473,907064,0-30,3067,PARTIAL,30452.81,2026-05-01
10474,907064,30-60,3067,PENDING,0.0,2026-05-29
10475,907064,60-90,3067,PARTIAL,15455.36,2026-06-26
10476,907064,90+,3067,WRITE_OFF,11095.46,2026-07-25
10477,907068,0-30,3017,PARTIAL,13229.96,2026-07-03
10478,907068,0-30,3017,PENDING,0.0,2026-07-14
10479,907068,30-60,3017,RECOVERED,26649.55,2026-07-25
10480,907073,0-30,3034,PENDING,0.0,2026-07-13
10481,907073,0-30,3034,PENDING,0.0,2026-07-25
10482,907078,30-60,3041,PENDING,0.0,2026-05-02
10483,907078,60-90,3041,PARTIAL,31775.02,2026-06-13
10484,907078,90+,3041,PARTIAL,22654.21,2026-07-25
10485,907079,0-30,3004,PARTIAL,2896.81,2026-01-23
10486,907079,0-30,3004,PENDING,0.0,2026-02-22
10487,907079,0-30,3004,PARTIAL,3365.33,2026-03-25
10488,907079,0-30,3004,PARTIAL,26451.7,2026-04-24
10489,907079,30-60,3004,PARTIAL,26456.15,2026-05-25
10490,907079,60-90,3004,PENDING,0.0,2026-06-24
10491,907079,90+,3004,PENDING,0.0,2026-07-25
10492,907082,0-30,3072,PENDING,0.0,2026-07-15
10493,907082,0-30,3072,PARTIAL,260.47,2026-07-25
10494,907083,0-30,3048,PENDING,0.0,2026-03-02
10495,907083,0-30,3048,PENDING,0.0,2026-03-20
10496,907083,0-30,3048,PENDING,0.0,2026-04-07
10497,907083,0-30,3048,PENDING,0.0,2026-04-25
10498,907083,0-30,3048,PARTIAL,2815.41,2026-05-13
10499,907083,0-30,3048,PENDING,0.0,2026-05-31
10500,907083,30-60,3048,PENDING,0.0,2026-06-18
10501,907083,60-90,3048,PENDING,0.0,2026-07-06
10502,907083,90+,3048,PENDING,0.0,2026-07-25
10503,907084,0-30,3006,PENDING,0.0,2026-04-20
10504,907084,0-30,3006,PENDING,0.0,2026-05-09
10505,907084,0-30,3006,PARTIAL,21059.37,2026-05-28
10506,907084,30-60,3006,PENDING,0.0,2026-06-16
10507,907084,60-90,3006,PARTIAL,3187.54,2026-07-05
10508,907084,90+,3006,PENDING,0.0,2026-07-25
10509,907085,0-30,3011,PENDING,0.0,2026-07-25
10510,907086,0-30,3042,PARTIAL,6175.41,2026-01-30
10511,907086,30-60,3042,PENDING,0.0,2026-03-30
10512,907086,60-90,3042,PENDING,0.0,2026-05-27
10513,907086,90+,3042,PENDING,0.0,2026-07-25
10514,907087,0-30,3072,PARTIAL,19848.98,2026-02-10
10515,907087,0-30,3072,PARTIAL,12119.49,2026-02-28
10516,907087,0-30,3072,PARTIAL,22284.31,2026-03-18
10517,907087,0-30,3072,PENDING,0.0,2026-04-06
10518,907087,0-30,3072,PENDING,0.0,2026-04-24
10519,907087,0-30,3072,PENDING,0.0,2026-05-12
10520,907087,0-30,3072,PENDING,0.0,2026-05-31
10521,907087,30-60,3072,PENDING,0.0,2026-06-18
10522,907087,60-90,3072,PARTIAL,9249.08,2026-07-06
10523,907087,90+,3072,PENDING,0.0,2026-07-25
10524,907093,0-30,3003,PENDING,0.0,2025-12-31
10525,907093,0-30,3003,PENDING,0.0,2026-01-26
10526,907093,0-30,3003,PARTIAL,25532.88,2026-02-21
10527,907093,0-30,3003,PARTIAL,20580.28,2026-03-18
10528,907093,0-30,3003,PENDING,0.0,2026-04-13
10529,907093,0-30,3003,PENDING,0.0,2026-05-09
10530,907093,30-60,3003,PENDING,0.0,2026-06-03
10531,907093,60-90,3003,PENDING,0.0,2026-06-29
10532,907093,90+,3003,WRITE_OFF,7390.66,2026-07-25
10533,907101,30-60,3048,PENDING,0.0,2026-07-25
10534,907110,0-30,3007,PENDING,0.0,2026-07-04
10535,907110,30-60,3007,PENDING,0.0,2026-07-25
10536,907111,0-30,3037,PENDING,0.0,2025-09-09
10537,907111,0-30,3037,PENDING,0.0,2025-10-02
10538,907111,0-30,3037,PENDING,0.0,2025-10-25
10539,907111,0-30,3037,PENDING,0.0,2025-11-16
10540,907111,0-30,3037,PENDING,0.0,2025-12-09
10541,907111,0-30,3037,PENDING,0.0,2026-01-01
10542,907111,0-30,3037,PARTIAL,200268.27,2026-01-24
10543,907111,0-30,3037,PENDING,0.0,2026-02-15
10544,907111,0-30,3037,PARTIAL,235026.77,2026-03-10
10545,907111,0-30,3037,PENDING,0.0,2026-04-02
10546,907111,0-30,3037,PENDING,0.0,2026-04-25
10547,907111,0-30,3037,PENDING,0.0,2026-05-17
10548,907111,30-60,3037,PARTIAL,276822.01,2026-06-09
10549,907111,60-90,3037,PENDING,0.0,2026-07-02
10550,907111,90+,3037,PARTIAL,93359.56,2026-07-25
10551,907112,30-60,3050,PARTIAL,72020.32,2026-05-21
10552,907112,60-90,3050,PENDING,0.0,2026-06-22
10553,907112,90+,3050,WRITE_OFF,18357.61,2026-07-25
10554,907113,30-60,3067,PENDING,0.0,2026-07-25
10555,907114,0-30,3037,PENDING,0.0,2025-11-12
10556,907114,0-30,3037,PENDING,0.0,2025-12-18
10557,907114,0-30,3037,PENDING,0.0,2026-01-24
10558,907114,0-30,3037,PARTIAL,279236.15,2026-03-01
10559,907114,0-30,3037,PENDING,0.0,2026-04-06
10560,907114,30-60,3037,PARTIAL,168017.5,2026-05-13
10561,907114,60-90,3037,PENDING,0.0,2026-06-18
10562,907114,90+,3037,PENDING,0.0,2026-07-25
10563,907115,30-60,3023,PENDING,0.0,2026-07-25
10564,907125,0-30,3039,PENDING,0.0,2026-06-21
10565,907125,0-30,3039,PENDING,0.0,2026-07-08
10566,907125,30-60,3039,PARTIAL,34627.04,2026-07-25
10567,907126,0-30,3042,PENDING,0.0,2026-06-29
10568,907126,30-60,3042,PARTIAL,81029.43,2026-07-25
10569,907132,0-30,3067,PENDING,0.0,2025-09-26
10570,907132,0-30,3067,PENDING,0.0,2025-10-12
10571,907132,0-30,3067,PENDING,0.0,2025-10-28
10572,907132,0-30,3067,PENDING,0.0,2025-11-13
10573,907132,0-30,3067,PENDING,0.0,2025-11-29
10574,907132,0-30,3067,PENDING,0.0,2025-12-15
10575,907132,0-30,3067,PENDING,0.0,2025-12-30
10576,907132,0-30,3067,PENDING,0.0,2026-01-15
10577,907132,0-30,3067,PENDING,0.0,2026-01-31
10578,907132,0-30,3067,PARTIAL,9010.8,2026-02-16
10579,907132,0-30,3067,PENDING,0.0,2026-03-04
10580,907132,0-30,3067,PARTIAL,34757.56,2026-03-20
10581,907132,0-30,3067,PENDING,0.0,2026-04-05
10582,907132,0-30,3067,PENDING,0.0,2026-04-20
10583,907132,0-30,3067,PENDING,0.0,2026-05-06
10584,907132,0-30,3067,PARTIAL,5289.15,2026-05-22
10585,907132,0-30,3067,PENDING,0.0,2026-06-07
10586,907132,30-60,3067,PENDING,0.0,2026-06-23
10587,907132,60-90,3067,PENDING,0.0,2026-07-09
10588,907132,90+,3067,WRITE_OFF,11169.26,2026-07-25
10589,907136,0-30,3056,PENDING,0.0,2025-11-07
10590,907136,0-30,3056,PENDING,0.0,2025-11-27
10591,907136,0-30,3056,PENDING,0.0,2025-12-17
10592,907136,0-30,3056,PENDING,0.0,2026-01-06
10593,907136,0-30,3056,PENDING,0.0,2026-01-26
10594,907136,0-30,3056,PENDING,0.0,2026-02-15
10595,907136,0-30,3056,PENDING,0.0,2026-03-07
10596,907136,0-30,3056,PARTIAL,127514.25,2026-03-27
10597,907136,0-30,3056,PENDING,0.0,2026-04-16
10598,907136,0-30,3056,PARTIAL,102037.24,2026-05-06
10599,907136,0-30,3056,PENDING,0.0,2026-05-26
10600,907136,30-60,3056,PENDING,0.0,2026-06-15
10601,907136,60-90,3056,PENDING,0.0,2026-07-05
10602,907136,90+,3056,PARTIAL,216874.54,2026-07-25
10603,907140,60-90,3010,PENDING,0.0,2026-07-25
10604,907141,0-30,3010,PARTIAL,24207.68,2026-03-25
10605,907141,0-30,3010,PENDING,0.0,2026-04-24
10606,907141,30-60,3010,PENDING,0.0,2026-05-25
10607,907141,60-90,3010,PENDING,0.0,2026-06-24
10608,907141,90+,3010,WRITE_OFF,9260.43,2026-07-25
10609,907145,0-30,3035,PENDING,0.0,2026-01-28
10610,907145,0-30,3035,PENDING,0.0,2026-02-19
10611,907145,0-30,3035,PENDING,0.0,2026-03-13
10612,907145,0-30,3035,PENDING,0.0,2026-04-04
10613,907145,0-30,3035,PARTIAL,244214.33,2026-04-27
10614,907145,0-30,3035,PENDING,0.0,2026-05-19
10615,907145,30-60,3035,PENDING,0.0,2026-06-10
10616,907145,60-90,3035,PENDING,0.0,2026-07-02
10617,907145,90+,3035,PARTIAL,49828.44,2026-07-25
10618,907147,30-60,3080,PENDING,0.0,2026-07-25
10619,907148,0-30,3004,RECOVERED,22622.54,2026-07-25
10620,907149,30-60,3033,PENDING,0.0,2026-07-25
10621,907151,60-90,3050,PARTIAL,29389.5,2026-04-28
10622,907151,90+,3050,PENDING,0.0,2026-07-25
10623,907154,0-30,3019,PARTIAL,2137.85,2025-12-15
10624,907154,0-30,3019,PENDING,0.0,2026-01-21
10625,907154,0-30,3019,PENDING,0.0,2026-02-27
10626,907154,0-30,3019,PENDING,0.0,2026-04-05
10627,907154,30-60,3019,PENDING,0.0,2026-05-12
10628,907154,60-90,3019,PENDING,0.0,2026-06-18
10629,907154,90+,3019,WRITE_OFF,3900.0,2026-07-25
10630,907155,0-30,3032,PENDING,0.0,2025-10-10
10631,907155,0-30,3032,PARTIAL,19785.18,2025-11-11
10632,907155,0-30,3032,PARTIAL,15759.04,2025-12-13
10633,907155,0-30,3032,PENDING,0.0,2026-01-14
10634,907155,0-30,3032,PENDING,0.0,2026-02-15
10635,907155,0-30,3032,PENDING,0.0,2026-03-19
10636,907155,0-30,3032,PENDING,0.0,2026-04-20
10637,907155,30-60,3032,PARTIAL,25017.16,2026-05-22
10638,907155,60-90,3032,PENDING,0.0,2026-06-23
10639,907155,90+,3032,WRITE_OFF,10007.22,2026-07-25
10640,907156,0-30,3071,PENDING,0.0,2025-11-30
10641,907156,0-30,3071,PENDING,0.0,2025-12-24
10642,907156,0-30,3071,PENDING,0.0,2026-01-16
10643,907156,0-30,3071,PENDING,0.0,2026-02-09
10644,907156,0-30,3071,PARTIAL,269319.67,2026-03-05
10645,907156,0-30,3071,PARTIAL,254851.66,2026-03-28
10646,907156,0-30,3071,PENDING,0.0,2026-04-21
10647,907156,0-30,3071,PENDING,0.0,2026-05-15
10648,907156,30-60,3071,PARTIAL,135175.47,2026-06-07
10649,907156,60-90,3071,PENDING,0.0,2026-07-01
10650,907156,90+,3071,PARTIAL,175340.02,2026-07-25
10651,907159,0-30,3013,PENDING,0.0,2026-06-29
10652,907159,0-30,3013,PENDING,0.0,2026-07-12
10653,907159,30-60,3013,PENDING,0.0,2026-07-25
10654,907163,0-30,3078,PENDING,0.0,2026-05-17
10655,907163,30-60,3078,PENDING,0.0,2026-06-09
10656,907163,60-90,3078,PARTIAL,34825.6,2026-07-02
10657,907163,90+,3078,WRITE_OFF,308.7,2026-07-25
10658,907167,0-30,3018,PENDING,0.0,2026-07-02
10659,907167,30-60,3018,PARTIAL,260.34,2026-07-25
10660,907168,30-60,3068,PENDING,0.0,2026-04-22
10661,907168,60-90,3068,PARTIAL,15753.85,2026-06-08
10662,907168,90+,3068,PENDING,0.0,2026-07-25
10663,907171,0-30,3049,PENDING,0.0,2026-02-07
10664,907171,0-30,3049,PENDING,0.0,2026-03-03
10665,907171,0-30,3049,PARTIAL,26079.66,2026-03-27
10666,907171,0-30,3049,PENDING,0.0,2026-04-20
10667,907171,0-30,3049,PENDING,0.0,2026-05-14
10668,907171,30-60,3049,PARTIAL,7952.65,2026-06-07
10669,907171,60-90,3049,PENDING,0.0,2026-07-01
10670,907171,90+,3049,PENDING,0.0,2026-07-25
10671,907172,0-30,3064,PENDING,0.0,2025-09-19
10672,907172,0-30,3064,PARTIAL,22759.19,2025-10-28
10673,907172,0-30,3064,PENDING,0.0,2025-12-05
10674,907172,0-30,3064,PENDING,0.0,2026-01-13
10675,907172,0-30,3064,PENDING,0.0,2026-02-20
10676,907172,0-30,3064,PARTIAL,38830.36,2026-03-31
10677,907172,30-60,3064,PARTIAL,20171.86,2026-05-08
10678,907172,60-90,3064,PENDING,0.0,2026-06-16
10679,907172,90+,3064,WRITE_OFF,2841.33,2026-07-25
10680,907174,30-60,3059,PENDING,0.0,2026-07-25
10681,907178,30-60,3008,RECOVERED,22647.55,2026-07-25
10682,907189,0-30,3075,PENDING,0.0,2026-01-24
10683,907189,0-30,3075,PARTIAL,43264.67,2026-02-16
10684,907189,0-30,3075,PENDING,0.0,2026-03-11
10685,907189,0-30,3075,PENDING,0.0,2026-04-02
10686,907189,0-30,3075,PENDING,0.0,2026-04-25
10687,907189,0-30,3075,PENDING,0.0,2026-05-18
10688,907189,30-60,3075,PENDING,0.0,2026-06-09
10689,907189,60-90,3075,PARTIAL,41649.2,2026-07-02
10690,907189,90+,3075,PARTIAL,16627.14,2026-07-25
10691,907191,30-60,3010,PENDING,0.0,2026-07-25
10692,907210,30-60,3012,PARTIAL,70916.63,2026-07-25
10693,907211,0-30,3079,PARTIAL,2700.42,2026-07-25
10694,907213,0-30,3042,PENDING,0.0,2026-07-07
10695,907213,30-60,3042,PENDING,0.0,2026-07-25
10696,907216,0-30,3044,PENDING,0.0,2026-05-08
10697,907216,0-30,3044,PENDING,0.0,2026-05-21
10698,907216,0-30,3044,PARTIAL,236219.66,2026-06-03
10699,907216,0-30,3044,PARTIAL,224722.07,2026-06-16
10700,907216,0-30,3044,PENDING,0.0,2026-06-29
10701,907216,30-60,3044,PENDING,0.0,2026-07-12
10702,907216,60-90,3044,PARTIAL,228721.47,2026-07-25
10703,907217,0-30,3019,PARTIAL,1427.46,2026-06-19
10704,907217,0-30,3019,PARTIAL,1041.14,2026-07-07
10705,907217,30-60,3019,PENDING,0.0,2026-07-25
10706,907218,0-30,3003,PENDING,0.0,2025-10-11
10707,907218,0-30,3003,PENDING,0.0,2025-10-31
10708,907218,0-30,3003,PENDING,0.0,2025-11-21
10709,907218,0-30,3003,PENDING,0.0,2025-12-11
10710,907218,0-30,3003,PENDING,0.0,2026-01-01
10711,907218,0-30,3003,PENDING,0.0,2026-01-21
10712,907218,0-30,3003,PARTIAL,146365.28,2026-02-11
10713,907218,0-30,3003,PARTIAL,220892.73,2026-03-03
10714,907218,0-30,3003,PENDING,0.0,2026-03-24
10715,907218,0-30,3003,PENDING,0.0,2026-04-13
10716,907218,0-30,3003,PENDING,0.0,2026-05-04
10717,907218,0-30,3003,PARTIAL,265568.61,2026-05-24
10718,907218,30-60,3003,PENDING,0.0,2026-06-14
10719,907218,60-90,3003,PENDING,0.0,2026-07-04
10720,907218,90+,3003,PENDING,0.0,2026-07-25
10721,907221,0-30,3029,PENDING,0.0,2025-08-18
10722,907221,0-30,3029,PENDING,0.0,2025-09-11
10723,907221,0-30,3029,PARTIAL,29467.86,2025-10-06
10724,907221,0-30,3029,PENDING,0.0,2025-10-30
10725,907221,0-30,3029,PENDING,0.0,2025-11-23
10726,907221,0-30,3029,PARTIAL,68969.24,2025-12-18
10727,907221,0-30,3029,PENDING,0.0,2026-01-11
10728,907221,0-30,3029,PENDING,0.0,2026-02-04
10729,907221,0-30,3029,PENDING,0.0,2026-03-01
10730,907221,0-30,3029,PENDING,0.0,2026-03-25
10731,907221,0-30,3029,PENDING,0.0,2026-04-18
10732,907221,0-30,3029,PARTIAL,94440.02,2026-05-13
10733,907221,30-60,3029,PENDING,0.0,2026-06-06
10734,907221,60-90,3029,PARTIAL,250247.01,2026-06-30
10735,907221,90+,3029,PENDING,0.0,2026-07-25
10736,907223,30-60,3067,PENDING,0.0,2026-06-23
10737,907223,60-90,3067,PARTIAL,2952.44,2026-07-25
10738,907230,0-30,3045,PENDING,0.0,2025-08-27
10739,907230,0-30,3045,PARTIAL,41893.85,2025-09-29
10740,907230,0-30,3045,PARTIAL,22711.12,2025-11-01
10741,907230,0-30,3045,PENDING,0.0,2025-12-04
10742,907230,0-30,3045,PARTIAL,91684.14,2026-01-06
10743,907230,0-30,3045,PENDING,0.0,2026-02-09
10744,907230,0-30,3045,PARTIAL,158068.26,2026-03-14
10745,907230,0-30,3045,PARTIAL,176029.5,2026-04-16
10746,907230,30-60,3045,PENDING,0.0,2026-05-19
10747,907230,60-90,3045,PENDING,0.0,2026-06-21
10748,907230,90+,3045,WRITE_OFF,78419.24,2026-07-25
10749,907233,0-30,3076,PENDING,0.0,2025-11-27
10750,907233,0-30,3076,PARTIAL,102106.68,2025-12-31
10751,907233,0-30,3076,PENDING,0.0,2026-02-03
10752,907233,0-30,3076,PENDING,0.0,2026-03-10
10753,907233,0-30,3076,PENDING,0.0,2026-04-13
10754,907233,30-60,3076,PENDING,0.0,2026-05-17
10755,907233,60-90,3076,PENDING,0.0,2026-06-20
10756,907233,90+,3076,PARTIAL,512853.55,2026-07-25
10757,907235,30-60,3042,PENDING,0.0,2026-07-25
10758,907236,0-30,3066,PARTIAL,439591.18,2025-10-12
10759,907236,0-30,3066,PENDING,0.0,2025-11-10
10760,907236,0-30,3066,PENDING,0.0,2025-12-08
10761,907236,0-30,3066,PENDING,0.0,2026-01-06
10762,907236,0-30,3066,PARTIAL,507414.06,2026-02-03
10763,907236,0-30,3066,PENDING,0.0,2026-03-04
10764,907236,0-30,3066,PARTIAL,123739.44,2026-04-01
10765,907236,0-30,3066,PENDING,0.0,2026-04-30
10766,907236,30-60,3066,PARTIAL,467931.39,2026-05-28
10767,907236,60-90,3066,PARTIAL,110377.21,2026-06-26
10768,907236,90+,3066,PENDING,0.0,2026-07-25
10769,907237,30-60,3062,PENDING,0.0,2026-07-25
10770,907241,0-30,3003,PENDING,0.0,2025-09-21
10771,907241,0-30,3003,PARTIAL,70980.04,2025-10-25
10772,907241,0-30,3003,PENDING,0.0,2025-11-28
10773,907241,0-30,3003,PENDING,0.0,2026-01-01
10774,907241,0-30,3003,PENDING,0.0,2026-02-04
10775,907241,0-30,3003,PENDING,0.0,2026-03-10
10776,907241,0-30,3003,PENDING,0.0,2026-04-13
10777,907241,30-60,3003,PENDING,0.0,2026-05-17
10778,907241,60-90,3003,PARTIAL,118938.29,2026-06-20
10779,907241,90+,3003,PENDING,0.0,2026-07-25
10780,907250,30-60,3037,PENDING,0.0,2026-07-25
10781,907251,0-30,3030,PENDING,0.0,2026-05-21
10782,907251,0-30,3030,PARTIAL,144904.72,2026-06-03
10783,907251,0-30,3030,PARTIAL,100178.68,2026-06-16
10784,907251,0-30,3030,PENDING,0.0,2026-06-29
10785,907251,30-60,3030,PENDING,0.0,2026-07-12
10786,907251,60-90,3030,WRITE_OFF,3702.68,2026-07-25
10787,907256,0-30,3004,PENDING,0.0,2026-07-10
10788,907256,0-30,3004,PENDING,0.0,2026-07-25
10789,907257,0-30,3038,PARTIAL,95663.86,2025-09-07
10790,907257,0-30,3038,PENDING,0.0,2025-09-24
10791,907257,0-30,3038,PARTIAL,13411.47,2025-10-11
10792,907257,0-30,3038,PENDING,0.0,2025-10-28
10793,907257,0-30,3038,PENDING,0.0,2025-11-14
10794,907257,0-30,3038,PENDING,0.0,2025-12-01
10795,907257,0-30,3038,PENDING,0.0,2025-12-17
10796,907257,0-30,3038,PENDING,0.0,2026-01-03
10797,907257,0-30,3038,PENDING,0.0,2026-01-20
10798,907257,0-30,3038,PENDING,0.0,2026-02-06
10799,907257,0-30,3038,PENDING,0.0,2026-02-23
10800,907257,0-30,3038,PARTIAL,42309.06,2026-03-12
10801,907257,0-30,3038,PARTIAL,92910.78,2026-03-29
10802,907257,0-30,3038,PARTIAL,21019.97,2026-04-14
10803,907257,0-30,3038,PENDING,0.0,2026-05-01
10804,907257,0-30,3038,PENDING,0.0,2026-05-18
10805,907257,0-30,3038,PENDING,0.0,2026-06-04
10806,907257,30-60,3038,PENDING,0.0,2026-06-21
10807,907257,60-90,3038,PARTIAL,54654.29,2026-07-08
10808,907257,90+,3038,PENDING,0.0,2026-07-25
10809,907259,0-30,3043,PENDING,0.0,2025-08-20
10810,907259,0-30,3043,PENDING,0.0,2025-09-15
10811,907259,0-30,3043,PENDING,0.0,2025-10-11
10812,907259,0-30,3043,PENDING,0.0,2025-11-06
10813,907259,0-30,3043,PENDING,0.0,2025-12-02
10814,907259,0-30,3043,PARTIAL,595134.38,2025-12-28
10815,907259,0-30,3043,PENDING,0.0,2026-01-23
10816,907259,0-30,3043,PENDING,0.0,2026-02-18
10817,907259,0-30,3043,PARTIAL,736270.26,2026-03-16
10818,907259,0-30,3043,PENDING,0.0,2026-04-11
10819,907259,0-30,3043,PARTIAL,163385.87,2026-05-07
10820,907259,30-60,3043,PENDING,0.0,2026-06-02
10821,907259,60-90,3043,PENDING,0.0,2026-06-28
10822,907259,90+,3043,PARTIAL,742079.99,2026-07-25
10823,907261,0-30,3034,PENDING,0.0,2025-12-12
10824,907261,0-30,3034,PARTIAL,894606.97,2026-01-06
10825,907261,0-30,3034,PARTIAL,450794.06,2026-01-31
10826,907261,0-30,3034,PARTIAL,1143433.25,2026-02-25
10827,907261,0-30,3034,PENDING,0.0,2026-03-22
10828,907261,0-30,3034,PARTIAL,963817.08,2026-04-16
10829,907261,0-30,3034,PENDING,0.0,2026-05-11
10830,907261,30-60,3034,PENDING,0.0,2026-06-05
10831,907261,60-90,3034,PARTIAL,287402.27,2026-06-30
10832,907261,90+,3034,WRITE_OFF,181811.15,2026-07-25
10833,907263,0-30,3064,PENDING,0.0,2026-02-17
10834,907263,0-30,3064,PENDING,0.0,2026-03-12
10835,907263,0-30,3064,PARTIAL,33572.2,2026-04-03
10836,907263,0-30,3064,PENDING,0.0,2026-04-26
10837,907263,0-30,3064,PENDING,0.0,2026-05-18
10838,907263,30-60,3064,PARTIAL,31449.05,2026-06-10
10839,907263,60-90,3064,PENDING,0.0,2026-07-02
10840,907263,90+,3064,PENDING,0.0,2026-07-25
10841,907264,0-30,3023,PARTIAL,23767.72,2026-05-20
10842,907264,0-30,3023,PENDING,0.0,2026-05-31
10843,907264,0-30,3023,PENDING,0.0,2026-06-11
10844,907264,0-30,3023,PARTIAL,66082.72,2026-06-22
10845,907264,0-30,3023,PENDING,0.0,2026-07-03
10846,907264,30-60,3023,PENDING,0.0,2026-07-14
10847,907264,60-90,3023,PARTIAL,33113.98,2026-07-25
10848,907269,0-30,3002,PENDING,0.0,2026-02-05
10849,907269,30-60,3002,PENDING,0.0,2026-04-03
10850,907269,60-90,3002,PENDING,0.0,2026-05-29
10851,907269,90+,3002,WRITE_OFF,13154.85,2026-07-25
10852,907270,0-30,3038,PENDING,0.0,2025-11-29
10853,907270,0-30,3038,PENDING,0.0,2026-01-02
10854,907270,0-30,3038,PENDING,0.0,2026-02-05
10855,907270,0-30,3038,PARTIAL,31615.08,2026-03-11
10856,907270,0-30,3038,PARTIAL,16271.2,2026-04-14
10857,907270,30-60,3038,PARTIAL,16342.49,2026-05-18
10858,907270,60-90,3038,PENDING,0.0,2026-06-21
10859,907270,90+,3038,WRITE_OFF,1319.97,2026-07-25
10860,907280,30-60,3047,PENDING,0.0,2026-07-25
10861,907281,0-30,3028,RECOVERED,67469.16,2026-07-25
10862,907286,30-60,3078,RECOVERED,13920.38,2026-07-25
10863,907291,30-60,3025,PENDING,0.0,2026-07-25
10864,907293,30-60,3020,PENDING,0.0,2026-05-12
10865,907293,60-90,3020,PENDING,0.0,2026-06-18
10866,907293,90+,3020,PENDING,0.0,2026-07-25
10867,907294,0-30,3020,PENDING,0.0,2025-09-15
10868,907294,0-30,3020,PENDING,0.0,2025-10-13
10869,907294,0-30,3020,PENDING,0.0,2025-11-11
10870,907294,0-30,3020,PENDING,0.0,2025-12-09
10871,907294,0-30,3020,PENDING,0.0,2026-01-07
10872,907294,0-30,3020,PENDING,0.0,2026-02-04
10873,907294,0-30,3020,PARTIAL,435209.95,2026-03-04
10874,907294,0-30,3020,PENDING,0.0,2026-04-02
10875,907294,0-30,3020,PENDING,0.0,2026-04-30
10876,907294,30-60,3020,PENDING,0.0,2026-05-29
10877,907294,60-90,3020,PENDING,0.0,2026-06-26
10878,907294,90+,3020,PARTIAL,351333.97,2026-07-25
10879,907296,0-30,3004,PARTIAL,2960.56,2026-07-02
10880,907296,0-30,3004,PENDING,0.0,2026-07-13
10881,907296,30-60,3004,PARTIAL,3077.97,2026-07-25
10882,907299,0-30,3025,PENDING,0.0,2026-07-01
10883,907299,0-30,3025,PARTIAL,1059.19,2026-07-13
10884,907299,30-60,3025,PARTIAL,1798.44,2026-07-25
10885,907300,0-30,3064,PENDING,0.0,2026-06-05
10886,907300,30-60,3064,PENDING,0.0,2026-06-30
10887,907300,60-90,3064,PENDING,0.0,2026-07-25
10888,907301,30-60,3049,PENDING,0.0,2026-07-25
10889,907303,30-60,3067,PARTIAL,2657.99,2026-06-23
10890,907303,60-90,3067,PENDING,0.0,2026-07-25
10891,907305,30-60,3056,PENDING,0.0,2026-07-25
10892,907307,0-30,3039,PARTIAL,983022.61,2025-08-20
10893,907307,0-30,3039,PARTIAL,785236.51,2025-09-04
10894,907307,0-30,3039,PENDING,0.0,2025-09-19
10895,907307,0-30,3039,PENDING,0.0,2025-10-03
10896,907307,0-30,3039,PENDING,0.0,2025-10-18
10897,907307,0-30,3039,PENDING,0.0,2025-11-02
10898,907307,0-30,3039,PENDING,0.0,2025-11-16
10899,907307,0-30,3039,PENDING,0.0,2025-12-01
10900,907307,0-30,3039,PENDING,0.0,2025-12-16
10901,907307,0-30,3039,PENDING,0.0,2025-12-31
10902,907307,0-30,3039,PARTIAL,126825.84,2026-01-14
10903,907307,0-30,3039,PENDING,0.0,2026-01-29
10904,907307,0-30,3039,PARTIAL,635912.19,2026-02-13
10905,907307,0-30,3039,PENDING,0.0,2026-02-27
10906,907307,0-30,3039,PENDING,0.0,2026-03-14
10907,907307,0-30,3039,PENDING,0.0,2026-03-29
10908,907307,0-30,3039,PENDING,0.0,2026-04-13
10909,907307,0-30,3039,PARTIAL,1448261.59,2026-04-27
10910,907307,0-30,3039,PARTIAL,588811.06,2026-05-12
10911,907307,0-30,3039,PENDING,0.0,2026-05-27
10912,907307,0-30,3039,PARTIAL,416896.38,2026-06-10
10913,907307,30-60,3039,PENDING,0.0,2026-06-25
10914,907307,60-90,3039,PARTIAL,919842.15,2026-07-10
10915,907307,90+,3039,PARTIAL,883979.01,2026-07-25
10916,907312,30-60,3066,PARTIAL,87311.68,2026-07-25
10917,907317,0-30,3005,PENDING,0.0,2026-07-06
10918,907317,30-60,3005,PENDING,0.0,2026-07-25
10919,907320,0-30,3015,PENDING,0.0,2026-01-30
10920,907320,0-30,3015,PENDING,0.0,2026-03-06
10921,907320,0-30,3015,PENDING,0.0,2026-04-10
10922,907320,30-60,3015,PENDING,0.0,2026-05-15
10923,907320,60-90,3015,PENDING,0.0,2026-06-19
10924,907320,90+,3015,PENDING,0.0,2026-07-25
10925,907325,0-30,3018,PENDING,0.0,2026-03-31
10926,907325,30-60,3018,PENDING,0.0,2026-05-09
10927,907325,60-90,3018,PARTIAL,3437.19,2026-06-16
10928,907325,90+,3018,WRITE_OFF,865.16,2026-07-25
10929,907327,0-30,3010,PENDING,0.0,2026-01-26
10930,907327,0-30,3010,PARTIAL,906785.27,2026-02-17
10931,907327,0-30,3010,PENDING,0.0,2026-03-12
10932,907327,0-30,3010,PENDING,0.0,2026-04-03
10933,907327,0-30,3010,PENDING,0.0,2026-04-26
10934,907327,0-30,3010,PARTIAL,276832.16,2026-05-18
10935,907327,30-60,3010,PENDING,0.0,2026-06-10
10936,907327,60-90,3010,PENDING,0.0,2026-07-02
10937,907327,90+,3010,WRITE_OFF,69742.65,2026-07-25
10938,907328,0-30,3046,PENDING,0.0,2026-02-25
10939,907328,0-30,3046,PENDING,0.0,2026-03-27
10940,907328,0-30,3046,PENDING,0.0,2026-04-26
10941,907328,30-60,3046,PENDING,0.0,2026-05-26
10942,907328,60-90,3046,PENDING,0.0,2026-06-25
10943,907328,90+,3046,PARTIAL,8474.73,2026-07-25
10944,907329,0-30,3019,PARTIAL,13717.04,2026-02-16
10945,907329,0-30,3019,PARTIAL,21914.02,2026-03-20
10946,907329,0-30,3019,PARTIAL,7011.9,2026-04-21
10947,907329,30-60,3019,PENDING,0.0,2026-05-22
10948,907329,60-90,3019,PENDING,0.0,2026-06-23
10949,907329,90+,3019,WRITE_OFF,846.14,2026-07-25
10950,907331,0-30,3019,PARTIAL,43183.7,2026-06-07
10951,907331,30-60,3019,PARTIAL,36836.32,2026-07-01
10952,907331,60-90,3019,PARTIAL,48653.93,2026-07-25
10953,907332,60-90,3044,PARTIAL,1509.59,2026-07-25
10954,907333,30-60,3022,PENDING,0.0,2026-07-25
10955,907336,0-30,3011,PENDING,0.0,2026-02-22
10956,907336,0-30,3011,PENDING,0.0,2026-03-25
10957,907336,0-30,3011,PARTIAL,18722.46,2026-04-24
10958,907336,30-60,3011,PENDING,0.0,2026-05-25
10959,907336,60-90,3011,PENDING,0.0,2026-06-24
10960,907336,90+,3011,PARTIAL,17826.65,2026-07-25
10961,907338,30-60,3071,PENDING,0.0,2026-07-25
10962,907339,0-30,3019,PENDING,0.0,2025-08-24
10963,907339,0-30,3019,PARTIAL,228683.1,2025-09-23
10964,907339,0-30,3019,PENDING,0.0,2025-10-24
10965,907339,0-30,3019,PENDING,0.0,2025-11-23
10966,907339,0-30,3019,PARTIAL,94051.8,2025-12-24
10967,907339,0-30,3019,PARTIAL,195912.95,2026-01-23
10968,907339,0-30,3019,PARTIAL,54420.76,2026-02-22
10969,907339,0-30,3019,PENDING,0.0,2026-03-25
10970,907339,0-30,3019,PARTIAL,27134.82,2026-04-24
10971,907339,30-60,3019,PARTIAL,141155.69,2026-05-25
10972,907339,60-90,3019,PENDING,0.0,2026-06-24
10973,907339,90+,3019,WRITE_OFF,9909.54,2026-07-25
10974,907341,0-30,3070,PARTIAL,7392.46,2026-04-25
10975,907341,0-30,3070,PENDING,0.0,2026-05-18
10976,907341,30-60,3070,PENDING,0.0,2026-06-09
10977,907341,60-90,3070,PARTIAL,35601.81,2026-07-02
10978,907341,90+,3070,PARTIAL,6308.1,2026-07-25
10979,907343,0-30,3056,PENDING,0.0,2025-12-02
10980,907343,0-30,3056,PARTIAL,5791.67,2025-12-31
10981,907343,0-30,3056,PENDING,0.0,2026-01-30
10982,907343,0-30,3056,PENDING,0.0,2026-02-28
10983,907343,0-30,3056,PENDING,0.0,2026-03-29
10984,907343,0-30,3056,PENDING,0.0,2026-04-28
10985,907343,30-60,3056,PARTIAL,6197.42,2026-05-27
10986,907343,60-90,3056,PARTIAL,18445.08,2026-06-25
10987,907343,90+,3056,PARTIAL,15901.14,2026-07-25
10988,907344,0-30,3061,PARTIAL,4694.59,2026-07-01
10989,907344,0-30,3061,PARTIAL,1124.48,2026-07-13
10990,907344,30-60,3061,PARTIAL,4968.99,2026-07-25
10991,907345,60-90,3029,PARTIAL,250133.6,2026-06-02
10992,907345,90+,3029,WRITE_OFF,37339.51,2026-07-25
10993,907346,30-60,3024,PARTIAL,480.73,2026-07-25
10994,907350,0-30,3037,PENDING,0.0,2025-10-06
10995,907350,0-30,3037,PENDING,0.0,2025-10-27
10996,907350,0-30,3037,PENDING,0.0,2025-11-17
10997,907350,0-30,3037,PARTIAL,41589.55,2025-12-08
10998,907350,0-30,3037,PARTIAL,31205.14,2025-12-29
10999,907350,0-30,3037,PENDING,0.0,2026-01-18
11000,907350,0-30,3037,PENDING,0.0,2026-02-08
11001,907350,0-30,3037,PENDING,0.0,2026-03-01
11002,907350,0-30,3037,PENDING,0.0,2026-03-22
11003,907350,0-30,3037,PENDING,0.0,2026-04-12
11004,907350,0-30,3037,PENDING,0.0,2026-05-02
11005,907350,0-30,3037,PENDING,0.0,2026-05-23
11006,907350,30-60,3037,PARTIAL,88308.64,2026-06-13
11007,907350,60-90,3037,PENDING,0.0,2026-07-04
11008,907350,90+,3037,PENDING,0.0,2026-07-25
11009,907354,0-30,3074,PENDING,0.0,2026-07-21
11010,907354,0-30,3074,RECOVERED,9811.38,2026-07-25
11011,907357,30-60,3018,PENDING,0.0,2026-06-13
11012,907357,60-90,3018,PENDING,0.0,2026-07-25
11013,907363,0-30,3003,PENDING,0.0,2026-07-05
11014,907363,30-60,3003,PARTIAL,21945.28,2026-07-25
11015,907366,0-30,3033,PARTIAL,216625.07,2026-01-29
11016,907366,0-30,3033,PENDING,0.0,2026-03-14
11017,907366,30-60,3033,PENDING,0.0,2026-04-27
11018,907366,60-90,3033,PARTIAL,146513.96,2026-06-10
11019,907366,90+,3033,WRITE_OFF,88628.47,2026-07-25
11020,907369,0-30,3049,PENDING,0.0,2026-01-06
11021,907369,0-30,3049,PENDING,0.0,2026-01-28
11022,907369,0-30,3049,PENDING,0.0,2026-02-19
11023,907369,0-30,3049,PARTIAL,5126.6,2026-03-13
11024,907369,0-30,3049,PENDING,0.0,2026-04-05
11025,907369,0-30,3049,PARTIAL,22480.04,2026-04-27
11026,907369,0-30,3049,PENDING,0.0,2026-05-19
11027,907369,30-60,3049,PENDING,0.0,2026-06-10
11028,907369,60-90,3049,PENDING,0.0,2026-07-02
11029,907369,90+,3049,PARTIAL,17293.7,2026-07-25
11030,907373,0-30,3004,PARTIAL,122825.13,2026-07-05
11031,907373,0-30,3004,PENDING,0.0,2026-07-15
11032,907373,0-30,3004,PENDING,0.0,2026-07-25
11033,907381,0-30,3060,PENDING,0.0,2026-01-28
11034,907381,0-30,3060,PARTIAL,213134.64,2026-03-05
11035,907381,0-30,3060,PARTIAL,178180.09,2026-04-09
11036,907381,30-60,3060,PENDING,0.0,2026-05-15
11037,907381,60-90,3060,PENDING,0.0,2026-06-19
11038,907381,90+,3060,PENDING,0.0,2026-07-25
11039,907382,0-30,3038,PENDING,0.0,2025-10-24
11040,907382,0-30,3038,PENDING,0.0,2025-11-23
11041,907382,0-30,3038,PENDING,0.0,2025-12-24
11042,907382,0-30,3038,PENDING,0.0,2026-01-23
11043,907382,0-30,3038,PENDING,0.0,2026-02-23
11044,907382,0-30,3038,PARTIAL,175640.99,2026-03-25
11045,907382,0-30,3038,PENDING,0.0,2026-04-24
11046,907382,30-60,3038,PENDING,0.0,2026-05-25
11047,907382,60-90,3038,PENDING,0.0,2026-06-24
11048,907382,90+,3038,WRITE_OFF,262422.75,2026-07-25
11049,907383,0-30,3075,PENDING,0.0,2025-10-01
11050,907383,0-30,3075,PENDING,0.0,2025-10-24
11051,907383,0-30,3075,PENDING,0.0,2025-11-16
11052,907383,0-30,3075,PENDING,0.0,2025-12-09
11053,907383,0-30,3075,PARTIAL,385264.2,2025-12-31
11054,907383,0-30,3075,PENDING,0.0,2026-01-23
11055,907383,0-30,3075,PENDING,0.0,2026-02-15
11056,907383,0-30,3075,PENDING,0.0,2026-03-10
11057,907383,0-30,3075,PARTIAL,57883.39,2026-04-02
11058,907383,0-30,3075,PENDING,0.0,2026-04-24
11059,907383,0-30,3075,PENDING,0.0,2026-05-17
11060,907383,30-60,3075,PARTIAL,250492.3,2026-06-09
11061,907383,60-90,3075,PARTIAL,385966.36,2026-07-02
11062,907383,90+,3075,PENDING,0.0,2026-07-25
11063,907387,0-30,3038,PENDING,0.0,2025-08-22
11064,907387,0-30,3038,PENDING,0.0,2025-09-19
11065,907387,0-30,3038,PENDING,0.0,2025-10-17
11066,907387,0-30,3038,PENDING,0.0,2025-11-14
11067,907387,0-30,3038,PENDING,0.0,2025-12-12
11068,907387,0-30,3038,PENDING,0.0,2026-01-09
11069,907387,0-30,3038,PENDING,0.0,2026-02-06
11070,907387,0-30,3038,PENDING,0.0,2026-03-06
11071,907387,0-30,3038,PARTIAL,132188.4,2026-04-03
11072,907387,0-30,3038,PARTIAL,176420.89,2026-05-01
11073,907387,30-60,3038,PENDING,0.0,2026-05-29
11074,907387,60-90,3038,PENDING,0.0,2026-06-26
11075,907387,90+,3038,PENDING,0.0,2026-07-25
11076,907391,30-60,3042,PARTIAL,8340.07,2026-07-25
11077,907393,30-60,3021,PENDING,0.0,2026-07-25
11078,907398,30-60,3078,PARTIAL,24092.16,2026-05-25
11079,907398,60-90,3078,PENDING,0.0,2026-06-24
11080,907398,90+,3078,PARTIAL,13194.73,2026-07-25
11081,907399,30-60,3033,PENDING,0.0,2026-03-03
11082,907399,60-90,3033,PENDING,0.0,2026-05-14
11083,907399,90+,3033,PARTIAL,4796.89,2026-07-25
11084,907401,30-60,3006,PENDING,0.0,2026-05-22
11085,907401,60-90,3006,PENDING,0.0,2026-06-23
11086,907401,90+,3006,WRITE_OFF,275.96,2026-07-25
11087,907402,60-90,3068,PENDING,0.0,2026-07-25
11088,907405,0-30,3017,PENDING,0.0,2026-07-01
11089,907405,30-60,3017,PENDING,0.0,2026-07-25
11090,907409,0-30,3054,PENDING,0.0,2026-06-27
11091,907409,0-30,3054,PARTIAL,12781.22,2026-07-06
11092,907409,0-30,3054,PARTIAL,1724.38,2026-07-15
11093,907409,30-60,3054,RECOVERED,27382.14,2026-07-25
11094,907412,30-60,3065,PENDING,0.0,2026-07-25
11095,907413,0-30,3070,PENDING,0.0,2026-07-25
11096,907414,0-30,3047,PARTIAL,6767.65,2026-01-18
11097,907414,0-30,3047,PENDING,0.0,2026-02-10
11098,907414,0-30,3047,PARTIAL,9369.01,2026-03-06
11099,907414,0-30,3047,PARTIAL,16028.65,2026-03-29
11100,907414,0-30,3047,PENDING,0.0,2026-04-22
11101,907414,0-30,3047,PARTIAL,13799.37,2026-05-15
11102,907414,30-60,3047,PENDING,0.0,2026-06-08
11103,907414,60-90,3047,PENDING,0.0,2026-07-01
11104,907414,90+,3047,PENDING,0.0,2026-07-25
11105,907417,0-30,3059,RECOVERED,59081.77,2026-07-25
11106,907419,0-30,3009,PENDING,0.0,2026-07-25
11107,907420,0-30,3079,PENDING,0.0,2026-01-06
11108,907420,0-30,3079,PENDING,0.0,2026-01-31
11109,907420,0-30,3079,PENDING,0.0,2026-02-25
11110,907420,0-30,3079,PENDING,0.0,2026-03-22
11111,907420,0-30,3079,PENDING,0.0,2026-04-16
11112,907420,0-30,3079,PARTIAL,192962.78,2026-05-11
11113,907420,30-60,3079,PENDING,0.0,2026-06-05
11114,907420,60-90,3079,PENDING,0.0,2026-06-30
11115,907420,90+,3079,PENDING,0.0,2026-07-25
11116,907430,30-60,3074,PENDING,0.0,2026-07-25
11117,907439,30-60,3032,PENDING,0.0,2026-07-25
11118,907442,0-30,3030,PENDING,0.0,2026-06-29
11119,907442,0-30,3030,PENDING,0.0,2026-07-12
11120,907442,30-60,3030,PENDING,0.0,2026-07-25
11121,907443,0-30,3030,PENDING,0.0,2026-02-12
11122,907443,0-30,3030,PENDING,0.0,2026-03-11
11123,907443,0-30,3030,PENDING,0.0,2026-04-07
11124,907443,0-30,3030,PENDING,0.0,2026-05-04
11125,907443,30-60,3030,PENDING,0.0,2026-05-31
11126,907443,60-90,3030,PARTIAL,112649.37,2026-06-27
11127,907443,90+,3030,PENDING,0.0,2026-07-25
11128,907444,0-30,3064,RECOVERED,262120.94,2026-07-25
11129,907450,0-30,3068,PENDING,0.0,2025-10-02
11130,907450,0-30,3068,PENDING,0.0,2025-10-29
11131,907450,0-30,3068,PENDING,0.0,2025-11-25
11132,907450,0-30,3068,PENDING,0.0,2025-12-22
11133,907450,0-30,3068,PENDING,0.0,2026-01-18
11134,907450,0-30,3068,PENDING,0.0,2026-02-14
11135,907450,0-30,3068,PENDING,0.0,2026-03-12
11136,907450,0-30,3068,PENDING,0.0,2026-04-08
11137,907450,0-30,3068,PENDING,0.0,2026-05-05
11138,907450,30-60,3068,PENDING,0.0,2026-06-01
11139,907450,60-90,3068,PENDING,0.0,2026-06-28
11140,907450,90+,3068,WRITE_OFF,21100.36,2026-07-25
11141,907452,0-30,3075,PARTIAL,4198.62,2026-07-11
11142,907452,0-30,3075,PENDING,0.0,2026-07-25
11143,907454,0-30,3033,PENDING,0.0,2026-06-25
11144,907454,0-30,3033,PENDING,0.0,2026-07-10
11145,907454,30-60,3033,PENDING,0.0,2026-07-25
11146,907456,30-60,3024,PENDING,0.0,2026-05-19
11147,907456,60-90,3024,PARTIAL,30121.61,2026-06-21
11148,907456,90+,3024,PENDING,0.0,2026-07-25
11149,907457,0-30,3073,PENDING,0.0,2026-07-10
11150,907457,0-30,3073,PARTIAL,16803.38,2026-07-25
11151,907462,0-30,3041,PENDING,0.0,2026-06-22
11152,907462,0-30,3041,PENDING,0.0,2026-07-08
11153,907462,30-60,3041,PENDING,0.0,2026-07-25
11154,907463,30-60,3064,PARTIAL,172380.84,2026-07-25
11155,907465,0-30,3018,PARTIAL,30221.13,2026-07-25
11156,907466,0-30,3072,PENDING,0.0,2026-06-21
11157,907466,0-30,3072,PENDING,0.0,2026-07-08
11158,907466,30-60,3072,PENDING,0.0,2026-07-25
11159,907468,0-30,3057,PENDING,0.0,2026-07-25
11160,907485,0-30,3003,PENDING,0.0,2025-10-28
11161,907485,0-30,3003,PENDING,0.0,2025-11-27
11162,907485,0-30,3003,PENDING,0.0,2025-12-27
11163,907485,0-30,3003,PENDING,0.0,2026-01-26
11164,907485,0-30,3003,PENDING,0.0,2026-02-25
11165,907485,0-30,3003,PENDING,0.0,2026-03-27
11166,907485,0-30,3003,PENDING,0.0,2026-04-26
11167,907485,30-60,3003,PENDING,0.0,2026-05-26
11168,907485,60-90,3003,PENDING,0.0,2026-06-25
11169,907485,90+,3003,PENDING,0.0,2026-07-25
11170,907491,0-30,3048,PENDING,0.0,2025-12-19
11171,907491,0-30,3048,PARTIAL,363663.46,2026-01-05
11172,907491,0-30,3048,PENDING,0.0,2026-01-22
11173,907491,0-30,3048,PENDING,0.0,2026-02-07
11174,907491,0-30,3048,PARTIAL,375023.02,2026-02-24
11175,907491,0-30,3048,PENDING,0.0,2026-03-13
11176,907491,0-30,3048,PENDING,0.0,2026-03-30
11177,907491,0-30,3048,PENDING,0.0,2026-04-15
11178,907491,0-30,3048,PARTIAL,127021.31,2026-05-02
11179,907491,0-30,3048,PENDING,0.0,2026-05-19
11180,907491,0-30,3048,PARTIAL,130093.67,2026-06-04
11181,907491,30-60,3048,PENDING,0.0,2026-06-21
11182,907491,60-90,3048,PENDING,0.0,2026-07-08
11183,907491,90+,3048,PENDING,0.0,2026-07-25
11184,907504,0-30,3045,PENDING,0.0,2026-01-13
11185,907504,0-30,3045,PENDING,0.0,2026-02-14
11186,907504,0-30,3045,PENDING,0.0,2026-03-18
11187,907504,0-30,3045,PENDING,0.0,2026-04-19
11188,907504,30-60,3045,PENDING,0.0,2026-05-21
11189,907504,60-90,3045,PARTIAL,190961.8,2026-06-22
11190,907504,90+,3045,PENDING,0.0,2026-07-25
11191,907505,0-30,3059,PENDING,0.0,2025-10-27
11192,907505,0-30,3059,PENDING,0.0,2025-11-15
11193,907505,0-30,3059,PENDING,0.0,2025-12-05
11194,907505,0-30,3059,PARTIAL,576519.78,2025-12-24
11195,907505,0-30,3059,PENDING,0.0,2026-01-12
11196,907505,0-30,3059,PENDING,0.0,2026-02-01
11197,907505,0-30,3059,PENDING,0.0,2026-02-20
11198,907505,0-30,3059,PENDING,0.0,2026-03-11
11199,907505,0-30,3059,PENDING,0.0,2026-03-31
11200,907505,0-30,3059,PARTIAL,147015.95,2026-04-19
11201,907505,0-30,3059,PENDING,0.0,2026-05-08
11202,907505,0-30,3059,PENDING,0.0,2026-05-28
11203,907505,30-60,3059,PENDING,0.0,2026-06-16
11204,907505,60-90,3059,PENDING,0.0,2026-07-05
11205,907505,90+,3059,PARTIAL,585903.4,2026-07-25
11206,907507,0-30,3014,PENDING,0.0,2025-09-28
11207,907507,0-30,3014,PENDING,0.0,2025-11-10
11208,907507,0-30,3014,PENDING,0.0,2025-12-23
11209,907507,0-30,3014,PARTIAL,7861.57,2026-02-04
11210,907507,0-30,3014,PARTIAL,12007.79,2026-03-18
11211,907507,30-60,3014,PARTIAL,80043.5,2026-04-30
11212,907507,60-90,3014,PARTIAL,83082.6,2026-06-12
11213,907507,90+,3014,WRITE_OFF,4524.23,2026-07-25
11214,907508,30-60,3076,PENDING,0.0,2026-07-25
11215,907510,0-30,3024,PENDING,0.0,2025-12-10
11216,907510,0-30,3024,PENDING,0.0,2026-02-05
11217,907510,30-60,3024,PARTIAL,28661.68,2026-04-02
11218,907510,60-90,3024,PARTIAL,6030.31,2026-05-29
11219,907510,90+,3024,PENDING,0.0,2026-07-25
11220,907511,0-30,3009,PENDING,0.0,2026-02-02
11221,907511,0-30,3009,PENDING,0.0,2026-03-03
11222,907511,0-30,3009,PENDING,0.0,2026-04-01
11223,907511,0-30,3009,PENDING,0.0,2026-04-29
11224,907511,30-60,3009,PARTIAL,176616.04,2026-05-28
11225,907511,60-90,3009,PENDING,0.0,2026-06-26
11226,907511,90+,3009,WRITE_OFF,58247.85,2026-07-25
11227,907514,0-30,3016,PARTIAL,8949.04,2026-01-25
11228,907514,0-30,3016,PARTIAL,12906.75,2026-02-14
11229,907514,0-30,3016,PENDING,0.0,2026-03-06
11230,907514,0-30,3016,PENDING,0.0,2026-03-26
11231,907514,0-30,3016,PENDING,0.0,2026-04-15
11232,907514,0-30,3016,PENDING,0.0,2026-05-05
11233,907514,0-30,3016,PENDING,0.0,2026-05-25
11234,907514,30-60,3016,PENDING,0.0,2026-06-14
11235,907514,60-90,3016,PENDING,0.0,2026-07-04
11236,907514,90+,3016,WRITE_OFF,5353.69,2026-07-25
11237,907517,0-30,3018,PENDING,0.0,2025-12-12
11238,907517,0-30,3018,PENDING,0.0,2026-01-18
11239,907517,0-30,3018,PENDING,0.0,2026-02-25
11240,907517,0-30,3018,PENDING,0.0,2026-04-03
11241,907517,30-60,3018,PARTIAL,29796.47,2026-05-11
11242,907517,60-90,3018,PARTIAL,41718.58,2026-06-17
11243,907517,90+,3018,PENDING,0.0,2026-07-25
11244,907520,30-60,3038,PENDING,0.0,2026-07-25
11245,907522,0-30,3006,PARTIAL,55815.96,2025-11-16
11246,907522,0-30,3006,PENDING,0.0,2025-12-14
11247,907522,0-30,3006,PENDING,0.0,2026-01-11
11248,907522,0-30,3006,PENDING,0.0,2026-02-08
11249,907522,0-30,3006,PENDING,0.0,2026-03-08
11250,907522,0-30,3006,PARTIAL,119692.21,2026-04-04
11251,907522,0-30,3006,PENDING,0.0,2026-05-02
11252,907522,30-60,3006,PARTIAL,47171.43,2026-05-30
11253,907522,60-90,3006,PENDING,0.0,2026-06-27
11254,907522,90+,3006,WRITE_OFF,59811.49,2026-07-25
11255,907524,0-30,3037,PARTIAL,9131.39,2025-08-20
11256,907524,0-30,3037,PARTIAL,10728.97,2025-09-13
11257,907524,0-30,3037,PARTIAL,4635.62,2025-10-07
11258,907524,0-30,3037,PENDING,0.0,2025-10-31
11259,907524,0-30,3037,PENDING,0.0,2025-11-25
11260,907524,0-30,3037,PENDING,0.0,2025-12-19
11261,907524,0-30,3037,PARTIAL,5314.78,2026-01-12
11262,907524,0-30,3037,PENDING,0.0,2026-02-05
11263,907524,0-30,3037,PENDING,0.0,2026-03-01
11264,907524,0-30,3037,PENDING,0.0,2026-03-26
11265,907524,0-30,3037,PENDING,0.0,2026-04-19
11266,907524,0-30,3037,PENDING,0.0,2026-05-13
11267,907524,30-60,3037,PENDING,0.0,2026-06-06
11268,907524,60-90,3037,PENDING,0.0,2026-06-30
11269,907524,90+,3037,PARTIAL,9898.36,2026-07-25
11270,907525,0-30,3039,PENDING,0.0,2026-04-17
11271,907525,30-60,3039,PENDING,0.0,2026-05-20
11272,907525,60-90,3039,PENDING,0.0,2026-06-22
11273,907525,90+,3039,PENDING,0.0,2026-07-25
11274,907528,0-30,3064,PARTIAL,25730.6,2026-06-11
11275,907528,0-30,3064,PENDING,0.0,2026-06-22
11276,907528,0-30,3064,PENDING,0.0,2026-07-03
11277,907528,0-30,3064,PENDING,0.0,2026-07-14
11278,907528,30-60,3064,PARTIAL,4708.63,2026-07-25
11279,907530,0-30,3080,PARTIAL,1830.32,2026-03-26
11280,907530,0-30,3080,PARTIAL,4588.66,2026-04-12
11281,907530,0-30,3080,PENDING,0.0,2026-04-29
11282,907530,0-30,3080,PENDING,0.0,2026-05-17
11283,907530,0-30,3080,PENDING,0.0,2026-06-03
11284,907530,30-60,3080,PENDING,0.0,2026-06-20
11285,907530,60-90,3080,PARTIAL,493.04,2026-07-07
11286,907530,90+,3080,PENDING,0.0,2026-07-25
11287,907534,0-30,3022,PARTIAL,11343.79,2025-09-17
11288,907534,0-30,3022,PARTIAL,68100.99,2025-10-15
11289,907534,0-30,3022,PENDING,0.0,2025-11-12
11290,907534,0-30,3022,PARTIAL,79748.86,2025-12-11
11291,907534,0-30,3022,PARTIAL,55174.0,2026-01-08
11292,907534,0-30,3022,PENDING,0.0,2026-02-05
11293,907534,0-30,3022,PARTIAL,42596.7,2026-03-05
11294,907534,0-30,3022,PENDING,0.0,2026-04-03
11295,907534,0-30,3022,PENDING,0.0,2026-05-01
11296,907534,30-60,3022,PENDING,0.0,2026-05-29
11297,907534,60-90,3022,PARTIAL,53665.57,2026-06-26
11298,907534,90+,3022,PARTIAL,89988.89,2026-07-25
11299,907538,0-30,3026,PARTIAL,87632.42,2026-02-14
11300,907538,0-30,3026,PENDING,0.0,2026-03-13
11301,907538,0-30,3026,PARTIAL,38434.36,2026-04-09
11302,907538,0-30,3026,PENDING,0.0,2026-05-05
11303,907538,30-60,3026,PARTIAL,60287.26,2026-06-01
11304,907538,60-90,3026,PENDING,0.0,2026-06-28
11305,907538,90+,3026,PARTIAL,32788.06,2026-07-25
11306,907546,0-30,3080,PENDING,0.0,2026-03-23
11307,907546,30-60,3080,PARTIAL,64865.8,2026-05-03
11308,907546,60-90,3080,PARTIAL,80390.57,2026-06-13
11309,907546,90+,3080,PENDING,0.0,2026-07-25
11310,907547,0-30,3058,PARTIAL,2002.94,2026-06-27
11311,907547,0-30,3058,PENDING,0.0,2026-07-11
11312,907547,30-60,3058,PENDING,0.0,2026-07-25
11313,907551,0-30,3066,PARTIAL,73281.99,2025-10-30
11314,907551,0-30,3066,PARTIAL,16187.34,2025-11-16
11315,907551,0-30,3066,PARTIAL,15123.62,2025-12-03
11316,907551,0-30,3066,PENDING,0.0,2025-12-19
11317,907551,0-30,3066,PENDING,0.0,2026-01-05
11318,907551,0-30,3066,PENDING,0.0,2026-01-22
11319,907551,0-30,3066,PENDING,0.0,2026-02-07
11320,907551,0-30,3066,PARTIAL,21778.96,2026-02-24
11321,907551,0-30,3066,PENDING,0.0,2026-03-13
11322,907551,0-30,3066,PARTIAL,38711.69,2026-03-30
11323,907551,0-30,3066,PENDING,0.0,2026-04-15
11324,907551,0-30,3066,PENDING,0.0,2026-05-02
11325,907551,0-30,3066,PENDING,0.0,2026-05-19
11326,907551,0-30,3066,PARTIAL,55476.07,2026-06-04
11327,907551,30-60,3066,PENDING,0.0,2026-06-21
11328,907551,60-90,3066,PENDING,0.0,2026-07-08
11329,907551,90+,3066,PARTIAL,13340.94,2026-07-25
11330,907552,0-30,3068,PENDING,0.0,2025-09-08
11331,907552,0-30,3068,PENDING,0.0,2025-10-24
11332,907552,0-30,3068,PENDING,0.0,2025-12-08
11333,907552,0-30,3068,PENDING,0.0,2026-01-23
11334,907552,0-30,3068,PENDING,0.0,2026-03-10
11335,907552,30-60,3068,PARTIAL,4282.35,2026-04-24
11336,907552,60-90,3068,PARTIAL,2923.72,2026-06-09
11337,907552,90+,3068,PENDING,0.0,2026-07-25
11338,907555,0-30,3039,PARTIAL,16289.32,2026-06-16
11339,907555,0-30,3039,PENDING,0.0,2026-06-29
11340,907555,0-30,3039,PENDING,0.0,2026-07-12
11341,907555,30-60,3039,PENDING,0.0,2026-07-25
11342,907558,0-30,3042,PENDING,0.0,2025-08-27
11343,907558,0-30,3042,PENDING,0.0,2025-09-29
11344,907558,0-30,3042,PARTIAL,154451.78,2025-11-01
11345,907558,0-30,3042,PARTIAL,82145.74,2025-12-04
11346,907558,0-30,3042,PARTIAL,136709.06,2026-01-06
11347,907558,0-30,3042,PENDING,0.0,2026-02-09
11348,907558,0-30,3042,PARTIAL,131573.71,2026-03-14
11349,907558,0-30,3042,PENDING,0.0,2026-04-16
11350,907558,30-60,3042,PARTIAL,41235.88,2026-05-19
11351,907558,60-90,3042,PENDING,0.0,2026-06-21
11352,907558,90+,3042,PENDING,0.0,2026-07-25
11353,907564,0-30,3007,PENDING,0.0,2025-10-08
11354,907564,0-30,3007,PENDING,0.0,2025-11-01
11355,907564,0-30,3007,PENDING,0.0,2025-11-25
11356,907564,0-30,3007,PENDING,0.0,2025-12-19
11357,907564,0-30,3007,PENDING,0.0,2026-01-12
11358,907564,0-30,3007,PENDING,0.0,2026-02-05
11359,907564,0-30,3007,PENDING,0.0,2026-03-02
11360,907564,0-30,3007,PENDING,0.0,2026-03-26
11361,907564,0-30,3007,PENDING,0.0,2026-04-19
11362,907564,0-30,3007,PENDING,0.0,2026-05-13
11363,907564,30-60,3007,PENDING,0.0,2026-06-06
11364,907564,60-90,3007,PARTIAL,41569.51,2026-06-30
11365,907564,90+,3007,PARTIAL,67869.46,2026-07-25
11366,907567,0-30,3043,PENDING,0.0,2025-10-05
11367,907567,0-30,3043,PENDING,0.0,2025-10-26
11368,907567,0-30,3043,PENDING,0.0,2025-11-16
11369,907567,0-30,3043,PENDING,0.0,2025-12-07
11370,907567,0-30,3043,PENDING,0.0,2025-12-28
11371,907567,0-30,3043,PENDING,0.0,2026-01-18
11372,907567,0-30,3043,PENDING,0.0,2026-02-08
11373,907567,0-30,3043,PARTIAL,16337.81,2026-02-28
11374,907567,0-30,3043,PENDING,0.0,2026-03-21
11375,907567,0-30,3043,PENDING,0.0,2026-04-11
11376,907567,0-30,3043,PENDING,0.0,2026-05-02
11377,907567,0-30,3043,PENDING,0.0,2026-05-23
11378,907567,30-60,3043,PARTIAL,25541.36,2026-06-13
11379,907567,60-90,3043,PENDING,0.0,2026-07-04
11380,907567,90+,3043,WRITE_OFF,5303.89,2026-07-25
11381,907570,30-60,3027,PARTIAL,14461.35,2026-05-24
11382,907570,60-90,3027,PENDING,0.0,2026-06-24
11383,907570,90+,3027,PENDING,0.0,2026-07-25
11384,907572,0-30,3019,PARTIAL,11959.88,2025-12-04
11385,907572,0-30,3019,PENDING,0.0,2025-12-23
11386,907572,0-30,3019,PENDING,0.0,2026-01-12
11387,907572,0-30,3019,PENDING,0.0,2026-01-31
11388,907572,0-30,3019,PARTIAL,20455.22,2026-02-19
11389,907572,0-30,3019,PENDING,0.0,2026-03-11
11390,907572,0-30,3019,PENDING,0.0,2026-03-30
11391,907572,0-30,3019,PENDING,0.0,2026-04-19
11392,907572,0-30,3019,PENDING,0.0,2026-05-08
11393,907572,0-30,3019,PARTIAL,10172.73,2026-05-27
11394,907572,30-60,3019,PENDING,0.0,2026-06-16
11395,907572,60-90,3019,PARTIAL,1916.08,2026-07-05
11396,907572,90+,3019,PENDING,0.0,2026-07-25
11397,907574,0-30,3044,PENDING,0.0,2026-04-05
11398,907574,0-30,3044,PARTIAL,260127.02,2026-04-27
11399,907574,0-30,3044,PARTIAL,284955.82,2026-05-19
11400,907574,30-60,3044,PENDING,0.0,2026-06-10
11401,907574,60-90,3044,PENDING,0.0,2026-07-02
11402,907574,90+,3044,PARTIAL,278283.47,2026-07-25
11403,907576,0-30,3049,PENDING,0.0,2026-07-10
11404,907576,0-30,3049,PARTIAL,97307.49,2026-07-17
11405,907576,0-30,3049,PENDING,0.0,2026-07-25
11406,907581,0-30,3074,PENDING,0.0,2025-10-24
11407,907581,0-30,3074,PENDING,0.0,2025-11-13
11408,907581,0-30,3074,PENDING,0.0,2025-12-02
11409,907581,0-30,3074,PARTIAL,63562.57,2025-12-22
11410,907581,0-30,3074,PENDING,0.0,2026-01-10
11411,907581,0-30,3074,PENDING,0.0,2026-01-30
11412,907581,0-30,3074,PARTIAL,77157.01,2026-02-18
11413,907581,0-30,3074,PENDING,0.0,2026-03-10
11414,907581,0-30,3074,PARTIAL,107207.78,2026-03-29
11415,907581,0-30,3074,PARTIAL,28985.61,2026-04-18
11416,907581,0-30,3074,PARTIAL,119810.72,2026-05-07
11417,907581,0-30,3074,PENDING,0.0,2026-05-27
11418,907581,30-60,3074,PARTIAL,92146.8,2026-06-15
11419,907581,60-90,3074,PARTIAL,38085.74,2026-07-05
11420,907581,90+,3074,WRITE_OFF,16652.42,2026-07-25
11421,907585,0-30,3040,PENDING,0.0,2026-04-19
11422,907585,0-30,3040,PENDING,0.0,2026-05-13
11423,907585,30-60,3040,PENDING,0.0,2026-06-06
11424,907585,60-90,3040,PARTIAL,1663.73,2026-06-30
11425,907585,90+,3040,WRITE_OFF,946.36,2026-07-25
11426,907594,0-30,3062,PENDING,0.0,2026-02-22
11427,907594,0-30,3062,PENDING,0.0,2026-03-25
11428,907594,0-30,3062,PARTIAL,6309.99,2026-04-24
11429,907594,30-60,3062,PARTIAL,3675.25,2026-05-25
11430,907594,60-90,3062,PENDING,0.0,2026-06-24
11431,907594,90+,3062,WRITE_OFF,879.46,2026-07-25
11432,907595,0-30,3035,PENDING,0.0,2026-02-20
11433,907595,0-30,3035,PENDING,0.0,2026-03-04
11434,907595,0-30,3035,PENDING,0.0,2026-03-16
11435,907595,0-30,3035,PENDING,0.0,2026-03-28
11436,907595,0-30,3035,PENDING,0.0,2026-04-09
11437,907595,0-30,3035,PARTIAL,2097.68,2026-04-21
11438,907595,0-30,3035,PENDING,0.0,2026-05-03
11439,907595,0-30,3035,PARTIAL,3886.21,2026-05-14
11440,907595,0-30,3035,PENDING,0.0,2026-05-26
11441,907595,0-30,3035,PARTIAL,6630.77,2026-06-07
11442,907595,0-30,3035,PENDING,0.0,2026-06-19
11443,907595,30-60,3035,PARTIAL,1096.67,2026-07-01
11444,907595,60-90,3035,PENDING,0.0,2026-07-13
11445,907595,90+,3035,PARTIAL,3021.24,2026-07-25
11446,907599,30-60,3076,PENDING,0.0,2026-07-25
11447,907601,0-30,3019,PENDING,0.0,2026-07-01
11448,907601,0-30,3019,PENDING,0.0,2026-07-09
11449,907601,0-30,3019,PENDING,0.0,2026-07-17
11450,907601,30-60,3019,PARTIAL,36841.69,2026-07-25
11451,907605,0-30,3055,PENDING,0.0,2026-06-25
11452,907605,0-30,3055,PARTIAL,4123.41,2026-07-10
11453,907605,30-60,3055,PENDING,0.0,2026-07-25
11454,907611,0-30,3015,PARTIAL,23144.1,2026-07-08
11455,907611,30-60,3015,PARTIAL,18561.03,2026-07-25
11456,907613,0-30,3064,PENDING,0.0,2026-07-25
11457,907616,0-30,3048,PARTIAL,31286.7,2026-01-11
11458,907616,0-30,3048,PENDING,0.0,2026-02-04
11459,907616,0-30,3048,PARTIAL,17061.45,2026-03-01
11460,907616,0-30,3048,PENDING,0.0,2026-03-25
11461,907616,0-30,3048,PENDING,0.0,2026-04-18
11462,907616,0-30,3048,PENDING,0.0,2026-05-13
11463,907616,30-60,3048,PARTIAL,11166.04,2026-06-06
11464,907616,60-90,3048,PENDING,0.0,2026-06-30
11465,907616,90+,3048,WRITE_OFF,12444.39,2026-07-25
11466,907621,0-30,3059,PARTIAL,47420.16,2026-07-04
11467,907621,30-60,3059,PENDING,0.0,2026-07-25
11468,907626,0-30,3043,PENDING,0.0,2026-07-09
11469,907626,30-60,3043,PARTIAL,29081.73,2026-07-25
11470,907627,0-30,3012,PARTIAL,10325.47,2026-03-09
11471,907627,0-30,3012,PENDING,0.0,2026-03-29
11472,907627,0-30,3012,PARTIAL,2814.31,2026-04-17
11473,907627,0-30,3012,PENDING,0.0,2026-05-07
11474,907627,0-30,3012,PARTIAL,8788.05,2026-05-27
11475,907627,30-60,3012,PARTIAL,16197.46,2026-06-15
11476,907627,60-90,3012,PENDING,0.0,2026-07-05
11477,907627,90+,3012,PARTIAL,23465.18,2026-07-25
11478,907628,0-30,3036,PENDING,0.0,2025-08-14
11479,907628,0-30,3036,PARTIAL,2831.82,2025-09-03
11480,907628,0-30,3036,PENDING,0.0,2025-09-23
11481,907628,0-30,3036,PARTIAL,1888.44,2025-10-14
11482,907628,0-30,3036,PENDING,0.0,2025-11-03
11483,907628,0-30,3036,PARTIAL,1567.78,2025-11-23
11484,907628,0-30,3036,PENDING,0.0,2025-12-13
11485,907628,0-30,3036,PENDING,0.0,2026-01-03
11486,907628,0-30,3036,PENDING,0.0,2026-01-23
11487,907628,0-30,3036,PENDING,0.0,2026-02-12
11488,907628,0-30,3036,PARTIAL,8132.66,2026-03-05
11489,907628,0-30,3036,PARTIAL,8871.35,2026-03-25
11490,907628,0-30,3036,PENDING,0.0,2026-04-14
11491,907628,0-30,3036,PENDING,0.0,2026-05-04
11492,907628,0-30,3036,PENDING,0.0,2026-05-25
11493,907628,30-60,3036,PENDING,0.0,2026-06-14
11494,907628,60-90,3036,PENDING,0.0,2026-07-04
11495,907628,90+,3036,PARTIAL,3667.73,2026-07-25
11496,907630,0-30,3044,PARTIAL,49935.42,2026-07-25
11497,907631,0-30,3059,PENDING,0.0,2025-08-20
11498,907631,0-30,3059,PENDING,0.0,2025-09-15
11499,907631,0-30,3059,PENDING,0.0,2025-10-11
11500,907631,0-30,3059,PENDING,0.0,2025-11-06
11501,907631,0-30,3059,PENDING,0.0,2025-12-02
11502,907631,0-30,3059,PARTIAL,122202.97,2025-12-28
11503,907631,0-30,3059,PENDING,0.0,2026-01-23
11504,907631,0-30,3059,PARTIAL,679174.4,2026-02-18
11505,907631,0-30,3059,PENDING,0.0,2026-03-16
11506,907631,0-30,3059,PARTIAL,225271.81,2026-04-11
11507,907631,0-30,3059,PARTIAL,732828.99,2026-05-07
11508,907631,30-60,3059,PENDING,0.0,2026-06-02
11509,907631,60-90,3059,PARTIAL,294033.51,2026-06-28
11510,907631,90+,3059,PARTIAL,752186.89,2026-07-25
11511,907634,0-30,3041,PENDING,0.0,2025-09-18
11512,907634,0-30,3041,PENDING,0.0,2025-10-22
11513,907634,0-30,3041,PENDING,0.0,2025-11-26
11514,907634,0-30,3041,PENDING,0.0,2025-12-30
11515,907634,0-30,3041,PARTIAL,10703.05,2026-02-03
11516,907634,0-30,3041,PENDING,0.0,2026-03-09
11517,907634,0-30,3041,PENDING,0.0,2026-04-12
11518,907634,30-60,3041,PENDING,0.0,2026-05-17
11519,907634,60-90,3041,PARTIAL,14490.42,2026-06-20
11520,907634,90+,3041,PENDING,0.0,2026-07-25
11521,907636,0-30,3059,PENDING,0.0,2026-07-05
11522,907636,0-30,3059,PENDING,0.0,2026-07-15
11523,907636,0-30,3059,PENDING,0.0,2026-07-25
11524,907637,0-30,3063,PENDING,0.0,2025-10-09
11525,907637,0-30,3063,PENDING,0.0,2025-10-28
11526,907637,0-30,3063,PARTIAL,14075.37,2025-11-16
11527,907637,0-30,3063,PENDING,0.0,2025-12-06
11528,907637,0-30,3063,PENDING,0.0,2025-12-25
11529,907637,0-30,3063,PARTIAL,7888.71,2026-01-13
11530,907637,0-30,3063,PENDING,0.0,2026-02-01
11531,907637,0-30,3063,PARTIAL,5071.7,2026-02-21
11532,907637,0-30,3063,PENDING,0.0,2026-03-12
11533,907637,0-30,3063,PARTIAL,22915.02,2026-03-31
11534,907637,0-30,3063,PENDING,0.0,2026-04-19
11535,907637,0-30,3063,PENDING,0.0,2026-05-09
11536,907637,0-30,3063,PARTIAL,3081.09,2026-05-28
11537,907637,30-60,3063,PARTIAL,15247.63,2026-06-16
11538,907637,60-90,3063,PENDING,0.0,2026-07-05
11539,907637,90+,3063,WRITE_OFF,1462.85,2026-07-25
11540,907639,0-30,3045,PENDING,0.0,2026-06-03
11541,907639,0-30,3045,PENDING,0.0,2026-06-20
11542,907639,30-60,3045,PARTIAL,23979.85,2026-07-07
11543,907639,60-90,3045,PARTIAL,52711.25,2026-07-25
11544,907641,0-30,3064,PENDING,0.0,2026-06-18
11545,907641,0-30,3064,PENDING,0.0,2026-06-30
11546,907641,0-30,3064,PENDING,0.0,2026-07-12
11547,907641,30-60,3064,RECOVERED,12264.9,2026-07-25
11548,907646,0-30,3037,PARTIAL,26586.08,2025-08-28
11549,907646,0-30,3037,PENDING,0.0,2025-09-21
11550,907646,0-30,3037,PENDING,0.0,2025-10-14
11551,907646,0-30,3037,PENDING,0.0,2025-11-07
11552,907646,0-30,3037,PENDING,0.0,2025-12-01
11553,907646,0-30,3037,PENDING,0.0,2025-12-24
11554,907646,0-30,3037,PENDING,0.0,2026-01-17
11555,907646,0-30,3037,PARTIAL,26814.11,2026-02-09
11556,907646,0-30,3037,PARTIAL,34411.48,2026-03-05
11557,907646,0-30,3037,PARTIAL,9648.98,2026-03-29
11558,907646,0-30,3037,PENDING,0.0,2026-04-21
11559,907646,0-30,3037,PENDING,0.0,2026-05-15
11560,907646,30-60,3037,PARTIAL,62845.89,2026-06-07
11561,907646,60-90,3037,PENDING,0.0,2026-07-01
11562,907646,90+,3037,PENDING,0.0,2026-07-25
11563,907650,0-30,3072,PARTIAL,226762.06,2026-01-08
11564,907650,0-30,3072,PENDING,0.0,2026-01-30
11565,907650,0-30,3072,PENDING,0.0,2026-02-21
11566,907650,0-30,3072,PARTIAL,210509.49,2026-03-15
11567,907650,0-30,3072,PENDING,0.0,2026-04-06
11568,907650,0-30,3072,PENDING,0.0,2026-04-28
11569,907650,0-30,3072,PENDING,0.0,2026-05-20
11570,907650,30-60,3072,PENDING,0.0,2026-06-11
11571,907650,60-90,3072,PENDING,0.0,2026-07-03
11572,907650,90+,3072,PENDING,0.0,2026-07-25
11573,907651,30-60,3060,PARTIAL,17788.95,2026-07-25
11574,907652,0-30,3042,PENDING,0.0,2025-11-13
11575,907652,0-30,3042,PARTIAL,53197.12,2025-12-06
11576,907652,0-30,3042,PENDING,0.0,2025-12-29
11577,907652,0-30,3042,PENDING,0.0,2026-01-21
11578,907652,0-30,3042,PENDING,0.0,2026-02-13
11579,907652,0-30,3042,PENDING,0.0,2026-03-08
11580,907652,0-30,3042,PENDING,0.0,2026-03-31
11581,907652,0-30,3042,PARTIAL,25507.96,2026-04-23
11582,907652,0-30,3042,PENDING,0.0,2026-05-16
11583,907652,30-60,3042,PENDING,0.0,2026-06-08
11584,907652,60-90,3042,PARTIAL,30507.57,2026-07-01
11585,907652,90+,3042,PENDING,0.0,2026-07-25
11586,907664,0-30,3056,PENDING,0.0,2026-06-27
11587,907664,30-60,3056,PENDING,0.0,2026-07-25
11588,907667,30-60,3051,PENDING,0.0,2026-06-20
11589,907667,60-90,3051,PENDING,0.0,2026-07-25
11590,907668,0-30,3048,PENDING,0.0,2026-04-16
11591,907668,0-30,3048,PENDING,0.0,2026-05-11
11592,907668,30-60,3048,PARTIAL,4087.86,2026-06-05
11593,907668,60-90,3048,PENDING,0.0,2026-06-30
11594,907668,90+,3048,WRITE_OFF,4214.08,2026-07-25
11595,907671,90+,3066,PENDING,0.0,2026-07-25
11596,907679,0-30,3055,PENDING,0.0,2026-06-30
11597,907679,30-60,3055,PENDING,0.0,2026-07-25
11598,907682,30-60,3033,PENDING,0.0,2026-07-25
11599,907687,0-30,3057,PARTIAL,4340.87,2026-04-23
11600,907687,0-30,3057,PENDING,0.0,2026-05-12
11601,907687,0-30,3057,PARTIAL,45220.05,2026-05-30
11602,907687,30-60,3057,PENDING,0.0,2026-06-18
11603,907687,60-90,3057,PENDING,0.0,2026-07-06
11604,907687,90+,3057,WRITE_OFF,12461.7,2026-07-25
11605,907688,0-30,3075,PARTIAL,43394.53,2026-06-28
11606,907688,30-60,3075,PARTIAL,48111.48,2026-07-25
11607,907693,0-30,3025,PENDING,0.0,2026-06-29
11608,907693,30-60,3025,PARTIAL,8647.47,2026-07-25
11609,907694,30-60,3010,PENDING,0.0,2026-07-25
11610,907695,0-30,3031,PENDING,0.0,2026-07-25
11611,907697,30-60,3039,PENDING,0.0,2026-01-24
11612,907697,60-90,3039,PENDING,0.0,2026-04-25
11613,907697,90+,3039,WRITE_OFF,5993.96,2026-07-25
11614,907698,0-30,3009,PENDING,0.0,2026-07-11
11615,907698,0-30,3009,PENDING,0.0,2026-07-25
11616,907700,0-30,3032,PARTIAL,7732.36,2026-06-19
11617,907700,0-30,3032,PENDING,0.0,2026-07-07
11618,907700,30-60,3032,PARTIAL,54258.37,2026-07-25
11619,907702,30-60,3015,PENDING,0.0,2026-07-25
11620,907703,0-30,3045,PARTIAL,12878.61,2026-07-25
11621,907704,0-30,3008,PENDING,0.0,2026-07-03
11622,907704,30-60,3008,PENDING,0.0,2026-07-25
11623,907707,0-30,3015,PENDING,0.0,2025-12-12
11624,907707,0-30,3015,PENDING,0.0,2026-01-13
11625,907707,0-30,3015,PENDING,0.0,2026-02-14
11626,907707,0-30,3015,PENDING,0.0,2026-03-18
11627,907707,0-30,3015,PARTIAL,3213.26,2026-04-19
11628,907707,30-60,3015,PENDING,0.0,2026-05-21
11629,907707,60-90,3015,PENDING,0.0,2026-06-22
11630,907707,90+,3015,WRITE_OFF,776.27,2026-07-25
11631,907710,0-30,3065,PENDING,0.0,2025-12-19
11632,907710,0-30,3065,PARTIAL,276624.46,2026-01-04
11633,907710,0-30,3065,PENDING,0.0,2026-01-19
11634,907710,0-30,3065,PENDING,0.0,2026-02-04
11635,907710,0-30,3065,PENDING,0.0,2026-02-19
11636,907710,0-30,3065,PENDING,0.0,2026-03-07
11637,907710,0-30,3065,PENDING,0.0,2026-03-22
11638,907710,0-30,3065,PENDING,0.0,2026-04-07
11639,907710,0-30,3065,PENDING,0.0,2026-04-22
11640,907710,0-30,3065,PARTIAL,105430.14,2026-05-08
11641,907710,0-30,3065,PENDING,0.0,2026-05-23
11642,907710,0-30,3065,PENDING,0.0,2026-06-08
11643,907710,30-60,3065,PENDING,0.0,2026-06-23
11644,907710,60-90,3065,PENDING,0.0,2026-07-09
11645,907710,90+,3065,PENDING,0.0,2026-07-25
11646,907713,0-30,3075,PARTIAL,375330.58,2026-01-20
11647,907713,0-30,3075,PARTIAL,235012.3,2026-02-06
11648,907713,0-30,3075,PARTIAL,584240.85,2026-02-23
11649,907713,0-30,3075,PARTIAL,503286.93,2026-03-12
11650,907713,0-30,3075,PENDING,0.0,2026-03-29
11651,907713,0-30,3075,PENDING,0.0,2026-04-15
11652,907713,0-30,3075,PENDING,0.0,2026-05-01
11653,907713,0-30,3075,PENDING,0.0,2026-05-18
11654,907713,0-30,3075,PENDING,0.0,2026-06-04
11655,907713,30-60,3075,PENDING,0.0,2026-06-21
11656,907713,60-90,3075,PARTIAL,656923.38,2026-07-08
11657,907713,90+,3075,PENDING,0.0,2026-07-25
11658,907715,0-30,3042,PENDING,0.0,2025-12-30
11659,907715,0-30,3042,PENDING,0.0,2026-02-09
11660,907715,0-30,3042,PENDING,0.0,2026-03-23
11661,907715,30-60,3042,PENDING,0.0,2026-05-03
11662,907715,60-90,3042,PENDING,0.0,2026-06-13
11663,907715,90+,3042,PENDING,0.0,2026-07-25
11664,907718,0-30,3064,PARTIAL,2012.45,2026-07-25
11665,907723,0-30,3004,PENDING,0.0,2026-07-07
11666,907723,30-60,3004,PARTIAL,6815.15,2026-07-25
11667,907727,0-30,3055,PARTIAL,40017.83,2026-07-06
11668,907727,30-60,3055,PARTIAL,32097.69,2026-07-25
11669,907728,0-30,3069,PARTIAL,7300.28,2026-07-25
11670,907732,30-60,3041,PENDING,0.0,2026-02-04
11671,907732,60-90,3041,PARTIAL,21071.01,2026-04-30
11672,907732,90+,3041,PENDING,0.0,2026-07-25
11673,907738,0-30,3031,PENDING,0.0,2026-06-30
11674,907738,30-60,3031,PENDING,0.0,2026-07-25
11675,907745,0-30,3066,PARTIAL,7205.86,2025-11-05
11676,907745,0-30,3066,PARTIAL,23293.82,2025-12-08
11677,907745,0-30,3066,PENDING,0.0,2026-01-10
11678,907745,0-30,3066,PENDING,0.0,2026-02-11
11679,907745,0-30,3066,PENDING,0.0,2026-03-16
11680,907745,0-30,3066,PENDING,0.0,2026-04-18
11681,907745,30-60,3066,PENDING,0.0,2026-05-20
11682,907745,60-90,3066,PENDING,0.0,2026-06-22
11683,907745,90+,3066,PARTIAL,10564.04,2026-07-25
11684,907746,30-60,3074,PARTIAL,10572.03,2026-07-25
11685,907748,0-30,3051,PENDING,0.0,2026-04-08
11686,907748,0-30,3051,PARTIAL,113597.4,2026-05-05
11687,907748,30-60,3051,PARTIAL,24332.19,2026-06-01
11688,907748,60-90,3051,PARTIAL,83010.86,2026-06-28
11689,907748,90+,3051,PENDING,0.0,2026-07-25
11690,907752,0-30,3053,PENDING,0.0,2026-07-10
11691,907752,0-30,3053,PARTIAL,43002.48,2026-07-25
11692,907754,0-30,3029,PENDING,0.0,2026-05-07
11693,907754,0-30,3029,PARTIAL,40593.54,2026-05-23
11694,907754,0-30,3029,PENDING,0.0,2026-06-08
11695,907754,30-60,3029,PENDING,0.0,2026-06-23
11696,907754,60-90,3029,PENDING,0.0,2026-07-09
11697,907754,90+,3029,PARTIAL,92222.82,2026-07-25
11698,907756,0-30,3066,PENDING,0.0,2026-07-09
11699,907756,30-60,3066,PENDING,0.0,2026-07-25
11700,907767,0-30,3054,PENDING,0.0,2026-02-24
11701,907767,30-60,3054,PENDING,0.0,2026-04-15
11702,907767,60-90,3054,PARTIAL,32692.36,2026-06-04
11703,907767,90+,3054,PENDING,0.0,2026-07-25
11704,907773,0-30,3071,PENDING,0.0,2026-01-29
11705,907773,0-30,3071,PENDING,0.0,2026-03-05
11706,907773,0-30,3071,PENDING,0.0,2026-04-10
11707,907773,30-60,3071,PARTIAL,103504.2,2026-05-15
11708,907773,60-90,3071,PENDING,0.0,2026-06-19
11709,907773,90+,3071,PENDING,0.0,2026-07-25
11710,907775,0-30,3013,PARTIAL,336052.61,2025-12-08
11711,907775,0-30,3013,PARTIAL,119331.07,2025-12-29
11712,907775,0-30,3013,PENDING,0.0,2026-01-19
11713,907775,0-30,3013,PENDING,0.0,2026-02-09
11714,907775,0-30,3013,PENDING,0.0,2026-03-01
11715,907775,0-30,3013,PARTIAL,95972.82,2026-03-22
11716,907775,0-30,3013,PENDING,0.0,2026-04-12
11717,907775,0-30,3013,PENDING,0.0,2026-05-03
11718,907775,0-30,3013,PARTIAL,128121.58,2026-05-23
11719,907775,30-60,3013,PENDING,0.0,2026-06-13
11720,907775,60-90,3013,PENDING,0.0,2026-07-04
11721,907775,90+,3013,WRITE_OFF,33547.52,2026-07-25
11722,907779,0-30,3008,PENDING,0.0,2026-07-06
11723,907779,30-60,3008,PARTIAL,12513.02,2026-07-25
11724,907791,0-30,3001,PARTIAL,4950.35,2026-07-05
11725,907791,30-60,3001,PARTIAL,3117.1,2026-07-25
11726,907801,30-60,3024,PARTIAL,7323.01,2026-07-25
11727,907802,0-30,3017,PENDING,0.0,2026-02-25
11728,907802,0-30,3017,PENDING,0.0,2026-03-12
11729,907802,0-30,3017,PARTIAL,326049.09,2026-03-27
11730,907802,0-30,3017,PENDING,0.0,2026-04-11
11731,907802,0-30,3017,PENDING,0.0,2026-04-26
11732,907802,0-30,3017,PARTIAL,462892.98,2026-05-11
11733,907802,0-30,3017,PENDING,0.0,2026-05-26
11734,907802,0-30,3017,PENDING,0.0,2026-06-10
11735,907802,30-60,3017,PENDING,0.0,2026-06-25
11736,907802,60-90,3017,PENDING,0.0,2026-07-10
11737,907802,90+,3017,PARTIAL,629236.14,2026-07-25
11738,907804,30-60,3053,PENDING,0.0,2026-07-25
11739,907806,0-30,3008,PENDING,0.0,2025-09-11
11740,907806,0-30,3008,PENDING,0.0,2025-10-07
11741,907806,0-30,3008,PENDING,0.0,2025-11-03
11742,907806,0-30,3008,PARTIAL,88633.28,2025-11-29
11743,907806,0-30,3008,PARTIAL,166432.03,2025-12-25
11744,907806,0-30,3008,PENDING,0.0,2026-01-21
11745,907806,0-30,3008,PARTIAL,303412.67,2026-02-16
11746,907806,0-30,3008,PENDING,0.0,2026-03-15
11747,907806,0-30,3008,PARTIAL,32471.86,2026-04-10
11748,907806,0-30,3008,PARTIAL,43539.29,2026-05-06
11749,907806,30-60,3008,PARTIAL,274202.64,2026-06-02
11750,907806,60-90,3008,PARTIAL,105302.38,2026-06-28
11751,907806,90+,3008,PENDING,0.0,2026-07-25
11752,907808,0-30,3023,PENDING,0.0,2026-06-29
11753,907808,0-30,3023,PENDING,0.0,2026-07-12
11754,907808,30-60,3023,PENDING,0.0,2026-07-25
11755,907814,0-30,3005,PARTIAL,23468.49,2026-06-27
11756,907814,30-60,3005,PENDING,0.0,2026-07-25
11757,907815,60-90,3027,PARTIAL,5004.53,2026-07-25
11758,907817,0-30,3019,PENDING,0.0,2026-06-13
11759,907817,0-30,3019,PENDING,0.0,2026-06-27
11760,907817,0-30,3019,PARTIAL,622.65,2026-07-11
11761,907817,30-60,3019,PENDING,0.0,2026-07-25
11762,907818,0-30,3031,PENDING,0.0,2026-06-21
11763,907818,0-30,3031,PENDING,0.0,2026-07-08
11764,907818,30-60,3031,PENDING,0.0,2026-07-25
11765,907820,30-60,3075,PENDING,0.0,2026-07-25
11766,907823,0-30,3033,PENDING,0.0,2026-06-29
11767,907823,0-30,3033,PENDING,0.0,2026-07-12
11768,907823,30-60,3033,PARTIAL,2196.79,2026-07-25
11769,907825,0-30,3027,PARTIAL,829650.25,2025-11-12
11770,907825,0-30,3027,PARTIAL,233014.77,2026-01-02
11771,907825,0-30,3027,PENDING,0.0,2026-02-22
11772,907825,30-60,3027,PENDING,0.0,2026-04-14
11773,907825,60-90,3027,PARTIAL,428529.82,2026-06-04
11774,907825,90+,3027,WRITE_OFF,235907.15,2026-07-25
11775,907827,0-30,3075,PARTIAL,32151.55,2026-07-07
11776,907827,30-60,3075,PENDING,0.0,2026-07-25
11777,907828,0-30,3079,PENDING,0.0,2026-04-26
11778,907828,0-30,3079,PENDING,0.0,2026-05-14
11779,907828,0-30,3079,PENDING,0.0,2026-06-01
11780,907828,30-60,3079,PENDING,0.0,2026-06-19
11781,907828,60-90,3079,PARTIAL,35117.44,2026-07-07
11782,907828,90+,3079,PARTIAL,20264.9,2026-07-25
11783,907829,0-30,3063,PARTIAL,565.49,2026-07-25
11784,907830,30-60,3030,PENDING,0.0,2026-07-25
11785,907833,0-30,3075,PARTIAL,470.4,2026-07-25
11786,907834,0-30,3031,PENDING,0.0,2026-07-04
11787,907834,30-60,3031,PENDING,0.0,2026-07-25
11788,907837,0-30,3027,PENDING,0.0,2026-07-04
11789,907837,30-60,3027,PARTIAL,580.51,2026-07-25
11790,907838,60-90,3037,PENDING,0.0,2026-05-23
11791,907838,90+,3037,PENDING,0.0,2026-07-25
11792,907841,0-30,3002,PENDING,0.0,2026-06-24
11793,907841,0-30,3002,PARTIAL,3944.56,2026-07-04
11794,907841,0-30,3002,PARTIAL,18662.74,2026-07-14
11795,907841,30-60,3002,PARTIAL,9125.48,2026-07-25
11796,907842,0-30,3072,PENDING,0.0,2026-07-03
11797,907842,30-60,3072,PARTIAL,3553.56,2026-07-25
11798,907845,0-30,3041,PENDING,0.0,2026-07-17
11799,907845,0-30,3041,RECOVERED,19646.05,2026-07-25
11800,907847,0-30,3041,PENDING,0.0,2026-06-28
11801,907847,30-60,3041,PENDING,0.0,2026-07-25
11802,907850,0-30,3032,PARTIAL,49790.88,2026-07-12
11803,907850,0-30,3032,PARTIAL,42986.96,2026-07-25
11804,907853,0-30,3027,PARTIAL,50309.43,2026-04-29
11805,907853,30-60,3027,PENDING,0.0,2026-05-28
11806,907853,60-90,3027,PARTIAL,42294.08,2026-06-26
11807,907853,90+,3027,PENDING,0.0,2026-07-25
11808,907857,0-30,3033,PENDING,0.0,2025-12-13
11809,907857,0-30,3033,PENDING,0.0,2026-01-14
11810,907857,0-30,3033,PARTIAL,411854.96,2026-02-15
11811,907857,0-30,3033,PARTIAL,580849.4,2026-03-19
11812,907857,0-30,3033,PENDING,0.0,2026-04-20
11813,907857,30-60,3033,PENDING,0.0,2026-05-22
11814,907857,60-90,3033,PENDING,0.0,2026-06-23
11815,907857,90+,3033,PARTIAL,182287.73,2026-07-25
11816,907861,0-30,3004,PENDING,0.0,2025-11-15
11817,907861,0-30,3004,PENDING,0.0,2025-12-16
11818,907861,0-30,3004,PARTIAL,53542.6,2026-01-17
11819,907861,0-30,3004,PARTIAL,5347.35,2026-02-17
11820,907861,0-30,3004,PENDING,0.0,2026-03-21
11821,907861,0-30,3004,PENDING,0.0,2026-04-21
11822,907861,30-60,3004,PARTIAL,9274.47,2026-05-23
11823,907861,60-90,3004,PENDING,0.0,2026-06-23
11824,907861,90+,3004,WRITE_OFF,7200.76,2026-07-25
11825,907869,30-60,3070,PARTIAL,48789.59,2026-07-25
11826,907870,0-30,3032,PENDING,0.0,2026-07-04
11827,907870,30-60,3032,PARTIAL,34557.18,2026-07-25
11828,907872,0-30,3028,PENDING,0.0,2026-07-04
11829,907872,30-60,3028,PARTIAL,3527.43,2026-07-25
11830,907877,0-30,3028,RECOVERED,16817.4,2026-07-25
11831,907878,0-30,3067,PENDING,0.0,2026-05-02
11832,907878,0-30,3067,PARTIAL,124898.96,2026-05-23
11833,907878,30-60,3067,PENDING,0.0,2026-06-13
11834,907878,60-90,3067,PARTIAL,147644.71,2026-07-04
11835,907878,90+,3067,WRITE_OFF,48904.41,2026-07-25
11836,907888,30-60,3068,PENDING,0.0,2026-07-25
11837,907889,0-30,3043,PENDING,0.0,2026-07-02
11838,907889,30-60,3043,PENDING,0.0,2026-07-25
11839,907890,0-30,3045,PENDING,0.0,2026-02-03
11840,907890,0-30,3045,PARTIAL,164883.38,2026-03-18
11841,907890,30-60,3045,PARTIAL,92607.85,2026-04-30
11842,907890,60-90,3045,PENDING,0.0,2026-06-12
11843,907890,90+,3045,PENDING,0.0,2026-07-25
11844,907891,0-30,3051,PARTIAL,2677.58,2026-07-25
11845,907893,0-30,3045,PENDING,0.0,2026-04-20
11846,907893,0-30,3045,PENDING,0.0,2026-05-09
11847,907893,0-30,3045,PENDING,0.0,2026-05-28
11848,907893,30-60,3045,PENDING,0.0,2026-06-16
11849,907893,60-90,3045,PENDING,0.0,2026-07-05
11850,907893,90+,3045,PENDING,0.0,2026-07-25
11851,907896,0-30,3080,PENDING,0.0,2025-11-04
11852,907896,0-30,3080,PENDING,0.0,2025-11-30
11853,907896,0-30,3080,PENDING,0.0,2025-12-26
11854,907896,0-30,3080,PARTIAL,90768.86,2026-01-22
11855,907896,0-30,3080,PENDING,0.0,2026-02-17
11856,907896,0-30,3080,PARTIAL,103491.82,2026-03-15
11857,907896,0-30,3080,PENDING,0.0,2026-04-10
11858,907896,0-30,3080,PARTIAL,209351.72,2026-05-07
11859,907896,30-60,3080,PARTIAL,182384.84,2026-06-02
11860,907896,60-90,3080,PARTIAL,123234.76,2026-06-28
11861,907896,90+,3080,WRITE_OFF,9869.34,2026-07-25
11862,907897,0-30,3014,PENDING,0.0,2025-09-24
11863,907897,0-30,3014,PENDING,0.0,2025-10-24
11864,907897,0-30,3014,PENDING,0.0,2025-11-24
11865,907897,0-30,3014,PENDING,0.0,2025-12-24
11866,907897,0-30,3014,PENDING,0.0,2026-01-23
11867,907897,0-30,3014,PARTIAL,671098.27,2026-02-23
11868,907897,0-30,3014,PARTIAL,562181.97,2026-03-25
11869,907897,0-30,3014,PENDING,0.0,2026-04-24
11870,907897,30-60,3014,PENDING,0.0,2026-05-25
11871,907897,60-90,3014,PARTIAL,870867.84,2026-06-24
11872,907897,90+,3014,PENDING,0.0,2026-07-25
11873,907902,0-30,3025,PARTIAL,10673.93,2026-07-08
11874,907902,30-60,3025,PENDING,0.0,2026-07-25
11875,907912,0-30,3046,PENDING,0.0,2026-07-05
11876,907912,30-60,3046,PENDING,0.0,2026-07-25
11877,907916,30-60,3037,PENDING,0.0,2026-07-25
11878,907917,30-60,3037,PENDING,0.0,2026-06-19
11879,907917,60-90,3037,PARTIAL,21279.13,2026-07-25
11880,907918,60-90,3028,PENDING,0.0,2026-04-11
11881,907918,90+,3028,WRITE_OFF,148106.21,2026-07-25
11882,907920,0-30,3031,PENDING,0.0,2026-01-28
11883,907920,0-30,3031,PENDING,0.0,2026-03-05
11884,907920,0-30,3031,PENDING,0.0,2026-04-09
11885,907920,30-60,3031,PARTIAL,70525.89,2026-05-15
11886,907920,60-90,3031,PARTIAL,24969.97,2026-06-19
11887,907920,90+,3031,PARTIAL,150960.35,2026-07-25
11888,907927,0-30,3004,PENDING,0.0,2026-07-10
11889,907927,0-30,3004,PENDING,0.0,2026-07-17
11890,907927,0-30,3004,PARTIAL,1651.36,2026-07-25
11891,907932,0-30,3061,PENDING,0.0,2026-06-29
11892,907932,0-30,3061,PARTIAL,33743.56,2026-07-12
11893,907932,30-60,3061,PENDING,0.0,2026-07-25
11894,907935,0-30,3017,PENDING,0.0,2026-03-04
11895,907935,30-60,3017,PENDING,0.0,2026-04-21
11896,907935,60-90,3017,PENDING,0.0,2026-06-07
11897,907935,90+,3017,PARTIAL,261605.54,2026-07-25
11898,907942,0-30,3073,PARTIAL,110899.4,2026-06-08
11899,907942,0-30,3073,PARTIAL,130611.07,2026-06-24
11900,907942,30-60,3073,PENDING,0.0,2026-07-09
11901,907942,60-90,3073,PENDING,0.0,2026-07-25
11902,907943,0-30,3073,PARTIAL,10473.51,2026-07-25
11903,907944,0-30,3056,PARTIAL,6641.47,2026-06-10
11904,907944,0-30,3056,PENDING,0.0,2026-06-17
11905,907944,0-30,3056,PENDING,0.0,2026-06-25
11906,907944,0-30,3056,PENDING,0.0,2026-07-02
11907,907944,0-30,3056,PENDING,0.0,2026-07-10
11908,907944,0-30,3056,PENDING,0.0,2026-07-17
11909,907944,30-60,3056,PENDING,0.0,2026-07-25
11910,907945,30-60,3066,PENDING,0.0,2026-07-25
11911,907946,0-30,3010,PARTIAL,5228.57,2026-07-18
11912,907946,0-30,3010,PARTIAL,2661.67,2026-07-25
11913,907947,0-30,3038,PENDING,0.0,2026-06-19
11914,907947,0-30,3038,PENDING,0.0,2026-07-07
11915,907947,30-60,3038,PARTIAL,795.65,2026-07-25
11916,907948,0-30,3046,PENDING,0.0,2025-08-23
11917,907948,0-30,3046,PENDING,0.0,2025-09-12
11918,907948,0-30,3046,PENDING,0.0,2025-10-02
11919,907948,0-30,3046,PENDING,0.0,2025-10-21
11920,907948,0-30,3046,PARTIAL,58261.89,2025-11-10
11921,907948,0-30,3046,PARTIAL,25594.83,2025-11-30
11922,907948,0-30,3046,PENDING,0.0,2025-12-20
11923,907948,0-30,3046,PENDING,0.0,2026-01-08
11924,907948,0-30,3046,PENDING,0.0,2026-01-28
11925,907948,0-30,3046,PARTIAL,32604.47,2026-02-17
11926,907948,0-30,3046,PARTIAL,52517.33,2026-03-08
11927,907948,0-30,3046,PENDING,0.0,2026-03-28
11928,907948,0-30,3046,PENDING,0.0,2026-04-17
11929,907948,0-30,3046,PENDING,0.0,2026-05-07
11930,907948,0-30,3046,PARTIAL,29371.39,2026-05-26
11931,907948,30-60,3046,PARTIAL,76977.2,2026-06-15
11932,907948,60-90,3046,PARTIAL,32799.36,2026-07-05
11933,907948,90+,3046,PENDING,0.0,2026-07-25
11934,907952,30-60,3063,PARTIAL,17712.04,2026-07-25
11935,907953,0-30,3055,PENDING,0.0,2026-07-25
11936,907954,30-60,3035,PENDING,0.0,2026-05-04
11937,907954,60-90,3035,PENDING,0.0,2026-06-14
11938,907954,90+,3035,PENDING,0.0,2026-07-25
11939,907960,0-30,3032,PENDING,0.0,2026-06-18
11940,907960,0-30,3032,PENDING,0.0,2026-07-06
11941,907960,30-60,3032,PENDING,0.0,2026-07-25
11942,907962,0-30,3028,PENDING,0.0,2025-10-26
11943,907962,0-30,3028,PARTIAL,5876.33,2025-11-18
11944,907962,0-30,3028,PARTIAL,1220.2,2025-12-10
11945,907962,0-30,3028,PENDING,0.0,2026-01-02
11946,907962,0-30,3028,PENDING,0.0,2026-01-25
11947,907962,0-30,3028,PENDING,0.0,2026-02-16
11948,907962,0-30,3028,PARTIAL,5374.76,2026-03-11
11949,907962,0-30,3028,PARTIAL,966.3,2026-04-02
11950,907962,0-30,3028,PENDING,0.0,2026-04-25
11951,907962,0-30,3028,PENDING,0.0,2026-05-18
11952,907962,30-60,3028,PARTIAL,6698.82,2026-06-09
11953,907962,60-90,3028,PENDING,0.0,2026-07-02
11954,907962,90+,3028,WRITE_OFF,273.75,2026-07-25
11955,907970,0-30,3021,PARTIAL,14930.78,2026-07-25
11956,907971,0-30,3030,PARTIAL,2141.75,2026-07-10
11957,907971,0-30,3030,PARTIAL,536.79,2026-07-25
11958,907975,0-30,3063,PARTIAL,23092.71,2026-07-09
11959,907975,0-30,3063,PARTIAL,11078.36,2026-07-17
11960,907975,0-30,3063,RECOVERED,38047.51,2026-07-25
11961,907977,0-30,3076,PARTIAL,11173.45,2025-08-30
11962,907977,0-30,3076,PENDING,0.0,2025-10-06
11963,907977,0-30,3076,PARTIAL,13474.13,2025-11-11
11964,907977,0-30,3076,PENDING,0.0,2025-12-18
11965,907977,0-30,3076,PENDING,0.0,2026-01-23
11966,907977,0-30,3076,PENDING,0.0,2026-03-01
11967,907977,0-30,3076,PENDING,0.0,2026-04-06
11968,907977,30-60,3076,PARTIAL,7115.08,2026-05-13
11969,907977,60-90,3076,PENDING,0.0,2026-06-18
11970,907977,90+,3076,WRITE_OFF,2492.91,2026-07-25
11971,907981,0-30,3061,PENDING,0.0,2026-03-17
11972,907981,0-30,3061,PENDING,0.0,2026-04-08
11973,907981,0-30,3061,PENDING,0.0,2026-04-29
11974,907981,0-30,3061,PENDING,0.0,2026-05-21
11975,907981,30-60,3061,PENDING,0.0,2026-06-11
11976,907981,60-90,3061,PARTIAL,475623.36,2026-07-03
11977,907981,90+,3061,PENDING,0.0,2026-07-25
11978,907982,0-30,3072,PARTIAL,78661.17,2026-07-05
11979,907982,30-60,3072,PENDING,0.0,2026-07-25
11980,907987,0-30,3072,PENDING,0.0,2026-01-30
11981,907987,0-30,3072,PENDING,0.0,2026-02-21
11982,907987,0-30,3072,PENDING,0.0,2026-03-15
11983,907987,0-30,3072,PENDING,0.0,2026-04-06
11984,907987,0-30,3072,PENDING,0.0,2026-04-28
11985,907987,0-30,3072,PARTIAL,250676.61,2026-05-20
11986,907987,30-60,3072,PENDING,0.0,2026-06-11
11987,907987,60-90,3072,PENDING,0.0,2026-07-03
11988,907987,90+,3072,PENDING,0.0,2026-07-25
11989,907999,0-30,3056,PENDING,0.0,2025-10-15
11990,907999,0-30,3056,PARTIAL,39440.73,2025-11-10
11991,907999,0-30,3056,PENDING,0.0,2025-12-06
11992,907999,0-30,3056,PARTIAL,324346.36,2025-12-31
11993,907999,0-30,3056,PARTIAL,118263.94,2026-01-26
11994,907999,0-30,3056,PARTIAL,355004.41,2026-02-21
11995,907999,0-30,3056,PENDING,0.0,2026-03-18
11996,907999,0-30,3056,PENDING,0.0,2026-04-13
11997,907999,0-30,3056,PENDING,0.0,2026-05-09
11998,907999,30-60,3056,PENDING,0.0,2026-06-03
11999,907999,60-90,3056,PENDING,0.0,2026-06-29
12000,907999,90+,3056,WRITE_OFF,39008.86,2026-07-25
