CIF_NO,CUSTOMERNAME,DOB,GENDER,PAN_NO,MOBILE,CITY,STATE,OCCUPATIONTYPE,MONTHLY_INCOME,CREDIT_SCORE,CUSTOMER_SINCE_DATE
700001,Radha Mishra,1990-11-17,F,KHZRK0784A,8634941105,Lucknow,Uttar Pradesh,Self Employed,61325.21,-1,2022-05-16
700002,Manoj Pillai,1972-04-17,M,TEJEE0377Z,7380936607,Bhubaneswar,Odisha,Government Employee,40835.9,830,2014-12-25
700003,Oviya Gupta,1963-02-18,F,EFKNJ1278B,6633487632,Kanpur,Uttar Pradesh,Business,237224.96,625,2010-07-11
700004,Rohit Nambiar,1984-06-16,M,LQVVV4033Z,9560193707,Kanpur,Uttar Pradesh,Business,397515.32,-1,2011-06-28
700005,Kiran Rana,1995-09-25,F,FZMYX1790L,8182815922,Pune,Maharashtra,Salaried,78307.25,673,2019-01-19
700006,Praveen Chauhan,1976-02-25,M,XEUCN6385S,6258733313,Coimbatore,Tamil Nadu,Self Employed,65375.48,708,2011-01-31
700007,Yogesh Shah,1977-09-29,M,QZPRI0016N,9581260031,Lucknow,Uttar Pradesh,Self Employed,132772.96,595,2012-12-31
700008,Ajay Subramaniam,1991-05-02,M,DYGDC6874I,6088556541,Chennai,Tamil Nadu,Salaried,104107.44,670,2015-05-01
700009,Rakesh Nair,2004-06-15,M,PRFKN6646Q,8069745349,Coimbatore,Tamil Nadu,Farmer,31529.34,669,2012-05-12
700010,Bharath Krishnan,1994-07-03,M,ITSVS2547Q,8298051982,Bengaluru,Karnataka,Farmer,24997.31,503,2017-05-15
700011,Swathi Pandey,1957-06-11,F,MVSWL7532T,6510161970,Bengaluru,Karnataka,Business,326092.11,766,2011-01-18
700012,Sunil Deshmukh,1972-12-16,M,FYNRW7732G,6099707641,Ranchi,Jharkhand,Business,164868.21,727,2015-11-10
700013,Naveen Desai,2001-03-21,M,SJIZN8604N,6375280810,Hyderabad,Telangana,Salaried,139583.99,610,2017-10-20
700014,Rohit Rana,1989-01-03,M,ZPYNP1892F,6974951309,Patna,Bihar,Salaried,161928.7,-1,2014-08-16
700015,Sandeep Chelladurai,1960-08-07,M,EZQYD5660S,8584534622,Jaipur,Rajasthan,Self Employed,267260.77,653,2014-04-19
700016,Jagan Thakur,1991-09-11,M,SZSPJ2929D,7913977416,Madurai,Tamil Nadu,Salaried,161410.19,718,2010-04-14
700017,Sandeep Rana,1985-08-09,M,NQMDP4794S,9866865211,Chandigarh,Chandigarh,Salaried,119780.86,645,2019-05-31
700018,Manoj Thakur,1991-07-12,M,GLLQK6916Y,6349051795,Madurai,Tamil Nadu,Government Employee,79382.01,646,2020-09-02
700019,Arjun Ghosh,1958-10-05,M,ITLZE5976U,6230096651,Delhi,Delhi,Farmer,56876.43,531,2014-11-29
700020,Aishwarya Nambiar,1986-07-17,F,EYBUF6781V,9425183823,Delhi,Delhi,Retired,57196.12,722,2016-04-22
700021,Bharath Joshi,1976-10-28,M,MLQRJ9808K,7535620265,Kochi,Kerala,Salaried,91217.48,681,2014-09-05
700022,Janani Sharma,1997-06-14,F,RXUVF6574D,6221404144,Nashik,Maharashtra,Business,373929.83,696,2017-03-12
700023,Pankaj Venkatesan,1978-12-07,M,VJKYB6606V,8804712410,Kolkata,West Bengal,Salaried,94874.43,524,2014-09-23
700024,Vikram Roy,1982-12-29,M,OVHVK5259U,9733256707,Kanpur,Uttar Pradesh,Self Employed,29164.38,826,2010-02-20
700025,Amit Dutta,2000-03-02,M,UXPQQ6562V,9616841908,Bengaluru,Karnataka,Farmer,37229.28,684,2016-10-10
700026,Suresh Chowdhury,2003-09-25,M,LQYBO0185M,9065961750,Mumbai,Maharashtra,Salaried,42585.8,-1,2010-02-09
700027,Chandran Reddy,1997-08-27,M,FDMHO4793X,7706749297,Chennai,Tamil Nadu,Salaried,161099.77,633,2023-11-13
700028,Sathish Joshi,1990-09-02,M,YVPIY7419D,8918474273,Delhi,Delhi,Salaried,175780.09,862,2023-06-16
700029,Vinod Bhat,2004-03-04,M,VPILX3668Z,9202458808,Ahmedabad,Gujarat,Salaried,176009.99,665,2022-04-15
700030,Gayathri Das,1957-08-09,F,COUFT9266O,7950355303,Pune,Maharashtra,Government Employee,135062.22,532,2020-09-09
700031,Ganesh Gupta,1986-06-25,M,FESJO4510P,8834030260,Hyderabad,Telangana,Retired,70491.86,631,2022-09-21
700032,Rakesh Mehta,1967-05-08,M,CLPPD8393A,6037488869,Bhubaneswar,Odisha,Professional,138021.35,452,2024-05-15
700033,Chandran Rajendran,1970-04-18,M,EWJGS1990R,6807769017,Hyderabad,Telangana,Business,166926.55,769,2024-08-20
700034,Sanjay Ghosh,1982-07-04,M,KJJLU9849Z,6180637799,Kanpur,Uttar Pradesh,Government Employee,101688.18,630,2017-08-15
700035,Kumar Subramaniam,1995-03-11,M,QDFBS5182N,7128314391,Pune,Maharashtra,Salaried,162996.09,599,2014-09-26
700036,Rajesh Reddy,1982-06-08,M,TZLGG2341X,8164554792,Lucknow,Uttar Pradesh,Self Employed,274914.69,771,2022-10-25
700037,Dinesh Murugan,1984-11-21,M,SFCCP4226W,7520747083,Kolkata,West Bengal,Government Employee,84092.22,-1,2020-09-09
700038,Chandran Mehta,1983-04-14,M,EVJEJ5054Q,6178837370,Madurai,Tamil Nadu,Professional,237817.49,513,2021-11-24
700039,Deepa Raman,1983-09-18,F,ZFECG8006G,8055571870,Madurai,Tamil Nadu,Self Employed,181982.09,720,2012-06-20
700040,Manoj Naidu,1956-12-21,M,PWDOT1893N,6397323498,Jaipur,Rajasthan,Government Employee,130191.99,473,2021-08-09
700041,Dilip Das,1983-03-14,M,WRACE3262N,9796888062,Kolkata,West Bengal,Business,323418.44,607,2010-10-21
700042,Shanthi Reddy,1958-11-19,F,AGBCJ1099I,6451112422,Coimbatore,Tamil Nadu,Farmer,22932.71,555,2022-10-15
700043,Gopal Gupta,1972-08-27,M,LOPMI2253S,9038254292,Ranchi,Jharkhand,Salaried,107282.82,808,2017-10-21
700044,Ramesh Murugan,1970-10-06,M,VJTNZ6946E,7688577747,Bhubaneswar,Odisha,Business,359163.38,837,2012-04-26
700045,Rakesh Perumal,1995-01-10,M,MZOKU8634O,8723533784,Mumbai,Maharashtra,Salaried,104973.63,638,2019-10-09
700046,Madhavi Yadav,1997-09-03,F,VIZPG3989A,6282536487,Chandigarh,Chandigarh,Salaried,75949.35,749,2017-11-16
700047,Arun Chauhan,1999-06-09,M,NCJKO5894O,8670330316,Delhi,Delhi,Business,414763.46,652,2019-06-10
700048,Indira Desai,1959-08-31,F,FXKBO1567W,9007593000,Bengaluru,Karnataka,Self Employed,172676.18,723,2024-07-04
700049,Hema Rao,1987-10-02,F,KDETC1158T,9800737312,Madurai,Tamil Nadu,Government Employee,143201.05,598,2014-04-20
700050,Gopal Raman,2000-08-28,M,FKTBB2215F,8084428906,Kolkata,West Bengal,Business,130164.21,507,2020-11-12
700051,Mahesh Pillai,1989-12-31,M,EJAWK3383U,6949534342,Chennai,Tamil Nadu,Salaried,43254.73,498,2012-01-29
700052,Abhishek Naidu,1965-10-16,M,MUGJF4652P,7241728532,Surat,Gujarat,Self Employed,50772.25,706,2025-03-15
700053,Abhishek Mehta,1971-01-15,M,ASDAS6721D,6535203217,Delhi,Delhi,Salaried,154786.85,883,2024-02-01
700054,Deepa Mehta,1989-09-26,F,ARRJK6628L,6119770011,Delhi,Delhi,Salaried,137608.41,695,2024-02-13
700055,Malathi Elumalai,1985-02-20,F,OSGLR3087J,6856960373,Coimbatore,Tamil Nadu,Self Employed,227020.91,620,2023-10-20
700056,Uma Murugan,1997-06-30,F,JYLIN6865V,7459170782,Nashik,Maharashtra,Salaried,144499.31,851,2015-11-03
700057,Ramesh Sharma,1973-06-17,M,JCQDR4470W,9166175261,Chandigarh,Chandigarh,Farmer,16798.98,692,2023-06-06
700058,Selvi Sen,1987-01-20,F,CHJFB2174D,7343100970,Bhubaneswar,Odisha,Salaried,137717.67,679,2024-06-20
700059,Sandeep Venkatesan,1988-07-14,M,UIJCH6766C,7703139586,Madurai,Tamil Nadu,Farmer,51180.48,693,2017-04-30
700060,Bharath Das,1976-11-03,M,FDXVG0189W,9994412506,Bengaluru,Karnataka,Salaried,121154.45,657,2010-11-24
700061,Fathima Gupta,1985-12-24,F,SAVWU4265N,8009173086,Ahmedabad,Gujarat,Salaried,31776.78,640,2020-04-30
700062,Abhishek Pandey,1991-09-18,M,ZZQVB6625L,9618568276,Bengaluru,Karnataka,Business,201704.69,533,2019-05-04
700063,Mahesh Elumalai,1965-12-19,M,KCEXO1820Q,8724567958,Kolkata,West Bengal,Salaried,89203.44,717,2022-05-08
700064,Jagan Reddy,1959-05-07,M,CVKEY5717B,9230522748,Surat,Gujarat,Retired,23313.55,660,2017-12-15
700065,Ilango Banerjee,2004-07-08,M,VDJTY7060R,8819621485,Madurai,Tamil Nadu,Farmer,33378.48,783,2015-10-18
700066,Nitin Desai,1971-05-26,M,VPGZT2409P,9880186341,Mumbai,Maharashtra,Salaried,159429.31,634,2011-09-14
700067,Yogesh Singh,1977-08-21,M,XPBEJ4533A,8530490162,Delhi,Delhi,Salaried,178600.24,488,2022-11-12
700068,Balaji Rana,2002-07-03,M,XXCFL5077H,7637756354,Chennai,Tamil Nadu,Business,344082.72,660,2020-10-19
700069,Mahesh Patel,1974-03-26,M,DFXRK3795E,8725690195,Delhi,Delhi,Business,494044.56,831,2025-06-25
700070,Karthik Venkatesan,1976-12-02,M,XHGAE2723G,8861796088,Jaipur,Rajasthan,Business,27398.79,633,2024-05-30
700071,Parvathi Chowdhury,2003-02-02,F,FITQK6304B,6634524095,Jaipur,Rajasthan,Salaried,117462.75,585,2017-05-20
700072,Vijay Rao,1986-09-05,M,DTCVL5556T,8268406657,Nashik,Maharashtra,Salaried,102778.22,556,2012-12-16
700073,Nitin Subramaniam,1996-08-11,M,RUJZF7001B,7519311791,Chennai,Tamil Nadu,Salaried,132960.51,570,2021-03-11
700074,Ashok Mukherjee,1964-04-14,M,FUARA8963H,9499622242,Hyderabad,Telangana,Salaried,86948.78,641,2021-03-08
700075,Pankaj Sharma,1962-09-26,M,WWGTV2348F,8654582837,Mumbai,Maharashtra,Salaried,157962.64,557,2016-09-03
700076,Anitha Rao,2004-09-19,F,DHNJT4346V,9890276052,Chandigarh,Chandigarh,Business,371039.56,-1,2017-02-05
700077,Mani Reddy,1961-11-03,M,ZNAFO6595P,6329872120,Chennai,Tamil Nadu,Salaried,25752.8,812,2018-02-18
700078,Sanjay Rana,2001-11-06,M,QOORZ8733N,9933419069,Delhi,Delhi,Business,371748.57,643,2014-06-14
700079,Radha Saha,2002-07-18,F,XBSIQ5390X,9559267373,Pune,Maharashtra,Salaried,124855.36,680,2011-08-13
700080,Janani Tiwari,1985-07-14,F,YTGVW3559C,8558218468,Kolkata,West Bengal,Government Employee,25623.69,806,2019-08-08
700081,Ravi Rana,1983-01-01,M,JJRNH6224D,9671501466,Pune,Maharashtra,Salaried,79743.58,-1,2014-07-04
700082,Naveen Iyer,1989-07-22,M,HOXGG4540E,9927973079,Chandigarh,Chandigarh,Business,410142.55,812,2018-08-23
700083,Deepa Saha,1988-05-16,F,ZWPBF8043N,9967159749,Bengaluru,Karnataka,Government Employee,77178.89,649,2021-06-24
700084,Lakshmi Tiwari,1984-09-17,F,TKBRO7712C,6107506740,Bhubaneswar,Odisha,Farmer,51868.06,701,2019-02-16
700085,Parvathi Rao,1976-10-23,F,INAZH2328R,9540388822,Chennai,Tamil Nadu,Salaried,123664.97,739,2024-09-20
700086,Sunil Rao,1972-10-01,M,YILSR7009K,6272785494,Hyderabad,Telangana,Salaried,88262.77,651,2011-02-06
700087,Karthik Dutta,1960-12-17,M,EXOUM6622F,7775420028,Bhubaneswar,Odisha,Professional,318083.37,501,2011-04-10
700088,Deepa Krishnan,1991-03-13,F,VHGPI5193G,7962931266,Hyderabad,Telangana,Self Employed,222548.26,732,2025-03-24
700089,Suresh Das,1994-08-10,M,RFRNB4078C,7485501288,Kochi,Kerala,Self Employed,100461.27,754,2012-04-04
700090,Sneha Gupta,1991-11-28,F,RBILG7172C,9057540506,Bengaluru,Karnataka,Self Employed,253599.21,709,2024-11-15
700091,Anjali Sharma,1997-06-26,F,IVWMD0814R,6325029259,Kochi,Kerala,Farmer,35809.32,582,2012-02-18
700092,Ramesh Venkatesan,1986-08-22,M,RFTDG0352D,6622758803,Madurai,Tamil Nadu,Salaried,118156.22,651,2016-10-23
700093,Jagan Nambiar,1989-02-28,M,AYKKC2761L,7296700805,Jaipur,Rajasthan,Professional,345613.69,613,2014-06-19
700094,Divya Ghosh,1968-08-28,F,CSJEZ6718J,6788548782,Ahmedabad,Gujarat,Self Employed,284592.6,641,2015-08-27
700095,Revathi Patel,1987-10-19,F,POWOY8063U,8840683587,Chennai,Tamil Nadu,Salaried,115820.42,793,2020-08-30
700096,Vinod Joshi,1964-07-09,M,DOCKM0391O,9681608129,Lucknow,Uttar Pradesh,Salaried,74951.06,815,2018-11-05
700097,Sanjay Rajendran,1988-07-26,M,WZKAW1256X,8697761724,Pune,Maharashtra,Business,235946.11,733,2018-02-12
700098,Gokul Pandey,1971-11-04,M,YVBRM6088D,9478770319,Delhi,Delhi,Salaried,113182.79,722,2011-01-18
700099,Malathi Kulkarni,1980-05-13,F,QGUAO4096P,8621587315,Chennai,Tamil Nadu,Salaried,137611.83,734,2016-12-30
700100,Madhavi Joshi,1971-03-16,F,UJSHX4694V,8337419654,Bengaluru,Karnataka,Farmer,24367.33,668,2022-01-06
700101,Nitin Tiwari,1968-08-16,M,THJXN2627B,8392205764,Bhubaneswar,Odisha,Salaried,67725.47,662,2024-03-20
700102,Anitha Jadhav,1969-05-02,F,KYTIK8318R,9691304586,Ahmedabad,Gujarat,Self Employed,75972.04,606,2025-03-29
700103,Deepa Rao,1985-08-18,F,RTNXX7868E,9620682220,Kolkata,West Bengal,Self Employed,268177.28,664,2010-07-11
700104,Meena Reddy,1976-05-23,F,FLTLN9550R,9126335272,Ahmedabad,Gujarat,Self Employed,23689.81,884,2010-08-21
700105,Uma Roy,1971-12-22,F,BQSPK5528B,8939041467,Mumbai,Maharashtra,Salaried,117740.95,752,2013-09-18
700106,Ganesh Iyengar,1959-04-02,M,AUUTU2782Z,6977020876,Delhi,Delhi,Self Employed,193859.14,637,2017-01-30
700107,Yamuna Nair,2001-08-05,F,TRKAS7383P,9997481155,Hyderabad,Telangana,Salaried,124325.5,625,2014-05-01
700108,Indira Roy,1971-02-06,F,EXLDC7508Z,6408503684,Kolkata,West Bengal,Professional,33081.4,587,2017-12-14
700109,Senthil Nair,1994-03-28,M,YLOXR9757P,7467266419,Surat,Gujarat,Salaried,131357.11,705,2015-02-17
700110,Pankaj Kulkarni,1985-06-14,M,QTACZ8002H,6969210719,Bhubaneswar,Odisha,Salaried,41207.0,707,2023-10-25
700111,Senthil Rajendran,1971-04-30,M,XAWOV5657C,6664652158,Hyderabad,Telangana,Salaried,123309.44,532,2019-08-16
700112,Oviya Pillai,1956-07-26,F,NRCGW9023J,7453100672,Kanpur,Uttar Pradesh,Self Employed,131107.03,716,2024-07-19
700113,Jagan Bhat,1998-05-27,M,XVSAR8481J,9217803119,Kolkata,West Bengal,Professional,350179.26,615,2017-04-24
700114,Mahesh Kumar,1968-07-24,M,NIOJV0723C,7183635915,Kolkata,West Bengal,Business,141354.27,805,2021-08-21
700115,Parvathi Pillai,1986-07-05,F,FTXSL1966F,8722062296,Ahmedabad,Gujarat,Salaried,29244.12,684,2018-10-10
700116,Karthik Bhat,1999-07-24,M,NBBOS6589O,7823619884,Jaipur,Rajasthan,Government Employee,23990.64,833,2015-01-28
700117,Hari Das,1975-06-17,M,HAEXE6561E,9093652008,Bengaluru,Karnataka,Professional,179255.22,626,2013-12-15
700118,Ilango Shah,1972-04-29,M,JNCGU2372G,7782820033,Delhi,Delhi,Salaried,89011.8,642,2020-04-25
700119,Rohit Pillai,1969-04-04,M,DMEFL1034K,6027589819,Pune,Maharashtra,Salaried,102490.07,698,2017-02-03
700120,Prakash Subramaniam,1981-10-05,M,MYUDU6027C,6742568966,Chennai,Tamil Nadu,Self Employed,81714.88,770,2023-07-27
700121,Deepak Rao,1970-10-24,M,UYTWJ9125X,6482983310,Chennai,Tamil Nadu,Business,30990.04,723,2015-03-25
700122,Deepak Rajendran,1961-05-31,M,RFXFM3729Y,8014757281,Delhi,Delhi,Business,250655.93,552,2018-09-02
700123,Mahesh Perumal,1994-10-01,M,HKXZD3714C,9725217970,Chandigarh,Chandigarh,Professional,73723.57,-1,2016-06-30
700124,Jagan Verma,1993-02-23,M,KNWUQ5126S,8891085162,Kochi,Kerala,Self Employed,287546.05,687,2011-08-25
700125,Divya Saha,1963-03-31,F,FIXLI7984K,7909541737,Kanpur,Uttar Pradesh,Business,389268.4,672,2014-12-29
700126,Uma Reddy,2002-05-13,F,NWQQM4353Y,9386673162,Nashik,Maharashtra,Business,326428.69,629,2014-05-28
700127,Sathish Mishra,1982-08-14,M,EBLRT0854R,8078021197,Kochi,Kerala,Salaried,36504.89,608,2014-06-13
700128,Vikram Iyengar,1958-09-14,M,JHTWI9220B,8183516987,Bhubaneswar,Odisha,Self Employed,99116.02,-1,2016-12-25
700129,Fathima Nair,1999-09-04,F,PESUU2065E,6151622457,Chennai,Tamil Nadu,Salaried,21808.1,836,2014-09-29
700130,Usha Nambiar,1988-04-22,F,XFIRG1278W,8353732321,Kolkata,West Bengal,Government Employee,80028.23,632,2012-09-06
700131,Vidya Murugan,1973-01-04,F,RMIBR6408Q,7489475773,Chennai,Tamil Nadu,Salaried,91827.86,589,2016-04-01
700132,Nitin Naidu,1999-11-23,M,MQHBT7403D,6096573864,Kochi,Kerala,Salaried,141923.87,730,2017-08-01
700133,Mahesh Nambiar,1995-01-25,M,CYYSK2187M,7711918322,Mumbai,Maharashtra,Government Employee,110391.68,682,2023-10-21
700134,Dinesh Bhat,1974-12-01,M,RRBAG3720B,8238936329,Chennai,Tamil Nadu,Professional,202440.25,662,2022-09-19
700135,Sangeetha Mishra,2000-11-16,F,ZSTVG6381R,8608137898,Nashik,Maharashtra,Business,47800.43,744,2022-04-15
700136,Neha Subramaniam,1964-02-19,F,UWFIG1307H,8007144893,Kolkata,West Bengal,Government Employee,94973.7,716,2017-09-26
700137,Yamuna Kulkarni,1973-12-16,F,OCPVN4486G,7339619054,Bhubaneswar,Odisha,Salaried,179793.66,704,2016-07-11
700138,Sunitha Das,1996-06-14,F,FTUFW9437N,7395947086,Kanpur,Uttar Pradesh,Retired,48837.84,761,2014-02-10
700139,Bharath Perumal,1995-06-11,M,WJYFA5899Q,9951684622,Chandigarh,Chandigarh,Salaried,119813.51,696,2010-02-16
700140,Vidya Sharma,1984-04-18,F,OGVGE8971O,7289094007,Kolkata,West Bengal,Self Employed,106181.27,611,2014-11-09
700141,Neha Bose,1983-07-28,F,ZFWJL3641S,8124875425,Mumbai,Maharashtra,Business,93709.85,635,2011-08-24
700142,Gopal Iyengar,1969-05-16,M,CTISV6485B,9369442567,Kolkata,West Bengal,Salaried,77267.41,620,2017-04-29
700143,Tara Yadav,1975-01-20,F,UEOQH1996Z,9425057391,Delhi,Delhi,Salaried,116682.02,689,2015-11-05
700144,Gopal Iyengar,1973-01-03,M,VQAXH4930G,6713241991,Bengaluru,Karnataka,Self Employed,277755.48,567,2013-05-02
700145,Ganesh Krishnan,1960-12-26,M,WKCWT5900D,6076111669,Lucknow,Uttar Pradesh,Salaried,156833.97,495,2019-03-05
700146,Kumar Subramaniam,2003-05-15,M,ZSEED3705V,6758040665,Bengaluru,Karnataka,Government Employee,138928.6,678,2013-03-13
700147,Farooq Mukherjee,1991-07-06,M,RAUUN0746S,9749996332,Hyderabad,Telangana,Farmer,48982.89,543,2023-01-03
700148,Pooja Mishra,1982-01-12,F,UIOOY8948B,7404257051,Kanpur,Uttar Pradesh,Salaried,36417.54,484,2019-11-29
700149,Shanthi Pillai,1965-04-16,F,QCMSF6239Q,9766263669,Chennai,Tamil Nadu,Farmer,15534.58,705,2011-03-15
700150,Janani Kulkarni,1993-10-18,F,JWWGN4007B,7447739118,Madurai,Tamil Nadu,Business,423211.04,602,2013-09-07
700151,Kumar Subramaniam,1985-06-25,M,GXFXP9765O,7098672489,Delhi,Delhi,Salaried,128787.41,717,2019-02-01
700152,Deepa Subramaniam,1963-06-09,F,MGJOT5183D,7423517349,Mumbai,Maharashtra,Business,292435.58,619,2025-05-17
700153,Fathima Pandey,1987-10-26,F,OWRJP3929C,9052518669,Hyderabad,Telangana,Business,363767.3,-1,2011-02-08
700154,Radha Mehta,1977-06-25,F,XSNJS5159H,6215796390,Surat,Gujarat,Government Employee,147558.04,563,2016-01-25
700155,Sandeep Ghosh,2003-08-01,M,YZZQQ1753L,8511171350,Mumbai,Maharashtra,Self Employed,169922.48,-1,2011-04-21
700156,Balaji Patel,2005-01-17,M,GVGCM3372V,6459610030,Kolkata,West Bengal,Salaried,140229.4,551,2020-01-10
700157,Ravi Verma,1978-03-03,M,LYCNY5497X,7872005714,Kochi,Kerala,Business,230818.01,621,2012-01-20
700158,Sivakumar Kumar,1985-07-31,M,RCKNH3263B,9480001263,Kolkata,West Bengal,Self Employed,70295.35,644,2021-02-12
700159,Devi Desai,1999-11-14,F,YVMDM1665X,6770822921,Lucknow,Uttar Pradesh,Self Employed,250835.95,591,2019-10-27
700160,Arun Naidu,1997-05-10,M,OLGXR2180H,6180358759,Mumbai,Maharashtra,Retired,54731.29,643,2022-09-10
700161,Sathish Murugan,1987-03-31,M,MIJNP2255N,9615277752,Pune,Maharashtra,Self Employed,170051.83,524,2010-09-18
700162,Fathima Chowdhury,1986-06-18,F,SWSLC3689N,8662030956,Delhi,Delhi,Government Employee,49809.38,671,2012-06-08
700163,Sunitha Kulkarni,1988-11-15,F,MJHMS8884N,7391129838,Chennai,Tamil Nadu,Self Employed,69805.99,499,2018-05-28
700164,Mani Mehta,1966-02-17,M,NZZZK1771K,8107255207,Kochi,Kerala,Salaried,112931.22,651,2017-03-22
700165,Pankaj Chowdhury,1959-04-08,M,QPNDF3439D,8928253078,Delhi,Delhi,Self Employed,218495.62,736,2010-04-22
700166,Gopal Nambiar,1985-02-14,M,PEPMY1997X,9983860910,Chandigarh,Chandigarh,Self Employed,97447.5,773,2021-07-29
700167,Gokul Sharma,1996-07-28,M,NMJWF8336S,8209316533,Madurai,Tamil Nadu,Salaried,85620.47,832,2018-02-04
700168,Arun Sharma,1987-10-29,M,RLKGU4837A,9296644116,Bhubaneswar,Odisha,Salaried,149424.19,522,2023-10-02
700169,Sowmya Rajendran,1977-05-24,F,HNSTC2329Z,7673184510,Madurai,Tamil Nadu,Salaried,119197.64,742,2025-06-14
700170,Kiran Rao,1981-07-23,F,UBXYA6208O,7828303006,Madurai,Tamil Nadu,Salaried,131599.91,784,2016-09-29
700171,Radha Singh,1966-01-26,F,PZOAB2396P,7353889229,Pune,Maharashtra,Salaried,130595.12,763,2015-01-10
700172,Shankar Ghosh,1964-02-28,M,NNATT8323X,9174192962,Ahmedabad,Gujarat,Government Employee,32265.75,581,2024-04-03
700173,Rajesh Mukherjee,1986-01-10,M,IUWHU1558W,7287684691,Madurai,Tamil Nadu,Salaried,45913.02,709,2017-02-16
700174,Sandeep Mukherjee,1980-08-29,M,DEPEM5458A,7486148965,Ahmedabad,Gujarat,Salaried,74174.86,846,2011-06-19
700175,Latha Rana,1978-01-07,F,DOTCV8020I,6210922847,Chennai,Tamil Nadu,Salaried,139448.77,527,2020-12-30
700176,Revathi Singh,1974-02-05,F,ATKYK3095O,9557289820,Hyderabad,Telangana,Self Employed,178824.44,715,2022-07-03
700177,Mani Pillai,1972-06-18,M,XLAGM1188N,7130237520,Chennai,Tamil Nadu,Business,161291.28,775,2016-11-09
700178,Usha Sharma,1995-03-12,F,CQZHU9766X,9814441931,Mumbai,Maharashtra,Business,420470.97,603,2022-06-23
700179,Mani Balasubramanian,2001-10-11,M,QGYDK6361E,8825404935,Bhubaneswar,Odisha,Farmer,13321.44,725,2019-02-01
700180,Gokul Raman,1971-11-17,M,JUCAN6856C,7294539595,Kolkata,West Bengal,Self Employed,185327.77,568,2012-04-02
700181,Pankaj Rana,1986-04-15,M,PSHME4252I,6053338232,Pune,Maharashtra,Salaried,176930.79,592,2019-09-28
700182,Shanthi Saha,1987-04-06,F,DODVA2736G,9470614660,Hyderabad,Telangana,Professional,194670.28,592,2014-05-23
700183,Farooq Perumal,1979-12-04,M,KONEY9794C,7605137843,Surat,Gujarat,Salaried,147419.59,688,2022-03-30
700184,Latha Pillai,1991-08-06,F,XNMWN1598J,8029924467,Madurai,Tamil Nadu,Retired,25218.16,661,2010-07-18
700185,Esther Thakur,1967-12-05,F,PNGHZ3981S,6658413843,Bengaluru,Karnataka,Salaried,132744.7,760,2024-11-19
700186,Nandhini Roy,1988-03-06,F,VOIYJ1379U,8697447316,Madurai,Tamil Nadu,Salaried,128757.11,580,2012-11-11
700187,Hari Venkatesan,1975-07-27,M,EISMB8804C,9087502104,Jaipur,Rajasthan,Salaried,97620.18,657,2024-06-24
700188,Lakshmi Chowdhury,2002-03-20,F,PZFIA0048W,9985503260,Nashik,Maharashtra,Self Employed,44545.87,761,2024-10-09
700189,Harish Roy,1960-04-16,M,PDPWZ7086I,6882532763,Nashik,Maharashtra,Salaried,151781.22,723,2022-09-11
700190,Sowmya Raman,1966-12-11,F,LOSZQ4657V,6177729127,Kochi,Kerala,Farmer,45335.71,544,2017-04-20
700191,Geetha Jadhav,1996-07-02,F,GNKIU1579A,8701808673,Coimbatore,Tamil Nadu,Salaried,39674.81,733,2010-11-28
700192,Anitha Nambiar,1960-01-19,F,TMVDX1390I,6814589911,Bhubaneswar,Odisha,Business,350073.5,624,2022-09-18
700193,Naveen Dutta,1956-11-12,M,EPJDS0823A,8379685404,Bengaluru,Karnataka,Salaried,29892.97,706,2012-01-19
700194,Aishwarya Pillai,1994-04-15,F,GRWKL0327W,8756132272,Jaipur,Rajasthan,Self Employed,68470.87,698,2020-10-12
700195,Ajay Pillai,1994-12-01,M,LOWGG1571N,7943883167,Kanpur,Uttar Pradesh,Business,171161.87,785,2016-06-15
700196,Sivakumar Desai,1962-09-05,M,PQEGN0772R,9382744187,Coimbatore,Tamil Nadu,Business,496341.82,681,2014-07-20
700197,Pankaj Tiwari,1964-10-18,M,QJCBN5494L,9626593397,Chennai,Tamil Nadu,Retired,48978.37,493,2011-03-16
700198,Divya Das,1978-10-29,F,UXGUL5500V,7639830562,Chennai,Tamil Nadu,Salaried,70636.45,539,2019-01-15
700199,Uma Ghosh,1965-07-30,F,ZGMET9971W,9703322853,Surat,Gujarat,Government Employee,21675.88,739,2019-09-01
700200,Kiran Ghosh,1978-07-06,F,MOFFQ5436M,6908053732,Kolkata,West Bengal,Self Employed,230359.11,645,2010-10-27
700201,Hari Chowdhury,1963-03-27,M,USHRD7868J,9571330375,Bengaluru,Karnataka,Self Employed,96341.02,778,2023-03-18
700202,Senthil Joshi,1982-12-24,M,TKQLX7693V,6227723762,Pune,Maharashtra,Government Employee,55401.06,695,2012-08-13
700203,Neha Reddy,1959-12-22,F,EGPLH5773T,8543186098,Chennai,Tamil Nadu,Salaried,102798.88,598,2025-04-08
700204,Sneha Venkatesan,1972-01-22,F,RFQLZ1702D,9151706812,Ranchi,Jharkhand,Salaried,30798.45,772,2018-12-05
700205,Rakesh Das,2003-10-09,M,ZXFOY1877T,6311563015,Delhi,Delhi,Professional,191467.9,593,2020-07-30
700206,Vikram Joshi,1956-08-28,M,VEEFI5170V,6580154962,Chennai,Tamil Nadu,Self Employed,176194.98,474,2016-01-28
700207,Hari Kulkarni,1986-09-25,M,GAQRH4384W,6594588417,Bengaluru,Karnataka,Salaried,100982.45,866,2012-12-12
700208,Rahul Mehta,1981-09-08,M,CCYJC8515E,6022010486,Patna,Bihar,Salaried,84090.3,488,2024-03-13
700209,Nitin Chauhan,1963-12-16,M,UEIVU9121X,8675596654,Ranchi,Jharkhand,Self Employed,30277.26,730,2024-02-03
700210,Sandeep Patel,1958-12-21,M,JKLJZ0073O,7532089243,Chennai,Tamil Nadu,Professional,128781.77,759,2020-01-21
700211,Farooq Subramaniam,1965-09-13,M,KGUWW1597O,7942745797,Bengaluru,Karnataka,Salaried,113348.78,683,2015-08-07
700212,Gokul Bhat,1994-08-22,M,PLFXC6875X,6361466301,Nashik,Maharashtra,Salaried,157914.89,510,2013-05-04
700213,Hema Mehta,1982-09-19,F,XRLSH7265O,7871838913,Chennai,Tamil Nadu,Self Employed,277563.54,766,2021-10-13
700214,Hari Mukherjee,1981-03-14,M,VDXZV5516V,8074022853,Kochi,Kerala,Retired,67557.54,533,2025-03-10
700215,Divya Rana,1995-05-19,F,OAOWC6814R,8483973775,Bhubaneswar,Odisha,Salaried,50216.96,542,2023-07-31
700216,Tara Chowdhury,1980-04-03,F,HPGUC3563I,7689525850,Lucknow,Uttar Pradesh,Self Employed,150761.76,635,2019-05-29
700217,Esther Sharma,2001-10-19,F,JCQVA0138W,6518652144,Bengaluru,Karnataka,Salaried,80388.59,744,2022-05-20
700218,Deepak Pillai,1958-01-29,M,IYWXT5751I,6138001949,Delhi,Delhi,Salaried,41563.16,698,2012-10-20
700219,Vikram Mishra,1991-10-11,M,YLQBH7130W,9635541086,Bhubaneswar,Odisha,Salaried,174203.0,-1,2021-11-11
700220,Abhishek Verma,1968-10-03,M,XODGR9468A,7002715715,Ranchi,Jharkhand,Farmer,28694.52,747,2016-03-26
700221,Kumar Chauhan,1977-03-20,M,HTMUJ8645Z,8908748137,Kanpur,Uttar Pradesh,Salaried,179050.56,627,2011-01-07
700222,Fathima Iyengar,1997-08-17,F,OIGLC9854J,8489244575,Kolkata,West Bengal,Government Employee,144634.34,653,2014-12-23
700223,Manoj Mehta,1979-11-13,M,BNHRO5276W,7442046188,Patna,Bihar,Government Employee,83486.52,561,2016-01-31
700224,Ajay Dutta,1995-08-01,M,IPXKT9837J,7195805799,Madurai,Tamil Nadu,Salaried,52940.39,639,2015-10-15
700225,Shanthi Chelladurai,2003-04-09,F,BNSQB5735Y,6302000554,Surat,Gujarat,Professional,60031.24,726,2017-10-24
700226,Karthik Kulkarni,1964-05-26,M,LGESV9384Y,8458180551,Mumbai,Maharashtra,Salaried,84142.3,641,2016-08-21
700227,Arun Chauhan,1997-04-10,M,VODLP6779A,8302214962,Kochi,Kerala,Salaried,89149.4,715,2017-04-10
700228,Amit Sharma,1969-06-21,M,MEJLN6054C,7631674466,Chandigarh,Chandigarh,Self Employed,279965.37,615,2012-02-20
700229,Kalpana Sharma,1976-02-01,F,JPVGL8854R,7239034769,Kolkata,West Bengal,Self Employed,129910.44,613,2021-09-10
700230,Vijay Murugan,1994-03-24,M,FWKYJ6527A,7978060790,Kanpur,Uttar Pradesh,Retired,68330.28,673,2017-12-28
700231,Priya Pandey,1965-01-22,F,DAVRQ3295A,8330998041,Patna,Bihar,Self Employed,253628.39,651,2012-09-16
700232,Gopal Pillai,1957-11-22,M,VNGWD3094Y,7979907233,Chennai,Tamil Nadu,Salaried,125773.58,726,2021-02-16
700233,Sathish Murugan,2004-12-04,M,TIKTS8387S,7450031077,Surat,Gujarat,Salaried,23952.92,686,2023-11-21
700234,Ajay Elumalai,1967-10-23,M,KGDWQ9125B,8223965756,Patna,Bihar,Retired,65261.71,835,2012-07-05
700235,Sunitha Tiwari,1993-10-22,F,VEEOJ8486K,7433087402,Mumbai,Maharashtra,Self Employed,73518.26,649,2013-01-17
700236,Vivek Nambiar,1995-01-14,M,AEOEP8561S,8071328883,Hyderabad,Telangana,Salaried,111015.44,648,2015-03-30
700237,Rahul Nair,1967-06-17,M,UEDHQ6587G,9512103860,Kochi,Kerala,Salaried,168532.94,-1,2025-02-12
700238,Pankaj Dutta,1998-05-09,M,CJYKZ3755W,7757699725,Mumbai,Maharashtra,Professional,210890.58,571,2011-08-14
700239,Sandeep Bose,1981-06-27,M,SZZUG6494L,6618240849,Mumbai,Maharashtra,Self Employed,166082.25,672,2012-12-30
700240,Arjun Perumal,1997-11-04,M,ZHJIT4701G,8231555058,Kochi,Kerala,Salaried,23828.22,734,2021-12-26
700241,Lavanya Iyengar,1977-11-25,F,JQHXJ2822P,6948956207,Madurai,Tamil Nadu,Salaried,149898.9,599,2020-09-20
700242,Ravi Venkatesan,1994-03-23,M,BEWOW1441I,7568950812,Bengaluru,Karnataka,Business,459408.07,665,2012-12-31
700243,Ravi Singh,1957-05-05,M,IHYBI4221Y,6159841457,Bengaluru,Karnataka,Salaried,172624.09,738,2023-09-15
700244,Karthik Deshmukh,1998-02-10,M,LYFWF0003Q,8068154780,Jaipur,Rajasthan,Business,82166.34,657,2011-03-06
700245,Vinod Pandey,2001-05-09,M,ZWDUT4951G,7017690152,Madurai,Tamil Nadu,Salaried,72481.77,620,2023-08-25
700246,Malathi Dutta,1988-01-10,F,PUNCF6012Z,9539525834,Ahmedabad,Gujarat,Salaried,115603.25,762,2011-03-06
700247,Pooja Balasubramanian,1963-02-05,F,ADWGN4890D,8108382313,Kolkata,West Bengal,Professional,134159.63,679,2024-03-02
700248,Priya Chauhan,1978-08-29,F,ILREJ7651G,8836447403,Chennai,Tamil Nadu,Self Employed,281989.71,707,2010-01-18
700249,Ganesh Pillai,2003-10-26,M,NMYTC0756Q,6048601951,Bhubaneswar,Odisha,Government Employee,149915.62,781,2011-12-19
700250,Rahul Banerjee,1992-08-27,M,EPJDY8749T,8131406697,Coimbatore,Tamil Nadu,Farmer,38252.51,778,2018-01-29
700251,Prakash Chowdhury,1990-01-08,M,UVSDO2225N,8721460292,Ranchi,Jharkhand,Business,75467.72,637,2013-05-05
700252,Selvi Chowdhury,2001-04-01,F,ZYLUF5046J,6557435030,Pune,Maharashtra,Professional,304593.61,620,2015-06-07
700253,Mani Mishra,1991-05-12,M,PTGVO7824L,6752454001,Chennai,Tamil Nadu,Self Employed,88737.1,697,2025-01-12
700254,Vijay Saha,1975-01-31,M,HNCJB5973I,6762662933,Lucknow,Uttar Pradesh,Government Employee,62454.99,-1,2022-06-28
700255,Rekha Balasubramanian,1998-11-24,F,MESNZ0523Q,7183913148,Kolkata,West Bengal,Farmer,37002.11,657,2011-07-20
700256,Ilango Gupta,1979-06-27,M,MNBMS5193C,7644925411,Pune,Maharashtra,Salaried,83800.39,-1,2019-02-24
700257,Deepa Thakur,2001-07-05,F,ZOWNC4738I,6911537063,Delhi,Delhi,Professional,120214.82,489,2012-09-13
700258,Chandran Venkatesan,1968-08-19,M,QIFPJ6942P,7368728784,Bhubaneswar,Odisha,Business,299749.74,791,2011-08-23
700259,Chitra Dutta,1956-10-06,F,LCJYJ6078L,8352216599,Mumbai,Maharashtra,Professional,382034.13,-1,2012-11-27
700260,Deepak Desai,1981-06-06,M,QLLDO2185Y,8860081701,Pune,Maharashtra,Farmer,41905.23,671,2021-06-30
700261,Ramesh Yadav,1986-02-06,M,QACSM1493R,6450853219,Ranchi,Jharkhand,Salaried,115708.74,739,2014-06-29
700262,Balaji Kulkarni,1990-12-19,M,ZNKVF9154F,6478929017,Ahmedabad,Gujarat,Business,129053.19,558,2013-11-23
700263,Amit Saha,1998-02-20,M,SYHRK8875I,9999386884,Kanpur,Uttar Pradesh,Salaried,88023.45,792,2023-12-07
700264,Kavitha Kumar,1983-12-19,F,MCVCW2176N,6595544616,Kolkata,West Bengal,Farmer,36235.7,614,2012-03-10
700265,Indira Chelladurai,1989-02-10,F,JMFDM2692N,8840384487,Ranchi,Jharkhand,Salaried,173898.92,659,2022-03-29
700266,Anand Singh,1999-10-29,M,CJYCD6936G,9581605845,Surat,Gujarat,Salaried,143945.67,536,2019-03-29
700267,Gokul Kulkarni,1992-01-17,M,BKHMW5772T,9207148077,Kolkata,West Bengal,Salaried,172228.88,-1,2012-11-22
700268,Suresh Rana,2000-06-25,M,ETADJ0437P,6198551321,Surat,Gujarat,Salaried,28991.11,654,2018-02-13
700269,Rajesh Rajendran,1973-12-18,M,QGSKS5137A,7657344705,Delhi,Delhi,Professional,323946.78,648,2013-08-15
700270,Ajay Ghosh,2005-03-26,M,TGOAY6154V,8554141213,Chennai,Tamil Nadu,Salaried,153573.9,652,2022-02-10
700271,Esther Sen,1976-07-04,F,OTRKM5228K,8655604924,Coimbatore,Tamil Nadu,Salaried,91647.01,711,2016-09-08
700272,Bhavya Naidu,1982-06-30,F,NLNRZ3007N,6085677789,Patna,Bihar,Government Employee,122339.31,675,2025-06-28
700273,Revathi Naidu,1976-05-23,F,ULECX0516I,7378750556,Delhi,Delhi,Professional,160177.5,762,2017-01-29
700274,Rajini Rana,1994-10-18,F,EZSNW1577V,6185931864,Delhi,Delhi,Salaried,47878.24,625,2010-08-17
700275,Deepa Thakur,1973-03-29,F,AWNIH4829T,8857859168,Surat,Gujarat,Salaried,148317.4,575,2024-08-07
700276,Anitha Sen,1998-04-05,F,MDJDV7547Y,8624286660,Surat,Gujarat,Farmer,34778.56,668,2021-01-15
700277,Kalpana Chelladurai,1981-10-17,F,HNFAN8725S,6456857612,Jaipur,Rajasthan,Salaried,52846.8,729,2020-05-27
700278,Kiran Joshi,1972-04-06,F,NNIUH8518W,7464374353,Lucknow,Uttar Pradesh,Salaried,27125.13,788,2013-12-23
700279,Gayathri Naidu,1968-09-07,F,FIAHV2778H,9196502491,Ahmedabad,Gujarat,Business,391027.66,747,2013-07-15
700280,Mahesh Iyengar,2002-01-14,M,WSFWA9010V,7063802870,Nashik,Maharashtra,Farmer,34364.93,502,2014-06-17
700281,Farooq Singh,1995-04-23,M,ESBMG7761B,9660883569,Kolkata,West Bengal,Farmer,31802.06,705,2010-09-27
700282,Rohit Bose,1986-12-08,M,IKFIT8481Q,7773196631,Ahmedabad,Gujarat,Salaried,155033.99,808,2013-04-10
700283,Lavanya Balasubramanian,1993-07-19,F,VDODY2775P,8690706504,Kolkata,West Bengal,Salaried,150487.74,675,2023-04-11
700284,Anitha Pandey,1956-09-02,F,IFDFK7959N,6001919532,Pune,Maharashtra,Salaried,127617.13,620,2012-01-26
700285,Vidya Ghosh,2001-04-06,F,PCPOA3259I,6624535049,Kanpur,Uttar Pradesh,Government Employee,94818.41,699,2018-11-29
700286,Swathi Iyer,1987-08-27,F,GGOZI9189D,8968948076,Ranchi,Jharkhand,Salaried,19604.05,-1,2018-11-22
700287,Tara Bose,1989-06-29,F,ZJFEI7999T,6257945478,Bhubaneswar,Odisha,Government Employee,84039.21,-1,2016-12-28
700288,Suresh Sen,1975-02-22,M,GTDWN4518L,7973743025,Kolkata,West Bengal,Salaried,47263.74,622,2018-07-12
700289,Chitra Ghosh,2000-03-06,F,VGPGI7581Y,9364418612,Jaipur,Rajasthan,Self Employed,157330.9,730,2012-08-21
700290,Arun Chauhan,1961-06-24,M,DQPTO0636T,6423177353,Kochi,Kerala,Salaried,127976.96,668,2014-05-21
700291,Selvi Patel,2001-01-09,F,TKELK8501X,9014693498,Hyderabad,Telangana,Self Employed,104688.63,802,2010-02-08
700292,Rohit Nair,1993-01-15,M,QEABG1949K,8190996967,Surat,Gujarat,Salaried,42578.09,717,2016-07-02
700293,Mani Kumar,1995-06-23,M,GGWQT8444L,8782720673,Coimbatore,Tamil Nadu,Business,177481.9,601,2013-02-23
700294,Balaji Roy,1980-12-15,M,QRDNC7590O,6192219444,Surat,Gujarat,Government Employee,29020.55,727,2021-05-26
700295,Kumar Mishra,1992-09-09,M,RXDVI9797M,6570557367,Kanpur,Uttar Pradesh,Salaried,129573.8,-1,2013-08-31
700296,Amit Mukherjee,1981-05-06,M,TKQMI2019I,9682283069,Bengaluru,Karnataka,Salaried,96579.93,758,2022-09-01
700297,Sanjay Murugan,1992-12-01,M,TQCRM7938H,9608444326,Kolkata,West Bengal,Salaried,65547.88,615,2023-11-30
700298,Rajesh Iyengar,2001-06-27,M,JYZDF1426C,6044124760,Bhubaneswar,Odisha,Business,87808.55,629,2010-06-21
700299,Deepa Sharma,1991-12-18,F,XSTBQ0773A,8796338932,Bhubaneswar,Odisha,Self Employed,141080.2,451,2013-05-17
700300,Fathima Yadav,1997-01-14,F,KKUZT7899R,9133710427,Chennai,Tamil Nadu,Business,344622.43,755,2012-01-19
700301,Pankaj Deshmukh,1962-09-13,M,TELIO6845G,9680671988,Ahmedabad,Gujarat,Salaried,106348.29,614,2011-06-10
700302,Lavanya Singh,1973-02-14,F,SSTKD8872P,9534496991,Ranchi,Jharkhand,Salaried,117731.97,468,2024-08-01
700303,Yamuna Dutta,1988-01-24,F,JUMQZ2085U,7883937834,Lucknow,Uttar Pradesh,Professional,94591.12,501,2024-12-15
700304,Prakash Perumal,1959-12-19,M,QHTWJ4228U,9769772007,Surat,Gujarat,Farmer,26761.89,648,2024-06-08
700305,Suresh Balasubramanian,1998-09-19,M,OPROX0964H,9506458183,Delhi,Delhi,Salaried,146714.15,742,2017-02-09
700306,Dilip Verma,1964-12-24,M,HJQJR1057E,6332104798,Chennai,Tamil Nadu,Professional,346341.12,661,2023-02-07
700307,Vivek Mishra,1961-01-03,M,ZYUXO5338G,6371425714,Hyderabad,Telangana,Salaried,120690.19,714,2020-11-03
700308,Sathish Banerjee,1980-06-28,M,KLFLY0318J,9516394842,Patna,Bihar,Salaried,169772.97,565,2021-01-25
700309,Meena Perumal,1999-01-02,F,DCRMU4983R,6487825550,Hyderabad,Telangana,Self Employed,60304.26,542,2022-06-25
700310,Anitha Kulkarni,1986-05-04,F,QXBIE6201F,8440520014,Bengaluru,Karnataka,Retired,66289.87,754,2021-07-17
700311,Pooja Saha,1999-02-14,F,YYDVR9965D,8845832021,Bengaluru,Karnataka,Salaried,75092.95,716,2011-11-22
700312,Senthil Kulkarni,1972-10-17,M,HTDXN5626E,6284959936,Patna,Bihar,Self Employed,274405.97,667,2018-11-29
700313,Nithya Nair,1969-10-28,F,BOCWK9741N,8830666886,Delhi,Delhi,Salaried,171260.01,791,2012-02-13
700314,Bharath Pillai,1978-02-08,M,XQKPL0784J,7750261633,Kanpur,Uttar Pradesh,Government Employee,117187.31,579,2022-01-09
700315,Dilip Dutta,1998-06-26,M,OTTSJ7411V,8489603731,Mumbai,Maharashtra,Professional,260717.72,630,2017-06-26
700316,Padma Roy,1995-12-13,F,DNFTN3763T,7838559996,Ranchi,Jharkhand,Self Employed,98143.4,767,2011-03-06
700317,Manoj Deshmukh,1976-08-31,M,FIBIN7589S,6574376721,Pune,Maharashtra,Business,81271.18,844,2018-04-10
700318,Vikram Banerjee,1997-02-16,M,ELXEJ6906O,6580537741,Ranchi,Jharkhand,Professional,316302.44,670,2023-07-14
700319,Sangeetha Bhat,1992-02-08,F,UGXIY5987L,8458482511,Delhi,Delhi,Salaried,148163.33,829,2020-11-23
700320,Chandran Chelladurai,1997-11-27,M,MYUOJ1134C,7397235808,Kolkata,West Bengal,Salaried,19621.95,612,2023-11-02
700321,Gokul Menon,1965-11-04,M,CVOYI3100A,7450028724,Chandigarh,Chandigarh,Business,110961.17,701,2019-10-25
700322,Mahesh Deshmukh,1967-01-21,M,GSEEX0840D,7712289182,Patna,Bihar,Salaried,27733.08,653,2023-06-07
700323,Sneha Mukherjee,1963-12-07,F,IROXE3694Z,9163621277,Chandigarh,Chandigarh,Self Employed,33642.44,519,2015-10-02
700324,Devi Venkatesan,1965-10-19,F,LAFTL8859A,8450815234,Delhi,Delhi,Self Employed,140726.27,694,2011-10-24
700325,Sandeep Nair,1985-07-19,M,AATXI1085C,9370222277,Madurai,Tamil Nadu,Salaried,122984.97,758,2012-07-12
700326,Chandran Chowdhury,1982-01-11,M,BIRKJ2684F,9557664497,Pune,Maharashtra,Professional,268020.66,655,2022-05-11
700327,Farooq Yadav,1985-08-02,M,OQDVQ6375K,8976863996,Chandigarh,Chandigarh,Business,166874.01,663,2014-08-17
700328,Nandhini Pandey,1963-10-05,F,LDMZL6264A,6144629747,Mumbai,Maharashtra,Salaried,94662.8,802,2014-12-27
700329,Yamuna Pandey,1984-03-10,F,ZCHCH2082X,9870586648,Nashik,Maharashtra,Salaried,70894.02,551,2023-05-28
700330,Dilip Pillai,1963-08-13,M,QAKTD5653A,7165719781,Patna,Bihar,Self Employed,62652.27,527,2015-02-15
700331,Shankar Reddy,1963-09-02,M,CVTJS2274G,9176702161,Delhi,Delhi,Self Employed,280721.03,607,2024-09-11
700332,Hema Patel,1979-06-23,F,OLTTR1390Z,8941443729,Hyderabad,Telangana,Salaried,86051.21,556,2016-12-02
700333,Uma Rajendran,1968-11-10,F,JZIRJ2465R,7624037315,Kolkata,West Bengal,Retired,51938.3,797,2013-06-24
700334,Bhavya Murugan,1965-10-08,F,TDZZC5071L,9373758134,Bhubaneswar,Odisha,Salaried,142598.94,699,2020-10-08
700335,Vijay Iyengar,1994-04-16,M,ONTLL3145L,7479757454,Ahmedabad,Gujarat,Business,273343.03,587,2025-03-04
700336,Sangeetha Deshmukh,1984-07-24,F,GSHPU0852J,7710264773,Ahmedabad,Gujarat,Salaried,87149.18,611,2016-09-28
700337,Chandran Patel,1993-02-13,M,AOENM2281Y,7773125451,Mumbai,Maharashtra,Salaried,56438.99,900,2010-06-02
700338,Hari Bose,1969-05-03,M,GMFAW3293R,7148889201,Kolkata,West Bengal,Farmer,35591.84,612,2010-08-11
700339,Vinod Menon,1968-02-16,M,BQERE5905K,9353217418,Bengaluru,Karnataka,Salaried,57859.82,597,2020-06-25
700340,Priya Verma,1966-06-01,F,KLCGW2989E,9172557147,Delhi,Delhi,Salaried,145335.49,698,2019-06-04
700341,Gayathri Elumalai,1979-01-26,F,RCRKL6406U,7990607938,Bhubaneswar,Odisha,Self Employed,184058.4,730,2017-03-27
700342,Selvi Bose,1995-03-17,F,DPPKG3761Z,9859304572,Chennai,Tamil Nadu,Self Employed,189907.32,691,2014-02-10
700343,Deepa Chowdhury,1958-10-29,F,OZWKK2731Z,7737659355,Lucknow,Uttar Pradesh,Salaried,165738.8,583,2016-09-28
700344,Shankar Rana,2004-03-09,M,JDPIO6008Q,6764084909,Kolkata,West Bengal,Retired,60242.71,559,2017-11-18
700345,Sunil Reddy,1980-12-12,M,DQYZL7393I,7352180435,Surat,Gujarat,Government Employee,144620.33,726,2016-04-14
700346,Devi Murugan,1972-07-25,F,RHTHS3179M,8998586814,Hyderabad,Telangana,Self Employed,191367.85,664,2014-11-06
700347,Sivakumar Sharma,2001-10-27,M,YZJOK7124R,7930380558,Jaipur,Rajasthan,Self Employed,122608.84,514,2022-09-03
700348,Bharath Chowdhury,1973-04-21,M,RRKSJ2051J,8234955458,Pune,Maharashtra,Business,312934.28,781,2014-10-11
700349,Karthik Desai,2002-08-09,M,BKOCT4647V,6871393647,Kolkata,West Bengal,Professional,51378.72,743,2019-09-16
700350,Farooq Patel,1962-03-18,M,ICFAG6802Z,9300260580,Delhi,Delhi,Salaried,113075.28,647,2025-03-22
700351,Hari Banerjee,1997-05-29,M,QLYNP6446T,7934985314,Chandigarh,Chandigarh,Salaried,38547.53,645,2022-08-06
700352,Saranya Tiwari,1988-01-16,F,TBEAN0091Z,8742167302,Bhubaneswar,Odisha,Self Employed,16432.4,691,2015-11-22
700353,Vijay Pillai,1987-03-15,M,KNFKV8301M,8126875561,Kochi,Kerala,Business,222636.24,604,2011-07-09
700354,Vikram Tiwari,1978-10-02,M,GRZAD7713Q,7339999469,Chandigarh,Chandigarh,Salaried,62943.19,541,2021-06-14
700355,Farooq Sharma,1986-02-25,M,GFCXZ8576O,9512336228,Coimbatore,Tamil Nadu,Professional,357173.34,700,2020-12-10
700356,Anitha Iyengar,1985-02-02,F,ZSXNK6521L,7077478689,Chennai,Tamil Nadu,Salaried,149491.79,533,2022-10-29
700357,Saranya Balasubramanian,1997-07-25,F,TIGLT6348Z,6769645523,Pune,Maharashtra,Government Employee,145477.23,707,2021-04-28
700358,Gokul Jadhav,1984-12-01,M,YTJHB7430P,6277652659,Pune,Maharashtra,Self Employed,74155.16,533,2012-01-01
700359,Bharath Bose,1991-11-19,M,CVXQZ6874M,9542126623,Surat,Gujarat,Self Employed,292016.42,660,2020-04-16
700360,Revathi Yadav,1991-11-16,F,MFNZC5520T,9364936544,Chandigarh,Chandigarh,Self Employed,206679.24,657,2018-03-21
700361,Esther Venkatesan,1966-05-13,F,KLAKO0659P,9792795342,Coimbatore,Tamil Nadu,Farmer,52890.09,839,2022-08-30
700362,Arun Naidu,1957-05-25,M,TNZXX2181V,7325032776,Bengaluru,Karnataka,Business,208108.4,568,2017-01-07
700363,Anjali Joshi,1974-02-21,F,HEWJO8619T,9386036597,Coimbatore,Tamil Nadu,Retired,33354.93,535,2010-01-21
700364,Geetha Pillai,1994-05-31,F,MLBQU2275A,8291266435,Kolkata,West Bengal,Salaried,78257.42,608,2013-02-25
700365,Hema Tiwari,1988-11-15,F,HEGWO2283G,9160925142,Kolkata,West Bengal,Salaried,38008.56,563,2012-09-30
700366,Nitin Roy,1974-01-13,M,NWKYN3147C,9926802890,Surat,Gujarat,Professional,116793.52,613,2019-09-23
700367,Chitra Dutta,1990-03-09,F,CNTUT6145B,6715219676,Ahmedabad,Gujarat,Salaried,93656.76,709,2012-05-05
700368,Vinod Perumal,1970-03-08,M,RQREO7707O,7280980198,Delhi,Delhi,Salaried,88265.29,743,2015-02-25
700369,Bhavya Patel,1992-10-29,F,LQQFE3257H,6521771085,Ahmedabad,Gujarat,Self Employed,298162.69,827,2018-03-28
700370,Farooq Mishra,1998-11-24,M,YCUXZ9692R,9591758348,Delhi,Delhi,Government Employee,90327.67,600,2015-04-26
700371,Arun Iyengar,1968-05-02,M,MKFAG4987I,6963464324,Pune,Maharashtra,Salaried,103008.99,900,2021-03-28
700372,Vikram Das,1960-03-19,M,FAJJR6409J,9121816845,Jaipur,Rajasthan,Salaried,74189.67,858,2011-12-21
700373,Geetha Subramaniam,1976-09-25,F,EMRTI0495T,9769978127,Ahmedabad,Gujarat,Self Employed,294998.17,650,2013-11-04
700374,Yogesh Reddy,1957-02-08,M,MHKRQ6087J,6760078324,Lucknow,Uttar Pradesh,Farmer,14786.6,452,2014-08-30
700375,Shankar Shah,1994-09-25,M,KFKDW0430H,8489875576,Surat,Gujarat,Salaried,163552.13,662,2019-12-05
700376,Jagan Desai,1962-03-22,M,KOZGW6926K,6686515990,Delhi,Delhi,Salaried,133518.55,676,2020-09-30
700377,Nithya Rana,1975-01-25,F,TITXG4299K,6252865460,Kolkata,West Bengal,Salaried,47918.25,451,2019-04-30
700378,Mahesh Desai,2001-03-22,M,ZDOEG3614L,7855522705,Pune,Maharashtra,Retired,60401.51,677,2017-08-24
700379,Vijay Bose,1970-04-27,M,VTFYQ0961T,6027010517,Mumbai,Maharashtra,Salaried,178353.78,650,2013-08-01
700380,Deepak Subramaniam,1991-10-21,M,IYIQG7247E,7955580977,Ahmedabad,Gujarat,Business,148679.12,595,2014-10-06
700381,Sathish Chauhan,2005-03-12,M,FRKBC6868V,8855120132,Ahmedabad,Gujarat,Self Employed,102521.58,729,2024-03-22
700382,Nithya Balasubramanian,2004-09-06,F,FBFFA0888C,6083375311,Bhubaneswar,Odisha,Salaried,171044.3,765,2023-11-05
700383,Praveen Iyer,1961-09-03,M,ILRSE9559X,8025295535,Pune,Maharashtra,Salaried,99434.57,623,2019-11-22
700384,Mahesh Thakur,1996-12-22,M,SKHJY1615E,6448424327,Lucknow,Uttar Pradesh,Salaried,136938.51,691,2013-10-20
700385,Vidya Kumar,1989-12-05,F,GAIXS9418I,8187220364,Madurai,Tamil Nadu,Salaried,173708.22,607,2021-01-05
700386,Deepak Desai,1983-08-04,M,FYSHI2628O,7199985908,Kolkata,West Bengal,Business,268806.94,595,2021-12-13
700387,Chitra Shah,1990-08-20,F,JZKUD5223M,9481847328,Kolkata,West Bengal,Self Employed,282005.76,677,2018-12-11
700388,Sunitha Tiwari,2002-04-19,F,JHWVX4492F,7134340350,Mumbai,Maharashtra,Business,233323.37,719,2020-10-05
700389,Vijay Iyer,1972-11-24,M,VIDTO4155W,6908343840,Mumbai,Maharashtra,Salaried,40837.66,616,2022-09-11
700390,Shankar Kumar,1993-04-16,M,YZIQA3671Z,8233728296,Pune,Maharashtra,Professional,115376.87,459,2013-03-17
700391,Sangeetha Yadav,1968-02-09,F,ALEML2334G,8048634430,Bengaluru,Karnataka,Salaried,102618.2,725,2018-09-27
700392,Ajay Sharma,1987-08-26,M,CMTRP2321L,8721522041,Bengaluru,Karnataka,Government Employee,50780.16,518,2020-06-12
700393,Prakash Bose,1980-05-28,M,FBAYO8929I,7527984145,Ranchi,Jharkhand,Salaried,101079.98,681,2023-10-02
700394,Harish Gupta,1960-01-20,M,FFJJH7345T,9936582428,Bhubaneswar,Odisha,Self Employed,89231.64,839,2023-04-06
700395,Ashok Yadav,1998-06-09,M,JKBLX3763R,7290457210,Bhubaneswar,Odisha,Professional,235229.77,668,2018-06-11
700396,Uma Krishnan,1960-07-22,F,ZRRVZ3913I,8960071466,Delhi,Delhi,Government Employee,72217.87,556,2018-11-21
700397,Janani Chelladurai,1989-11-20,F,UYGRF1392J,7973800032,Mumbai,Maharashtra,Government Employee,95777.08,531,2013-09-25
700398,Ramesh Pillai,1964-10-09,M,AWPOY1918C,7790771097,Coimbatore,Tamil Nadu,Self Employed,187157.0,781,2019-10-13
700399,Vikram Pillai,1990-08-11,M,MOWAJ0513U,7739707035,Pune,Maharashtra,Salaried,99135.27,668,2021-05-14
700400,Bharath Raman,1967-03-09,M,FICVY3189K,7196817111,Lucknow,Uttar Pradesh,Salaried,95442.7,721,2019-08-20
700401,Naveen Bose,1971-03-21,M,VGKTH6007W,7586314905,Kanpur,Uttar Pradesh,Salaried,91794.96,757,2013-01-20
700402,Pankaj Kumar,1957-05-30,M,LLADM4303L,6111208384,Kochi,Kerala,Business,131548.67,665,2015-09-15
700403,Ramesh Singh,1973-07-01,M,RWOWB6054T,6887241873,Ahmedabad,Gujarat,Business,270371.91,640,2023-10-06
700404,Chandran Nambiar,2001-05-20,M,WGYLO6688K,9361639639,Madurai,Tamil Nadu,Salaried,170406.41,580,2018-02-27
700405,Mani Raman,1996-08-13,M,LDWTG4054K,6026930968,Delhi,Delhi,Salaried,38273.43,377,2018-07-04
700406,Sivakumar Patel,1975-01-05,M,RHMTK7805S,9873891619,Chandigarh,Chandigarh,Farmer,44645.57,525,2015-11-10
700407,Karthik Kumar,1964-07-31,M,YEWEN4271C,9750181721,Nashik,Maharashtra,Salaried,23574.98,663,2017-09-19
700408,Mahesh Subramaniam,1974-01-17,M,OPUQX4345F,9445429062,Ahmedabad,Gujarat,Business,246724.95,653,2011-08-18
700409,Sanjay Mukherjee,1995-01-27,M,PDJKD5384B,8240412766,Kochi,Kerala,Business,352331.48,708,2012-05-29
700410,Chitra Yadav,1957-02-22,F,ZFXIE5396D,6314536486,Delhi,Delhi,Salaried,169975.55,657,2010-11-18
700411,Mani Chelladurai,1983-05-16,M,VZCXA7738Y,8421055150,Delhi,Delhi,Salaried,21503.49,685,2021-03-30
700412,Suresh Singh,1994-01-09,M,YXZHR0960E,9139738053,Coimbatore,Tamil Nadu,Salaried,150496.1,744,2024-05-26
700413,Oviya Bose,1994-02-16,F,HTFUQ7672Q,6708015175,Nashik,Maharashtra,Salaried,66436.34,585,2015-01-06
700414,Arun Bhat,1968-01-26,M,RJMPP9594O,6125622525,Kochi,Kerala,Business,256039.74,642,2016-09-02
700415,Geetha Roy,1979-07-17,F,BPPEO9865X,9161779981,Chennai,Tamil Nadu,Self Employed,140670.53,517,2016-07-09
700416,Padma Gupta,1994-08-05,F,QNQRK0356V,7637184465,Madurai,Tamil Nadu,Farmer,29472.34,762,2015-03-17
700417,Rohit Murugan,1991-08-23,M,HJFGD9731A,8085944052,Kochi,Kerala,Salaried,177730.01,673,2023-09-07
700418,Vidya Elumalai,1991-07-28,F,JGGCH3805Q,7364082619,Ahmedabad,Gujarat,Salaried,68863.55,716,2018-05-28
700419,Indira Deshmukh,1994-12-30,F,BCWIE1793W,9423327037,Chennai,Tamil Nadu,Retired,50472.07,816,2025-02-01
700420,Hari Chowdhury,1989-04-10,M,ZAVFC5088J,7389539062,Delhi,Delhi,Salaried,76543.03,772,2017-07-22
700421,Bharath Banerjee,1957-07-22,M,MOKLW9783C,8247797204,Jaipur,Rajasthan,Farmer,30158.46,664,2022-08-11
700422,Kiran Saha,1958-12-06,F,IINYA0897G,7778012630,Bengaluru,Karnataka,Salaried,61326.97,744,2015-12-05
700423,Rohit Iyer,1967-04-11,M,MILAY6597E,7206535338,Pune,Maharashtra,Salaried,148056.92,533,2025-01-24
700424,Gopal Gupta,1994-07-22,M,WJIKU4659Z,9174149065,Bengaluru,Karnataka,Self Employed,85994.58,711,2012-06-06
700425,Kalpana Desai,1992-03-19,F,BEWEX1906R,7482404773,Mumbai,Maharashtra,Self Employed,296990.08,683,2012-08-19
700426,Latha Nair,1986-08-02,F,SCBCF7763E,9242787353,Nashik,Maharashtra,Government Employee,41883.83,516,2017-05-01
700427,Selvi Pillai,1984-08-02,F,WKZNA7314Z,7375058686,Chennai,Tamil Nadu,Self Employed,170779.84,797,2016-08-06
700428,Praveen Mishra,1969-10-31,M,APIGQ6270B,7899975559,Lucknow,Uttar Pradesh,Self Employed,72473.05,603,2019-06-29
700429,Sangeetha Iyer,1998-03-18,F,EHZGS2146S,9234056703,Delhi,Delhi,Self Employed,228869.32,734,2013-08-18
700430,Anitha Perumal,1964-11-15,F,TJTPG1689C,6522824501,Hyderabad,Telangana,Salaried,117488.64,630,2018-02-18
700431,Chandran Sharma,1983-05-26,M,UPWTC7709J,9733028573,Ranchi,Jharkhand,Self Employed,219975.65,764,2013-08-16
700432,Kavitha Deshmukh,1985-11-15,F,EPGBR1169C,6100079010,Chandigarh,Chandigarh,Salaried,172572.79,794,2023-08-17
700433,Arjun Ghosh,1992-09-06,M,SBTSO9107V,6774939283,Patna,Bihar,Farmer,20451.33,591,2023-05-15
700434,Anand Iyengar,1964-06-29,M,LDDAX1597S,8107515159,Patna,Bihar,Salaried,112533.07,524,2012-05-01
700435,Madhavi Nambiar,1988-09-14,F,XASWO5382B,7113193303,Jaipur,Rajasthan,Self Employed,269696.65,657,2024-06-11
700436,Selvi Krishnan,1965-03-18,F,RPKQH2663N,6504953694,Chandigarh,Chandigarh,Business,150827.31,750,2024-12-28
700437,Harish Das,1973-01-09,M,NKJUD2484I,9692085430,Chennai,Tamil Nadu,Business,76458.4,634,2011-02-05
700438,Sandeep Mehta,1957-07-08,M,EFRZC6501J,9136798156,Nashik,Maharashtra,Salaried,72998.93,611,2024-12-18
700439,Kavitha Chauhan,1982-10-20,F,GSSXP5970I,9689031824,Chennai,Tamil Nadu,Salaried,34627.89,716,2013-10-01
700440,Geetha Gupta,1990-09-05,F,PVPDK0012P,7010862914,Patna,Bihar,Salaried,77062.53,407,2025-05-28
700441,Manoj Yadav,1978-08-10,M,SGSXC7694W,9752196970,Ranchi,Jharkhand,Business,28826.86,606,2015-10-11
700442,Manoj Pandey,2001-01-29,M,QDGPT4633F,9451907392,Chennai,Tamil Nadu,Self Employed,110150.61,538,2019-06-20
700443,Devi Tiwari,1966-03-04,F,RIFQO0140Q,9307592819,Kolkata,West Bengal,Salaried,70990.86,698,2013-07-31
700444,Mahesh Rajendran,1970-03-09,M,UBTQG0812J,8799884021,Madurai,Tamil Nadu,Self Employed,63838.34,600,2016-08-15
700445,Swathi Patel,1959-11-30,F,ARPSJ4111U,9620771053,Lucknow,Uttar Pradesh,Salaried,82960.95,564,2023-12-03
700446,Kiran Chelladurai,1999-09-18,F,YMQBH3451W,6025038731,Ranchi,Jharkhand,Salaried,120572.02,-1,2017-04-09
700447,Farooq Singh,1987-05-17,M,ADUMM8143X,6529596739,Mumbai,Maharashtra,Farmer,39335.76,636,2013-12-17
700448,Bhavya Murugan,1960-09-03,F,EFQMW0487L,6300281256,Kolkata,West Bengal,Salaried,155432.2,530,2019-08-06
700449,Swathi Joshi,1979-05-24,F,RPPHI4930R,6162784123,Chennai,Tamil Nadu,Business,236574.57,668,2023-06-16
700450,Amit Ghosh,1962-08-11,M,SCNRX6818H,7942934401,Delhi,Delhi,Salaried,42714.17,605,2013-07-29
700451,Priya Chauhan,1988-09-29,F,BRNIK8191L,9156922799,Jaipur,Rajasthan,Farmer,44225.49,634,2019-12-13
700452,Ravi Chowdhury,2002-08-19,M,QJEPW0873D,7597132428,Delhi,Delhi,Salaried,179963.24,601,2018-08-23
700453,Balaji Krishnan,1977-12-28,M,JQTIM0173W,9622889663,Patna,Bihar,Business,231881.24,756,2023-06-15
700454,Yamuna Ghosh,1992-01-07,F,YPFZU2307G,8877520505,Ranchi,Jharkhand,Business,185998.2,659,2013-05-20
700455,Chitra Saha,1970-01-19,F,EDFYX1540I,7609239114,Jaipur,Rajasthan,Government Employee,38171.98,719,2018-05-15
700456,Suresh Naidu,1972-02-06,M,INCPB1513B,6029626963,Jaipur,Rajasthan,Self Employed,221788.54,715,2025-06-06
700457,Oviya Gupta,1973-07-18,F,IJPOC7643S,8475857331,Delhi,Delhi,Professional,104725.32,593,2011-11-14
700458,Farooq Pandey,2001-01-05,M,GYJBD4311R,8296740867,Kolkata,West Bengal,Retired,66532.87,724,2018-07-31
700459,Mani Das,2000-01-11,M,ZEMKQ5284Y,8795572086,Patna,Bihar,Salaried,159945.44,703,2017-05-10
700460,Swathi Perumal,2000-06-17,F,ILOFG0853W,9523252521,Bhubaneswar,Odisha,Salaried,86253.84,699,2015-11-19
700461,Rahul Ghosh,1967-01-19,M,IZHAA5624N,8066465623,Delhi,Delhi,Self Employed,180660.81,632,2021-05-25
700462,Ganesh Desai,1967-05-18,M,TEBWI4372C,6948631517,Surat,Gujarat,Farmer,38691.0,629,2020-10-07
700463,Ramesh Menon,1976-12-15,M,AMJXN9130B,6702492076,Bengaluru,Karnataka,Salaried,178044.08,744,2018-08-03
700464,Farooq Reddy,1974-01-14,M,QJIIC8705A,7519352903,Kochi,Kerala,Government Employee,53182.86,877,2011-02-22
700465,Balaji Gupta,1964-09-26,M,VYDXD1288N,7358917371,Mumbai,Maharashtra,Business,65792.52,-1,2015-01-18
700466,Gokul Menon,1994-08-23,M,RZYWC3165C,9046446674,Bengaluru,Karnataka,Government Employee,81964.29,591,2019-08-01
700467,Vinod Bhat,1962-02-19,M,CNORB7231B,6289580498,Chandigarh,Chandigarh,Salaried,76924.42,720,2015-08-18
700468,Rekha Reddy,1970-11-26,F,TNWYA2658S,9080729290,Chennai,Tamil Nadu,Government Employee,90967.83,635,2015-02-12
700469,Tara Mukherjee,1963-06-29,F,LFXTH2236Y,7901394784,Kanpur,Uttar Pradesh,Salaried,83450.05,744,2016-01-27
700470,Deepa Venkatesan,2000-02-14,F,OWCHM8170L,9475863538,Delhi,Delhi,Retired,44267.85,711,2016-06-03
700471,Tara Chauhan,1983-07-22,F,BNYWD1033H,6966545656,Kochi,Kerala,Salaried,117336.44,770,2014-10-14
700472,Nithya Reddy,1990-10-13,F,QKMWT7087A,8278580287,Kochi,Kerala,Government Employee,126074.27,404,2018-12-08
700473,Janani Deshmukh,2002-04-28,F,SJSGN1340J,9335882108,Ranchi,Jharkhand,Professional,307957.36,612,2012-01-17
700474,Prakash Sen,1986-09-22,M,TCLCF5693H,9010015494,Coimbatore,Tamil Nadu,Salaried,173048.01,576,2016-12-11
700475,Sangeetha Venkatesan,1974-07-27,F,USILZ4661D,7550191689,Madurai,Tamil Nadu,Self Employed,279797.09,659,2016-10-25
700476,Deepa Jadhav,1965-10-24,F,OYWHX4362D,8622698425,Chennai,Tamil Nadu,Self Employed,97495.19,601,2015-09-18
700477,Ganesh Mukherjee,1962-07-08,M,LIYFV9908F,9226491740,Surat,Gujarat,Professional,61859.46,609,2020-05-04
700478,Balaji Shah,1978-04-19,M,FDTBM9334Y,8387563776,Pune,Maharashtra,Government Employee,83225.3,734,2012-01-29
700479,Sunil Rajendran,1968-11-15,M,HMEQC4050L,6987233363,Chennai,Tamil Nadu,Salaried,113742.85,850,2015-12-10
700480,Sangeetha Jadhav,1985-12-08,F,AUJOB2179I,7583442381,Kolkata,West Bengal,Salaried,63182.16,401,2020-07-02
700481,Sunil Raman,1982-02-20,M,KYKUX9742C,6902635243,Madurai,Tamil Nadu,Salaried,146498.84,640,2016-04-02
700482,Sanjay Dutta,1995-06-20,M,SLSOV7703D,6193161346,Pune,Maharashtra,Self Employed,270993.63,699,2010-11-25
700483,Chitra Reddy,1961-01-15,F,OVAAF8547N,9482185952,Madurai,Tamil Nadu,Salaried,104190.1,670,2021-11-05
700484,Vivek Elumalai,2001-04-14,M,DNOKE6634F,6080234041,Jaipur,Rajasthan,Farmer,54911.54,-1,2010-09-08
700485,Janani Subramaniam,1969-03-17,F,HIOHZ5354F,8580273705,Kanpur,Uttar Pradesh,Self Employed,72025.87,637,2015-09-21
700486,Bharath Chelladurai,1988-11-14,M,RGUQZ2472Y,7172237636,Kanpur,Uttar Pradesh,Salaried,158108.2,541,2024-04-05
700487,Hari Thakur,1963-08-04,M,AUGJO0469J,6602012216,Coimbatore,Tamil Nadu,Business,345116.91,580,2024-07-30
700488,Prakash Pandey,1966-12-24,M,TASPK9889M,9903212008,Kolkata,West Bengal,Farmer,15560.98,738,2013-04-26
700489,Dinesh Rana,2005-06-19,M,ADGJI3364H,9658058339,Ranchi,Jharkhand,Salaried,129712.26,772,2013-06-14
700490,Mahesh Mishra,1972-08-29,M,CWTPZ5100O,7580003970,Ahmedabad,Gujarat,Salaried,179308.84,679,2015-07-14
700491,Yamuna Yadav,1974-09-17,F,LZOJJ9653X,6533477801,Kanpur,Uttar Pradesh,Professional,427750.19,590,2011-11-11
700492,Chandran Reddy,2005-01-14,M,LDHBO0272S,8689219939,Coimbatore,Tamil Nadu,Government Employee,102982.98,679,2010-03-22
700493,Revathi Mukherjee,1980-07-07,F,DNOOW0785H,9217217274,Surat,Gujarat,Professional,446499.0,647,2015-01-18
700494,Revathi Singh,1992-10-27,F,MNWHZ2023T,7097790681,Chandigarh,Chandigarh,Professional,96907.88,721,2015-08-28
700495,Gopal Kulkarni,1985-01-17,M,IGCQK2331S,7462863738,Hyderabad,Telangana,Business,288110.2,681,2025-01-16
700496,Karthik Ghosh,1964-09-02,M,MCCWR0761A,6167835937,Mumbai,Maharashtra,Farmer,45869.1,610,2022-11-26
700497,Deepa Patel,1999-10-10,F,JAPCL1183Z,9546815212,Patna,Bihar,Professional,211687.3,688,2013-12-19
700498,Vinod Ghosh,1959-02-17,M,WNMQE3403S,9205109793,Ranchi,Jharkhand,Farmer,9293.86,557,2016-02-26
700499,Meena Menon,2003-06-09,F,OEFAK1208H,9550582675,Lucknow,Uttar Pradesh,Self Employed,15881.64,747,2017-05-31
700500,Sunitha Menon,1966-08-21,F,GMTKW7298N,6552046552,Chennai,Tamil Nadu,Business,53461.43,782,2015-02-22
700501,Suresh Saha,1984-07-15,M,KBDUK7603T,7775112339,Bhubaneswar,Odisha,Business,110250.62,558,2018-09-18
700502,Praveen Singh,1993-12-18,M,TYBXZ1991Q,6308673436,Ahmedabad,Gujarat,Self Employed,195665.77,709,2016-01-28
700503,Pooja Joshi,1958-12-11,F,CGWKG9165Q,9434118128,Pune,Maharashtra,Salaried,77205.87,575,2023-09-22
700504,Parvathi Rajendran,1982-01-22,F,ALSUZ0534N,7855131761,Ahmedabad,Gujarat,Business,275948.27,771,2024-11-21
700505,Yogesh Raman,1968-01-24,M,VSAFA4969I,9029601994,Bengaluru,Karnataka,Salaried,169080.02,755,2025-01-01
700506,Naveen Das,1990-11-04,M,GTQKA3714Y,7316669354,Jaipur,Rajasthan,Retired,46242.41,648,2014-03-14
700507,Shankar Verma,1975-05-02,M,JIHXP7857X,8899839018,Nashik,Maharashtra,Self Employed,151325.11,764,2013-05-12
700508,Farooq Roy,1978-07-15,M,QAYHF4447F,7733877743,Pune,Maharashtra,Business,374194.88,629,2014-12-15
700509,Nitin Thakur,1968-06-23,M,NSJXN7280P,9586987568,Nashik,Maharashtra,Retired,31482.88,608,2023-01-20
700510,Sivakumar Patel,1960-07-17,M,BUMJH9354V,8106052730,Bengaluru,Karnataka,Salaried,74118.69,615,2020-04-27
700511,Kalpana Shah,2001-05-27,F,SPDXO2419E,8673263465,Jaipur,Rajasthan,Salaried,52767.26,656,2011-05-07
700512,Malathi Patel,1972-07-05,F,REUWV3829E,9464932242,Hyderabad,Telangana,Self Employed,147171.95,639,2018-07-06
700513,Uma Singh,1964-11-02,F,MRTHD6180G,8587620106,Bhubaneswar,Odisha,Business,456355.66,684,2018-02-25
700514,Meena Bose,2004-09-17,F,PIKBN3751D,6667086094,Bhubaneswar,Odisha,Government Employee,50222.43,611,2014-10-03
700515,Sathish Rao,1991-11-01,M,TJVFZ8885L,9489689060,Pune,Maharashtra,Government Employee,136137.65,742,2021-03-11
700516,Neha Murugan,1983-06-03,F,SAZYP0760O,6235808773,Bhubaneswar,Odisha,Professional,36504.4,766,2024-01-02
700517,Sivakumar Pillai,1999-05-27,M,KHUGQ6405D,7149042941,Jaipur,Rajasthan,Salaried,73238.37,622,2016-10-25
700518,Bharath Chelladurai,1980-11-20,M,YJJXH1663I,7293951866,Bengaluru,Karnataka,Self Employed,193730.34,534,2015-07-05
700519,Mahesh Chelladurai,1996-12-31,M,OAYGT4271P,8414532183,Jaipur,Rajasthan,Salaried,47618.76,738,2011-11-19
700520,Mani Perumal,1985-06-13,M,DIGOC9390Y,9436329644,Chandigarh,Chandigarh,Farmer,22628.19,778,2019-03-14
700521,Prakash Bose,1995-08-24,M,CRIIF2284R,9395160972,Chandigarh,Chandigarh,Salaried,46742.14,654,2021-12-17
700522,Nithya Mishra,1989-02-18,F,PDBNX3618P,8552139540,Delhi,Delhi,Salaried,124839.8,547,2022-09-24
700523,Abhishek Elumalai,1957-10-22,M,OIJEQ8253F,6007125154,Kochi,Kerala,Professional,280298.6,695,2017-07-13
700524,Rahul Saha,1960-04-14,M,OAILB0815H,8324294171,Patna,Bihar,Self Employed,67305.34,814,2017-10-22
700525,Swathi Rajendran,1971-04-09,F,NHAEX0072M,8922374077,Chennai,Tamil Nadu,Self Employed,72925.36,491,2022-06-06
700526,Esther Raman,2001-07-16,F,VYAOU8998E,9682414974,Jaipur,Rajasthan,Farmer,54846.03,-1,2020-12-19
700527,Indira Sen,1981-10-28,F,PKMMV8573F,6317962175,Bengaluru,Karnataka,Salaried,18505.27,715,2022-08-17
700528,Nithya Saha,1991-03-31,F,NKCTI1670V,9913688160,Delhi,Delhi,Salaried,169023.74,640,2011-04-08
700529,Bhavya Chowdhury,1994-11-27,F,DCSZL8918S,6237513042,Delhi,Delhi,Self Employed,179734.23,588,2025-02-17
700530,Balaji Roy,1978-07-31,M,LYSGD5827L,7991853594,Ahmedabad,Gujarat,Salaried,108187.64,717,2016-04-28
700531,Arun Elumalai,1966-04-14,M,GRQTV9124M,7345900036,Chandigarh,Chandigarh,Government Employee,78094.59,546,2011-02-21
700532,Praveen Mukherjee,1968-08-04,M,SGZIN4300P,7113032385,Coimbatore,Tamil Nadu,Salaried,29362.7,698,2018-05-05
700533,Swathi Nair,1971-03-24,F,OPMLM6835M,7512565666,Jaipur,Rajasthan,Business,196423.61,794,2015-06-24
700534,Usha Bhat,1969-12-16,F,TANQA1515C,9943653578,Delhi,Delhi,Farmer,44280.47,686,2010-04-07
700535,Rahul Gupta,1968-11-02,M,IPQTR5551K,6662270912,Ranchi,Jharkhand,Salaried,56826.68,586,2024-09-06
700536,Mani Chowdhury,1956-07-27,M,JGYSY6026E,7499126544,Hyderabad,Telangana,Salaried,113260.8,500,2018-09-09
700537,Saranya Singh,1962-03-28,F,MXASV1117T,6775536243,Delhi,Delhi,Self Employed,189206.62,548,2024-12-03
700538,Devi Iyer,1975-09-07,F,TEZHW1952G,7742687704,Delhi,Delhi,Salaried,20082.94,495,2010-01-23
700539,Vinod Desai,1997-08-05,M,KHEFM8296B,6163126118,Ranchi,Jharkhand,Salaried,50354.32,-1,2021-12-11
700540,Neha Rao,1966-01-17,F,OVFSM7544J,9110933838,Lucknow,Uttar Pradesh,Retired,20083.45,-1,2021-08-07
700541,Lakshmi Singh,1968-03-01,F,WVHBX4961B,7062170246,Nashik,Maharashtra,Self Employed,237536.77,821,2020-08-09
700542,Sanjay Kumar,1974-05-02,M,HMJYL5752H,9680949797,Bengaluru,Karnataka,Salaried,61218.39,646,2016-08-26
700543,Kavitha Bhat,1977-03-20,F,PPOPV5079G,6412835808,Madurai,Tamil Nadu,Self Employed,286961.39,-1,2024-08-18
700544,Ravi Elumalai,2002-10-01,M,FJSFT7481G,7939216089,Coimbatore,Tamil Nadu,Salaried,103693.83,570,2020-01-06
700545,Ganesh Balasubramanian,1991-05-28,M,TDCLA1110N,6753844504,Coimbatore,Tamil Nadu,Business,269424.09,546,2010-04-13
700546,Chandran Rao,1956-10-25,M,EDTWM5777X,7492348186,Ahmedabad,Gujarat,Salaried,39180.32,568,2018-02-28
700547,Arjun Rao,1984-09-16,M,HDJIE6409D,8895702761,Delhi,Delhi,Salaried,151453.8,638,2022-07-22
700548,Pankaj Subramaniam,1960-09-09,M,PYDXP8169J,8969060405,Chennai,Tamil Nadu,Self Employed,283288.67,548,2013-11-19
700549,Rakesh Bose,1976-06-26,M,IMJMA2937T,9013219464,Chennai,Tamil Nadu,Self Employed,147820.3,829,2016-05-09
700550,Vani Perumal,1956-12-08,F,XQLFT0342Z,7525730959,Surat,Gujarat,Professional,445630.98,598,2022-01-07
700551,Lavanya Raman,1978-07-06,F,FXQAL1484N,8948606002,Mumbai,Maharashtra,Self Employed,17538.33,595,2014-03-07
700552,Radha Tiwari,1964-02-14,F,XUSWI2138B,9408823955,Mumbai,Maharashtra,Business,67684.37,699,2012-07-28
700553,Sowmya Yadav,1994-04-07,F,NRNRU1981W,9756658404,Delhi,Delhi,Salaried,165914.71,807,2014-10-31
700554,Madhavi Mehta,1984-11-19,F,KXSYB7217R,8599964073,Chandigarh,Chandigarh,Salaried,157864.94,795,2023-04-16
700555,Gopal Bhat,1999-05-11,M,DABXI3185R,7978803407,Kolkata,West Bengal,Professional,413256.88,623,2024-05-10
700556,Kalpana Sharma,1976-09-06,F,QZYZL6978I,6838428764,Delhi,Delhi,Salaried,48742.28,694,2010-08-08
700557,Mani Naidu,2001-04-25,M,HMCVI3207Q,9369580234,Bengaluru,Karnataka,Self Employed,210782.55,684,2023-01-26
700558,Nitin Gupta,1984-10-14,M,WOIHI5143M,7308379336,Kolkata,West Bengal,Self Employed,199238.57,720,2017-01-03
700559,Rajesh Mishra,1977-12-29,M,JTVGN1358G,6845382207,Delhi,Delhi,Farmer,25621.23,694,2016-03-25
700560,Sneha Joshi,1976-11-20,F,IQBJJ5849E,9732334477,Kanpur,Uttar Pradesh,Salaried,23997.54,580,2024-05-09
700561,Ashok Balasubramanian,1975-06-03,M,BNFMP2046Q,7899345297,Ahmedabad,Gujarat,Salaried,99323.24,550,2012-04-19
700562,Latha Tiwari,1980-12-04,F,YBINK2130J,7086436388,Kochi,Kerala,Salaried,129157.69,686,2016-01-20
700563,Suresh Bhat,1985-07-09,M,TRBGA8559H,7063461168,Kolkata,West Bengal,Government Employee,144248.96,557,2023-11-04
700564,Yogesh Mukherjee,1994-03-15,M,YVPVA3740R,8319591889,Nashik,Maharashtra,Government Employee,77677.73,799,2019-07-05
700565,Sathish Mukherjee,1987-10-11,M,UKWDI1715Q,6752941550,Chennai,Tamil Nadu,Salaried,104408.69,673,2016-12-30
700566,Shanthi Bhat,1989-10-15,F,NXKJA3774O,6043555978,Chennai,Tamil Nadu,Retired,21207.27,572,2015-12-08
700567,Tara Saha,1997-10-01,F,SUJFN2900I,9090913990,Mumbai,Maharashtra,Salaried,23739.16,639,2011-10-12
700568,Sneha Joshi,1997-08-05,F,UVIGG8466Z,8062856688,Pune,Maharashtra,Government Employee,53021.93,621,2017-11-22
700569,Mahesh Perumal,1981-12-07,M,OCEDC8934S,9090173654,Pune,Maharashtra,Business,252273.12,657,2018-11-06
700570,Rajini Nair,1978-12-27,F,LODQI0885E,9274126908,Bengaluru,Karnataka,Salaried,54238.82,759,2014-05-17
700571,Mahesh Kulkarni,1977-02-27,M,SMYWD6985M,7020075373,Patna,Bihar,Salaried,50136.8,532,2016-07-17
700572,Ilango Krishnan,1973-10-30,M,SLFPF5749Q,7862445683,Lucknow,Uttar Pradesh,Salaried,74706.47,492,2015-08-06
700573,Radha Ghosh,1984-04-21,F,IHIOD9345S,6978500894,Nashik,Maharashtra,Professional,162172.19,702,2019-05-14
700574,Revathi Elumalai,2000-11-20,F,ONZRE4996J,8797693897,Ranchi,Jharkhand,Salaried,170680.0,653,2018-10-24
700575,Mani Desai,1997-11-08,M,SAKAV2871J,7411346865,Pune,Maharashtra,Government Employee,75401.54,685,2019-02-03
700576,Sandeep Chelladurai,1976-06-30,M,GJGRU1367Y,7374114945,Nashik,Maharashtra,Salaried,160831.31,712,2019-04-16
700577,Janani Murugan,1957-10-03,F,AGCMQ7719A,7166364334,Madurai,Tamil Nadu,Salaried,156695.25,652,2019-02-24
700578,Uma Sharma,1988-12-03,F,HPTVD1945X,6756412666,Lucknow,Uttar Pradesh,Farmer,33703.24,745,2023-10-08
700579,Senthil Deshmukh,1974-07-15,M,WUBOL0207G,9182666028,Kanpur,Uttar Pradesh,Business,29243.81,585,2022-03-28
700580,Sunitha Chowdhury,1969-06-25,F,RYWMY5551M,9539013944,Kochi,Kerala,Self Employed,202068.35,676,2019-07-24
700581,Nandhini Patel,1990-10-03,F,FUGYL1776A,8444072451,Nashik,Maharashtra,Salaried,137709.35,591,2016-11-19
700582,Ashok Singh,1980-10-27,M,FHCJJ5337Q,8817926169,Ranchi,Jharkhand,Business,441145.98,562,2016-05-20
700583,Shankar Ghosh,1958-07-25,M,BMTWN0653C,7543573117,Mumbai,Maharashtra,Salaried,130030.29,728,2014-12-22
700584,Rajesh Thakur,1982-11-10,M,IFLLC9331E,7330631651,Hyderabad,Telangana,Salaried,167156.25,724,2015-06-08
700585,Arjun Sharma,1967-01-23,M,SUGFM3821M,9393798947,Delhi,Delhi,Farmer,29481.46,485,2012-09-07
700586,Rakesh Reddy,1970-04-06,M,ZKWEI3781R,7024361541,Kochi,Kerala,Professional,435089.64,563,2010-07-19
700587,Harish Das,1980-01-04,M,HUOPS5857A,7494659021,Kolkata,West Bengal,Retired,22593.69,697,2015-07-13
700588,Farooq Thakur,1977-08-24,M,GVLMJ4009J,8472394352,Delhi,Delhi,Farmer,36059.86,771,2018-09-18
700589,Tara Gupta,1988-03-17,F,NOHNT6768E,7670205126,Bhubaneswar,Odisha,Self Employed,46753.25,606,2025-05-28
700590,Tara Ghosh,2001-07-16,F,GMIPA5968H,6386567919,Delhi,Delhi,Salaried,51950.54,652,2017-09-01
700591,Meena Murugan,1962-07-04,F,QHMEL9999Z,8082301273,Hyderabad,Telangana,Government Employee,99941.05,535,2023-02-26
700592,Sangeetha Saha,2000-09-28,F,VXVJD9230I,6549744571,Nashik,Maharashtra,Salaried,176650.43,900,2013-12-02
700593,Farooq Das,2003-07-22,M,LWEFQ2426U,6836483922,Kanpur,Uttar Pradesh,Salaried,47908.85,715,2017-02-13
700594,Nithya Banerjee,1998-03-06,F,KJRCA7659W,8673690910,Chennai,Tamil Nadu,Salaried,21531.12,754,2014-01-06
700595,Selvi Naidu,1988-06-02,F,UFSBU3604M,7129253878,Nashik,Maharashtra,Retired,40564.19,732,2020-10-29
700596,Rohit Roy,1992-12-25,M,QLXKP3154L,8553262491,Kochi,Kerala,Salaried,132976.69,758,2010-09-02
700597,Janani Mukherjee,1976-05-02,F,ALARE5484L,9151264109,Kolkata,West Bengal,Business,318020.19,-1,2010-12-10
700598,Chitra Mishra,1991-05-28,F,RYGMO3559O,6450008872,Surat,Gujarat,Professional,403688.97,727,2020-11-08
700599,Anitha Mishra,1965-08-28,F,PZCSV9238W,6967162971,Nashik,Maharashtra,Professional,435564.01,-1,2024-01-24
700600,Sunil Krishnan,1981-09-30,M,SNFNC9879F,9320260581,Delhi,Delhi,Salaried,57955.45,638,2013-10-14
700601,Shanthi Krishnan,1994-01-05,F,ZNJFU9521P,9815946731,Bhubaneswar,Odisha,Government Employee,30792.86,740,2015-04-22
700602,Ravi Mukherjee,1957-06-16,M,EYRWM2819Z,9130959692,Hyderabad,Telangana,Government Employee,43212.79,677,2022-01-26
700603,Geetha Bose,1993-03-26,F,XPVIY3052M,9469138815,Kolkata,West Bengal,Salaried,27117.33,793,2017-03-05
700604,Sanjay Krishnan,1959-07-29,M,YNDBO4055S,6646808781,Kochi,Kerala,Government Employee,49953.93,600,2017-11-15
700605,Ravi Ghosh,1968-07-26,M,QJIJW9773X,8920573916,Delhi,Delhi,Retired,36419.56,618,2013-03-18
700606,Deepa Venkatesan,1957-08-10,F,EPSKF1217C,7443197448,Kanpur,Uttar Pradesh,Self Employed,165563.42,732,2018-09-22
700607,Vinod Iyengar,1973-12-03,M,JBIMF8766W,7169289164,Surat,Gujarat,Government Employee,89503.32,791,2023-11-08
700608,Ashok Reddy,2003-05-03,M,GMCHN8996Z,9502087386,Pune,Maharashtra,Salaried,122656.88,683,2016-12-29
700609,Arjun Chowdhury,1995-05-17,M,BVRCY4401Z,8755379027,Bhubaneswar,Odisha,Self Employed,84913.58,602,2022-05-22
700610,Vijay Iyer,2000-04-26,M,EMTCY7306N,9881059529,Pune,Maharashtra,Business,160110.44,658,2017-08-10
700611,Karthik Reddy,1992-06-29,M,WIKGA9480W,9808865198,Bengaluru,Karnataka,Salaried,51188.6,622,2024-11-27
700612,Madhavi Iyengar,2002-09-27,F,IYXXJ6265S,6022533453,Lucknow,Uttar Pradesh,Self Employed,258616.71,850,2019-06-18
700613,Anitha Pillai,1973-09-23,F,CGSXZ9939N,8698480983,Kochi,Kerala,Salaried,159726.71,755,2021-01-19
700614,Kiran Joshi,1962-07-19,F,RSZPE8571Z,8050845985,Mumbai,Maharashtra,Retired,23564.96,790,2023-10-15
700615,Hari Nair,2001-03-12,M,XOEIX4025F,9446214153,Hyderabad,Telangana,Salaried,103756.5,698,2013-02-03
700616,Rajini Perumal,1989-06-27,F,NQRBZ9217C,9639141177,Bengaluru,Karnataka,Professional,289996.81,617,2016-08-10
700617,Naveen Dutta,2004-07-04,M,ETYAU7790W,8791346523,Kolkata,West Bengal,Self Employed,142942.45,781,2022-04-28
700618,Amit Verma,1959-01-15,M,MCDWU1456N,7065326978,Delhi,Delhi,Self Employed,182474.59,827,2020-01-24
700619,Rajesh Yadav,2004-07-22,M,GFBJE2479T,8255055183,Nashik,Maharashtra,Government Employee,53269.08,725,2020-09-27
700620,Sivakumar Naidu,1982-07-29,M,KLERZ9929G,8049973907,Coimbatore,Tamil Nadu,Government Employee,109568.64,667,2016-11-14
700621,Sandeep Iyengar,1997-06-19,M,SCCFE8976N,8210025054,Delhi,Delhi,Salaried,111493.96,772,2018-09-15
700622,Vidya Jadhav,1978-06-21,F,MTYDZ4098K,7782155894,Mumbai,Maharashtra,Self Employed,180905.81,634,2017-05-19
700623,Lavanya Rajendran,1992-05-18,F,UHPLE3931V,9017533393,Nashik,Maharashtra,Salaried,74673.31,742,2010-10-04
700624,Hari Thakur,2005-01-16,M,TZRFB0985I,6763106776,Chandigarh,Chandigarh,Professional,80164.3,602,2018-08-11
700625,Jagan Thakur,1959-05-01,M,XWSYD7651P,8979704874,Mumbai,Maharashtra,Salaried,65102.7,-1,2020-07-24
700626,Ravi Menon,1990-05-16,M,PXBRT5424Y,7340346703,Kochi,Kerala,Farmer,52012.76,577,2018-01-21
700627,Hema Chauhan,1993-06-22,F,IQZCQ6241U,8641698128,Bengaluru,Karnataka,Business,68189.74,723,2024-11-02
700628,Dinesh Bose,1983-08-26,M,LWWPL4914Y,9608971810,Bhubaneswar,Odisha,Salaried,53833.98,702,2019-09-29
700629,Suresh Mishra,1974-06-30,M,AASRX6761Y,7366180609,Kolkata,West Bengal,Self Employed,299797.13,850,2010-08-24
700630,Kalpana Iyer,1995-12-24,F,SEPYI0490Y,7236838996,Bengaluru,Karnataka,Salaried,133512.3,643,2017-10-15
700631,Rahul Das,1975-12-06,M,QXPVQ1856H,7827159657,Ahmedabad,Gujarat,Salaried,95182.85,672,2010-09-21
700632,Ashok Iyengar,1963-02-20,M,NEBBL9143L,7978097759,Kolkata,West Bengal,Salaried,140762.49,561,2024-08-29
700633,Ashok Iyer,1975-12-12,M,PTBNV6389H,7700379108,Jaipur,Rajasthan,Salaried,88066.74,492,2015-01-11
700634,Divya Kulkarni,1973-05-07,F,TQMCW1491E,8260665718,Bhubaneswar,Odisha,Salaried,90848.03,500,2013-04-28
700635,Kavitha Pandey,1974-11-02,F,HSAQH6299L,8744477602,Pune,Maharashtra,Government Employee,37441.33,713,2012-01-27
700636,Aishwarya Desai,1991-07-14,F,PNXYB2862L,8863812646,Bhubaneswar,Odisha,Business,108150.51,558,2015-04-13
700637,Aishwarya Desai,1971-01-24,F,VGRQA0590I,9099902312,Madurai,Tamil Nadu,Salaried,166323.25,777,2014-06-07
700638,Lavanya Chelladurai,1982-11-05,F,BUACV1689P,6843039716,Coimbatore,Tamil Nadu,Professional,268207.44,805,2017-01-09
700639,Ajay Nair,1965-03-29,M,LHFWK0050N,7539090061,Mumbai,Maharashtra,Government Employee,62749.32,642,2012-10-13
700640,Senthil Dutta,1993-08-24,M,INWTW2576Z,7413256930,Delhi,Delhi,Salaried,69048.78,-1,2023-08-20
700641,Sathish Saha,1976-02-08,M,TXHEX8353J,9331615943,Bhubaneswar,Odisha,Salaried,129292.95,827,2023-07-09
700642,Janani Roy,1970-12-08,F,AJDZQ6008S,8853238832,Chennai,Tamil Nadu,Business,461196.9,691,2013-06-14
700643,Dilip Balasubramanian,2002-02-18,M,JYVTS4164W,7450936843,Ranchi,Jharkhand,Retired,53654.37,776,2017-08-07
700644,Vinod Yadav,1970-11-08,M,QGUUV0483F,7070341470,Jaipur,Rajasthan,Government Employee,44516.5,648,2014-04-17
700645,Ashok Subramaniam,1962-04-22,M,FLEJL9474M,6677112606,Mumbai,Maharashtra,Salaried,36854.42,761,2018-07-19
700646,Chandran Bhat,1997-02-22,M,HQMUG9765U,6248997683,Coimbatore,Tamil Nadu,Salaried,81731.09,580,2020-11-09
700647,Shankar Naidu,1999-04-20,M,JCQNY6597U,7206979511,Mumbai,Maharashtra,Salaried,23948.7,729,2018-09-12
700648,Sunil Balasubramanian,1964-02-03,M,ZYWHB5390N,8841895650,Ahmedabad,Gujarat,Self Employed,168151.57,626,2025-02-28
700649,Kumar Naidu,1982-05-25,M,SSTXH6640D,8512605147,Nashik,Maharashtra,Professional,62676.1,657,2022-02-24
700650,Saranya Chelladurai,1972-02-12,F,SLLQM3397S,9267611763,Patna,Bihar,Self Employed,296654.56,730,2016-05-14
700651,Latha Nair,1987-07-11,F,WDSEU2390F,9159916083,Kolkata,West Bengal,Salaried,157624.23,686,2025-05-02
700652,Chandran Iyer,1968-09-10,M,RCIHE1288T,8339119292,Madurai,Tamil Nadu,Salaried,147356.18,662,2023-09-03
700653,Shankar Shah,1974-08-16,M,SWTDQ4189B,6119172197,Jaipur,Rajasthan,Salaried,37682.75,739,2015-09-21
700654,Suresh Rao,1973-11-28,M,PIATR8395O,7017357470,Delhi,Delhi,Self Employed,240334.47,746,2015-10-02
700655,Tara Desai,1968-03-11,F,NTDGA8955N,6330243613,Coimbatore,Tamil Nadu,Salaried,177975.78,-1,2021-07-24
700656,Nithya Mehta,1960-07-19,F,UOOHM0453W,7589851454,Chennai,Tamil Nadu,Salaried,176700.92,538,2023-07-05
700657,Suresh Elumalai,1983-06-07,M,BDXBP9657Z,8472375744,Ahmedabad,Gujarat,Self Employed,243254.3,723,2020-01-03
700658,Vijay Naidu,1968-01-14,M,MELHB3993L,6496419043,Patna,Bihar,Farmer,8933.41,-1,2022-07-15
700659,Sunil Sharma,1981-01-09,M,RYOOO0345I,9396052368,Patna,Bihar,Salaried,154943.02,733,2023-01-27
700660,Saranya Banerjee,2004-02-14,F,BPFPG5199Q,7568857606,Mumbai,Maharashtra,Salaried,24278.57,598,2013-01-28
700661,Nithya Mehta,1976-08-14,F,AUTNZ9517A,7976187943,Delhi,Delhi,Self Employed,206666.1,706,2014-08-15
700662,Devi Murugan,1983-03-05,F,UWVTJ7030L,6595627058,Ahmedabad,Gujarat,Business,66730.95,544,2010-10-31
700663,Mahesh Murugan,1969-08-23,M,DLRFN5067U,9680521423,Pune,Maharashtra,Business,252941.95,806,2011-02-18
700664,Prakash Rao,1987-05-25,M,MOFZO0710Q,9992250320,Bhubaneswar,Odisha,Farmer,54808.41,647,2022-04-17
700665,Vidya Yadav,1963-09-17,F,XLDME2189G,9894321834,Ahmedabad,Gujarat,Salaried,154480.97,662,2018-07-08
700666,Mahesh Nair,1964-12-16,M,SLPNB9254B,6540637367,Kolkata,West Bengal,Salaried,109780.27,783,2025-03-22
700667,Rahul Desai,1963-05-14,M,QXLUA5807N,8069315096,Mumbai,Maharashtra,Self Employed,264680.5,656,2020-03-01
700668,Amit Desai,1978-10-22,M,XHDRD1231O,7367726747,Lucknow,Uttar Pradesh,Professional,59634.24,726,2022-02-01
700669,Rajini Jadhav,1979-03-20,F,DTEJE9888C,6930999951,Hyderabad,Telangana,Salaried,46755.07,570,2019-01-20
700670,Sneha Patel,1974-08-24,F,NMLEA2395P,7948485339,Bhubaneswar,Odisha,Professional,418062.9,615,2010-08-30
700671,Esther Balasubramanian,1975-07-19,F,XOUPH2295R,8213813063,Delhi,Delhi,Salaried,96593.46,-1,2012-01-18
700672,Nithya Sen,1959-08-18,F,DLFBL8127G,7516460334,Pune,Maharashtra,Salaried,32697.9,537,2020-11-07
700673,Parvathi Iyer,1980-08-18,F,POQRT0326X,8616754411,Ranchi,Jharkhand,Professional,97489.89,650,2014-07-22
700674,Jagan Chowdhury,1974-09-20,M,REJZP8910K,7386367552,Coimbatore,Tamil Nadu,Salaried,93520.41,767,2022-11-29
700675,Esther Jadhav,1995-12-01,F,ISNXB5439S,6912674752,Delhi,Delhi,Salaried,136348.17,691,2022-05-19
700676,Neha Gupta,1964-05-17,F,DMBLD4129B,7713579510,Ahmedabad,Gujarat,Salaried,170558.18,754,2013-06-29
700677,Lakshmi Iyengar,1988-03-15,F,LDOQO4918R,6311155162,Delhi,Delhi,Government Employee,115956.68,572,2022-06-08
700678,Vivek Roy,1989-04-16,M,LZURD0369Q,6177902637,Coimbatore,Tamil Nadu,Salaried,170787.13,586,2013-11-17
700679,Padma Mehta,2002-07-28,F,SJXVP1760D,6789704084,Pune,Maharashtra,Business,496721.42,625,2020-10-04
700680,Aishwarya Bose,1964-07-27,F,UNIZT9244N,9457461718,Coimbatore,Tamil Nadu,Self Employed,54625.79,724,2018-01-11
700681,Yamuna Mukherjee,1985-09-28,F,PXXAT2903B,7600510884,Madurai,Tamil Nadu,Business,440050.51,703,2010-11-11
700682,Saranya Joshi,1981-11-15,F,OTNHY3450R,9617493092,Kolkata,West Bengal,Salaried,54849.32,668,2021-05-09
700683,Deepa Chauhan,1979-03-14,F,ONNSV5101K,9312949019,Madurai,Tamil Nadu,Salaried,53402.26,729,2010-05-25
700684,Sanjay Perumal,2004-04-08,M,VTWSI2465L,6624123085,Lucknow,Uttar Pradesh,Self Employed,49304.0,655,2015-03-18
700685,Shankar Banerjee,1978-02-05,M,VUIWY7481P,6083606633,Bengaluru,Karnataka,Professional,30972.97,667,2021-10-21
700686,Pooja Das,1958-08-15,F,WUKWZ1190I,9981492724,Jaipur,Rajasthan,Business,228016.04,793,2013-12-11
700687,Mani Verma,1977-02-03,M,PTMML0877Q,9101176187,Ahmedabad,Gujarat,Self Employed,115511.06,614,2010-02-20
700688,Divya Roy,2002-04-07,F,RNFRN6993Y,6230728686,Bengaluru,Karnataka,Government Employee,23373.72,687,2020-11-19
700689,Pooja Raman,1997-01-05,F,WGVOM2893X,6603400252,Bhubaneswar,Odisha,Business,132238.29,823,2012-12-28
700690,Vivek Nambiar,1958-11-23,M,EAJBA8522N,9437198645,Patna,Bihar,Government Employee,104606.1,679,2018-02-08
700691,Dilip Reddy,1989-11-12,M,XMKXM3446W,9077931928,Chennai,Tamil Nadu,Farmer,22796.7,737,2022-10-07
700692,Oviya Balasubramanian,1986-02-09,F,ZPPLG8046F,9031868048,Bengaluru,Karnataka,Self Employed,298913.7,612,2016-08-29
700693,Kumar Banerjee,2001-11-16,M,ZBBZV4911W,9063006772,Chandigarh,Chandigarh,Self Employed,224009.57,855,2010-07-11
700694,Kalpana Bose,2003-08-17,F,GVFYR2451H,7965220985,Kolkata,West Bengal,Farmer,35693.92,456,2024-06-16
700695,Sangeetha Kumar,1959-06-09,F,HKMGD8158L,8626099964,Surat,Gujarat,Farmer,59187.5,-1,2012-07-20
700696,Ganesh Desai,1979-05-22,M,NTLGP8108L,6408934141,Ranchi,Jharkhand,Farmer,40451.55,562,2014-09-07
700697,Gayathri Perumal,1992-01-06,F,ELXKH6039B,7160150886,Kolkata,West Bengal,Salaried,120353.85,569,2025-02-08
700698,Vijay Ghosh,1980-08-03,M,TKQRL2745K,6568758770,Chennai,Tamil Nadu,Self Employed,91324.89,823,2013-11-20
700699,Ramesh Nair,1982-02-20,M,USNUF4529G,7037575789,Mumbai,Maharashtra,Retired,32017.23,703,2012-04-25
700700,Nitin Iyengar,2000-10-09,M,IKVVU3711I,9012464941,Madurai,Tamil Nadu,Business,374971.41,645,2018-08-31
700701,Shanthi Venkatesan,1973-06-14,F,GKNIY3769Q,6171059091,Chandigarh,Chandigarh,Government Employee,91670.88,548,2024-05-02
700702,Mani Iyengar,1983-10-13,M,VDDPL3682U,6656066874,Surat,Gujarat,Business,294684.1,704,2010-03-05
700703,Yamuna Bhat,1985-07-15,F,LIQBM7524O,6747830514,Bengaluru,Karnataka,Salaried,127858.34,680,2016-07-08
700704,Sivakumar Kumar,1989-02-10,M,NIRLB7710F,6773458691,Madurai,Tamil Nadu,Business,189543.01,604,2014-04-10
700705,Deepak Pillai,1998-03-01,M,HTANH6246E,7560124024,Ahmedabad,Gujarat,Retired,72706.66,528,2012-02-03
700706,Ajay Murugan,1994-04-29,M,XPDMX3473W,9841703277,Chennai,Tamil Nadu,Business,73861.44,565,2019-02-05
700707,Rohit Desai,1956-11-16,M,DIPZR5773B,6811364417,Patna,Bihar,Professional,302863.56,690,2021-02-13
700708,Fathima Krishnan,1971-06-23,F,AKEFQ4922Z,6243255580,Hyderabad,Telangana,Self Employed,57708.48,699,2010-06-09
700709,Uma Dutta,2003-06-24,F,NANXJ2888O,7102232201,Delhi,Delhi,Business,450796.36,676,2020-02-10
700710,Chandran Pillai,1984-03-26,M,FARQB9481V,6629334284,Madurai,Tamil Nadu,Farmer,32295.64,655,2019-10-01
700711,Ilango Iyer,2005-05-10,M,EOWNJ4942G,9533543872,Chennai,Tamil Nadu,Salaried,79843.17,501,2022-04-07
700712,Tara Perumal,1975-05-16,F,TUMUK8284H,7913304880,Bengaluru,Karnataka,Farmer,26253.33,674,2010-02-13
700713,Kumar Ghosh,1995-07-07,M,UHWTR8606T,6051313897,Nashik,Maharashtra,Salaried,100723.01,571,2013-03-30
700714,Hema Verma,1964-08-11,F,HZWRM4918F,8446110761,Jaipur,Rajasthan,Salaried,50882.01,673,2021-01-30
700715,Kiran Kulkarni,1999-09-25,F,NYTNP4368U,7034922003,Chandigarh,Chandigarh,Business,128341.38,714,2014-01-30
700716,Malathi Banerjee,1965-04-04,F,FQCLF6085A,6992774346,Kanpur,Uttar Pradesh,Business,66970.17,605,2021-08-28
700717,Anand Nair,1983-03-04,M,VGEYW6015R,9554848449,Kolkata,West Bengal,Salaried,27364.92,572,2022-02-24
700718,Rahul Krishnan,1973-06-06,M,KJVIT5678E,6205029442,Chennai,Tamil Nadu,Self Employed,153077.13,764,2013-08-13
700719,Gokul Nambiar,1958-12-25,M,NCFSD6497L,6088837268,Chandigarh,Chandigarh,Salaried,101115.49,703,2021-10-26
700720,Latha Gupta,2001-12-30,F,JOZQR6761F,9023069518,Pune,Maharashtra,Salaried,74856.83,609,2024-03-12
700721,Suresh Joshi,1997-01-11,M,VPRIW6625K,9938250749,Ahmedabad,Gujarat,Self Employed,180811.6,384,2023-04-25
700722,Rekha Chowdhury,1992-08-29,F,IMVYE6631G,9888499572,Chennai,Tamil Nadu,Business,172291.8,665,2020-04-05
700723,Senthil Kumar,1957-11-05,M,FZNGK0530H,6492843353,Surat,Gujarat,Salaried,154056.23,729,2023-01-21
700724,Chandran Murugan,1988-07-28,M,HGXAV3541P,7505003045,Bengaluru,Karnataka,Professional,441894.38,776,2022-12-16
700725,Parvathi Perumal,1977-04-07,F,KUTSZ0369K,6467680805,Lucknow,Uttar Pradesh,Business,182782.35,605,2016-11-20
700726,Jagan Chelladurai,1982-07-15,M,ZCLVB7317V,9798006339,Kochi,Kerala,Salaried,75308.3,608,2023-06-11
700727,Mani Rana,1969-02-02,M,FSCCI5527K,8299888497,Delhi,Delhi,Business,308257.57,627,2011-05-21
700728,Vinod Iyengar,1986-05-25,M,SPVNI1233R,8657365491,Nashik,Maharashtra,Salaried,76991.91,749,2014-11-19
700729,Lakshmi Das,1976-01-30,F,APHSN4946U,8238623543,Ranchi,Jharkhand,Self Employed,245976.85,558,2019-07-01
700730,Neha Mukherjee,2001-07-30,F,GDQRA9762B,7243409586,Coimbatore,Tamil Nadu,Retired,13642.81,659,2022-09-10
700731,Selvi Pillai,2003-11-19,F,WGBPF7917W,8086935706,Chennai,Tamil Nadu,Self Employed,85386.18,582,2023-09-19
700732,Ashok Bhat,2002-12-27,M,RCPMD7140J,9925306579,Chennai,Tamil Nadu,Salaried,90350.11,695,2022-09-24
700733,Sunil Bhat,1964-07-17,M,GELRH6547E,6197605576,Chennai,Tamil Nadu,Farmer,21484.7,522,2023-12-05
700734,Naveen Sharma,1977-11-11,M,HQLHR5593F,9562719774,Surat,Gujarat,Government Employee,111124.17,705,2018-04-11
700735,Rahul Rana,1974-04-18,M,CWYYH3177H,6727084851,Ranchi,Jharkhand,Farmer,45333.5,622,2013-03-26
700736,Rahul Krishnan,1972-01-08,M,PXMOS9953D,7476142328,Chennai,Tamil Nadu,Self Employed,156765.41,648,2020-01-09
700737,Arun Banerjee,1986-07-24,M,FBPFO7388M,6880115156,Nashik,Maharashtra,Self Employed,64016.1,719,2012-02-05
700738,Usha Raman,1980-08-26,F,KQNKI4076K,8774500827,Kanpur,Uttar Pradesh,Salaried,25692.07,778,2019-10-10
700739,Shankar Chowdhury,1996-12-29,M,NGZUK9222G,6303138751,Kanpur,Uttar Pradesh,Self Employed,103826.92,508,2018-12-18
700740,Kiran Das,1975-04-28,F,PEGAH4786J,6327114186,Nashik,Maharashtra,Salaried,101765.94,765,2017-05-11
700741,Arjun Thakur,1965-10-29,M,DOLTS2743I,8924849384,Mumbai,Maharashtra,Salaried,73803.79,723,2011-08-16
700742,Abhishek Rao,1960-02-22,M,WEGFS5355K,6094903984,Coimbatore,Tamil Nadu,Salaried,170849.91,642,2016-05-12
700743,Rohit Mishra,1980-09-21,M,DXKWA9285A,9832820773,Delhi,Delhi,Salaried,82781.41,803,2023-06-10
700744,Ilango Krishnan,1978-02-26,M,MEGGL8052K,8828410323,Pune,Maharashtra,Self Employed,124746.58,687,2023-10-26
700745,Vivek Jadhav,1964-09-01,M,CUGZQ2755J,7334827332,Bengaluru,Karnataka,Retired,39692.04,-1,2017-07-07
700746,Ramesh Thakur,1960-03-16,M,DBWGU4948J,7795488795,Delhi,Delhi,Salaried,126962.18,792,2019-03-20
700747,Kiran Mehta,1966-12-01,F,NOGEU5933W,7964395605,Mumbai,Maharashtra,Retired,70926.23,613,2025-01-25
700748,Pankaj Rana,1994-08-03,M,MFFPA6826G,7920688913,Chennai,Tamil Nadu,Business,481187.73,587,2013-10-11
700749,Madhavi Kulkarni,1978-10-31,F,ZYSIM0433K,6365568795,Mumbai,Maharashtra,Professional,279361.37,786,2015-02-23
700750,Arun Pandey,1976-05-08,M,FZPAH6265R,6914401999,Nashik,Maharashtra,Professional,348399.2,875,2019-06-29
700751,Mani Subramaniam,1991-03-02,M,KAOJP8935G,8895698922,Coimbatore,Tamil Nadu,Salaried,152881.01,730,2010-01-25
700752,Suresh Joshi,1987-03-21,M,XUDUG3366X,9488436122,Lucknow,Uttar Pradesh,Salaried,42894.04,754,2015-05-28
700753,Uma Thakur,1956-12-20,F,LVJEW4060Z,6457693279,Surat,Gujarat,Self Employed,70453.3,624,2020-03-12
700754,Oviya Patel,1971-08-10,F,ZQPEK8697Q,8080006277,Chennai,Tamil Nadu,Self Employed,290953.75,544,2014-10-19
700755,Lavanya Murugan,1992-05-23,F,UQMBQ4327S,9102151010,Nashik,Maharashtra,Business,436886.66,648,2022-11-11
700756,Usha Chowdhury,1977-04-12,F,NEYMF8918V,7306586866,Kolkata,West Bengal,Salaried,178922.1,812,2015-08-21
700757,Selvi Deshmukh,1983-03-01,F,WUGOU6512B,8375434360,Pune,Maharashtra,Salaried,174341.66,493,2024-03-04
700758,Priya Yadav,1959-05-28,F,UJJNI1333B,9177783387,Mumbai,Maharashtra,Salaried,90792.15,622,2012-12-24
700759,Vinod Mishra,1998-10-18,M,PARAQ2688R,7396067602,Delhi,Delhi,Professional,272954.25,488,2025-02-19
700760,Suresh Yadav,1987-04-21,M,HGFFY2828X,6614361446,Bengaluru,Karnataka,Professional,371947.69,680,2018-02-07
700761,Arjun Pillai,1994-01-03,M,TAGNA6167C,9450410651,Chandigarh,Chandigarh,Business,105854.0,753,2024-11-19
700762,Hari Patel,1977-05-13,M,RHHNW1797D,6752213717,Pune,Maharashtra,Salaried,88955.28,551,2022-04-12
700763,Mani Nambiar,2004-06-23,M,SPUSK4524A,9781139993,Delhi,Delhi,Self Employed,226210.36,631,2020-06-27
700764,Sivakumar Chelladurai,1958-06-29,M,AKZVG6499Z,8727118394,Delhi,Delhi,Business,314292.44,795,2021-08-06
700765,Uma Shah,1984-03-23,F,QOYTZ7611L,8166556348,Delhi,Delhi,Business,353837.76,661,2024-03-01
700766,Vidya Singh,1964-08-27,F,YGBYZ6221L,9901996427,Surat,Gujarat,Government Employee,72129.56,552,2018-06-28
700767,Rakesh Nair,1978-11-21,M,ANJDP5907N,8076738862,Mumbai,Maharashtra,Business,401748.85,544,2012-05-24
700768,Deepak Yadav,1993-06-11,M,MDDLK2800C,7032731495,Bengaluru,Karnataka,Self Employed,34208.02,478,2018-10-04
700769,Vidya Joshi,1959-11-10,F,RBKQZ0227E,9382133208,Kochi,Kerala,Government Employee,56835.6,743,2013-08-26
700770,Rajesh Yadav,1967-09-19,M,YLLEW0674W,7597612464,Chennai,Tamil Nadu,Farmer,21844.27,599,2024-04-10
700771,Oviya Iyer,1984-07-14,F,HBRQB1066N,6148166494,Ranchi,Jharkhand,Self Employed,274951.62,769,2017-04-30
700772,Ashok Mukherjee,2002-02-26,M,RHMTG2791V,7274937637,Chandigarh,Chandigarh,Government Employee,35932.6,752,2023-11-03
700773,Deepa Mehta,1997-06-08,F,JJXSJ5368L,8360324421,Kolkata,West Bengal,Salaried,33150.67,607,2011-03-16
700774,Lavanya Gupta,2001-04-03,F,ODCBN0566R,7370630998,Bhubaneswar,Odisha,Farmer,23055.6,619,2018-06-03
700775,Kumar Shah,1977-04-18,M,MPSBR9557U,8272219917,Ranchi,Jharkhand,Professional,436477.12,743,2017-03-13
700776,Tara Jadhav,1975-09-04,F,EIJQL0295K,7725632171,Hyderabad,Telangana,Self Employed,158247.18,684,2015-09-05
700777,Kumar Balasubramanian,1967-06-27,M,VDTWI1648O,6878844226,Pune,Maharashtra,Self Employed,299703.02,695,2011-08-09
700778,Swathi Ghosh,1977-02-11,F,XVPMZ1647W,8976095423,Coimbatore,Tamil Nadu,Salaried,20772.21,513,2022-04-08
700779,Uma Rajendran,1997-06-26,F,MVMCL0812A,8170347098,Nashik,Maharashtra,Business,387203.72,755,2020-11-05
700780,Shanthi Verma,2005-03-26,F,TJFBH4374A,9038839567,Chennai,Tamil Nadu,Farmer,15987.13,586,2017-11-19
700781,Deepak Yadav,1967-12-01,M,GRALU8501Y,9001400626,Jaipur,Rajasthan,Government Employee,76887.94,454,2015-05-20
700782,Chitra Dutta,1998-11-30,F,RXTWE4856U,8102538290,Kolkata,West Bengal,Self Employed,95427.61,611,2015-01-28
700783,Sunitha Chelladurai,1961-09-22,F,ROIVG5012E,6155780358,Bhubaneswar,Odisha,Farmer,48504.63,710,2014-04-17
700784,Yogesh Naidu,1990-12-29,M,XEOXT9779X,6099404327,Surat,Gujarat,Professional,371202.22,869,2020-11-16
700785,Rekha Mehta,1982-03-02,F,LUSUJ4257T,6054298688,Nashik,Maharashtra,Salaried,110722.38,634,2019-04-19
700786,Hema Mishra,1967-05-09,F,IUPDE1415D,7882633174,Hyderabad,Telangana,Farmer,25156.34,543,2022-08-24
700787,Priya Murugan,1978-08-01,F,DUUCR6519Q,6225267974,Ranchi,Jharkhand,Self Employed,249142.49,871,2016-03-12
700788,Rohit Mishra,1991-09-27,M,LNEWL6129B,7713717973,Surat,Gujarat,Salaried,19023.17,685,2011-05-11
700789,Rajesh Shah,1960-09-10,M,ZABWM3461Q,6303030336,Surat,Gujarat,Self Employed,247913.02,645,2013-10-21
700790,Rajini Subramaniam,1966-04-15,F,BMAUE0097T,7503473333,Ranchi,Jharkhand,Farmer,38512.95,567,2018-11-02
700791,Mahesh Naidu,1986-07-24,M,WRNLN3926U,8376973276,Lucknow,Uttar Pradesh,Government Employee,93352.26,-1,2015-08-28
700792,Fathima Mishra,1963-02-05,F,RWOKY1336W,6144563775,Jaipur,Rajasthan,Salaried,147212.83,574,2015-03-30
700793,Vijay Singh,1987-07-11,M,IXZQI2900Y,6887712373,Pune,Maharashtra,Government Employee,85896.35,-1,2023-11-12
700794,Suresh Mishra,1991-02-18,M,KJHKN9288U,6681479264,Delhi,Delhi,Farmer,38510.65,810,2017-01-09
700795,Lavanya Tiwari,1984-07-03,F,TDDNX6313W,7953588475,Bhubaneswar,Odisha,Farmer,27206.06,644,2023-07-30
700796,Kalpana Krishnan,1969-01-19,F,UEOPF7260H,8984022183,Mumbai,Maharashtra,Government Employee,41270.38,618,2015-08-10
700797,Deepak Pandey,1974-04-17,M,QHWCV5440P,9516890515,Kochi,Kerala,Salaried,128169.05,621,2012-04-24
700798,Shanthi Bhat,2004-08-15,F,IOCYL8292V,6991651752,Hyderabad,Telangana,Salaried,60364.12,818,2013-11-17
700799,Dinesh Krishnan,2001-06-09,M,XTZZM2233K,9241964648,Ahmedabad,Gujarat,Self Employed,291354.21,614,2015-11-08
700800,Malathi Bhat,1967-06-05,F,IIOKS7105H,7531224055,Patna,Bihar,Business,141608.56,729,2017-06-20
700801,Padma Iyer,1974-08-03,F,CWGOX9104U,8257873796,Coimbatore,Tamil Nadu,Farmer,26323.27,695,2010-09-07
700802,Amit Perumal,1984-06-05,M,WMNEQ1546W,6988147405,Madurai,Tamil Nadu,Government Employee,125903.99,692,2017-03-13
700803,Manoj Kulkarni,1969-09-01,M,EDZOW0144I,8462622966,Delhi,Delhi,Business,104572.81,586,2019-01-03
700804,Deepa Raman,1973-07-22,F,XBWOC6097Y,8434729061,Delhi,Delhi,Government Employee,99806.43,732,2015-09-04
700805,Farooq Reddy,1991-08-09,M,OSYYY8177Q,9225748586,Delhi,Delhi,Professional,71610.18,822,2024-02-08
700806,Bhavya Nambiar,1963-09-04,F,GJKPG1018J,8174386545,Bengaluru,Karnataka,Salaried,85589.34,665,2023-11-29
700807,Amit Kulkarni,1989-07-23,M,ZUTXT3191I,7697578423,Lucknow,Uttar Pradesh,Self Employed,187171.67,582,2023-02-27
700808,Dinesh Ghosh,2003-04-08,M,LTGRB3315L,8902522011,Jaipur,Rajasthan,Salaried,144873.87,547,2021-05-09
700809,Manoj Desai,1984-05-29,M,STWWU3434X,9080723804,Bengaluru,Karnataka,Business,43477.6,-1,2013-05-30
700810,Rekha Sharma,1968-05-13,F,BPVBS7858O,9535336011,Bhubaneswar,Odisha,Salaried,86731.59,688,2020-07-21
700811,Harish Thakur,1986-12-06,M,ONLTZ6503E,6527284900,Coimbatore,Tamil Nadu,Business,271733.85,644,2013-01-29
700812,Anitha Pandey,1991-05-28,F,XSBNY2987T,8624808405,Chandigarh,Chandigarh,Salaried,170544.21,660,2018-03-28
700813,Lavanya Nambiar,1965-12-04,F,RGPMF8152Y,7264654780,Coimbatore,Tamil Nadu,Self Employed,160970.47,671,2017-08-15
700814,Dilip Elumalai,1962-05-24,M,CRANL4875P,6624194584,Chandigarh,Chandigarh,Salaried,39581.72,529,2021-01-18
700815,Farooq Bhat,1957-02-23,M,JEMIB1108I,6390071513,Lucknow,Uttar Pradesh,Salaried,46325.9,744,2023-12-22
700816,Esther Iyengar,2002-08-12,F,MUGHC3913B,8552504652,Bhubaneswar,Odisha,Self Employed,174289.06,692,2016-04-24
700817,Pooja Kumar,1979-07-27,F,KNBBW0502R,6242270354,Nashik,Maharashtra,Self Employed,23336.14,662,2024-09-08
700818,Ganesh Bhat,1965-11-07,M,BDJZH9049Q,7189290677,Surat,Gujarat,Salaried,68568.79,692,2017-10-06
700819,Oviya Chowdhury,2003-06-25,F,CUMLL3341I,9540443048,Hyderabad,Telangana,Salaried,131425.65,757,2022-12-26
700820,Anjali Jadhav,1997-10-20,F,RWZWF1798Y,7245666244,Madurai,Tamil Nadu,Professional,315741.95,675,2015-04-23
700821,Vivek Nambiar,1985-10-12,M,PMCTB2186S,8029132117,Mumbai,Maharashtra,Self Employed,47631.31,-1,2021-11-12
700822,Geetha Chowdhury,2004-10-10,F,HXYWN7594A,6494962382,Kolkata,West Bengal,Business,67793.58,589,2019-09-19
700823,Vijay Kumar,1979-01-23,M,QKKNT1650Q,6542437112,Surat,Gujarat,Government Employee,94850.52,780,2015-11-27
700824,Madhavi Rana,1996-09-30,F,PLFJY8575X,9089785123,Ahmedabad,Gujarat,Farmer,51300.04,628,2021-02-11
700825,Neha Dutta,2002-03-05,F,SSZUW0728E,7350691222,Nashik,Maharashtra,Self Employed,81486.15,601,2010-11-17
700826,Bharath Mishra,1983-03-05,M,MTEXI8628J,7774206982,Mumbai,Maharashtra,Business,419217.49,521,2019-09-05
700827,Oviya Mukherjee,1978-12-29,F,IVFCA6096H,7381545825,Bengaluru,Karnataka,Self Employed,271787.07,670,2022-06-04
700828,Nitin Kumar,2002-12-15,M,UPRJN2182X,8228884682,Kochi,Kerala,Self Employed,58497.24,570,2021-09-16
700829,Vijay Kulkarni,1973-08-07,M,PQQWI3439O,8647338305,Bengaluru,Karnataka,Business,241158.96,620,2019-12-01
700830,Rajesh Nair,1998-06-17,M,PWIPS0260D,9966775648,Pune,Maharashtra,Retired,56650.78,712,2013-12-06
700831,Harish Pillai,2005-01-06,M,ZSTRI7743K,8706665053,Pune,Maharashtra,Self Employed,292361.05,673,2010-04-03
700832,Shankar Rana,1980-08-23,M,OCBQI3224D,8331995967,Delhi,Delhi,Salaried,77850.34,766,2014-05-14
700833,Praveen Rajendran,1956-09-14,M,DXKMO1220S,9600992937,Mumbai,Maharashtra,Salaried,129429.88,698,2020-11-09
700834,Usha Patel,1987-10-01,F,YRWVQ3417K,7820166938,Coimbatore,Tamil Nadu,Business,364710.2,631,2015-01-15
700835,Nitin Dutta,1962-11-24,M,PZCJV1218P,9127853679,Chennai,Tamil Nadu,Salaried,71040.34,638,2021-01-21
700836,Deepak Nambiar,2003-04-19,M,MZKCD9449H,8270018797,Madurai,Tamil Nadu,Salaried,58270.18,621,2010-07-11
700837,Yamuna Krishnan,1995-12-08,F,NVCDR9270L,6142590121,Kolkata,West Bengal,Farmer,21883.42,731,2011-08-11
700838,Gokul Elumalai,1959-09-08,M,KUVIN0067E,9087570562,Delhi,Delhi,Self Employed,232260.74,672,2021-08-09
700839,Vani Das,1958-06-21,F,SFYSP0572K,7735625516,Bengaluru,Karnataka,Farmer,24048.18,630,2022-02-01
700840,Madhavi Menon,1968-11-04,F,JIPKB4779E,8805787784,Kochi,Kerala,Self Employed,74258.83,750,2012-01-10
700841,Pankaj Bhat,1993-09-22,M,FAZYP4925M,7622123416,Chennai,Tamil Nadu,Self Employed,138041.97,679,2019-09-18
700842,Hari Tiwari,1976-01-27,M,RGGMG8308F,7868933914,Surat,Gujarat,Salaried,110092.01,625,2017-10-05
700843,Gopal Elumalai,1969-08-03,M,EVJCD3084C,6835749710,Ranchi,Jharkhand,Self Employed,149615.71,526,2012-03-16
700844,Hari Balasubramanian,1966-07-22,M,JKRNB9052N,8882255932,Jaipur,Rajasthan,Business,449110.75,711,2022-12-12
700845,Bharath Desai,1984-10-22,M,XVCPV7375H,6822965172,Patna,Bihar,Self Employed,74949.16,692,2021-04-18
700846,Karthik Dutta,1961-07-12,M,VBWUL2089X,9633973806,Madurai,Tamil Nadu,Salaried,74638.17,674,2019-03-11
700847,Bhavya Menon,1987-04-12,F,OYQJW1846Z,6153169643,Delhi,Delhi,Business,184095.09,628,2019-11-14
700848,Bharath Verma,2004-10-19,M,GJWDF6851I,6904615979,Pune,Maharashtra,Self Employed,114683.11,590,2023-01-20
700849,Arun Dutta,2003-12-01,M,NYBEL2006Y,9664116245,Hyderabad,Telangana,Business,387495.49,648,2019-09-15
700850,Divya Banerjee,2003-04-09,F,DOKGY5961R,9273125271,Kanpur,Uttar Pradesh,Government Employee,70502.33,-1,2010-04-28
700851,Lavanya Perumal,1961-08-16,F,NYPPD4444M,9598315969,Kolkata,West Bengal,Farmer,46181.68,691,2015-11-13
700852,Latha Iyengar,1980-07-02,F,IFVMT1117V,9407285902,Chennai,Tamil Nadu,Salaried,62557.73,-1,2010-11-01
700853,Karthik Bose,1960-12-22,M,ADTBS3562X,7621155267,Surat,Gujarat,Self Employed,54751.34,657,2018-05-28
700854,Sneha Singh,1979-06-10,F,XETBH0788J,6610380838,Ahmedabad,Gujarat,Salaried,98246.1,656,2012-08-29
700855,Kavitha Rajendran,1997-04-02,F,WGDWZ6331Z,8626801784,Kolkata,West Bengal,Salaried,90618.9,625,2020-03-20
700856,Padma Roy,1994-03-09,F,OYZGP4184U,9331983674,Chandigarh,Chandigarh,Professional,340356.35,702,2010-10-10
700857,Ajay Mukherjee,1973-02-21,M,OFQNY2928H,6727974225,Lucknow,Uttar Pradesh,Farmer,38481.12,692,2011-02-07
700858,Mani Iyengar,1980-04-21,M,FHUJQ3280L,9062977455,Chennai,Tamil Nadu,Salaried,150527.97,598,2023-11-30
700859,Shankar Shah,1971-11-22,M,BERMT2365X,8614173689,Ranchi,Jharkhand,Farmer,30855.71,742,2021-05-02
700860,Yogesh Menon,1958-04-13,M,IUOPN5514O,8206459265,Pune,Maharashtra,Professional,375889.99,745,2018-01-08
700861,Suresh Thakur,1998-09-20,M,FPZTR9750U,6812565577,Hyderabad,Telangana,Self Employed,296376.06,747,2013-01-13
700862,Padma Roy,1998-04-02,F,HYRSH8697C,6553145174,Lucknow,Uttar Pradesh,Salaried,69891.39,657,2019-09-16
700863,Devi Mukherjee,2000-07-05,F,MCSDP6688P,6168667767,Hyderabad,Telangana,Government Employee,87367.3,651,2018-06-05
700864,Ganesh Kumar,1975-02-12,M,FOCLZ1253Q,9164981017,Jaipur,Rajasthan,Salaried,105383.12,559,2022-10-25
700865,Lakshmi Chowdhury,2005-06-22,F,UZKEA2253X,6564604447,Surat,Gujarat,Farmer,32554.08,741,2017-11-04
700866,Chandran Banerjee,1966-07-15,M,GQNSY1900R,8135521868,Delhi,Delhi,Self Employed,31284.9,467,2017-09-08
700867,Ravi Reddy,1970-07-21,M,HLHKY7098J,8704945293,Bengaluru,Karnataka,Salaried,57978.38,632,2018-06-05
700868,Neha Chauhan,1957-06-15,F,BWWRH3685O,6670452612,Bengaluru,Karnataka,Farmer,37512.14,637,2010-04-19
700869,Chandran Verma,1992-01-03,M,QBUCD2696B,7470646351,Coimbatore,Tamil Nadu,Salaried,92428.66,751,2015-07-20
700870,Revathi Banerjee,1980-06-29,F,HYHNA4571S,8188761884,Kolkata,West Bengal,Retired,22066.07,-1,2011-08-16
700871,Esther Pillai,1975-07-31,F,GITTF3905B,9995420039,Bhubaneswar,Odisha,Salaried,130352.23,669,2021-06-04
700872,Praveen Elumalai,1996-05-16,M,VRARM6621M,9572103364,Bengaluru,Karnataka,Business,421633.33,578,2012-09-13
700873,Rohit Singh,1982-10-07,M,CNYNN5875G,7086557157,Madurai,Tamil Nadu,Business,409509.55,534,2017-10-14
700874,Aishwarya Sen,1976-02-12,F,MPUML3371S,7451822821,Nashik,Maharashtra,Business,180797.38,600,2016-11-03
700875,Gayathri Pillai,1961-07-08,F,WZERP9858N,9392555059,Hyderabad,Telangana,Salaried,152075.78,680,2011-07-31
700876,Amit Shah,1985-12-13,M,VBWNH0482O,9998781987,Bengaluru,Karnataka,Self Employed,202736.65,675,2011-03-14
700877,Hari Saha,2003-06-15,M,VFBAK2320U,8362757241,Ahmedabad,Gujarat,Professional,368553.5,651,2014-11-22
700878,Sneha Menon,1987-12-16,F,BEYES7265E,8204059433,Lucknow,Uttar Pradesh,Self Employed,288627.06,-1,2021-05-19
700879,Parvathi Yadav,1971-03-12,F,FONXG6657I,7153420702,Delhi,Delhi,Government Employee,114987.86,604,2023-10-19
700880,Farooq Perumal,2000-06-17,M,NCXYC7063G,9039914668,Bhubaneswar,Odisha,Business,425766.0,650,2020-02-06
700881,Vidya Bose,1992-09-03,F,KSGCP2717W,9614585444,Mumbai,Maharashtra,Business,374796.41,764,2024-02-28
700882,Selvi Murugan,1983-07-04,F,NNLQE0948E,7791359468,Chennai,Tamil Nadu,Salaried,30456.18,565,2014-02-04
700883,Rohit Ghosh,1959-05-22,M,MTUKB9459R,9701499448,Bhubaneswar,Odisha,Business,181547.91,673,2024-08-15
700884,Abhishek Yadav,1978-08-17,M,TEDYA1060I,7243704099,Kolkata,West Bengal,Self Employed,282766.64,823,2013-11-03
700885,Kalpana Rajendran,1992-05-14,F,JUDDU5824S,9313065923,Bengaluru,Karnataka,Salaried,44692.57,722,2020-08-30
700886,Karthik Rajendran,1960-06-14,M,GPZEN9701O,6225768120,Surat,Gujarat,Government Employee,97140.24,626,2010-06-04
700887,Dinesh Rao,1984-07-23,M,ZQIXP5338U,6318332012,Chennai,Tamil Nadu,Self Employed,90716.57,732,2019-12-13
700888,Shanthi Patel,2001-02-02,F,GDNKM3631Q,7305431891,Delhi,Delhi,Professional,109152.64,598,2019-04-29
700889,Ajay Rajendran,1972-12-04,M,DVXFD3317B,6198741187,Chennai,Tamil Nadu,Business,437053.49,670,2016-09-05
700890,Nitin Chowdhury,1986-01-17,M,QDMVD6902Y,6558359934,Madurai,Tamil Nadu,Farmer,20387.99,817,2021-07-04
700891,Parvathi Yadav,1958-06-15,F,KDUUS6186C,9845447280,Bengaluru,Karnataka,Retired,20718.26,849,2011-05-28
700892,Ajay Ghosh,1982-02-22,M,OZHNK0282G,9049976043,Pune,Maharashtra,Salaried,177669.28,507,2023-02-20
700893,Praveen Venkatesan,1986-03-04,M,FLCDO9347W,7108204969,Mumbai,Maharashtra,Self Employed,155276.31,736,2019-05-18
700894,Mahesh Naidu,2005-04-07,M,LDFUT9740C,6698387682,Kolkata,West Bengal,Self Employed,238370.63,855,2024-09-16
700895,Sangeetha Tiwari,1998-09-14,F,TQGBL7798P,9358218979,Kolkata,West Bengal,Business,344127.04,618,2015-12-08
700896,Malathi Rana,1968-11-16,F,ZWCUZ6901H,8273073674,Hyderabad,Telangana,Farmer,33837.16,694,2023-04-29
700897,Neha Pandey,1972-08-21,F,CZKEJ1291Z,8290493856,Surat,Gujarat,Government Employee,51304.3,813,2018-07-04
700898,Shanthi Yadav,1981-08-28,F,WCELP7039U,8522250873,Kolkata,West Bengal,Government Employee,93043.77,-1,2022-08-21
700899,Meena Deshmukh,1992-02-04,F,UFGGJ5496U,8604495979,Coimbatore,Tamil Nadu,Salaried,168856.94,623,2018-03-02
700900,Nitin Rajendran,1966-01-30,M,ZFIOX8804Q,8714604499,Patna,Bihar,Retired,46553.62,712,2011-04-02
700901,Vivek Iyengar,2000-12-25,M,RRHNT0552F,6151200070,Ahmedabad,Gujarat,Business,395210.12,664,2022-01-09
700902,Rajini Bhat,1959-11-22,F,YOJFR0767J,8424652543,Bengaluru,Karnataka,Salaried,103509.09,487,2019-11-02
700903,Tara Saha,1995-04-06,F,YDPFP2420A,9119115994,Chennai,Tamil Nadu,Salaried,107715.36,702,2018-10-18
700904,Sathish Deshmukh,1983-09-18,M,RMYOG4744K,8233650307,Delhi,Delhi,Farmer,31111.29,652,2010-02-14
700905,Madhavi Venkatesan,1957-10-05,F,BRVGJ8924P,6238289092,Madurai,Tamil Nadu,Government Employee,64440.66,758,2011-03-10
700906,Sunil Thakur,1990-03-29,M,YVMPO3881E,7307054021,Madurai,Tamil Nadu,Salaried,121327.73,868,2015-02-25
700907,Vivek Reddy,1991-07-08,M,HCTDE6570K,8585991704,Bengaluru,Karnataka,Salaried,127200.88,734,2022-06-02
700908,Chitra Perumal,1991-06-27,F,FGWXS0998J,6777287823,Jaipur,Rajasthan,Salaried,27484.79,635,2018-04-11
700909,Divya Venkatesan,1967-01-22,F,INPCO3168V,8814206185,Mumbai,Maharashtra,Business,79398.29,712,2012-02-01
700910,Sowmya Patel,1959-04-15,F,NJSES1992K,9694451867,Mumbai,Maharashtra,Salaried,65621.05,689,2013-12-23
700911,Ramesh Rajendran,1973-12-27,M,HCOCT8165T,8145568067,Patna,Bihar,Business,172697.17,767,2013-10-22
700912,Mahesh Rajendran,1956-12-31,M,NFGYR7498R,7600629677,Delhi,Delhi,Farmer,28227.24,533,2025-04-17
700913,Sanjay Rana,1963-09-10,M,EOONV6818W,6198630335,Madurai,Tamil Nadu,Self Employed,126470.66,559,2014-04-17
700914,Vinod Iyer,2002-11-15,M,ZHTOU1846U,6149482274,Nashik,Maharashtra,Professional,305223.89,475,2022-07-24
700915,Rakesh Mishra,1988-10-20,M,SXSUF9737H,8618747480,Coimbatore,Tamil Nadu,Salaried,120308.74,727,2025-01-02
700916,Chandran Jadhav,1971-04-04,M,MUKMN8307Q,8828500227,Ranchi,Jharkhand,Salaried,153983.55,-1,2021-08-31
700917,Uma Sen,1971-07-19,F,KMQXT4727Z,6933949283,Delhi,Delhi,Salaried,36943.92,668,2020-09-27
700918,Arjun Chelladurai,1961-02-23,M,RJEPV3191U,8348289897,Coimbatore,Tamil Nadu,Salaried,125460.48,609,2015-09-02
700919,Rahul Chelladurai,1975-12-04,M,YSNWB0858V,7537952428,Jaipur,Rajasthan,Salaried,42197.81,601,2011-05-05
700920,Kiran Chowdhury,1980-01-21,F,MKBRQ6144A,9051627333,Patna,Bihar,Salaried,35634.58,615,2014-12-16
700921,Sunil Thakur,1984-07-24,M,SICYL1903C,7595564379,Mumbai,Maharashtra,Salaried,144983.77,581,2021-05-31
700922,Anand Banerjee,1998-10-24,M,RPBOK3331O,8731601939,Mumbai,Maharashtra,Salaried,161464.1,639,2024-01-11
700923,Sivakumar Saha,1964-12-21,M,SXLSB8370M,8445983028,Bhubaneswar,Odisha,Government Employee,138054.84,623,2020-09-08
700924,Mani Banerjee,1963-01-11,M,JQWRX7060U,8233023876,Pune,Maharashtra,Salaried,27350.25,802,2015-02-10
700925,Hari Sharma,1988-03-07,M,PSTBH0698K,8254535121,Pune,Maharashtra,Salaried,51145.89,700,2021-12-08
700926,Chitra Menon,1973-10-18,F,ULMJX2046Z,6639813249,Bhubaneswar,Odisha,Salaried,164263.9,592,2015-11-18
700927,Farooq Venkatesan,2003-05-10,M,RNGXA8470A,7944083913,Bengaluru,Karnataka,Professional,400232.95,614,2014-01-24
700928,Kiran Menon,1989-06-01,F,RMHZZ8134Q,8746490822,Nashik,Maharashtra,Salaried,105894.35,783,2013-12-18
700929,Rakesh Shah,1993-08-02,M,BYIMG8689P,6404939575,Bhubaneswar,Odisha,Professional,105127.38,712,2012-04-16
700930,Bharath Desai,1991-06-17,M,WPPZM8021R,9511165296,Coimbatore,Tamil Nadu,Salaried,170464.37,698,2014-12-07
700931,Ganesh Rao,1974-11-19,M,NMLBS4903Q,8181555224,Nashik,Maharashtra,Professional,378179.41,-1,2024-11-21
700932,Mahesh Sen,1974-05-26,M,NGDTS8064B,8392857384,Hyderabad,Telangana,Salaried,168057.48,738,2022-06-04
700933,Ajay Tiwari,1988-02-13,M,CCBOE3859I,6651322430,Lucknow,Uttar Pradesh,Business,216536.04,820,2023-10-19
700934,Senthil Pandey,1977-02-27,M,MKYUM3178M,8892719412,Delhi,Delhi,Salaried,84952.41,554,2023-07-26
700935,Rakesh Ghosh,1986-05-25,M,WFPMR0341O,8229586045,Nashik,Maharashtra,Salaried,69408.68,599,2015-04-23
700936,Sunitha Reddy,1959-05-18,F,KJGAC7580L,8602230085,Hyderabad,Telangana,Salaried,146074.94,504,2023-09-11
700937,Dinesh Mukherjee,1986-02-08,M,PBCBA1345R,9378174841,Surat,Gujarat,Salaried,37348.85,717,2015-11-14
700938,Pooja Saha,1995-05-02,F,XPYOV1804M,8541835227,Bengaluru,Karnataka,Business,157050.45,634,2016-03-30
700939,Ganesh Mukherjee,1987-04-30,M,UWYBF3066T,6567790528,Delhi,Delhi,Farmer,10238.41,606,2013-11-15
700940,Senthil Banerjee,1964-12-22,M,TKKWA4394M,8300667766,Nashik,Maharashtra,Salaried,107334.83,597,2013-08-19
700941,Karthik Nair,1985-11-01,M,UMVZA7341H,8770442065,Hyderabad,Telangana,Salaried,124020.52,735,2014-05-21
700942,Gopal Mehta,1986-03-10,M,HCBDI1759N,8641434155,Delhi,Delhi,Salaried,97349.93,656,2010-03-23
700943,Jagan Ghosh,1983-01-07,M,RTCDD0855Z,8119626088,Lucknow,Uttar Pradesh,Business,342384.44,619,2018-07-18
700944,Manoj Singh,1969-09-07,M,IWXPQ6717O,8052514331,Coimbatore,Tamil Nadu,Farmer,47132.33,789,2010-08-27
700945,Anjali Murugan,1988-02-17,F,TICOE6574B,9258124453,Mumbai,Maharashtra,Business,59940.37,570,2021-05-17
700946,Malathi Elumalai,1984-09-18,F,GMIGO7248F,8163534135,Kanpur,Uttar Pradesh,Salaried,150028.28,549,2015-11-21
700947,Ajay Desai,1996-05-24,M,UKMXB9011Q,7851203543,Mumbai,Maharashtra,Salaried,51018.01,-1,2021-12-28
700948,Deepak Perumal,1973-03-14,M,LBJQE6294Y,7436073259,Kolkata,West Bengal,Salaried,53656.04,900,2019-09-22
700949,Dinesh Rajendran,2003-12-30,M,LGZFF8160Q,7064221950,Bengaluru,Karnataka,Salaried,173487.72,635,2023-02-16
700950,Sathish Perumal,2001-02-02,M,ADPNX9040T,7932468013,Hyderabad,Telangana,Business,194742.56,618,2017-03-11
700951,Vikram Kumar,1995-02-23,M,MAOFU8008R,7241421856,Bengaluru,Karnataka,Farmer,46171.76,600,2010-04-02
700952,Vivek Sen,1973-07-17,M,CPZZL4247M,8032096779,Lucknow,Uttar Pradesh,Salaried,101032.94,656,2010-02-03
700953,Malathi Mishra,1986-03-25,F,OOOVR4934T,8999631454,Pune,Maharashtra,Salaried,149633.97,744,2024-04-30
700954,Rohit Rana,1963-10-28,M,ORLWV5551H,6651188296,Kanpur,Uttar Pradesh,Farmer,25225.05,741,2015-12-09
700955,Pankaj Bose,1972-03-06,M,AUXDG6618U,6017391737,Bengaluru,Karnataka,Salaried,172713.62,721,2011-03-07
700956,Sunitha Bose,1990-06-17,F,UMVTV2045O,6201906948,Surat,Gujarat,Business,30206.81,643,2014-09-20
700957,Nithya Rana,1983-07-10,F,QALBP3519V,6840557551,Bengaluru,Karnataka,Salaried,70927.61,528,2018-06-22
700958,Shankar Mukherjee,1967-05-04,M,CCZUD9428M,7571680942,Surat,Gujarat,Business,71004.76,696,2024-03-15
700959,Vivek Sharma,1984-10-21,M,PFROZ2216N,6616168151,Patna,Bihar,Self Employed,31506.28,814,2018-05-05
700960,Dilip Rao,1971-03-27,M,XNXEE8269M,6726658037,Kolkata,West Bengal,Salaried,173171.41,771,2018-12-20
700961,Suresh Pillai,1963-03-15,M,QWCKD3589L,6789270592,Lucknow,Uttar Pradesh,Salaried,133849.03,654,2012-06-21
700962,Meena Bhat,1988-01-20,F,MBCXN4471K,6130834704,Jaipur,Rajasthan,Salaried,145823.16,746,2015-12-04
700963,Mahesh Das,1963-12-03,M,IZOSK2064O,8481853375,Kanpur,Uttar Pradesh,Salaried,125540.55,633,2025-04-07
700964,Manoj Joshi,1959-04-07,M,VKJID2310E,9216941737,Surat,Gujarat,Salaried,75663.76,664,2012-08-11
700965,Gopal Chowdhury,1968-03-12,M,NGNFH9373P,8064702138,Kanpur,Uttar Pradesh,Salaried,68576.42,552,2010-08-16
700966,Karthik Desai,1976-03-05,M,LGDLM6791F,8641288294,Hyderabad,Telangana,Business,430990.14,640,2022-03-03
700967,Rohit Joshi,2005-06-14,M,AAGKS9264E,7500413785,Hyderabad,Telangana,Salaried,152945.16,683,2023-07-08
700968,Rakesh Deshmukh,2005-06-19,M,ODHXP9460H,6015913759,Delhi,Delhi,Salaried,31537.23,653,2016-08-04
700969,Uma Menon,1995-08-11,F,LYCUL2009A,6131892605,Jaipur,Rajasthan,Salaried,120627.28,-1,2012-10-04
700970,Anand Joshi,1971-12-29,M,XGYBJ9280T,6786412014,Hyderabad,Telangana,Business,295595.91,743,2018-02-08
700971,Nandhini Verma,1989-07-03,F,TUZVZ1595L,7097484460,Coimbatore,Tamil Nadu,Professional,308132.27,848,2022-04-22
700972,Kavitha Chauhan,1962-09-22,F,HMPZQ4601I,6327782199,Jaipur,Rajasthan,Self Employed,83307.9,795,2022-09-17
700973,Ajay Das,1968-11-03,M,SKDBB4905S,6451506254,Bhubaneswar,Odisha,Farmer,26344.21,641,2017-07-02
700974,Lavanya Jadhav,1986-05-20,F,UVMFI9085O,9546321374,Madurai,Tamil Nadu,Farmer,23416.84,600,2012-06-29
700975,Dilip Kumar,1962-01-31,M,VGJYD3915W,9205125179,Bengaluru,Karnataka,Salaried,116253.24,607,2025-04-20
700976,Ajay Raman,1987-08-16,M,HHXNY6633Y,8436144651,Bengaluru,Karnataka,Salaried,179253.5,577,2016-05-10
700977,Prakash Balasubramanian,1972-03-28,M,DSVHE1174Y,8050508884,Kolkata,West Bengal,Self Employed,62801.52,673,2013-11-30
700978,Ganesh Gupta,1966-08-19,M,PZCUV0087P,7745287503,Mumbai,Maharashtra,Salaried,151420.14,710,2019-01-06
700979,Rakesh Venkatesan,1985-12-28,M,VOPUI9335I,9053059842,Kolkata,West Bengal,Salaried,123137.79,687,2016-04-18
700980,Sowmya Nair,1973-03-01,F,QJQJY8631C,8981456806,Madurai,Tamil Nadu,Business,45090.12,688,2015-09-29
700981,Gokul Patel,1981-08-25,M,RTXZI4562I,8955099789,Madurai,Tamil Nadu,Salaried,74104.8,685,2020-01-30
700982,Vivek Rao,1987-10-12,M,TEYSI8039B,7348677934,Kolkata,West Bengal,Retired,61123.0,657,2016-01-18
700983,Uma Patel,1991-04-05,F,UCEFJ0162C,7650754653,Jaipur,Rajasthan,Business,90511.35,599,2011-12-25
700984,Sathish Bhat,1985-12-29,M,EQORQ4832G,6570649074,Kolkata,West Bengal,Farmer,11886.13,833,2020-04-24
700985,Bhavya Subramaniam,1989-04-04,F,JXYIC6884O,6101937272,Coimbatore,Tamil Nadu,Business,158801.84,769,2012-07-30
700986,Yogesh Chauhan,1988-04-11,M,XPYGQ6222A,9919661516,Nashik,Maharashtra,Salaried,130536.65,583,2012-07-10
700987,Kalpana Chauhan,1965-03-09,F,QGKNC0833Y,6255492691,Pune,Maharashtra,Farmer,48140.15,584,2024-02-07
700988,Malathi Singh,1998-04-03,F,AKQVN4611F,8569575918,Bengaluru,Karnataka,Professional,113605.04,614,2022-11-09
700989,Arjun Iyer,2001-09-01,M,ZGIJV0340H,6534672181,Chandigarh,Chandigarh,Business,206691.25,673,2016-07-06
700990,Bhavya Das,1996-08-07,F,YAPPV3364S,8856103053,Kolkata,West Bengal,Salaried,132720.71,789,2016-08-01
700991,Yogesh Rao,1971-09-21,M,OKSYN8155W,7775374698,Ahmedabad,Gujarat,Government Employee,80845.88,766,2017-07-15
700992,Chandran Joshi,1990-10-23,M,KFLAO1065Q,7626148607,Coimbatore,Tamil Nadu,Salaried,72949.8,771,2012-03-03
700993,Uma Nair,1977-05-20,F,KCVID7223I,8412541666,Chandigarh,Chandigarh,Self Employed,139131.81,773,2019-04-12
700994,Gokul Das,1966-03-25,M,ZOXOF4366H,7180605379,Kochi,Kerala,Business,356045.69,775,2014-03-13
700995,Gopal Venkatesan,1995-03-03,M,YRSBY4049M,8549752129,Jaipur,Rajasthan,Salaried,123610.63,739,2013-03-03
700996,Sandeep Tiwari,1970-05-23,M,SVAJT4528Y,6684641670,Kochi,Kerala,Farmer,12857.18,713,2012-02-22
700997,Kavitha Banerjee,2001-11-28,F,ZHFER0196N,7780809599,Kanpur,Uttar Pradesh,Government Employee,130697.44,658,2019-02-10
700998,Hema Rao,1993-06-28,F,BMOUL1698W,7395418898,Nashik,Maharashtra,Self Employed,291832.26,-1,2010-11-05
700999,Selvi Sharma,1965-03-31,F,MEUFE2423B,8204791499,Jaipur,Rajasthan,Salaried,75346.33,504,2023-06-23
701000,Selvi Banerjee,2003-05-26,F,VYBKB2380Q,6827090576,Lucknow,Uttar Pradesh,Business,428758.18,657,2014-09-28
701001,Nitin Rajendran,1994-02-20,M,CQWJL1972M,8552568481,Chennai,Tamil Nadu,Self Employed,198240.75,841,2015-05-29
701002,Yogesh Sen,1958-05-24,M,CMTAX7091E,8943328338,Kolkata,West Bengal,Farmer,40926.29,618,2018-03-28
701003,Deepak Gupta,2005-02-21,M,TMFGS4664P,6914611036,Bengaluru,Karnataka,Government Employee,136280.62,610,2011-05-22
701004,Abhishek Ghosh,1997-02-03,M,AIQTZ2913D,6598499321,Jaipur,Rajasthan,Salaried,72415.49,766,2020-10-07
701005,Anand Rao,2000-12-14,M,RBWBK9430X,7135066843,Kolkata,West Bengal,Business,485952.18,677,2023-06-23
701006,Bharath Pandey,1964-06-09,M,IAABN1162C,8844364680,Nashik,Maharashtra,Professional,160857.37,624,2011-06-21
701007,Deepak Sharma,1961-11-27,M,FJXCB5734M,7170285322,Jaipur,Rajasthan,Salaried,29021.62,817,2024-05-10
701008,Hari Rajendran,1995-07-04,M,WHJOM1373S,6288386493,Madurai,Tamil Nadu,Salaried,84805.6,729,2017-06-06
701009,Nitin Chowdhury,2003-06-26,M,USKGL1354K,7609255090,Ranchi,Jharkhand,Business,381946.77,741,2012-03-08
701010,Rahul Perumal,1999-03-30,M,PUYTT9102G,9046788381,Madurai,Tamil Nadu,Salaried,111287.98,616,2025-05-17
701011,Yogesh Banerjee,1973-04-25,M,GCHXP7671G,8448732723,Nashik,Maharashtra,Business,414165.26,717,2013-06-05
701012,Arjun Subramaniam,1958-04-30,M,AMLOH5855H,8427900480,Madurai,Tamil Nadu,Self Employed,126973.75,705,2011-04-27
701013,Usha Rana,1991-05-21,F,QGMGH6388F,6262099947,Hyderabad,Telangana,Salaried,172202.16,743,2024-12-31
701014,Malathi Desai,1986-09-29,F,AMJRE7069N,9746234023,Hyderabad,Telangana,Salaried,89012.47,779,2025-01-23
701015,Bhavya Singh,1998-06-14,F,ZGQFU6811V,8900940516,Lucknow,Uttar Pradesh,Retired,41136.27,776,2018-11-08
701016,Prakash Bose,1967-01-24,M,IAJAI8724M,7133045059,Lucknow,Uttar Pradesh,Salaried,59703.95,686,2010-10-09
701017,Anjali Krishnan,1982-03-21,F,EUKHR2108C,6607426535,Nashik,Maharashtra,Farmer,46601.08,735,2013-09-10
701018,Rohit Joshi,1971-08-31,M,EBHTN3375B,6383500721,Jaipur,Rajasthan,Self Employed,207453.59,561,2017-05-02
701019,Vinod Nambiar,1970-08-23,M,TXGFZ5298H,9652810702,Ahmedabad,Gujarat,Self Employed,122575.62,-1,2022-02-18
701020,Aishwarya Mukherjee,1970-09-08,F,WCFID6199S,9799924003,Kochi,Kerala,Self Employed,126602.36,731,2016-11-26
701021,Rakesh Mukherjee,1989-05-14,M,RLLEC7748U,8917866805,Kanpur,Uttar Pradesh,Salaried,29551.92,735,2017-09-18
701022,Farooq Venkatesan,1972-03-08,M,MCTVE3065F,8499275737,Kolkata,West Bengal,Salaried,145025.17,633,2014-09-13
701023,Neha Nambiar,1957-03-17,F,CYNPH2184K,8738725182,Delhi,Delhi,Salaried,103893.46,596,2016-07-03
701024,Rajini Desai,1972-01-20,F,SGDZJ1845O,8105576148,Kochi,Kerala,Business,492198.91,664,2014-01-20
701025,Rohit Singh,2002-11-07,M,OAUTG1835J,8215820886,Bengaluru,Karnataka,Self Employed,152935.23,554,2018-09-15
701026,Mani Joshi,2002-06-10,M,ZLJAG4139N,8237329321,Kochi,Kerala,Farmer,50396.0,702,2019-02-27
701027,Dilip Desai,1997-12-28,M,URSUT6355V,6113750967,Chennai,Tamil Nadu,Farmer,40924.02,697,2017-05-28
701028,Sneha Rao,1961-05-10,F,CJRFQ2413B,9780618482,Madurai,Tamil Nadu,Business,392939.42,579,2012-09-30
701029,Saranya Balasubramanian,1996-11-14,F,GGOAV2713T,9290450734,Surat,Gujarat,Salaried,169458.17,674,2020-03-06
701030,Shanthi Deshmukh,1959-05-02,F,JIDTG3595X,8905782628,Madurai,Tamil Nadu,Salaried,167547.29,771,2022-03-13
701031,Tara Nambiar,1997-05-14,F,ZVHMP0141U,8674887241,Kochi,Kerala,Business,113286.3,770,2020-08-13
701032,Arun Jadhav,1965-11-05,M,RTANP2459L,9246135492,Madurai,Tamil Nadu,Professional,394750.54,-1,2022-05-17
701033,Radha Iyengar,1999-03-01,F,WLOWR8852W,9921108124,Coimbatore,Tamil Nadu,Salaried,59236.23,766,2010-06-19
701034,Uma Krishnan,1979-12-07,F,NEPEJ5539I,9141605098,Kolkata,West Bengal,Farmer,54876.38,655,2018-10-02
701035,Shankar Shah,1970-10-12,M,JJTMB6429N,8990006288,Kolkata,West Bengal,Salaried,28545.57,637,2015-07-26
701036,Naveen Tiwari,1998-09-15,M,YVXXR0846T,8895654008,Kolkata,West Bengal,Business,279540.08,-1,2019-10-15
701037,Arjun Venkatesan,1975-01-10,M,RQUFG7905T,6974772334,Delhi,Delhi,Salaried,39683.93,632,2013-01-22
701038,Rajesh Elumalai,1969-12-23,M,FZZSU0619L,6265377756,Chennai,Tamil Nadu,Self Employed,55844.49,726,2021-08-26
701039,Lavanya Banerjee,1958-12-17,F,BQYDJ0057O,6179274275,Bengaluru,Karnataka,Salaried,62355.21,893,2022-06-11
701040,Praveen Thakur,1998-06-19,M,UFTCJ3559P,9040975212,Mumbai,Maharashtra,Salaried,99020.55,803,2022-04-05
701041,Sunil Chowdhury,1977-01-27,M,GHXGV8552S,8833009300,Chandigarh,Chandigarh,Business,368636.27,820,2016-03-27
701042,Deepak Singh,1967-01-22,M,QYAKJ6436W,8884615828,Bhubaneswar,Odisha,Retired,29031.64,798,2019-05-10
701043,Anand Deshmukh,1994-04-19,M,TYYQX3819C,8988967577,Madurai,Tamil Nadu,Salaried,35381.77,516,2014-12-21
701044,Deepa Rajendran,1978-05-02,F,SFPYD7774O,9613759572,Ranchi,Jharkhand,Salaried,42343.83,650,2015-11-06
701045,Karthik Chauhan,1963-08-18,M,ASIEL2725P,6577478926,Nashik,Maharashtra,Salaried,97996.13,628,2012-08-06
701046,Esther Subramaniam,1964-10-10,F,OPSWR6019G,6489080893,Nashik,Maharashtra,Self Employed,152214.17,788,2018-04-27
701047,Vinod Raman,2005-04-09,M,SQKTS0132X,8981216982,Jaipur,Rajasthan,Self Employed,170269.02,830,2015-07-09
701048,Ilango Reddy,1982-04-18,M,CCADO5877P,8246484039,Kochi,Kerala,Self Employed,62990.91,606,2016-03-22
701049,Neha Das,1985-04-12,F,VVWCV2276O,6052893932,Chandigarh,Chandigarh,Business,221571.18,673,2015-06-03
701050,Padma Menon,1960-11-12,F,MQBGU5529H,9361022068,Ahmedabad,Gujarat,Business,471011.51,722,2014-07-13
701051,Devi Bhat,1971-01-27,F,MOXKT2350W,7927202046,Kanpur,Uttar Pradesh,Salaried,82046.93,623,2014-06-14
701052,Bharath Banerjee,1956-11-07,M,IVGGF8771Q,9598694220,Delhi,Delhi,Professional,247297.06,610,2017-10-24
701053,Vinod Nambiar,1995-12-07,M,XCUPY0949I,9583604048,Madurai,Tamil Nadu,Government Employee,76827.22,605,2023-06-04
701054,Shankar Desai,1960-04-12,M,NQHWH2221H,8103359971,Patna,Bihar,Business,227904.08,754,2020-08-14
701055,Uma Perumal,1992-12-02,F,LDNVZ5786W,6948966013,Kolkata,West Bengal,Self Employed,66278.71,583,2013-01-13
701056,Pankaj Tiwari,1999-06-01,M,JNJGN7167Q,7138007399,Bhubaneswar,Odisha,Salaried,88263.77,777,2022-05-08
701057,Revathi Elumalai,1995-09-11,F,MFOIQ5055A,9135775946,Chandigarh,Chandigarh,Self Employed,58892.09,678,2014-02-14
701058,Indira Elumalai,1987-07-18,F,AKWYU4789M,9750076779,Delhi,Delhi,Professional,99610.69,741,2012-10-28
701059,Pankaj Venkatesan,1993-06-24,M,QPRSZ0431V,6321167627,Kolkata,West Bengal,Self Employed,46297.74,-1,2015-09-12
701060,Pooja Desai,1993-05-08,F,JEDXN6258N,9093073580,Chennai,Tamil Nadu,Salaried,136682.69,816,2023-12-27
701061,Ravi Nair,1992-04-18,M,AVSTE6919F,7042712489,Surat,Gujarat,Government Employee,34090.18,606,2021-12-30
701062,Kumar Gupta,1993-11-04,M,KSKXE6494B,8115808693,Hyderabad,Telangana,Self Employed,248320.78,592,2014-10-21
701063,Gopal Rajendran,1964-07-08,M,RICKP0058Q,6106448345,Chennai,Tamil Nadu,Business,400279.49,710,2016-10-13
701064,Ajay Mishra,1965-06-24,M,AAEFV1791L,6738123910,Chennai,Tamil Nadu,Salaried,26204.18,571,2018-05-11
701065,Kumar Perumal,1999-03-21,M,SKTGY2944L,8363015837,Chennai,Tamil Nadu,Retired,17293.86,600,2022-05-14
701066,Rekha Verma,1991-06-17,F,NZNYM3301M,9756014612,Bhubaneswar,Odisha,Self Employed,261641.42,659,2017-04-05
701067,Vijay Sharma,1970-08-11,M,HELKU9383E,7099425439,Bengaluru,Karnataka,Business,334859.55,684,2023-09-17
701068,Ganesh Rao,1982-04-29,M,RXBSF8687F,8076172940,Lucknow,Uttar Pradesh,Salaried,141418.72,551,2022-07-19
701069,Vivek Deshmukh,1980-08-06,M,DCBEZ0634K,6468778403,Bhubaneswar,Odisha,Government Employee,38789.85,633,2024-05-16
701070,Balaji Shah,2002-11-28,M,BPTZZ7453H,6611089162,Kolkata,West Bengal,Salaried,111261.04,725,2017-07-02
701071,Bharath Perumal,1981-01-18,M,SADPD0758K,6328457955,Kochi,Kerala,Government Employee,26969.28,797,2013-08-04
701072,Ganesh Mehta,2002-08-28,M,NWHJS6255D,8322165828,Chennai,Tamil Nadu,Self Employed,175060.77,483,2019-01-26
701073,Geetha Bose,2002-08-18,F,AUQJZ8053K,9679035134,Pune,Maharashtra,Salaried,118439.42,793,2015-01-25
701074,Gayathri Kulkarni,2002-08-08,F,XZYRR1643A,9692575985,Chennai,Tamil Nadu,Salaried,150319.38,753,2017-05-03
701075,Ajay Rajendran,1971-01-15,M,DTXCK5819N,7034486874,Madurai,Tamil Nadu,Self Employed,249598.49,567,2022-02-03
701076,Ilango Kumar,1997-11-03,M,IZJAZ6679D,6526180007,Hyderabad,Telangana,Retired,66095.21,530,2023-06-19
701077,Manoj Gupta,1992-06-13,M,WMVCE6291J,8599583989,Mumbai,Maharashtra,Salaried,56405.04,709,2021-09-13
701078,Sunil Singh,1999-05-25,M,JZFGZ4342U,7056693096,Chennai,Tamil Nadu,Salaried,106287.55,630,2013-12-28
701079,Ganesh Nambiar,1995-08-07,M,WNCJB6919C,7850796839,Kolkata,West Bengal,Salaried,38450.52,682,2018-01-28
701080,Senthil Patel,1966-03-06,M,XMDDT7732L,7378138247,Bengaluru,Karnataka,Salaried,39714.26,751,2024-12-13
701081,Rohit Singh,1964-02-28,M,XORVJ9314D,7850361798,Madurai,Tamil Nadu,Farmer,12842.38,634,2019-12-05
701082,Vinod Rao,1975-01-25,M,UQHUB5716G,6683668916,Chennai,Tamil Nadu,Salaried,68508.04,685,2021-03-14
701083,Vidya Raman,1998-10-09,F,DAOXC0488Q,8619605499,Kanpur,Uttar Pradesh,Salaried,68658.31,714,2019-04-30
701084,Sandeep Shah,1998-08-19,M,AQGDG4556O,8080630676,Pune,Maharashtra,Self Employed,57868.79,754,2015-11-25
701085,Ramesh Chowdhury,1962-04-17,M,EQDER3088K,8071425381,Surat,Gujarat,Self Employed,98148.33,836,2018-11-13
701086,Yamuna Raman,1993-12-13,F,CSEJE5129P,7934978512,Chandigarh,Chandigarh,Business,226000.63,830,2010-06-14
701087,Bhavya Nambiar,1977-05-20,F,RQUBV5482Q,6514660255,Jaipur,Rajasthan,Professional,289722.76,692,2016-06-16
701088,Lakshmi Krishnan,1992-02-10,F,OLFEE6683F,9598869295,Bengaluru,Karnataka,Self Employed,29425.73,647,2013-04-15
701089,Shankar Sharma,1969-06-27,M,TLMWN7503B,7842622649,Madurai,Tamil Nadu,Business,317705.24,894,2013-01-11
701090,Amit Verma,1987-09-07,M,PWCOD5051U,9891245048,Bhubaneswar,Odisha,Self Employed,69289.71,730,2010-09-27
701091,Geetha Rajendran,1968-08-18,F,CJBJZ5581P,9223826003,Hyderabad,Telangana,Self Employed,113515.77,710,2021-08-10
701092,Selvi Mukherjee,1964-10-08,F,OKCFD4800L,8289552288,Patna,Bihar,Salaried,35228.47,565,2014-09-14
701093,Devi Verma,1975-09-13,F,HRAHO8056L,9753952625,Chennai,Tamil Nadu,Salaried,145340.0,743,2020-08-29
701094,Balaji Banerjee,2001-11-19,M,FSOVR9441Q,9502889248,Ranchi,Jharkhand,Farmer,31299.32,596,2023-03-22
701095,Ilango Reddy,1995-11-18,M,DFYVI9744I,6577535605,Patna,Bihar,Salaried,21977.35,626,2014-12-22
701096,Anjali Rao,1995-05-17,F,ACWQY1140I,9197816147,Patna,Bihar,Business,259263.59,543,2013-05-03
701097,Vinod Subramaniam,1985-04-01,M,DYVDW0364K,7520057131,Surat,Gujarat,Farmer,33502.54,620,2021-06-21
701098,Manoj Iyer,2004-07-31,M,PFJUX7470E,6390974621,Nashik,Maharashtra,Self Employed,267161.73,675,2010-10-17
701099,Janani Saha,1983-04-18,F,BCQOG3023D,7508881877,Kochi,Kerala,Self Employed,89187.8,-1,2022-05-01
701100,Sandeep Elumalai,1963-10-23,M,FHFFU0446Q,6158636766,Bhubaneswar,Odisha,Business,202471.71,528,2017-04-02
701101,Anitha Dutta,1980-12-06,F,YTKMC1020S,6301829766,Hyderabad,Telangana,Government Employee,38313.18,585,2017-07-16
701102,Rajesh Elumalai,1979-08-27,M,BEQZR6624G,6929171909,Kochi,Kerala,Business,178427.58,662,2012-07-22
701103,Selvi Singh,1978-11-29,F,HKTTO9477F,6469391356,Hyderabad,Telangana,Government Employee,41101.11,550,2012-01-29
701104,Revathi Naidu,1992-01-04,F,KHNCR9296Y,8097383494,Mumbai,Maharashtra,Government Employee,89339.73,551,2013-04-27
701105,Padma Krishnan,1987-01-12,F,ONRHT0801O,8545422738,Ranchi,Jharkhand,Government Employee,77437.04,591,2023-07-28
701106,Vidya Menon,1975-08-02,F,SBZRK5278R,9236379876,Pune,Maharashtra,Salaried,20707.21,537,2013-06-18
701107,Nandhini Venkatesan,1968-12-05,F,CRNJC6712R,6201211340,Delhi,Delhi,Self Employed,79367.93,728,2018-01-01
701108,Abhishek Joshi,1978-11-09,M,SRJVJ0698M,9431342395,Bhubaneswar,Odisha,Self Employed,150074.05,576,2011-01-31
701109,Arun Deshmukh,1974-03-18,M,XLRGR7591O,8528707785,Bhubaneswar,Odisha,Salaried,93080.2,742,2010-11-03
701110,Revathi Rao,1986-09-03,F,EHSDS2711Z,7044402539,Ahmedabad,Gujarat,Salaried,138125.07,757,2012-11-08
701111,Sanjay Mukherjee,1996-01-01,M,BRGPR3901W,9085662567,Mumbai,Maharashtra,Self Employed,290023.09,556,2017-05-13
701112,Harish Jadhav,1980-08-06,M,TAYZH3942Z,7636690887,Bengaluru,Karnataka,Farmer,44709.3,673,2011-03-10
701113,Suresh Chauhan,1988-11-28,M,TNGQB4022T,6479149783,Kolkata,West Bengal,Government Employee,44720.93,624,2010-04-12
701114,Sangeetha Rajendran,1969-04-15,F,WOGCR2965R,9041178590,Kolkata,West Bengal,Salaried,22507.82,562,2011-05-11
701115,Harish Iyengar,1998-06-04,M,RDTRW7172O,7746733001,Mumbai,Maharashtra,Salaried,168656.7,638,2025-05-13
701116,Shankar Rajendran,1980-09-18,M,SAHNL4214I,7470757155,Chennai,Tamil Nadu,Salaried,116737.8,647,2021-10-23
701117,Pooja Balasubramanian,1989-06-16,F,AECCF3502A,9059651582,Bengaluru,Karnataka,Salaried,137299.94,737,2011-12-16
701118,Padma Perumal,1959-01-31,F,KOZTC8110T,9767931764,Jaipur,Rajasthan,Business,419842.32,767,2010-09-19
701119,Sunitha Rao,1971-04-02,F,NEECE3896P,6421103623,Ranchi,Jharkhand,Government Employee,42917.18,565,2023-01-30
701120,Vijay Murugan,1994-12-25,M,CLRRI3942A,8316735419,Kanpur,Uttar Pradesh,Government Employee,139575.83,631,2011-09-22
701121,Anand Thakur,1988-12-12,M,PBJHG5215E,6195489067,Jaipur,Rajasthan,Farmer,53371.5,720,2013-10-27
701122,Kavitha Gupta,1988-03-06,F,TECZH4051R,7115142799,Madurai,Tamil Nadu,Salaried,179152.18,781,2019-12-09
701123,Praveen Elumalai,1971-06-27,M,NEDYE8141F,9271086272,Chennai,Tamil Nadu,Government Employee,106066.32,438,2017-05-28
701124,Ganesh Elumalai,1960-10-25,M,DSGES1601W,9406072981,Bhubaneswar,Odisha,Salaried,41449.04,791,2022-08-29
701125,Vani Shah,2005-06-11,F,DFFPO1716W,6877157524,Delhi,Delhi,Self Employed,226431.86,654,2015-04-22
701126,Rajini Venkatesan,1963-03-16,F,XGJED6073W,6958885575,Kochi,Kerala,Self Employed,103175.64,815,2012-03-10
701127,Vidya Venkatesan,1977-09-30,F,LXKRM4835B,7325517902,Pune,Maharashtra,Self Employed,97377.39,629,2024-04-26
701128,Anjali Tiwari,1983-03-01,F,IXEAR4005Q,8197920942,Hyderabad,Telangana,Self Employed,258387.75,591,2011-08-03
701129,Padma Thakur,1994-04-09,F,UHVFP3572R,9581082793,Chandigarh,Chandigarh,Salaried,166184.95,674,2023-11-10
701130,Harish Sen,1973-10-20,M,JIMWE5299I,8866929401,Kolkata,West Bengal,Self Employed,276830.16,780,2012-03-31
701131,Neha Thakur,1957-10-05,F,RAGQT7540M,7816553050,Surat,Gujarat,Salaried,174599.32,672,2014-05-02
701132,Hari Elumalai,2004-07-22,M,IZPMP5810J,9542376599,Ranchi,Jharkhand,Salaried,63916.84,446,2015-07-04
701133,Madhavi Nambiar,1994-07-08,F,FBHUR6434G,6037276514,Hyderabad,Telangana,Self Employed,186551.06,734,2015-10-25
701134,Nandhini Rajendran,1994-07-01,F,KFZYF4458Y,6139565364,Hyderabad,Telangana,Self Employed,186446.81,517,2024-04-25
701135,Padma Chowdhury,1977-01-04,F,MTHLW0182V,7486471451,Ahmedabad,Gujarat,Professional,52282.34,577,2010-06-22
701136,Malathi Verma,2000-03-27,F,UIOTE2558V,7736340115,Lucknow,Uttar Pradesh,Salaried,29980.19,559,2025-01-09
701137,Rohit Menon,1962-12-31,M,SMVKT2536V,9676741065,Jaipur,Rajasthan,Salaried,128475.97,495,2022-08-27
701138,Naveen Shah,1999-05-06,M,LOFHQ6190W,8937095083,Madurai,Tamil Nadu,Salaried,58609.39,551,2018-10-06
701139,Pankaj Sharma,1988-11-03,M,KCDRB3758Z,9438117773,Ranchi,Jharkhand,Farmer,16377.2,-1,2011-02-11
701140,Yamuna Jadhav,1984-02-14,F,DXCEL8894F,6971760630,Kolkata,West Bengal,Self Employed,286656.78,576,2016-07-11
701141,Bharath Sharma,1958-04-02,M,TAQBJ0047E,7779151411,Ahmedabad,Gujarat,Salaried,143417.7,611,2013-04-22
701142,Chandran Pandey,2004-04-05,M,EYMHZ0262Q,7927636833,Bengaluru,Karnataka,Salaried,171477.76,664,2022-09-14
701143,Kiran Mehta,1958-01-31,F,HMUBS1835M,7895443309,Chennai,Tamil Nadu,Salaried,32395.45,638,2018-02-15
701144,Farooq Rana,1993-04-11,M,ZVEFM9973V,7138934516,Bengaluru,Karnataka,Self Employed,152056.66,529,2017-02-27
701145,Rohit Desai,1961-12-28,M,LTPUT3038X,8865658159,Kanpur,Uttar Pradesh,Salaried,144419.59,652,2011-02-11
701146,Revathi Iyer,1968-09-06,F,XSENV7566B,6180854531,Nashik,Maharashtra,Salaried,127051.85,762,2012-05-11
701147,Deepa Pillai,1985-09-12,F,ZCVMT3822H,8273182908,Ahmedabad,Gujarat,Salaried,81464.96,760,2012-01-29
701148,Priya Deshmukh,1994-11-25,F,RQEMX0898U,7420077674,Jaipur,Rajasthan,Salaried,48278.64,682,2013-05-21
701149,Revathi Chowdhury,1992-11-20,F,ECYKX0005H,7871021476,Chennai,Tamil Nadu,Business,263648.11,728,2019-12-03
701150,Sangeetha Mishra,1984-11-22,F,PWFNC8280E,7633907532,Bengaluru,Karnataka,Self Employed,268446.48,754,2021-05-07
701151,Mahesh Shah,1998-01-17,M,SGKQB9251G,6650275854,Mumbai,Maharashtra,Self Employed,65061.64,799,2021-07-12
701152,Amit Naidu,1987-07-02,M,TOQTD9302X,9691107192,Delhi,Delhi,Salaried,161983.08,831,2024-11-22
701153,Sivakumar Gupta,1985-12-23,M,ZANTY0909M,6054753214,Coimbatore,Tamil Nadu,Farmer,18928.67,-1,2020-06-30
701154,Bharath Ghosh,1972-01-06,M,DKAJK4634T,8422945413,Bengaluru,Karnataka,Self Employed,196151.6,639,2020-04-16
701155,Madhavi Mukherjee,1968-09-08,F,WETXH0935V,8616555903,Madurai,Tamil Nadu,Salaried,138427.81,644,2014-07-22
701156,Deepak Patel,1984-08-31,M,YJDQI3260M,9349232124,Kolkata,West Bengal,Government Employee,39066.04,809,2014-02-22
701157,Naveen Tiwari,1963-07-30,M,YYKFJ1807Q,6385391578,Chennai,Tamil Nadu,Business,261182.72,818,2015-12-11
701158,Pooja Jadhav,1968-10-12,F,YKRKE2465H,9032748166,Madurai,Tamil Nadu,Salaried,174113.58,816,2016-01-29
701159,Arun Rajendran,2005-07-06,M,BAVIB2225L,7154675498,Pune,Maharashtra,Professional,266878.91,447,2021-09-22
701160,Tara Singh,1988-04-16,F,AYUUD5946W,6031735278,Bhubaneswar,Odisha,Salaried,175582.52,649,2022-03-17
701161,Abhishek Tiwari,2004-05-06,M,FMFTQ8189E,6076670157,Bengaluru,Karnataka,Salaried,159210.63,360,2024-03-15
701162,Parvathi Chelladurai,1984-01-08,F,JPFXR7914X,6603181341,Surat,Gujarat,Salaried,38134.98,739,2015-05-03
701163,Dinesh Reddy,2003-07-01,M,UZWTZ7010H,9178408224,Chennai,Tamil Nadu,Government Employee,20640.52,675,2013-11-27
701164,Praveen Menon,1996-07-08,M,SSFDK4217P,6519588720,Chennai,Tamil Nadu,Business,356053.04,674,2019-12-27
701165,Suresh Reddy,1988-03-23,M,MTFTV6683V,7198368822,Bengaluru,Karnataka,Farmer,49980.66,656,2020-06-27
701166,Vikram Murugan,1969-10-18,M,RHXEU8275V,8232893705,Kolkata,West Bengal,Salaried,98895.85,793,2013-09-23
701167,Dilip Murugan,1985-05-30,M,DOHCC1579U,8093747172,Chennai,Tamil Nadu,Salaried,120212.54,642,2024-03-22
701168,Senthil Chelladurai,1966-04-03,M,IRQJV6268R,6598362535,Mumbai,Maharashtra,Salaried,136583.24,768,2019-02-15
701169,Indira Jadhav,1957-11-08,F,REPSU3520B,9312336424,Kolkata,West Bengal,Business,243324.59,722,2012-03-29
701170,Ilango Nambiar,1977-04-30,M,KKTFT6427C,8592405161,Ahmedabad,Gujarat,Salaried,170906.38,703,2013-09-29
701171,Ilango Chauhan,1963-07-22,M,PIUNY3025K,9748654822,Bhubaneswar,Odisha,Salaried,19630.26,713,2021-05-02
701172,Shanthi Iyer,1965-11-09,F,UVOJA8019X,8850738350,Mumbai,Maharashtra,Professional,281375.21,680,2019-04-10
701173,Ashok Kumar,1982-04-06,M,QIOCF8803S,9886806556,Bengaluru,Karnataka,Retired,45493.64,566,2018-02-20
701174,Vinod Shah,1991-12-30,M,QKKDG2364C,7235832000,Patna,Bihar,Business,393797.42,738,2022-02-05
701175,Rakesh Saha,1966-06-07,M,CLMKS0354M,9759161634,Bhubaneswar,Odisha,Salaried,85693.8,737,2013-07-15
701176,Kumar Balasubramanian,1963-02-10,M,SVGIF5005P,7903813763,Bhubaneswar,Odisha,Farmer,34406.18,656,2023-05-16
701177,Sanjay Kumar,1977-03-25,M,CKYLV0543K,8380424209,Kanpur,Uttar Pradesh,Salaried,60453.98,739,2019-10-25
701178,Amit Iyer,1986-07-06,M,STEGI8228K,6180369757,Ahmedabad,Gujarat,Salaried,138800.57,755,2024-09-11
701179,Vikram Joshi,1995-02-18,M,SIPXD4471V,8386625374,Coimbatore,Tamil Nadu,Salaried,25816.4,548,2020-04-03
701180,Tara Subramaniam,1963-12-26,F,EOGBV1957H,8295014110,Kolkata,West Bengal,Salaried,32560.05,656,2011-05-10
701181,Kumar Reddy,1974-08-08,M,FTRHO1726S,8724534236,Bengaluru,Karnataka,Salaried,64619.04,627,2014-07-25
701182,Harish Iyengar,2001-06-17,M,JOSND1356S,8836950792,Madurai,Tamil Nadu,Salaried,151974.3,584,2016-01-18
701183,Geetha Jadhav,1966-06-25,F,ZMHZK1655L,7175659948,Ranchi,Jharkhand,Self Employed,223947.98,700,2022-01-24
701184,Ganesh Sharma,1999-05-17,M,GTEPV6413I,9163936373,Lucknow,Uttar Pradesh,Business,287003.35,589,2019-12-14
701185,Pankaj Naidu,1962-09-10,M,XVTRL0650B,9504910239,Delhi,Delhi,Salaried,122684.63,628,2011-03-11
701186,Pooja Nambiar,1977-07-21,F,KOGVG4445G,6151384477,Delhi,Delhi,Salaried,179533.6,693,2011-06-25
701187,Chandran Naidu,1974-03-14,M,QSPLF5783X,7209014320,Chennai,Tamil Nadu,Government Employee,135376.12,703,2020-09-06
701188,Priya Singh,1966-09-21,F,TCMSA5411A,6847311388,Kanpur,Uttar Pradesh,Business,68239.03,700,2016-02-06
701189,Geetha Nambiar,1987-12-03,F,RRKEQ1623E,9717881736,Bengaluru,Karnataka,Self Employed,175531.5,882,2020-02-07
701190,Gokul Kumar,1964-10-25,M,DBPOV6399W,6887222334,Kanpur,Uttar Pradesh,Farmer,57031.38,622,2018-02-07
701191,Vidya Nambiar,1988-03-19,F,MNZEX9736M,8615354294,Chennai,Tamil Nadu,Self Employed,83186.01,693,2017-10-01
701192,Lakshmi Iyer,1987-09-27,F,TIYWG1619Y,8515665599,Hyderabad,Telangana,Government Employee,83282.32,555,2022-09-06
701193,Revathi Iyer,1990-01-10,F,UNEQG1602P,9205967477,Ahmedabad,Gujarat,Salaried,66138.97,715,2023-11-06
701194,Sivakumar Deshmukh,1980-06-26,M,CMTAW2590L,9532057447,Jaipur,Rajasthan,Self Employed,293171.53,779,2020-11-11
701195,Ramesh Chelladurai,1988-05-23,M,SNXIW6809O,8241243597,Hyderabad,Telangana,Government Employee,133059.59,785,2021-12-15
701196,Nithya Gupta,1960-07-07,F,MCTWI4721R,7777833731,Lucknow,Uttar Pradesh,Salaried,87986.28,609,2024-07-02
701197,Revathi Patel,1994-02-28,F,OGHBF0595R,8914724167,Pune,Maharashtra,Self Employed,128789.59,643,2011-03-30
701198,Karthik Iyer,1968-03-18,M,XDKIZ8179R,7744419102,Chandigarh,Chandigarh,Government Employee,74061.21,789,2019-01-11
701199,Bhavya Naidu,1963-12-12,F,LLVDQ7810Y,9357939690,Nashik,Maharashtra,Government Employee,51274.04,661,2025-04-04
701200,Mani Dutta,2002-03-07,M,OBZNJ1874V,8462968975,Chennai,Tamil Nadu,Salaried,86889.11,761,2010-11-03
701201,Ilango Venkatesan,1974-06-16,M,NOUQY5636K,7338111951,Bengaluru,Karnataka,Retired,64781.53,-1,2020-07-23
701202,Rakesh Mukherjee,1977-03-29,M,ISAZP0201T,7699129195,Kolkata,West Bengal,Business,432830.57,577,2016-07-20
701203,Meena Iyengar,1981-10-20,F,ICRKS9620S,6510093912,Kanpur,Uttar Pradesh,Salaried,23535.89,801,2014-12-15
701204,Sowmya Menon,1977-12-31,F,FMZXX4366U,9520133677,Ahmedabad,Gujarat,Salaried,121890.07,767,2017-06-16
701205,Vivek Kumar,1960-02-20,M,WMDVR2619H,7986865782,Surat,Gujarat,Salaried,70014.83,714,2014-12-17
701206,Shankar Rana,1959-12-14,M,KYJLI3201N,8571338358,Ahmedabad,Gujarat,Business,62012.2,594,2020-07-24
701207,Naveen Murugan,1956-11-15,M,NOBAC9674W,9360443140,Surat,Gujarat,Government Employee,75432.52,654,2014-05-16
701208,Mahesh Venkatesan,1963-11-05,M,SNXSP1523V,8745375289,Kolkata,West Bengal,Salaried,155283.88,684,2016-10-09
701209,Anjali Nambiar,1988-10-23,F,GKYYX2892C,7476699205,Mumbai,Maharashtra,Salaried,21542.5,695,2014-07-01
701210,Suresh Iyer,1974-06-13,M,DWYJE1052K,7742088348,Chennai,Tamil Nadu,Business,165730.05,660,2020-03-10
701211,Meena Iyengar,1980-01-28,F,JAJDP7396V,8744942765,Patna,Bihar,Salaried,114989.74,649,2017-10-31
701212,Jagan Rana,1978-12-14,M,WEURY2038P,7547521331,Lucknow,Uttar Pradesh,Self Employed,102819.55,688,2019-10-07
701213,Chandran Dutta,1965-06-11,M,JTLZG2799O,8539384475,Chennai,Tamil Nadu,Retired,54519.35,802,2019-06-03
701214,Saranya Chauhan,1981-08-09,F,MVLKZ2438R,7520444070,Chandigarh,Chandigarh,Salaried,31372.8,479,2013-09-02
701215,Rakesh Verma,1958-08-15,M,NBIXY6102N,6685002666,Kochi,Kerala,Government Employee,118381.79,539,2010-02-06
701216,Senthil Gupta,1980-03-09,M,BDFQP8543Z,7393763563,Chennai,Tamil Nadu,Salaried,130743.22,523,2014-03-24
701217,Arun Das,1981-04-09,M,DEPXL6189M,9119065065,Coimbatore,Tamil Nadu,Salaried,174914.35,604,2012-10-26
701218,Geetha Elumalai,1972-05-14,F,VBWOX5931X,9962909996,Ahmedabad,Gujarat,Professional,125890.09,504,2020-04-03
701219,Rajesh Jadhav,2004-12-28,M,EBCAK1981N,9461680707,Delhi,Delhi,Business,453730.86,722,2011-02-01
701220,Gopal Pandey,2003-11-11,M,HPXFO9509Z,8864602087,Lucknow,Uttar Pradesh,Self Employed,170985.12,679,2018-06-12
701221,Deepak Rana,1991-12-18,M,SUHRZ9974S,7036414632,Ranchi,Jharkhand,Self Employed,254386.36,-1,2024-05-08
701222,Amit Chauhan,1972-07-05,M,ICYZX3748L,8067111451,Mumbai,Maharashtra,Salaried,94980.95,645,2021-10-25
701223,Shanthi Iyengar,2000-05-23,F,PLNVH1631K,7620773283,Ahmedabad,Gujarat,Business,75387.34,605,2021-06-14
701224,Madhavi Iyengar,1971-10-05,F,TNCIB3910X,7255829833,Delhi,Delhi,Business,37209.26,-1,2010-02-09
701225,Senthil Iyer,1999-01-16,M,UFGXO1641M,9520282796,Kolkata,West Bengal,Farmer,54617.09,684,2024-05-06
701226,Hari Mehta,1960-03-04,M,GCRKL3300I,6029175266,Hyderabad,Telangana,Salaried,153774.06,686,2022-06-23
701227,Nitin Thakur,1965-07-12,M,FIYDR3606W,9727964669,Kolkata,West Bengal,Government Employee,88794.56,701,2024-08-05
701228,Senthil Subramaniam,1991-07-05,M,SCVKK7371P,9532940869,Kolkata,West Bengal,Salaried,93123.26,600,2015-12-18
701229,Arun Iyengar,1987-08-14,M,IIDBV7525E,6149192818,Delhi,Delhi,Self Employed,133424.67,731,2016-12-02
701230,Rajesh Nambiar,1989-04-28,M,GHLXU4076V,9277888351,Hyderabad,Telangana,Salaried,94117.53,530,2020-04-15
701231,Anjali Yadav,1996-02-11,F,PNJSW7830Q,8573826600,Kanpur,Uttar Pradesh,Salaried,141472.08,788,2024-10-06
701232,Praveen Perumal,1969-06-21,M,MMBEJ1654V,6402378412,Kolkata,West Bengal,Salaried,162411.97,377,2020-02-22
701233,Yamuna Kulkarni,1965-05-22,F,QIPGT8768P,9084441736,Bengaluru,Karnataka,Self Employed,283185.38,613,2020-03-22
701234,Ilango Nair,1970-09-23,M,KWGZT1365W,6437923577,Kanpur,Uttar Pradesh,Business,285378.79,555,2019-02-23
701235,Swathi Chowdhury,2001-08-27,F,VHNLG2426F,9096334390,Patna,Bihar,Business,94768.54,745,2014-04-30
701236,Dinesh Kumar,1987-03-11,M,EDLGZ8494X,8441156241,Patna,Bihar,Salaried,166286.19,-1,2014-05-08
701237,Amit Perumal,2002-06-09,M,NCHXL5347V,9126029665,Kochi,Kerala,Business,494905.52,528,2020-12-08
701238,Sneha Verma,1957-09-18,F,POQYS9250B,7088276259,Chandigarh,Chandigarh,Retired,58083.23,-1,2019-01-02
701239,Sanjay Roy,1960-01-05,M,TOLTP3758P,6424656842,Lucknow,Uttar Pradesh,Self Employed,244826.7,843,2011-07-09
701240,Rajesh Bhat,1991-01-14,M,FRUZQ6037M,8189765406,Kolkata,West Bengal,Farmer,47021.35,523,2023-07-07
701241,Uma Mehta,1988-02-01,F,JCONI3187X,8534780092,Chandigarh,Chandigarh,Salaried,70851.4,862,2014-08-27
701242,Karthik Raman,1971-12-01,M,HZMWD8761O,9241639054,Bengaluru,Karnataka,Government Employee,21840.24,712,2022-10-29
701243,Devi Perumal,1991-06-17,F,ZDSLQ0715Q,7455362202,Chandigarh,Chandigarh,Self Employed,210572.75,672,2020-01-20
701244,Sunitha Raman,1990-10-05,F,LZGNU7394K,9142197198,Pune,Maharashtra,Salaried,64583.59,711,2020-04-28
701245,Sunitha Iyengar,1994-08-20,F,UYLUT5239O,6343859611,Ahmedabad,Gujarat,Farmer,42187.57,878,2013-10-24
701246,Sanjay Chowdhury,1959-10-25,M,QSDYX5082X,9262427389,Bengaluru,Karnataka,Professional,178951.94,754,2011-01-19
701247,Vinod Krishnan,1982-11-08,M,KKEMS2530K,6926234189,Chennai,Tamil Nadu,Self Employed,253031.93,457,2022-09-15
701248,Dinesh Thakur,1967-06-18,M,HGRIF4543H,6245942965,Bengaluru,Karnataka,Self Employed,100635.57,783,2014-06-05
701249,Priya Subramaniam,1976-08-17,F,IXTXZ2051S,6788113332,Jaipur,Rajasthan,Farmer,20013.97,692,2014-07-23
701250,Sanjay Raman,1965-02-02,M,IWFJA1684K,8452719146,Jaipur,Rajasthan,Professional,146349.52,516,2015-08-24
701251,Rajesh Kumar,1984-06-30,M,OPVBG0135X,8059797167,Lucknow,Uttar Pradesh,Salaried,173504.48,742,2019-01-20
701252,Ashok Ghosh,1979-09-08,M,ZDGQL7483W,6535652241,Mumbai,Maharashtra,Salaried,28706.55,554,2011-11-19
701253,Yamuna Perumal,1994-01-30,F,BJLOM8369V,7639167978,Ranchi,Jharkhand,Salaried,135602.16,687,2010-01-08
701254,Chitra Chowdhury,1962-11-07,F,WURSR7864X,7393783007,Kochi,Kerala,Salaried,123734.53,692,2014-09-30
701255,Suresh Singh,1957-05-03,M,SYVKD6878A,9592540931,Jaipur,Rajasthan,Business,131743.98,608,2016-11-10
701256,Divya Roy,1979-09-30,F,DYRSL3427V,6241278558,Surat,Gujarat,Salaried,128880.16,731,2013-03-17
701257,Padma Elumalai,1971-04-24,F,UTBSU6767Z,6675979703,Delhi,Delhi,Salaried,124585.81,572,2025-04-04
701258,Latha Deshmukh,1985-04-30,F,OJOIW4626J,8469825287,Ranchi,Jharkhand,Farmer,44139.43,688,2015-08-14
701259,Nitin Banerjee,1976-12-22,M,FVKEV4230R,8083937716,Patna,Bihar,Retired,46926.74,618,2023-10-10
701260,Esther Verma,1967-09-05,F,GRPUN2378W,6702494230,Delhi,Delhi,Salaried,26476.74,652,2011-11-23
701261,Farooq Bhat,1970-05-19,M,GPXHM2145R,7213936806,Hyderabad,Telangana,Salaried,139988.07,852,2013-03-20
701262,Rekha Singh,1969-06-25,F,WQFKC0754H,6999857831,Bengaluru,Karnataka,Self Employed,229363.76,680,2019-11-23
701263,Divya Thakur,1985-10-31,F,UUFIB6897U,8374360975,Pune,Maharashtra,Salaried,172236.86,566,2021-02-07
701264,Deepak Roy,1965-04-19,M,ZPMCB7033N,8095806337,Ahmedabad,Gujarat,Salaried,108793.38,658,2022-02-08
701265,Nitin Rana,1967-09-06,M,VNSAJ8431D,7604448661,Chandigarh,Chandigarh,Salaried,98919.61,596,2011-10-30
701266,Balaji Elumalai,1984-08-29,M,WDKXT5644F,9526186056,Surat,Gujarat,Salaried,58428.98,672,2012-05-21
701267,Indira Elumalai,1981-02-23,F,PHIBH0486Q,6026650505,Mumbai,Maharashtra,Professional,392038.38,685,2024-09-15
701268,Rohit Raman,1989-08-16,M,GIFIJ3525S,6492257959,Kolkata,West Bengal,Salaried,121846.79,678,2013-11-21
701269,Bhavya Jadhav,1981-05-23,F,FZAXS2362L,6435526772,Jaipur,Rajasthan,Salaried,40655.35,677,2022-07-02
701270,Parvathi Chelladurai,2000-11-08,F,DLAKC2820Q,7639607162,Bengaluru,Karnataka,Self Employed,164479.54,618,2019-01-15
701271,Pooja Menon,1961-12-26,F,WLRNM8846X,6104781662,Ranchi,Jharkhand,Self Employed,270926.01,712,2018-09-15
701272,Rajini Kumar,1969-11-24,F,NWDXJ3631X,9616633003,Patna,Bihar,Salaried,111792.98,770,2012-01-07
701273,Sneha Nair,1970-10-16,F,NCKUV2056Z,6775388964,Nashik,Maharashtra,Self Employed,48678.46,611,2024-11-01
701274,Gopal Dutta,1999-02-14,M,JQTZZ0046K,6447579431,Kanpur,Uttar Pradesh,Professional,398228.03,664,2025-04-09
701275,Shanthi Das,1975-04-03,F,JMGFC7107I,9519657757,Surat,Gujarat,Salaried,63357.7,675,2022-08-19
701276,Nandhini Mukherjee,2004-04-24,F,RWDAM2982J,8762017327,Hyderabad,Telangana,Salaried,99323.8,789,2017-10-30
701277,Sunil Raman,2003-10-19,M,SXVSW1719Y,8589162397,Kolkata,West Bengal,Salaried,64203.37,772,2022-05-25
701278,Sanjay Bhat,1973-02-09,M,QFLWF8323S,6940825079,Madurai,Tamil Nadu,Salaried,116110.91,600,2017-12-03
701279,Bharath Bhat,1966-06-26,M,BBTQP5752U,8955736331,Surat,Gujarat,Self Employed,111752.49,676,2010-09-27
701280,Latha Mehta,1996-09-26,F,JYTCU2069K,9777956358,Surat,Gujarat,Professional,62637.27,528,2022-09-21
701281,Uma Nair,1961-11-14,F,ZKXJR0057O,8722245699,Hyderabad,Telangana,Government Employee,143820.66,578,2020-02-27
701282,Lakshmi Kumar,1974-03-18,F,RNECJ7733I,6520959439,Surat,Gujarat,Farmer,51675.33,671,2016-07-23
701283,Mani Reddy,1965-08-20,M,DNEXO6887G,7908404239,Ranchi,Jharkhand,Salaried,104699.71,729,2019-12-21
701284,Arun Raman,1965-07-20,M,XNOOP0997Z,9973267022,Kochi,Kerala,Business,101934.2,760,2010-05-30
701285,Dilip Rana,1958-02-28,M,EKVUM0720Z,7590259784,Pune,Maharashtra,Salaried,126837.58,640,2018-04-21
701286,Tara Balasubramanian,2000-02-01,F,PHXLJ0340A,6725057444,Kolkata,West Bengal,Salaried,51604.74,541,2023-04-30
701287,Hari Sen,1986-05-15,M,VLDWY0658C,6365976113,Nashik,Maharashtra,Retired,34047.86,707,2011-04-12
701288,Bharath Verma,1992-02-01,M,BRKIK9576G,7182889525,Delhi,Delhi,Business,152767.05,653,2013-01-02
701289,Sowmya Perumal,1998-08-26,F,UXRMP0731B,8350611830,Kanpur,Uttar Pradesh,Farmer,54847.0,710,2015-02-02
701290,Deepak Patel,1977-01-17,M,IIMMH2575M,7716879381,Chennai,Tamil Nadu,Salaried,77647.54,685,2024-09-05
701291,Ilango Naidu,1968-12-18,M,VAKLS1329U,8080669326,Bengaluru,Karnataka,Government Employee,23470.69,737,2015-11-18
701292,Janani Krishnan,2003-04-28,F,WBISL6509A,7599236550,Kolkata,West Bengal,Salaried,40745.4,732,2011-09-02
701293,Shankar Thakur,1981-12-20,M,OFPDW4384O,9041667024,Delhi,Delhi,Farmer,42384.34,750,2023-02-13
701294,Anand Yadav,1988-04-01,M,YWENN7755V,6049614140,Hyderabad,Telangana,Business,206483.9,626,2018-01-14
701295,Amit Nambiar,1995-03-05,M,VISFU7687E,8370392218,Chennai,Tamil Nadu,Self Employed,258478.62,764,2018-01-17
701296,Dinesh Bose,1971-01-14,M,KCGBN3066N,7677857822,Kanpur,Uttar Pradesh,Professional,206730.83,622,2023-07-30
701297,Lakshmi Mukherjee,1958-05-02,F,BYIGW5811F,6016171651,Kanpur,Uttar Pradesh,Business,63085.58,678,2020-03-14
701298,Rakesh Joshi,1965-03-02,M,FAWJE8554U,9013714548,Jaipur,Rajasthan,Self Employed,37610.23,-1,2010-07-14
701299,Fathima Sharma,1990-10-04,F,NRBNO5608R,6561184480,Ahmedabad,Gujarat,Government Employee,110281.61,846,2017-06-25
701300,Anitha Gupta,1981-06-29,F,EJVJJ4241C,6047096058,Chandigarh,Chandigarh,Self Employed,83182.51,703,2012-04-28
701301,Rakesh Verma,1957-11-29,M,MSASJ4420L,7066603523,Mumbai,Maharashtra,Salaried,54629.91,559,2025-05-09
701302,Mani Mukherjee,1958-06-12,M,LJLIJ0136B,6194144675,Chandigarh,Chandigarh,Government Employee,30367.39,811,2017-09-14
701303,Pooja Nambiar,2003-03-25,F,CZEBZ8215M,8024068339,Nashik,Maharashtra,Salaried,105337.09,765,2020-01-19
701304,Hari Saha,1991-07-11,M,XDTSP5642F,8786101698,Bhubaneswar,Odisha,Salaried,140927.64,778,2013-12-27
701305,Sunitha Menon,1975-01-15,F,NMWOZ6951E,8603509683,Pune,Maharashtra,Self Employed,257135.03,688,2020-09-21
701306,Shankar Das,1976-05-07,M,ZLIQA0666R,7864391902,Patna,Bihar,Self Employed,76527.56,702,2010-07-19
701307,Hema Yadav,1977-04-11,F,VHYBT4493W,8297274429,Bengaluru,Karnataka,Professional,214172.2,647,2015-09-24
701308,Arun Pillai,1977-05-08,M,OXUOB0245D,7786862994,Kanpur,Uttar Pradesh,Retired,74884.41,603,2023-01-28
701309,Saranya Mishra,1974-11-05,F,ZJTHP3106T,7438611788,Madurai,Tamil Nadu,Self Employed,48355.89,815,2012-05-27
701310,Ashok Saha,1972-06-16,M,RRCUX2130B,7759457875,Mumbai,Maharashtra,Government Employee,24058.93,-1,2018-01-24
701311,Vidya Sen,1986-06-23,F,SCSQN6459Q,8517747819,Surat,Gujarat,Professional,349081.19,635,2021-02-13
701312,Farooq Elumalai,1963-03-25,M,LLDZV2313L,7738463708,Lucknow,Uttar Pradesh,Salaried,63664.1,624,2021-03-18
701313,Ravi Desai,1965-09-28,M,UMKRA4445E,8583332841,Patna,Bihar,Salaried,45349.19,627,2018-06-02
701314,Vivek Bhat,1997-07-26,M,IUVGN6503A,8683130838,Coimbatore,Tamil Nadu,Retired,10670.51,846,2022-07-27
701315,Padma Gupta,1978-12-02,F,MVPMD5944O,6306162978,Chennai,Tamil Nadu,Government Employee,39596.34,753,2024-10-21
701316,Farooq Perumal,1973-05-11,M,MZMOQ4656V,6013541553,Delhi,Delhi,Salaried,43051.03,635,2021-05-03
701317,Manoj Reddy,2001-11-27,M,KOUMA9527N,7193950065,Surat,Gujarat,Salaried,31464.44,-1,2021-04-19
701318,Mahesh Rajendran,1980-08-16,M,SXCRO9376U,7713911548,Kolkata,West Bengal,Salaried,21983.67,665,2016-08-29
701319,Janani Pillai,1972-07-27,F,VJVNQ3812K,9501449539,Hyderabad,Telangana,Salaried,154109.81,718,2023-02-22
701320,Divya Pillai,1969-10-23,F,FFCMM9969R,8775558237,Hyderabad,Telangana,Salaried,70734.39,753,2018-03-23
701321,Rajesh Mishra,1965-05-27,M,UECOV2020E,9865962666,Bengaluru,Karnataka,Self Employed,42128.79,517,2011-12-22
701322,Gopal Elumalai,2005-03-18,M,QDPRL7989T,9942472964,Patna,Bihar,Self Employed,138129.63,755,2021-04-29
701323,Oviya Perumal,1997-11-11,F,CJWLM5860M,7048405322,Chennai,Tamil Nadu,Salaried,108891.16,649,2011-11-29
701324,Kavitha Murugan,1972-01-18,F,ZGJUU8696I,9305561581,Bengaluru,Karnataka,Salaried,97610.97,604,2017-10-15
701325,Rakesh Sen,1997-11-27,M,TTFWH9230K,6752774240,Kochi,Kerala,Farmer,19615.76,632,2025-01-10
701326,Arun Mishra,1972-07-07,M,WIZOL8876D,6180673150,Bengaluru,Karnataka,Government Employee,131732.3,745,2020-08-17
701327,Usha Patel,1979-11-25,F,XUTVQ7507O,9409873113,Mumbai,Maharashtra,Salaried,98515.85,837,2010-04-25
701328,Lavanya Pillai,1960-01-25,F,CALNT6133I,7289248835,Kolkata,West Bengal,Salaried,58110.29,684,2020-02-29
701329,Pooja Singh,1970-08-24,F,BHXIG1117X,9234568812,Hyderabad,Telangana,Salaried,50700.88,722,2016-01-14
701330,Mahesh Chowdhury,1991-05-08,M,QNHOI7058I,7173672258,Surat,Gujarat,Salaried,169152.93,592,2015-02-10
701331,Nandhini Reddy,2003-10-06,F,PATZX2242I,6112221908,Jaipur,Rajasthan,Farmer,18846.78,716,2014-12-25
701332,Bhavya Saha,1992-10-18,F,ZVZXL0358B,7376775928,Coimbatore,Tamil Nadu,Business,314455.79,748,2013-07-11
701333,Esther Mehta,1957-02-19,F,BYUZL8671C,6678603240,Bengaluru,Karnataka,Government Employee,76661.77,528,2010-02-16
701334,Esther Nair,1963-11-30,F,QLEOL9209C,8681085761,Surat,Gujarat,Government Employee,107488.29,621,2011-11-20
701335,Revathi Sen,1997-12-25,F,LXRKG4387Z,7158496106,Hyderabad,Telangana,Government Employee,74368.6,745,2022-08-09
701336,Farooq Nair,1961-12-22,M,ITUGM2955B,9748183725,Jaipur,Rajasthan,Business,337331.35,502,2012-12-23
701337,Mahesh Iyengar,1956-09-20,M,MNDLJ8195R,9977448341,Nashik,Maharashtra,Professional,444477.73,634,2012-08-21
701338,Anand Reddy,1999-06-21,M,JULWP4489L,8779179537,Mumbai,Maharashtra,Salaried,99167.59,727,2020-03-16
701339,Mani Das,1965-06-27,M,AXBXK2207R,6690999251,Hyderabad,Telangana,Salaried,147977.66,-1,2021-12-06
701340,Rohit Kumar,1999-12-11,M,AOXRS4554L,8954333807,Chennai,Tamil Nadu,Self Employed,258303.4,509,2014-07-03
701341,Jagan Chauhan,1977-11-06,M,RPRKS1747D,7016681613,Ranchi,Jharkhand,Professional,259874.21,632,2024-07-02
701342,Nitin Sen,1966-05-14,M,OSNQU8307V,6969436056,Coimbatore,Tamil Nadu,Salaried,128810.88,675,2010-03-24
701343,Rahul Tiwari,1979-06-14,M,IGYPA6924L,9717636803,Lucknow,Uttar Pradesh,Salaried,165720.66,-1,2015-02-14
701344,Dinesh Chowdhury,2002-05-11,M,EYKCZ0905K,7650917991,Ahmedabad,Gujarat,Salaried,145008.23,754,2011-04-06
701345,Praveen Joshi,1988-03-24,M,UGFFG7808K,9411245935,Bengaluru,Karnataka,Government Employee,122299.98,548,2011-05-30
701346,Jagan Pillai,1966-02-22,M,NXJCV3207O,6391172324,Coimbatore,Tamil Nadu,Salaried,158943.02,775,2018-07-21
701347,Sunitha Bhat,1982-11-13,F,RXPAU2235X,9269849435,Hyderabad,Telangana,Farmer,40009.72,699,2018-05-21
701348,Arjun Saha,1979-08-08,M,ZEJSY1922G,9298437949,Bhubaneswar,Odisha,Self Employed,183533.67,783,2013-01-17
701349,Devi Kumar,1977-02-18,F,BFYAC1622G,8728761829,Bengaluru,Karnataka,Farmer,49767.73,780,2024-02-08
701350,Bhavya Chelladurai,1972-05-11,F,HRFDD4156C,9152844320,Mumbai,Maharashtra,Professional,242086.83,702,2020-10-23
701351,Shanthi Chelladurai,1998-05-25,F,EHGBK7881R,7449336354,Jaipur,Rajasthan,Business,73821.97,716,2016-11-03
701352,Latha Desai,1977-11-16,F,FWKTD2812K,6243019868,Bengaluru,Karnataka,Salaried,36054.43,504,2016-07-16
701353,Anjali Singh,1959-04-29,F,GHVMG1599Q,8229282910,Mumbai,Maharashtra,Retired,35689.75,541,2017-02-19
701354,Rahul Dutta,1989-06-29,M,ZMXPR3352B,9006061899,Surat,Gujarat,Professional,213833.78,574,2022-02-14
701355,Arjun Nambiar,2001-11-13,M,LLCQZ4517V,8776069672,Lucknow,Uttar Pradesh,Self Employed,185873.42,636,2011-05-15
701356,Vijay Thakur,1999-12-25,M,MCIIS3746R,9060754395,Jaipur,Rajasthan,Salaried,83643.4,758,2023-10-07
701357,Rahul Balasubramanian,1968-11-23,M,NIENE5314R,6267984931,Chennai,Tamil Nadu,Business,458502.76,500,2013-08-11
701358,Ajay Tiwari,1983-08-10,M,JDKTA3963W,6112886509,Chennai,Tamil Nadu,Salaried,68425.17,639,2019-11-14
701359,Neha Patel,1992-10-16,F,FRAVA5518Z,6082960622,Pune,Maharashtra,Salaried,75057.95,544,2024-07-20
701360,Suresh Das,1957-11-17,M,CXZYS4513V,8926683124,Kolkata,West Bengal,Salaried,38572.67,522,2012-01-26
701361,Meena Balasubramanian,1957-12-07,F,SCRDJ1328V,7222482548,Pune,Maharashtra,Business,136168.48,810,2016-09-25
701362,Ganesh Rajendran,1980-04-09,M,YQJUX6218W,8504689686,Bengaluru,Karnataka,Government Employee,83642.63,679,2012-03-19
701363,Mani Roy,2000-11-16,M,DUKYJ5235O,6195399669,Pune,Maharashtra,Government Employee,131952.56,825,2023-10-31
701364,Tara Perumal,1958-10-31,F,ZHRYP1644K,6693495094,Kolkata,West Bengal,Salaried,40969.24,782,2015-09-08
701365,Ganesh Yadav,2001-07-03,M,DYYFU8758I,6238980437,Bengaluru,Karnataka,Self Employed,34587.81,582,2010-01-08
701366,Madhavi Dutta,1988-04-12,F,EZYRX6322I,9160504904,Bengaluru,Karnataka,Farmer,48374.44,-1,2014-05-05
701367,Lakshmi Patel,2001-10-06,F,VLJYA2059C,9673996128,Nashik,Maharashtra,Salaried,48962.92,493,2013-11-29
701368,Priya Rana,1996-04-29,F,CUOGX9919Y,7886453463,Patna,Bihar,Self Employed,146019.41,866,2018-03-06
701369,Madhavi Saha,1987-09-06,F,NUNUR6918O,9549833696,Chennai,Tamil Nadu,Retired,13840.92,631,2012-03-31
701370,Malathi Reddy,1964-04-26,F,SSSUA0923M,9794801248,Coimbatore,Tamil Nadu,Salaried,114135.07,561,2017-08-11
701371,Ravi Raman,1964-06-06,M,DKIZH8218N,6630978261,Mumbai,Maharashtra,Salaried,74275.04,735,2025-01-11
701372,Farooq Mukherjee,1992-02-03,M,ZGDUH2687X,6211021651,Chandigarh,Chandigarh,Business,162999.95,682,2011-01-10
701373,Kiran Balasubramanian,1974-01-31,F,FKYBA4381N,9981924014,Chennai,Tamil Nadu,Farmer,14946.76,606,2025-03-14
701374,Rekha Das,1988-07-04,F,VAYEH2673A,8179423569,Lucknow,Uttar Pradesh,Professional,417062.26,637,2019-04-01
701375,Naveen Tiwari,1962-09-25,M,JUHCL6086J,9546567574,Delhi,Delhi,Salaried,118776.29,685,2016-07-23
701376,Sowmya Naidu,1971-07-23,F,JGICW1522V,6444995598,Jaipur,Rajasthan,Government Employee,38384.34,677,2020-07-27
701377,Praveen Chauhan,1977-12-11,M,FCCSP2147H,9181751375,Madurai,Tamil Nadu,Business,333153.49,-1,2012-02-26
701378,Radha Pillai,1962-06-03,F,BIFUF3785G,6622133719,Nashik,Maharashtra,Business,302043.29,741,2021-07-24
701379,Praveen Saha,1987-11-08,M,THETV2997D,8360671391,Jaipur,Rajasthan,Salaried,106897.81,636,2012-09-08
701380,Ganesh Pillai,1957-08-07,M,TFYLJ5548L,7485114811,Chennai,Tamil Nadu,Self Employed,204004.48,637,2018-09-29
701381,Sathish Singh,1989-11-16,M,UUTOV3394C,6480088142,Kanpur,Uttar Pradesh,Salaried,48682.99,727,2023-03-18
701382,Janani Pandey,2001-08-16,F,MTUXW6937Y,9941674888,Chandigarh,Chandigarh,Business,180137.67,-1,2017-04-15
701383,Rajesh Desai,2004-05-25,M,TFJZY5442H,9488857722,Hyderabad,Telangana,Government Employee,41879.04,699,2012-11-22
701384,Lakshmi Elumalai,2001-04-12,F,LGMFH7070J,9937287060,Mumbai,Maharashtra,Business,357277.79,773,2023-04-08
701385,Vikram Elumalai,1998-03-24,M,XSIOD4553M,7107208580,Madurai,Tamil Nadu,Self Employed,262861.94,646,2018-03-09
701386,Mani Saha,1990-10-13,M,WBLII1978A,6419451608,Coimbatore,Tamil Nadu,Self Employed,130891.46,660,2018-12-02
701387,Bharath Rajendran,1979-07-06,M,IIGUR3795N,9305980478,Patna,Bihar,Salaried,135866.79,560,2012-06-24
701388,Vikram Murugan,2001-03-28,M,MIQSO2997O,6087996837,Mumbai,Maharashtra,Business,166505.25,812,2016-09-06
701389,Rakesh Dutta,1961-11-08,M,GWYTW1709F,6562730481,Surat,Gujarat,Business,190460.85,537,2022-06-16
701390,Yogesh Joshi,2005-03-22,M,DWOZV1966V,8100731776,Mumbai,Maharashtra,Retired,45098.62,689,2022-03-21
701391,Praveen Iyer,1990-09-20,M,UUVJZ9326W,8529462695,Pune,Maharashtra,Farmer,59279.58,585,2011-11-10
701392,Indira Iyer,1996-07-28,F,DUGZT5230Z,9126719778,Kochi,Kerala,Business,48911.52,702,2010-08-06
701393,Manoj Shah,2004-11-24,M,TWHKF8676G,9808796956,Kolkata,West Bengal,Business,182110.84,740,2019-04-04
701394,Ramesh Gupta,1996-01-19,M,WAHCC3294C,6024091845,Bengaluru,Karnataka,Government Employee,116630.98,514,2013-03-20
701395,Sivakumar Balasubramanian,1995-03-31,M,OJCHA2904N,9384369166,Pune,Maharashtra,Business,203741.12,649,2014-03-05
701396,Rakesh Elumalai,1977-07-27,M,IEBHT5337M,8229664514,Surat,Gujarat,Salaried,114047.03,503,2013-05-19
701397,Hema Jadhav,1995-03-04,F,OYXAZ5459B,6112840261,Kolkata,West Bengal,Business,36885.29,-1,2023-09-11
701398,Vinod Chowdhury,1998-06-04,M,YSJBD9356A,8000010554,Mumbai,Maharashtra,Self Employed,56843.06,803,2010-04-22
701399,Uma Das,1963-11-15,F,BRZBF5141I,8987684179,Patna,Bihar,Self Employed,37530.1,627,2025-06-02
701400,Usha Nair,2000-02-07,F,KVFZY5732N,7785761085,Chennai,Tamil Nadu,Salaried,21283.71,520,2017-08-11
701401,Sunitha Chauhan,1981-11-28,F,DLWFH7705H,8490757094,Mumbai,Maharashtra,Self Employed,29247.23,603,2019-07-26
701402,Neha Nair,1982-06-14,F,ZZPCZ1335V,8351065092,Mumbai,Maharashtra,Self Employed,20371.28,794,2023-07-08
701403,Ilango Rao,1960-11-17,M,XGPVY8166S,7706339839,Pune,Maharashtra,Farmer,35970.61,811,2018-05-11
701404,Latha Ghosh,1964-12-28,F,FGWKY5290P,9649607860,Bengaluru,Karnataka,Business,49058.3,790,2019-01-28
701405,Lavanya Mehta,1990-07-29,F,RFCXQ2283U,8885127185,Ranchi,Jharkhand,Farmer,16894.15,595,2011-02-11
701406,Vinod Das,1966-10-26,M,QXESC8234B,9960471138,Patna,Bihar,Farmer,50051.5,655,2010-06-23
701407,Dinesh Pandey,2000-11-16,M,FQBBV6478G,7206691435,Mumbai,Maharashtra,Retired,76863.82,825,2023-10-31
701408,Sowmya Jadhav,1984-01-27,F,AHWER2022V,7191244875,Madurai,Tamil Nadu,Self Employed,211599.61,600,2016-01-17
701409,Pooja Naidu,1974-01-07,F,WPFAC6069F,9018694249,Ahmedabad,Gujarat,Farmer,46220.97,638,2013-01-21
701410,Malathi Dutta,1995-08-24,F,POSFG5254R,7104630083,Chandigarh,Chandigarh,Salaried,57797.19,579,2012-02-05
701411,Usha Gupta,1991-01-20,F,HCYIH4359P,9677684659,Delhi,Delhi,Business,316904.49,559,2023-08-10
701412,Madhavi Desai,1973-06-21,F,ZPEPK6212J,8575137397,Patna,Bihar,Salaried,119048.93,-1,2014-06-23
701413,Nithya Roy,1991-01-24,F,VTLXX9702A,9159757030,Chennai,Tamil Nadu,Salaried,59676.37,784,2015-11-22
701414,Praveen Chowdhury,1982-03-06,M,YNTLV0994P,8688675517,Kochi,Kerala,Business,219502.67,729,2015-08-17
701415,Neha Chauhan,2002-03-31,F,FTLES0468Z,6109673279,Bhubaneswar,Odisha,Salaried,53683.28,712,2019-05-19
701416,Amit Rajendran,2003-03-30,M,UCZTU6198N,9035731966,Mumbai,Maharashtra,Farmer,19726.63,725,2011-07-17
701417,Indira Tiwari,1992-02-21,F,ZWSIZ8999Z,7869509597,Madurai,Tamil Nadu,Government Employee,73911.56,767,2019-09-14
701418,Vikram Verma,2003-07-12,M,JJSWU9811V,9768966749,Bengaluru,Karnataka,Self Employed,94459.3,813,2021-03-12
701419,Arjun Nair,1985-04-20,M,WMAQZ2575A,8400124355,Mumbai,Maharashtra,Self Employed,241891.44,669,2022-07-01
701420,Vidya Reddy,1969-12-29,F,ZZMDI9986W,7577805690,Nashik,Maharashtra,Farmer,54262.13,637,2020-07-02
701421,Divya Murugan,1992-04-24,F,GFQPE8323K,6139229052,Delhi,Delhi,Salaried,91893.78,572,2019-07-08
701422,Rajesh Mukherjee,1983-01-31,M,ACZGZ9526T,9324934254,Bhubaneswar,Odisha,Professional,210420.8,772,2020-05-25
701423,Aishwarya Bose,1987-07-06,F,NPHWS2813F,6097883998,Bhubaneswar,Odisha,Salaried,155139.85,-1,2017-04-15
701424,Padma Joshi,1995-12-06,F,XBMVG4352X,9870046134,Nashik,Maharashtra,Government Employee,145933.19,621,2024-05-20
701425,Dilip Yadav,1966-09-30,M,NWFFG9345D,6044125349,Chandigarh,Chandigarh,Farmer,43760.98,528,2016-07-27
701426,Sangeetha Sen,1959-12-24,F,QLSCH0681S,8188555387,Ranchi,Jharkhand,Farmer,16317.45,644,2018-08-02
701427,Sanjay Menon,1992-12-10,M,TKWGF5810E,8023879843,Delhi,Delhi,Self Employed,31874.02,672,2015-08-18
701428,Anitha Iyengar,1982-03-15,F,BUCST0286V,6298434046,Chennai,Tamil Nadu,Salaried,57323.6,749,2013-01-15
701429,Dilip Mukherjee,1988-03-07,M,QXKNW6726A,8148827592,Delhi,Delhi,Salaried,120373.8,765,2019-08-29
701430,Vinod Verma,1959-04-21,M,TSCZT9647A,7482824081,Patna,Bihar,Government Employee,77912.63,600,2012-09-16
701431,Prakash Nambiar,1958-10-13,M,ZPQLC4401P,8149947291,Kolkata,West Bengal,Business,450597.44,593,2010-11-25
701432,Radha Rao,1969-01-14,F,GKYLY1106L,6853286822,Bengaluru,Karnataka,Salaried,42108.44,638,2016-04-29
701433,Sunil Deshmukh,1963-06-22,M,JATWH3150P,7521230121,Lucknow,Uttar Pradesh,Farmer,51253.37,554,2018-02-02
701434,Sathish Krishnan,1987-11-28,M,LGGYZ5349F,8135307676,Chennai,Tamil Nadu,Salaried,155957.19,659,2011-02-18
701435,Nitin Thakur,2000-01-01,M,EMZVW3014M,6033680145,Mumbai,Maharashtra,Farmer,24208.34,713,2015-04-02
701436,Arun Subramaniam,1973-06-23,M,HPRCT5932J,6432111364,Nashik,Maharashtra,Farmer,10295.68,674,2014-05-07
701437,Yogesh Iyengar,1979-03-04,M,RWATY7350P,8085682456,Bhubaneswar,Odisha,Self Employed,291665.33,516,2015-04-04
701438,Vinod Pandey,1956-07-30,M,TKPQL3141U,9310444659,Mumbai,Maharashtra,Business,482398.63,556,2016-03-28
701439,Sanjay Singh,1963-12-04,M,AYBJI7250C,7792934114,Jaipur,Rajasthan,Salaried,157740.25,792,2024-06-16
701440,Hari Rajendran,1982-11-08,M,BWSOT1507V,8889192681,Kochi,Kerala,Government Employee,50520.63,573,2018-10-28
701441,Deepa Naidu,2001-04-25,F,KSLZZ9457T,6018243824,Coimbatore,Tamil Nadu,Salaried,51657.64,740,2023-03-05
701442,Shanthi Bose,1967-10-04,F,ODKOB2243T,8746755129,Coimbatore,Tamil Nadu,Government Employee,131854.98,730,2018-09-07
701443,Pankaj Deshmukh,1996-04-20,M,SJTXL8459P,7044676043,Coimbatore,Tamil Nadu,Farmer,45787.09,639,2020-12-30
701444,Manoj Banerjee,1982-12-13,M,YLAYY4694G,9543408603,Ranchi,Jharkhand,Salaried,54019.07,575,2012-04-12
701445,Gokul Rajendran,1998-08-06,M,HYXQZ7321I,6210851769,Ranchi,Jharkhand,Salaried,62912.67,689,2012-08-19
701446,Lakshmi Rao,1994-10-13,F,FBFMT6561N,9687657090,Bengaluru,Karnataka,Self Employed,242836.6,585,2017-02-25
701447,Devi Pillai,1988-03-11,F,IJPXV8983F,7863201338,Chandigarh,Chandigarh,Business,126555.35,653,2012-08-15
701448,Vivek Das,1977-12-04,M,XNZXD8268J,9928165628,Nashik,Maharashtra,Self Employed,101061.22,680,2023-06-05
701449,Rahul Kulkarni,2001-06-19,M,QSTST8390K,6365792393,Patna,Bihar,Business,317276.28,601,2013-01-02
701450,Aishwarya Balasubramanian,1982-06-02,F,SAJUH6300N,8276776179,Hyderabad,Telangana,Government Employee,128414.01,648,2016-10-08
701451,Saranya Kulkarni,1982-02-04,F,RGHZL2139R,6910757572,Ahmedabad,Gujarat,Farmer,37096.38,640,2014-05-09
701452,Suresh Krishnan,1980-06-01,M,UNGYW3230D,9514847249,Patna,Bihar,Farmer,59265.71,552,2018-07-29
701453,Ganesh Das,1975-05-26,M,PQNAT5412T,9282179823,Jaipur,Rajasthan,Self Employed,220673.61,651,2023-01-07
701454,Vidya Joshi,1990-07-26,F,WVACK8928L,7251048553,Bhubaneswar,Odisha,Retired,19852.48,609,2011-05-25
701455,Karthik Sen,1966-04-08,M,NWSHR1020H,9130575077,Delhi,Delhi,Salaried,120071.49,496,2016-08-15
701456,Shanthi Mishra,1990-05-11,F,DFJQJ1708M,9174409065,Delhi,Delhi,Self Employed,155682.63,637,2018-02-03
701457,Sunil Reddy,1976-05-30,M,BHNKU6129U,6780476462,Ahmedabad,Gujarat,Government Employee,58075.33,643,2021-06-21
701458,Priya Raman,1993-03-05,F,PZPXK4716R,9084099200,Kolkata,West Bengal,Salaried,54028.74,612,2018-06-24
701459,Arjun Das,1991-07-02,M,KICQJ0754A,8177873923,Bengaluru,Karnataka,Salaried,172776.46,474,2012-07-12
701460,Sangeetha Gupta,1958-04-17,F,LWKFX4549L,7068961136,Mumbai,Maharashtra,Salaried,165256.58,743,2012-06-24
701461,Jagan Iyengar,1991-04-27,M,OWWBG1055C,7344037716,Kanpur,Uttar Pradesh,Government Employee,119773.49,734,2018-12-26
701462,Harish Bhat,1974-01-19,M,MWXMY6465C,8110676343,Jaipur,Rajasthan,Self Employed,241976.24,731,2017-04-20
701463,Rakesh Desai,1980-07-05,M,IEKGX6506M,8462424953,Kolkata,West Bengal,Self Employed,118958.08,700,2021-01-09
701464,Swathi Pandey,2002-01-03,F,MLTTO2410L,7656112652,Mumbai,Maharashtra,Self Employed,46622.88,550,2010-04-20
701465,Rohit Banerjee,1998-12-16,M,KJCDC6597A,9928717859,Kochi,Kerala,Salaried,111252.65,681,2018-08-18
701466,Balaji Banerjee,1996-11-04,M,AWORX6713X,9794623754,Hyderabad,Telangana,Self Employed,17586.46,581,2025-06-30
701467,Suresh Naidu,1966-10-06,M,MKDKK6699E,7736587366,Bhubaneswar,Odisha,Salaried,149289.66,877,2020-08-20
701468,Meena Thakur,1971-10-28,F,OIIHG0428V,8526192778,Delhi,Delhi,Business,26665.39,620,2014-04-12
701469,Sneha Elumalai,1990-03-31,F,NHUQN8656Y,9982532993,Nashik,Maharashtra,Salaried,118400.73,733,2013-02-11
701470,Vivek Nair,1976-12-27,M,VDXTV4808F,7583320929,Delhi,Delhi,Salaried,81409.74,522,2020-03-04
701471,Sandeep Murugan,2002-12-07,M,KXVMH7130E,6937714879,Ranchi,Jharkhand,Salaried,107464.29,557,2011-04-05
701472,Priya Kulkarni,1990-05-02,F,WGINV6577I,9116917683,Chandigarh,Chandigarh,Business,47543.3,619,2010-07-18
701473,Devi Menon,1957-12-06,F,VNKEI2413J,9677559949,Coimbatore,Tamil Nadu,Salaried,167668.89,736,2015-10-22
701474,Radha Iyer,1997-04-13,F,MGLXJ7627U,9363773242,Lucknow,Uttar Pradesh,Salaried,85038.99,722,2024-11-18
701475,Usha Bhat,1976-08-05,F,GXVXB6127M,8675715564,Madurai,Tamil Nadu,Business,366245.43,-1,2015-03-03
701476,Arun Desai,1990-03-17,M,UHQGG3669A,9885778989,Kolkata,West Bengal,Salaried,67518.31,697,2025-02-09
701477,Mani Reddy,1991-11-06,M,YMOEE5236F,7845781692,Chennai,Tamil Nadu,Business,157933.87,493,2023-04-16
701478,Radha Das,1975-11-01,F,GIYVE2822P,9584653592,Chandigarh,Chandigarh,Self Employed,212522.88,777,2010-03-23
701479,Lakshmi Chauhan,1962-04-12,F,BFFOU8843E,6777556883,Pune,Maharashtra,Business,354016.15,582,2019-11-08
701480,Aishwarya Nair,1999-05-25,F,KYOTJ4499K,8186020487,Delhi,Delhi,Salaried,172011.46,823,2021-10-06
701481,Meena Raman,1958-04-08,F,CKHJZ3245M,9780525252,Delhi,Delhi,Salaried,148769.73,847,2018-09-02
701482,Vinod Saha,1996-04-17,M,HTZAS9270Y,7983561606,Chennai,Tamil Nadu,Salaried,95700.36,748,2015-07-18
701483,Ganesh Mukherjee,1960-11-22,M,EUUZQ5589W,8277949196,Delhi,Delhi,Self Employed,88353.61,763,2010-02-03
701484,Swathi Murugan,1973-09-17,F,ZWSXG5556S,6993031936,Kanpur,Uttar Pradesh,Salaried,174828.45,-1,2025-04-04
701485,Anand Chelladurai,1993-11-18,M,IYWLP6290P,6978141418,Nashik,Maharashtra,Professional,171548.81,550,2021-12-30
701486,Madhavi Das,1961-09-15,F,JVGQC2388C,8559819829,Bengaluru,Karnataka,Salaried,105786.01,900,2019-03-05
701487,Deepa Kulkarni,1969-11-05,F,ICFZF4034K,7295650860,Chennai,Tamil Nadu,Salaried,26823.85,-1,2012-05-27
701488,Kumar Verma,1968-09-03,M,ZXJEE3302P,8051059563,Bengaluru,Karnataka,Salaried,110540.12,690,2010-02-09
701489,Uma Bhat,2000-11-21,F,CWSQI1622R,7456888635,Kolkata,West Bengal,Salaried,172370.76,764,2025-03-10
701490,Senthil Iyer,2005-02-03,M,XIFAB2644X,8378189117,Pune,Maharashtra,Professional,116355.28,588,2015-10-24
701491,Devi Iyengar,1999-12-11,F,YZUYM7831O,9755736447,Chennai,Tamil Nadu,Business,327047.01,663,2011-04-17
701492,Vijay Elumalai,1967-07-10,M,DLOOY3081H,9772463124,Ahmedabad,Gujarat,Salaried,73548.61,557,2015-08-28
701493,Deepak Verma,1985-05-11,M,VHGNV1159Y,8942963207,Mumbai,Maharashtra,Government Employee,116587.51,-1,2021-04-11
701494,Revathi Ghosh,1979-02-05,F,AQSPE3478K,8706454688,Coimbatore,Tamil Nadu,Salaried,50243.59,647,2016-10-27
701495,Swathi Singh,1966-05-30,F,HGKSI7114X,9292261276,Coimbatore,Tamil Nadu,Government Employee,54719.66,671,2012-08-27
701496,Abhishek Rana,1976-12-30,M,BHAAM3394W,9115228501,Madurai,Tamil Nadu,Salaried,76056.33,694,2013-08-12
701497,Vijay Mukherjee,1972-06-01,M,EHXIC3055Y,7330881678,Bhubaneswar,Odisha,Salaried,37796.61,802,2023-11-02
701498,Mahesh Mishra,1979-09-06,M,MMSJM7698R,8257443527,Kolkata,West Bengal,Self Employed,159931.94,715,2021-11-05
701499,Neha Desai,1971-04-06,F,VOAEI2964Z,6812861876,Chennai,Tamil Nadu,Business,231612.08,693,2016-10-23
701500,Swathi Subramaniam,1984-11-15,F,KUVLY5033K,6264907210,Kochi,Kerala,Salaried,173419.84,673,2014-02-04
701501,Mahesh Venkatesan,1959-09-12,M,ELKAR2230R,8042358098,Nashik,Maharashtra,Professional,390569.04,860,2011-09-01
701502,Padma Iyer,1982-07-27,F,ROCYX4158T,9188787839,Chennai,Tamil Nadu,Salaried,151415.73,614,2016-02-25
701503,Abhishek Rana,2001-06-14,M,BOCNY9540V,9627170152,Surat,Gujarat,Government Employee,125843.84,782,2016-04-01
701504,Vani Dutta,1978-11-27,F,NVAKH1044R,7376966956,Coimbatore,Tamil Nadu,Business,295446.46,483,2019-08-13
701505,Shanthi Elumalai,1957-01-21,F,QNVTG9829F,8284283113,Patna,Bihar,Business,499391.46,586,2021-07-21
701506,Ganesh Deshmukh,1963-07-21,M,KVXPL9626I,9912036915,Bengaluru,Karnataka,Self Employed,255570.06,708,2013-05-29
701507,Shankar Mishra,1963-09-20,M,PERAS3028G,8025830867,Ranchi,Jharkhand,Salaried,175657.81,654,2016-09-14
701508,Bharath Menon,1960-06-24,M,YIBVG4046I,6010266959,Madurai,Tamil Nadu,Salaried,42227.75,900,2025-02-09
701509,Yamuna Elumalai,1991-09-27,F,ERRFL0139T,7198624551,Bengaluru,Karnataka,Business,152850.77,900,2020-09-07
701510,Swathi Kumar,1976-12-20,F,MJFUI6635W,7216766389,Delhi,Delhi,Salaried,169094.44,525,2023-11-28
701511,Ilango Nambiar,1966-01-08,M,GUYKX0344H,9148822572,Ranchi,Jharkhand,Government Employee,131211.08,568,2018-01-21
701512,Farooq Joshi,2005-02-27,M,GODMZ8028C,8924630462,Lucknow,Uttar Pradesh,Government Employee,135282.62,-1,2012-02-01
701513,Usha Joshi,1959-08-17,F,ZFNFN6316K,8489495026,Hyderabad,Telangana,Salaried,115883.12,656,2016-04-08
701514,Latha Perumal,1990-10-12,F,CRNCN0202X,9422614679,Patna,Bihar,Self Employed,16873.53,835,2024-11-15
701515,Anjali Das,1986-12-28,F,JYHVG0701S,6101890218,Bengaluru,Karnataka,Self Employed,211342.79,-1,2021-04-07
701516,Rajini Venkatesan,1962-08-02,F,ZGTUX8211Q,6742934492,Delhi,Delhi,Self Employed,94180.8,777,2011-07-14
701517,Harish Shah,1957-11-05,M,GQRKY6929C,7043417360,Bhubaneswar,Odisha,Salaried,137653.69,701,2020-03-28
701518,Vivek Perumal,1993-01-08,M,GGFPE2981Z,9795119040,Surat,Gujarat,Salaried,107637.35,535,2016-10-07
701519,Dinesh Gupta,1994-02-02,M,BHMTX6242H,6132704110,Madurai,Tamil Nadu,Self Employed,61698.82,589,2015-01-27
701520,Farooq Kulkarni,2002-08-31,M,WGVPB8825F,7730755649,Bhubaneswar,Odisha,Professional,445975.85,415,2017-02-07
701521,Chitra Perumal,1974-09-01,F,KDZZT6924A,8384377625,Delhi,Delhi,Salaried,155499.13,524,2012-03-26
701522,Shankar Nair,1982-10-28,M,UBVFU0800I,7073640478,Patna,Bihar,Salaried,72601.09,710,2011-02-26
701523,Neha Tiwari,2000-10-08,F,CSGXW4588C,6962305312,Chennai,Tamil Nadu,Business,369546.82,745,2014-07-30
701524,Rahul Menon,1962-05-06,M,RFDLF6325D,9121323352,Chennai,Tamil Nadu,Salaried,160569.63,546,2014-09-12
701525,Anand Nair,1968-02-06,M,KELBI6005N,8952815544,Chandigarh,Chandigarh,Salaried,74491.19,680,2018-02-28
701526,Rajesh Pandey,1968-11-07,M,YZVQO1067G,8369655403,Hyderabad,Telangana,Self Employed,180674.65,824,2014-03-27
701527,Farooq Pandey,1977-04-19,M,OYJUW2855N,9390406936,Ranchi,Jharkhand,Self Employed,62977.73,685,2022-07-01
701528,Neha Iyer,1990-02-14,F,VQWMA6835K,7428915990,Kolkata,West Bengal,Professional,46072.85,641,2023-04-13
701529,Vivek Saha,2002-01-31,M,QOOFZ7358L,6996058167,Kolkata,West Bengal,Business,390365.8,728,2018-08-18
701530,Tara Ghosh,1958-11-08,F,RXFIX8129U,9418040211,Kolkata,West Bengal,Salaried,135626.38,720,2011-03-16
701531,Senthil Dutta,1972-02-16,M,CBUDC8528P,7983121571,Kochi,Kerala,Farmer,12120.52,678,2016-06-01
701532,Ashok Sharma,1988-04-11,M,OZUNL4504D,8406004919,Mumbai,Maharashtra,Government Employee,57671.98,619,2012-08-26
701533,Rekha Chauhan,1986-12-15,F,IZARF4847L,8692425527,Hyderabad,Telangana,Self Employed,254480.13,630,2014-09-06
701534,Vivek Raman,1960-08-27,M,ESJSV5143S,6832764862,Mumbai,Maharashtra,Salaried,146398.92,679,2012-08-13
701535,Aishwarya Nair,1976-10-27,F,OQQTN2706O,8679980202,Ahmedabad,Gujarat,Business,305912.67,618,2018-09-19
701536,Abhishek Jadhav,1987-11-08,M,CUYFN1980O,6912244971,Delhi,Delhi,Salaried,102179.38,797,2021-06-15
701537,Nandhini Rana,1992-06-04,F,HIHKO3366A,9468115864,Surat,Gujarat,Farmer,51033.5,755,2011-02-27
701538,Anitha Raman,1962-09-19,F,AHTJQ8920N,6806394589,Delhi,Delhi,Government Employee,113349.46,773,2016-11-30
701539,Kiran Mukherjee,1995-01-25,F,KZYWX6384Z,9847186875,Hyderabad,Telangana,Business,371780.16,863,2022-09-10
701540,Arjun Joshi,1982-06-08,M,XCBXN7023S,7768710085,Mumbai,Maharashtra,Professional,150510.87,820,2010-08-18
701541,Rakesh Patel,1963-02-24,M,TOANQ7736P,7351988046,Hyderabad,Telangana,Business,280482.44,805,2022-07-31
701542,Padma Murugan,1995-09-28,F,EKVKR2404C,6396829203,Ranchi,Jharkhand,Self Employed,268797.26,705,2020-04-23
701543,Tara Chauhan,1983-07-07,F,IGUGB2395Y,7232209240,Bengaluru,Karnataka,Retired,24288.81,652,2023-09-08
701544,Rohit Bose,1979-08-09,M,CQHSI5851T,8302844551,Patna,Bihar,Salaried,170132.57,889,2025-06-20
701545,Yogesh Roy,1992-10-15,M,OEROH1359W,8756807142,Mumbai,Maharashtra,Self Employed,231590.73,606,2014-04-18
701546,Vijay Banerjee,1980-05-19,M,GHKYY5556O,9497556490,Pune,Maharashtra,Salaried,76541.63,611,2013-07-11
701547,Sneha Subramaniam,1971-06-06,F,ZYLRO9049C,7193261532,Delhi,Delhi,Business,285540.93,587,2010-08-02
701548,Shanthi Venkatesan,1998-02-02,F,WTLGO6118M,9785430098,Delhi,Delhi,Salaried,170055.48,690,2012-07-08
701549,Divya Nambiar,1997-10-13,F,IEMIR7095Y,7769972183,Delhi,Delhi,Salaried,126439.93,710,2021-01-13
701550,Bharath Naidu,2000-07-13,M,LSPWI2538O,9611256312,Bengaluru,Karnataka,Salaried,73193.18,768,2013-09-02
701551,Yogesh Kumar,1994-10-30,M,URWXX8358F,7749384824,Patna,Bihar,Government Employee,113732.87,649,2011-01-12
701552,Pooja Iyengar,1961-03-12,F,VZFMM0579H,8977349603,Kanpur,Uttar Pradesh,Salaried,128619.59,-1,2015-06-03
701553,Ajay Chelladurai,1974-06-18,M,WSCEJ3253M,9523849657,Lucknow,Uttar Pradesh,Retired,48966.15,505,2018-11-02
701554,Lavanya Jadhav,1972-10-16,F,OOARS5451T,9737563110,Chandigarh,Chandigarh,Salaried,78976.37,700,2018-05-12
701555,Rakesh Dutta,1958-05-21,M,YZWSZ6763F,7555768542,Ranchi,Jharkhand,Farmer,49368.82,762,2011-07-10
701556,Nithya Perumal,1966-10-11,F,PLNKI3673A,6809805338,Ahmedabad,Gujarat,Retired,76179.34,673,2010-05-01
701557,Madhavi Chowdhury,1961-01-28,F,VPHJN5949Z,9338213992,Delhi,Delhi,Salaried,136193.33,657,2010-09-02
701558,Chandran Perumal,1963-01-18,M,LRLZM3657Q,6388746567,Madurai,Tamil Nadu,Business,126441.83,723,2012-05-09
701559,Vivek Tiwari,2001-12-13,M,VEYHG1780M,6715637789,Chennai,Tamil Nadu,Professional,100375.86,806,2010-08-31
701560,Harish Rana,1989-05-13,M,MIANE1990E,6701090605,Ahmedabad,Gujarat,Professional,233270.77,664,2012-10-15
701561,Vikram Dutta,1991-08-17,M,AZZWW0197V,8662587788,Kolkata,West Bengal,Salaried,162666.46,535,2023-12-24
701562,Ganesh Venkatesan,1964-03-16,M,FYBME4446Q,6726750217,Coimbatore,Tamil Nadu,Professional,224599.64,616,2021-07-27
701563,Gopal Nair,1969-07-26,M,OFXKS1197B,8301772761,Chennai,Tamil Nadu,Business,270015.24,654,2013-08-21
701564,Vikram Naidu,1986-12-21,M,RVKSH2088N,7343072872,Delhi,Delhi,Salaried,154560.5,499,2010-06-19
701565,Rekha Joshi,1964-09-14,F,MZOTG1163S,6023814361,Chennai,Tamil Nadu,Professional,265863.43,743,2018-03-06
701566,Rohit Thakur,1985-10-20,M,WVGWC0873N,6852985939,Coimbatore,Tamil Nadu,Self Employed,149001.94,597,2023-06-25
701567,Sneha Deshmukh,2002-08-30,F,MRXUD7537F,9119405444,Hyderabad,Telangana,Self Employed,69452.87,718,2024-06-29
701568,Senthil Pandey,1966-05-11,M,GFXJH1753I,9766714237,Bengaluru,Karnataka,Government Employee,64153.85,688,2022-05-24
701569,Rekha Desai,1977-12-17,F,QPGZU4534U,7473321856,Bengaluru,Karnataka,Salaried,94637.08,640,2013-08-02
701570,Usha Roy,2002-12-18,F,CXKDP1058V,9358186783,Delhi,Delhi,Government Employee,120172.5,824,2017-08-20
701571,Rakesh Chowdhury,1964-12-01,M,DSRDC4506Z,9496089870,Ranchi,Jharkhand,Salaried,31831.88,616,2015-03-27
701572,Shankar Yadav,2001-07-12,M,DHKKC4465B,9685416316,Bhubaneswar,Odisha,Salaried,81529.33,606,2011-10-24
701573,Sunil Murugan,1978-01-24,M,CFOML7784W,8567666592,Kolkata,West Bengal,Salaried,29235.71,698,2011-11-02
701574,Kalpana Perumal,1982-02-26,F,PLIPQ4121X,6707439465,Chandigarh,Chandigarh,Farmer,17054.02,749,2014-01-24
701575,Rohit Sen,1976-07-01,M,TZFGW5554N,6983977396,Delhi,Delhi,Salaried,76238.08,669,2018-11-28
701576,Padma Kulkarni,1960-05-18,F,LGHOM8423D,6242672465,Kanpur,Uttar Pradesh,Professional,220981.9,576,2017-04-29
701577,Rajini Sen,1984-10-13,F,NYSIK9902E,6093573758,Bhubaneswar,Odisha,Salaried,163729.22,735,2024-12-16
701578,Selvi Bhat,1956-08-15,F,YIYQY0972T,6386463932,Lucknow,Uttar Pradesh,Professional,93971.66,727,2016-05-18
701579,Shanthi Chauhan,1971-06-02,F,OPNVC7093E,9306872789,Nashik,Maharashtra,Salaried,132271.29,867,2014-11-13
701580,Malathi Rao,1984-05-20,F,NNMBX7660H,7795076796,Bhubaneswar,Odisha,Business,59036.19,649,2023-12-08
701581,Dinesh Sharma,1985-07-26,M,ULKWB2663P,9462382141,Jaipur,Rajasthan,Professional,205749.2,690,2018-09-13
701582,Lakshmi Shah,1979-07-02,F,NRPMQ6920R,8949907552,Bengaluru,Karnataka,Salaried,97671.09,616,2017-05-17
701583,Dilip Chowdhury,1966-08-09,M,GMJSU3408T,6072624695,Bhubaneswar,Odisha,Business,286120.8,528,2013-12-11
701584,Lavanya Banerjee,1968-01-01,F,DWKWQ0099R,9938963121,Nashik,Maharashtra,Self Employed,207558.42,677,2012-12-12
701585,Usha Reddy,1960-04-17,F,PRTEH6501Z,7981715990,Kolkata,West Bengal,Salaried,22450.18,750,2012-10-12
701586,Tara Jadhav,1968-01-24,F,HCYKD5580W,9107926804,Bhubaneswar,Odisha,Salaried,55143.3,-1,2016-12-15
701587,Devi Chelladurai,1964-03-18,F,ZGEXF1835E,6798302285,Kolkata,West Bengal,Self Employed,128583.42,573,2019-03-20
701588,Farooq Nambiar,1974-03-23,M,TNJOB2987Y,8335352820,Surat,Gujarat,Self Employed,206030.23,605,2013-06-15
701589,Sathish Nair,1983-06-06,M,ACHZW0762L,9585914913,Mumbai,Maharashtra,Salaried,92716.21,558,2013-12-29
701590,Rekha Kumar,1985-08-22,F,XZWGB7623Z,9386159517,Mumbai,Maharashtra,Self Employed,85423.24,797,2018-12-21
701591,Divya Sharma,1984-12-09,F,ZCEYY3603V,6455215240,Coimbatore,Tamil Nadu,Farmer,40927.68,609,2024-12-05
701592,Ilango Nair,1984-12-10,M,OTTFV0735A,8567381177,Surat,Gujarat,Salaried,155853.16,725,2011-10-08
701593,Priya Mishra,1989-05-06,F,FKOPR2672V,6908091673,Chennai,Tamil Nadu,Government Employee,57925.38,587,2014-08-05
701594,Nithya Dutta,1975-09-12,F,EFBFA3446R,6550146546,Chennai,Tamil Nadu,Self Employed,139823.56,677,2010-05-29
701595,Rakesh Joshi,1968-02-14,M,NIZDG3517G,6895440151,Hyderabad,Telangana,Salaried,170414.42,-1,2017-08-01
701596,Suresh Saha,1985-11-03,M,WEQWH6558Z,6890572970,Lucknow,Uttar Pradesh,Salaried,168448.57,610,2016-02-21
701597,Priya Verma,1983-10-22,F,PROED6130U,9434773621,Bhubaneswar,Odisha,Self Employed,291863.15,446,2023-10-21
701598,Farooq Nambiar,1964-12-13,M,RKPDR7117X,8391565185,Chennai,Tamil Nadu,Business,124966.07,677,2010-04-26
701599,Padma Subramaniam,1956-10-01,F,GAUCN2214S,9495160722,Chandigarh,Chandigarh,Business,52011.67,720,2014-11-17
701600,Swathi Rajendran,1986-07-11,F,SMUXW7187J,9553322605,Kolkata,West Bengal,Professional,269903.78,472,2014-12-16
701601,Anand Das,1958-04-07,M,NTTCV3294S,9888389981,Chennai,Tamil Nadu,Salaried,157599.43,653,2018-05-13
701602,Kiran Raman,1981-06-05,F,YQPDK2219B,9832386334,Chennai,Tamil Nadu,Salaried,81865.29,628,2015-06-01
701603,Karthik Patel,1959-12-06,M,GHVMM1038A,6944696737,Kanpur,Uttar Pradesh,Salaried,49815.86,567,2010-03-14
701604,Arun Naidu,1960-12-10,M,GHRFT5085M,7452805162,Hyderabad,Telangana,Business,460059.95,646,2016-02-06
701605,Indira Perumal,1960-09-30,F,CKAPY1309B,6717597988,Lucknow,Uttar Pradesh,Salaried,163040.33,485,2010-11-07
701606,Sathish Perumal,1987-06-20,M,RVUHO8925K,9713309944,Bengaluru,Karnataka,Salaried,34357.43,693,2012-10-19
701607,Tara Mukherjee,2003-02-23,F,PGYLQ0391N,9577269107,Delhi,Delhi,Salaried,35385.41,782,2015-12-06
701608,Bharath Kulkarni,1961-02-04,M,KYCQL4187C,6511547240,Kolkata,West Bengal,Government Employee,91508.07,550,2013-02-06
701609,Vikram Venkatesan,1978-12-16,M,IKORL0592E,7616132954,Bhubaneswar,Odisha,Self Employed,197487.15,663,2017-05-08
701610,Mani Rao,1990-04-06,M,NDODE2326P,8722711359,Bengaluru,Karnataka,Government Employee,59218.95,805,2020-11-22
701611,Ganesh Sharma,1992-05-28,M,QYDMZ1964M,9358527289,Mumbai,Maharashtra,Salaried,133186.73,681,2011-08-08
701612,Sathish Sharma,1975-04-10,M,OCYJX8815N,8298921595,Madurai,Tamil Nadu,Salaried,92615.69,620,2018-08-05
701613,Ajay Mishra,1990-08-23,M,EMQXW5763I,8931306376,Mumbai,Maharashtra,Business,146969.9,583,2020-09-30
701614,Manoj Saha,1982-05-20,M,SEZQG3462O,7440859964,Ahmedabad,Gujarat,Business,332065.11,686,2024-09-06
701615,Gopal Mishra,2002-05-16,M,JTPYZ3544I,7291415802,Chennai,Tamil Nadu,Salaried,139599.9,657,2023-08-24
701616,Divya Venkatesan,1957-02-20,F,WCXEL8582U,8994316502,Coimbatore,Tamil Nadu,Self Employed,108116.88,729,2024-01-24
701617,Jagan Jadhav,1974-12-06,M,IXKAU8063L,9706820987,Bengaluru,Karnataka,Salaried,44943.15,525,2010-10-21
701618,Yamuna Banerjee,1984-06-12,F,FLCUS3045V,8152171324,Patna,Bihar,Salaried,93403.25,772,2020-12-23
701619,Sunitha Subramaniam,1981-06-07,F,TFURA2973A,7236897554,Bengaluru,Karnataka,Farmer,24613.31,631,2010-01-04
701620,Pooja Roy,1999-04-02,F,KOIVW3368B,6025652165,Lucknow,Uttar Pradesh,Government Employee,141633.67,731,2021-11-02
701621,Hema Mishra,1987-05-16,F,SYYKE7800H,8827096892,Bengaluru,Karnataka,Salaried,44692.71,601,2021-04-14
701622,Saranya Singh,1958-05-20,F,FUKSP1701B,8528642112,Pune,Maharashtra,Salaried,35163.6,546,2023-09-20
701623,Arun Joshi,1995-04-24,M,XWKIL2523M,7433772952,Ahmedabad,Gujarat,Salaried,54148.93,616,2018-01-25
701624,Kiran Chelladurai,1957-09-30,F,JGJPG4577C,7873632981,Chennai,Tamil Nadu,Salaried,97233.59,579,2025-01-31
701625,Farooq Bose,1980-10-23,M,BIFSI7785Y,8507197406,Surat,Gujarat,Government Employee,132919.94,634,2011-06-22
701626,Nandhini Shah,1967-11-22,F,OOMRN7784Y,7745209659,Pune,Maharashtra,Business,166043.99,731,2019-10-08
701627,Lakshmi Shah,1980-10-24,F,FZFYO1154U,9175502969,Chennai,Tamil Nadu,Salaried,139107.25,772,2021-12-11
701628,Oviya Murugan,1991-10-29,F,CZQFC6886T,6600043926,Lucknow,Uttar Pradesh,Self Employed,55686.65,689,2017-06-12
701629,Deepak Tiwari,1976-02-10,M,ZXMHD5728W,6015780156,Madurai,Tamil Nadu,Salaried,148197.76,618,2018-08-24
701630,Sangeetha Pillai,1991-09-04,F,HIKRB3909J,9583212119,Surat,Gujarat,Business,385421.58,627,2015-11-29
701631,Harish Iyer,1992-03-11,M,AEKPR2232I,9296797467,Nashik,Maharashtra,Self Employed,34326.47,726,2023-05-02
701632,Kalpana Deshmukh,1991-05-19,F,DCIIW9739V,7652120221,Mumbai,Maharashtra,Self Employed,298768.05,777,2022-01-19
701633,Nitin Menon,1964-02-01,M,YDBBB8640J,8267737016,Chennai,Tamil Nadu,Government Employee,106941.44,639,2016-04-07
701634,Naveen Verma,2001-05-26,M,AEHUA9597X,8495813392,Mumbai,Maharashtra,Business,332774.84,658,2013-12-25
701635,Suresh Pillai,1969-09-24,M,KOMMT9684I,7684904041,Jaipur,Rajasthan,Salaried,24345.33,598,2014-11-08
701636,Arjun Nair,1982-08-10,M,KOHEG3253C,7627784677,Nashik,Maharashtra,Salaried,28103.36,689,2010-05-29
701637,Arjun Rana,1961-08-11,M,SRGFO1037E,7737969003,Chandigarh,Chandigarh,Farmer,55866.84,760,2019-12-09
701638,Amit Deshmukh,1971-09-01,M,HFFKT6845M,7315914483,Mumbai,Maharashtra,Salaried,100818.0,393,2016-08-12
701639,Divya Reddy,1966-11-20,F,VDYJX7054H,8882726476,Lucknow,Uttar Pradesh,Salaried,139250.0,694,2017-09-14
701640,Radha Naidu,1995-12-17,F,JSRKJ4313V,7038418498,Mumbai,Maharashtra,Self Employed,237559.44,617,2015-04-16
701641,Nandhini Rana,1992-05-29,F,PHNHH6983P,7936049772,Delhi,Delhi,Farmer,50972.06,448,2012-01-28
701642,Balaji Subramaniam,2004-02-17,M,PSQDE0835E,6207127556,Bengaluru,Karnataka,Salaried,20856.63,699,2021-11-12
701643,Senthil Yadav,1962-10-25,M,ZMCGV4556V,7662034905,Nashik,Maharashtra,Business,371833.05,661,2016-09-22
701644,Kalpana Rajendran,1959-05-21,F,SWCFX7101U,9722356880,Madurai,Tamil Nadu,Self Employed,170656.85,705,2011-08-01
701645,Farooq Banerjee,1995-07-17,M,JPEHH0750A,9227251683,Ranchi,Jharkhand,Salaried,100306.14,540,2013-07-31
701646,Janani Subramaniam,1985-05-14,F,AKWSZ0159S,7120843250,Delhi,Delhi,Self Employed,180737.36,873,2021-04-07
701647,Ganesh Raman,1982-10-16,M,XGFZM3422H,9797241843,Delhi,Delhi,Salaried,84702.5,680,2025-04-16
701648,Usha Tiwari,1991-05-01,F,SHOKF1114V,7746902329,Chennai,Tamil Nadu,Salaried,107069.66,637,2019-08-06
701649,Harish Dutta,1968-04-14,M,RHPGB3076O,8780583555,Ahmedabad,Gujarat,Salaried,94169.37,814,2020-10-19
701650,Latha Patel,1962-07-19,F,AUITI6887L,9724802192,Patna,Bihar,Self Employed,172063.73,731,2023-04-08
701651,Balaji Rajendran,1967-11-19,M,LAXWC1827V,8379374557,Ahmedabad,Gujarat,Salaried,115925.29,749,2018-07-24
701652,Neha Mukherjee,1993-12-07,F,CRVDY3145V,6246282519,Coimbatore,Tamil Nadu,Salaried,110214.85,780,2015-01-27
701653,Vikram Patel,1973-06-27,M,GKFFX8760A,9650432044,Madurai,Tamil Nadu,Salaried,160323.32,473,2021-10-07
701654,Janani Yadav,1966-02-26,F,BYSDL7151M,9309339235,Bhubaneswar,Odisha,Government Employee,47052.47,828,2021-11-22
701655,Naveen Das,1959-04-27,M,DGPKA2978A,9945169624,Chandigarh,Chandigarh,Professional,248876.22,637,2014-02-26
701656,Dinesh Mishra,1995-08-27,M,MCMEH1955I,7938040702,Ranchi,Jharkhand,Farmer,52448.38,697,2019-07-14
701657,Rajesh Sharma,2001-03-29,M,YWYRN3421P,8038331238,Bengaluru,Karnataka,Farmer,56816.26,757,2014-08-20
701658,Hema Venkatesan,1977-03-24,F,BYJSX5493I,7449524756,Madurai,Tamil Nadu,Retired,39849.72,602,2023-11-07
701659,Sunitha Gupta,1995-12-01,F,AVFIS6653W,7877543582,Kolkata,West Bengal,Self Employed,92316.15,700,2015-08-29
701660,Hari Kumar,2000-08-15,M,AKUKV5920F,7324012383,Patna,Bihar,Salaried,82519.49,742,2012-02-27
701661,Revathi Bhat,1974-11-21,F,HSGWT2764M,9502803466,Chennai,Tamil Nadu,Salaried,165298.1,666,2019-07-02
701662,Ramesh Desai,1999-07-16,M,WYJAB8785K,6824020663,Chennai,Tamil Nadu,Farmer,10924.72,716,2023-05-28
701663,Dilip Perumal,1987-02-08,M,IZSFU8262J,7466671981,Mumbai,Maharashtra,Farmer,21641.7,517,2020-11-08
701664,Sowmya Deshmukh,1968-02-07,F,COGWS6580O,7504689331,Bengaluru,Karnataka,Salaried,164619.72,556,2021-04-27
701665,Rohit Sharma,1956-12-16,M,VLJWP4208V,6334573517,Madurai,Tamil Nadu,Farmer,9304.52,560,2012-04-11
701666,Oviya Reddy,1985-03-14,F,JUYVW9221M,8763924192,Lucknow,Uttar Pradesh,Salaried,144912.4,705,2023-06-20
701667,Abhishek Venkatesan,1958-02-01,M,TOLIF3271I,8706464607,Coimbatore,Tamil Nadu,Business,321832.03,900,2014-10-04
701668,Parvathi Nambiar,1975-06-07,F,SLJQH6804F,8061689901,Chennai,Tamil Nadu,Salaried,57682.03,694,2012-11-17
701669,Arjun Naidu,1983-04-28,M,RSRVM3669I,6430132510,Bhubaneswar,Odisha,Salaried,86738.57,655,2016-09-02
701670,Radha Naidu,1987-03-28,F,WGDSF2682S,7051913691,Surat,Gujarat,Salaried,26544.05,663,2013-04-28
701671,Lakshmi Ghosh,1985-02-13,F,VGKPN7222Y,9900582591,Kolkata,West Bengal,Salaried,139555.07,763,2025-02-25
701672,Prakash Mehta,1961-12-21,M,MAFCX6214R,8462802309,Bengaluru,Karnataka,Business,487466.65,737,2022-12-25
701673,Janani Banerjee,1982-12-07,F,VUXTS4828D,7932916058,Bhubaneswar,Odisha,Salaried,133561.6,561,2023-05-08
701674,Vidya Dutta,2000-07-30,F,RPDLW4746J,9110719805,Kolkata,West Bengal,Self Employed,97588.63,766,2014-04-23
701675,Deepa Nair,1994-04-27,F,XBCCC0612F,9923629860,Delhi,Delhi,Salaried,64622.05,667,2019-03-16
701676,Yogesh Pillai,1999-05-27,M,UZSDJ8919N,8019409436,Jaipur,Rajasthan,Self Employed,33208.74,747,2010-08-03
701677,Usha Nair,1963-04-25,F,CCXHG8934E,7632543865,Ranchi,Jharkhand,Government Employee,22983.2,480,2013-11-21
701678,Farooq Gupta,1996-02-26,M,KEAJT1596E,9373091869,Ranchi,Jharkhand,Self Employed,150598.16,522,2012-08-20
701679,Naveen Iyengar,1974-04-22,M,HKQUO8314S,8446253648,Chandigarh,Chandigarh,Salaried,20024.45,726,2017-03-31
701680,Radha Banerjee,1997-03-31,F,IRARP1680H,9377342301,Kolkata,West Bengal,Business,172362.59,498,2016-07-29
701681,Sivakumar Banerjee,1966-01-26,M,DFMMI5083M,7026585484,Hyderabad,Telangana,Salaried,43906.55,707,2010-04-12
701682,Sanjay Verma,1991-02-18,M,KNCNS8459Z,7417419723,Pune,Maharashtra,Salaried,107115.36,702,2020-10-08
701683,Devi Chelladurai,1992-10-26,F,NPPTU4219O,8271174324,Ahmedabad,Gujarat,Salaried,60393.94,683,2017-07-31
701684,Gayathri Chowdhury,1993-05-17,F,MULAE0552E,7439023457,Mumbai,Maharashtra,Salaried,133560.41,-1,2018-02-03
701685,Gokul Desai,1993-08-30,M,UZYIB1076K,7792040516,Pune,Maharashtra,Business,272354.2,703,2015-10-27
701686,Sunil Chowdhury,1959-09-28,M,RUJZR9608O,7212500425,Chandigarh,Chandigarh,Retired,35419.57,695,2017-12-09
701687,Revathi Deshmukh,2005-04-13,F,KWNPH5147W,9698864008,Surat,Gujarat,Self Employed,293160.6,712,2016-12-28
701688,Anitha Mukherjee,1974-11-08,F,LLJJW0957W,6982888543,Jaipur,Rajasthan,Government Employee,147336.26,631,2010-07-08
701689,Gopal Shah,1966-03-30,M,EAMIR6110K,9600547594,Hyderabad,Telangana,Salaried,28557.16,667,2019-12-25
701690,Uma Verma,1984-06-14,F,SCBAP9042W,7472916172,Nashik,Maharashtra,Business,167359.01,900,2018-09-19
701691,Anitha Bose,1990-12-15,F,QJZFG3522Y,7329434874,Pune,Maharashtra,Business,190383.71,778,2014-03-25
701692,Yogesh Menon,1999-10-15,M,EKFTS7572G,9521335202,Coimbatore,Tamil Nadu,Self Employed,211875.78,728,2014-04-30
701693,Ilango Mishra,1963-04-22,M,SDMPD8048M,6848042034,Mumbai,Maharashtra,Business,415955.36,707,2022-07-20
701694,Pankaj Murugan,1965-02-12,M,FWLZP5524W,6773846572,Lucknow,Uttar Pradesh,Salaried,77895.1,600,2010-06-05
701695,Rohit Rana,1962-04-30,M,TOKAB7217V,6069619209,Jaipur,Rajasthan,Salaried,60149.91,691,2012-07-15
701696,Ramesh Patel,1976-07-13,M,YAAYK8481Q,6436386259,Surat,Gujarat,Salaried,177679.18,646,2023-07-03
701697,Usha Chowdhury,1988-10-30,F,PIDWP9289B,7129145463,Patna,Bihar,Business,304933.57,759,2025-06-07
701698,Ganesh Iyengar,1978-04-28,M,LJOTD2674E,6147657778,Chandigarh,Chandigarh,Business,341230.61,583,2019-07-05
701699,Sanjay Yadav,1966-08-27,M,KVZWF1743Z,8168210839,Bhubaneswar,Odisha,Business,464439.02,445,2015-01-25
701700,Madhavi Reddy,1968-05-04,F,MZKEB0520J,7403175062,Lucknow,Uttar Pradesh,Professional,184733.07,616,2016-06-06
701701,Sunil Chowdhury,2000-02-03,M,QCBYR9274P,6557710067,Lucknow,Uttar Pradesh,Salaried,123015.22,736,2024-06-17
701702,Ilango Bose,1982-08-28,M,QKEOE7197A,9298937456,Bengaluru,Karnataka,Professional,311314.72,900,2022-08-07
701703,Selvi Verma,1995-11-08,F,TXQEU7151Z,9959951836,Bengaluru,Karnataka,Self Employed,137246.39,-1,2024-10-02
701704,Karthik Thakur,1962-11-30,M,SJMQT1398V,9606308407,Lucknow,Uttar Pradesh,Business,316223.13,767,2018-05-03
701705,Aishwarya Raman,2004-08-16,F,MYUCP4067L,7767239975,Kochi,Kerala,Salaried,51148.66,577,2021-01-02
701706,Prakash Elumalai,1986-04-11,M,RDTMR1914U,8650094545,Lucknow,Uttar Pradesh,Self Employed,297421.22,649,2011-07-14
701707,Radha Chelladurai,1959-04-11,F,MSDOB6790P,7919967336,Kolkata,West Bengal,Self Employed,128461.03,579,2024-11-01
701708,Balaji Elumalai,1971-12-29,M,QEJDB0804M,6102255552,Kolkata,West Bengal,Salaried,35990.47,652,2013-12-05
701709,Indira Thakur,1999-02-12,F,NGNUE0914X,8360463202,Jaipur,Rajasthan,Government Employee,120031.4,584,2020-12-04
701710,Chitra Mukherjee,1958-01-05,F,GVYNA5526L,9652746037,Jaipur,Rajasthan,Retired,54386.56,513,2011-05-14
701711,Rajini Singh,1984-02-07,F,NYBCN0507Q,6517946980,Delhi,Delhi,Retired,74313.67,712,2010-11-22
701712,Swathi Yadav,1966-03-14,F,ATLXA7535K,8460440981,Kanpur,Uttar Pradesh,Salaried,28718.88,688,2013-08-08
701713,Lavanya Mukherjee,2001-10-21,F,OJPWT4698T,8782048975,Madurai,Tamil Nadu,Salaried,142571.0,653,2018-03-09
701714,Kavitha Krishnan,2005-05-29,F,DSNNC8660H,7025215762,Chennai,Tamil Nadu,Farmer,33438.42,702,2014-09-18
701715,Sanjay Chelladurai,1978-12-23,M,PJWIY0623F,9830256268,Delhi,Delhi,Salaried,71075.1,863,2015-09-30
701716,Chandran Chowdhury,1957-05-10,M,JPKQK7101M,8322580493,Mumbai,Maharashtra,Salaried,52695.84,681,2021-08-27
701717,Deepak Naidu,1994-10-10,M,AMUIM7215Q,6169175353,Coimbatore,Tamil Nadu,Retired,38141.38,634,2021-02-11
701718,Manoj Deshmukh,1961-05-02,M,AQIRS5571B,7862736961,Chandigarh,Chandigarh,Salaried,37779.2,752,2018-06-24
701719,Amit Iyer,1967-04-27,M,CYLIZ4052L,8966225035,Chandigarh,Chandigarh,Business,400415.84,514,2014-07-16
701720,Radha Iyengar,1960-04-29,F,QVEHD8876S,6523061796,Nashik,Maharashtra,Self Employed,264861.9,741,2015-09-03
701721,Nithya Jadhav,2002-06-10,F,CDNTH8265G,8053204859,Kolkata,West Bengal,Government Employee,137946.41,596,2013-02-23
701722,Hema Shah,1980-05-23,F,CJWEG7172F,8334107944,Kanpur,Uttar Pradesh,Self Employed,80817.22,592,2024-08-19
701723,Ashok Saha,1990-08-30,M,FALYD6904V,7186945454,Coimbatore,Tamil Nadu,Salaried,162559.37,680,2020-03-09
701724,Selvi Iyer,2000-10-08,F,GLHHO3109L,6057321246,Lucknow,Uttar Pradesh,Government Employee,29846.96,828,2017-03-09
701725,Aishwarya Rana,2003-08-06,F,FXOKK9361K,8763225554,Bengaluru,Karnataka,Government Employee,106879.03,599,2019-05-23
701726,Ganesh Subramaniam,1990-08-28,M,WJXHT4108V,9777746839,Lucknow,Uttar Pradesh,Business,113281.12,760,2010-09-01
701727,Rakesh Venkatesan,1993-01-29,M,IMYBG6642J,9209883582,Bengaluru,Karnataka,Business,125217.32,705,2024-01-23
701728,Priya Desai,1982-06-09,F,ZYQBC8020J,8414918214,Delhi,Delhi,Self Employed,69005.96,537,2010-11-10
701729,Nandhini Das,1964-11-21,F,QNCKO2186S,6488050594,Chennai,Tamil Nadu,Self Employed,278458.81,757,2014-09-09
701730,Ganesh Patel,1985-10-31,M,MACWU3854F,8711394517,Madurai,Tamil Nadu,Government Employee,148124.12,591,2024-05-02
701731,Abhishek Subramaniam,1966-03-07,M,BFIMW6204P,9804429115,Delhi,Delhi,Business,58672.03,530,2021-07-29
701732,Hari Elumalai,1961-04-04,M,JITLB7337K,7291072428,Ahmedabad,Gujarat,Salaried,48390.76,594,2024-12-16
701733,Lakshmi Sharma,1992-07-29,F,SLTOX2545M,6900909729,Chennai,Tamil Nadu,Salaried,86175.96,600,2024-09-05
701734,Janani Bose,1983-06-11,F,JWJEJ4925F,6780038968,Coimbatore,Tamil Nadu,Farmer,19137.16,726,2010-01-17
701735,Gokul Bose,1973-06-24,M,XPQRP2729F,8395034097,Kanpur,Uttar Pradesh,Government Employee,69385.31,600,2017-09-20
701736,Dilip Raman,1970-07-03,M,QHAEM7535S,6441568696,Ranchi,Jharkhand,Self Employed,228247.73,811,2015-11-12
701737,Vinod Verma,2000-10-03,M,AITGJ4717I,8359005220,Kochi,Kerala,Self Employed,208468.25,691,2024-06-08
701738,Senthil Verma,1986-02-08,M,VKGCU1483A,6862285071,Ranchi,Jharkhand,Salaried,87371.5,601,2014-01-01
701739,Kumar Balasubramanian,1990-04-13,M,VAYMK7062G,6743326808,Mumbai,Maharashtra,Business,208839.96,590,2013-12-24
701740,Senthil Pillai,1987-09-10,M,MPEGS3482Z,7097619756,Bengaluru,Karnataka,Salaried,88932.38,-1,2025-02-13
701741,Kalpana Iyengar,1958-10-06,F,MCFYN3453D,8235816858,Patna,Bihar,Salaried,18980.52,691,2022-11-01
701742,Shanthi Reddy,1985-07-17,F,WLRNV4624W,6151149935,Hyderabad,Telangana,Salaried,170004.15,-1,2023-11-02
701743,Amit Joshi,1959-01-12,M,JWYKW6206O,6774301431,Chennai,Tamil Nadu,Self Employed,243183.9,477,2017-03-01
701744,Ilango Singh,1985-08-14,M,KPECE1015P,8094756402,Ahmedabad,Gujarat,Salaried,161031.19,463,2022-12-20
701745,Meena Rao,1997-07-23,F,IFVYG3043B,9782837253,Ahmedabad,Gujarat,Self Employed,172095.45,585,2020-06-02
701746,Anjali Venkatesan,1968-08-25,F,JBKQK4508H,8670702595,Mumbai,Maharashtra,Salaried,79949.43,729,2013-10-23
701747,Uma Gupta,1972-08-05,F,BGZEH0391C,7496784107,Hyderabad,Telangana,Government Employee,109200.68,687,2016-10-24
701748,Usha Krishnan,2001-12-14,F,BARBK8636I,7835593981,Lucknow,Uttar Pradesh,Professional,382887.55,672,2016-10-02
701749,Chandran Krishnan,1957-11-15,M,TRNQB8893N,6490275698,Delhi,Delhi,Professional,434341.52,649,2023-09-26
701750,Harish Thakur,1974-12-18,M,FSGTY4031A,9025078638,Bengaluru,Karnataka,Salaried,159430.6,463,2013-08-10
701751,Ashok Tiwari,1986-08-23,M,PBNVR5733S,9826995248,Chennai,Tamil Nadu,Business,280191.33,639,2018-05-01
701752,Manoj Sen,1983-11-06,M,HKAXV0152O,9042765658,Kolkata,West Bengal,Farmer,43238.82,501,2019-03-09
701753,Arun Reddy,1957-05-09,M,DNGCF5375E,6327272436,Ranchi,Jharkhand,Business,492250.39,749,2017-11-18
701754,Amit Das,1985-10-28,M,FTISR6500J,7274413755,Kolkata,West Bengal,Self Employed,281726.79,669,2019-07-23
701755,Ashok Bhat,1996-04-04,M,ZOHPW0209T,6793671350,Kolkata,West Bengal,Salaried,127992.44,661,2016-11-30
701756,Deepak Balasubramanian,1962-07-31,M,MBEYO4054J,7740283081,Pune,Maharashtra,Government Employee,68913.03,707,2022-06-21
701757,Parvathi Nambiar,2002-10-02,F,LETOH5511S,7245732116,Jaipur,Rajasthan,Business,142938.97,700,2023-09-08
701758,Meena Menon,1963-09-12,F,CPXBW3237Z,8777436293,Kolkata,West Bengal,Professional,312674.48,692,2015-11-10
701759,Ilango Roy,1977-08-17,M,MLPED2821A,7692653348,Pune,Maharashtra,Salaried,119895.68,703,2011-12-11
701760,Madhavi Balasubramanian,1992-02-17,F,UIUSC3103P,7136198065,Chennai,Tamil Nadu,Self Employed,271631.31,614,2015-08-14
701761,Deepa Singh,1972-03-10,F,SBHOG4009G,6153293514,Mumbai,Maharashtra,Self Employed,268742.34,543,2013-07-24
701762,Ramesh Elumalai,1975-09-05,M,CPZEU3970F,9432490281,Kanpur,Uttar Pradesh,Farmer,35482.46,702,2017-01-20
701763,Rakesh Nambiar,1967-01-09,M,BJGOA8093A,8867938572,Madurai,Tamil Nadu,Business,435743.94,807,2015-09-15
701764,Padma Nambiar,2005-02-11,F,EJOWO4315V,9185821739,Bengaluru,Karnataka,Self Employed,214208.21,766,2023-12-26
701765,Kavitha Naidu,1973-12-30,F,UIOVA2583I,6996189930,Chennai,Tamil Nadu,Salaried,152421.06,649,2024-08-27
701766,Bharath Nambiar,1959-11-13,M,VUDHP4814Q,6575170104,Bengaluru,Karnataka,Self Employed,122831.27,728,2012-06-02
701767,Naveen Subramaniam,1986-03-19,M,RUYYP0021K,8494619144,Mumbai,Maharashtra,Salaried,48205.72,628,2019-11-18
701768,Shanthi Shah,1959-10-13,F,XNXYP1179Y,6225178601,Pune,Maharashtra,Self Employed,66484.15,706,2010-01-18
701769,Vikram Deshmukh,2003-07-10,M,APHVV7810Q,9585736084,Hyderabad,Telangana,Business,334648.0,612,2016-03-17
701770,Divya Chowdhury,1957-10-22,F,PUKBK5382V,9606487062,Bengaluru,Karnataka,Business,367904.14,683,2013-06-11
701771,Amit Rana,2000-11-02,M,PPPRK4871M,7792030246,Delhi,Delhi,Self Employed,29015.31,860,2011-02-12
701772,Padma Banerjee,1968-01-19,F,QCPAG4103I,6252569414,Surat,Gujarat,Self Employed,251005.44,743,2019-04-07
701773,Sangeetha Nair,1969-11-30,F,DZTYR2830A,9725162706,Ranchi,Jharkhand,Salaried,65348.06,812,2018-07-24
701774,Bharath Krishnan,1996-10-06,M,BNHVI9740D,7830919801,Lucknow,Uttar Pradesh,Retired,16437.29,596,2017-12-25
701775,Padma Chowdhury,1975-03-06,F,NKEBN4081Z,7484185820,Chennai,Tamil Nadu,Business,43469.84,604,2010-05-31
701776,Vikram Sen,1980-11-16,M,OJOPF2883T,8442618881,Coimbatore,Tamil Nadu,Farmer,47720.81,666,2019-09-22
701777,Hema Shah,1994-06-12,F,ABAZT2965P,7693121354,Bengaluru,Karnataka,Salaried,170019.23,722,2011-04-24
701778,Padma Das,1957-05-23,F,BNTKQ6587J,8679530258,Patna,Bihar,Business,413816.36,650,2019-09-15
701779,Sneha Menon,1959-04-28,F,GENYE4700E,8979924275,Jaipur,Rajasthan,Business,378597.54,766,2020-02-01
701780,Shankar Kulkarni,1963-11-03,M,IXUPZ0624E,6028815833,Patna,Bihar,Business,305119.62,617,2011-06-17
701781,Anand Mishra,2000-03-08,M,YJJNW3516J,8492053352,Bengaluru,Karnataka,Business,293711.07,799,2025-01-23
701782,Ganesh Subramaniam,1979-12-03,M,RJYWL8381I,7043328736,Chennai,Tamil Nadu,Salaried,122053.76,761,2011-09-26
701783,Pankaj Murugan,1990-02-26,M,ATHTI3235R,7862093948,Bhubaneswar,Odisha,Self Employed,206072.99,563,2024-10-01
701784,Rakesh Tiwari,1964-10-20,M,RMCLW7103T,7522627687,Bengaluru,Karnataka,Salaried,69807.91,725,2021-04-24
701785,Sunil Patel,1966-08-23,M,HYZGD5917P,8199608816,Jaipur,Rajasthan,Professional,296066.57,-1,2015-03-26
701786,Kiran Nambiar,1971-03-22,F,FCMXV4615Y,6015051547,Nashik,Maharashtra,Farmer,27848.6,648,2013-04-08
701787,Dinesh Chauhan,1960-04-06,M,LCFQZ0870D,9735189284,Ranchi,Jharkhand,Business,273969.22,766,2012-11-12
701788,Prakash Yadav,1983-06-01,M,CDZKN8413X,6626090172,Delhi,Delhi,Business,300807.9,618,2021-01-18
701789,Latha Pillai,1977-07-16,F,IQJEM0905A,6233001455,Mumbai,Maharashtra,Salaried,139619.6,699,2013-08-29
701790,Meena Ghosh,1985-12-26,F,CEFRD1950W,8913756299,Chennai,Tamil Nadu,Salaried,68615.12,721,2024-06-03
701791,Sowmya Shah,1998-08-21,F,RQPXZ0785Y,6254038949,Mumbai,Maharashtra,Salaried,70467.37,408,2016-10-03
701792,Padma Chelladurai,1986-11-07,F,MEBCL8251D,6040938757,Madurai,Tamil Nadu,Farmer,29289.15,491,2013-05-04
701793,Suresh Iyer,2003-08-10,M,QCYLQ3767U,8793693707,Kochi,Kerala,Retired,16094.97,682,2019-07-20
701794,Tara Tiwari,1960-07-23,F,IVSDO9501R,7135503583,Lucknow,Uttar Pradesh,Farmer,52410.24,657,2019-12-08
701795,Shankar Joshi,1975-11-27,M,UDBZD8259B,7962197928,Chennai,Tamil Nadu,Government Employee,29303.87,766,2012-07-28
701796,Anand Shah,1979-03-20,M,VDPSF4140T,9674018736,Chennai,Tamil Nadu,Salaried,131062.57,-1,2016-02-18
701797,Tara Banerjee,1967-04-17,F,IELAY5789B,8921919260,Bengaluru,Karnataka,Professional,233744.74,691,2025-04-18
701798,Kiran Mukherjee,1985-02-11,F,CTDYN7932H,8242993929,Ahmedabad,Gujarat,Salaried,94948.69,549,2025-05-27
701799,Mahesh Iyer,1980-12-22,M,UELRJ5937H,6363710995,Coimbatore,Tamil Nadu,Salaried,88835.33,701,2012-03-09
701800,Gayathri Krishnan,1959-09-02,F,DZKJR7693L,9587567309,Bhubaneswar,Odisha,Business,444511.07,598,2017-07-13
701801,Devi Murugan,1967-04-16,F,TNJWM0503V,7681949075,Ranchi,Jharkhand,Salaried,173664.25,648,2024-06-06
701802,Pooja Rajendran,1957-06-30,F,TVRON4594N,8152321047,Mumbai,Maharashtra,Retired,32797.63,621,2020-07-16
701803,Ilango Kumar,1959-05-03,M,RIAWI4295A,7044615837,Ranchi,Jharkhand,Salaried,59134.23,703,2014-05-04
701804,Sangeetha Menon,1965-04-08,F,SOMRA1278T,7148743138,Lucknow,Uttar Pradesh,Salaried,97987.67,534,2018-05-04
701805,Yogesh Mukherjee,1978-03-31,M,ABJTV0608W,6487666696,Ahmedabad,Gujarat,Self Employed,84882.04,563,2021-11-17
701806,Suresh Gupta,1978-05-31,M,KDVPY8137W,8725067640,Kanpur,Uttar Pradesh,Farmer,55274.54,458,2011-04-21
701807,Ilango Raman,1993-08-11,M,WBWFF1860L,7218924164,Kolkata,West Bengal,Self Employed,35172.52,-1,2024-04-17
701808,Anjali Nambiar,1961-10-28,F,NKDYD7625W,9371130977,Pune,Maharashtra,Business,399941.68,873,2010-04-16
701809,Sathish Mukherjee,1959-01-31,M,FSTTX7095Z,8338194776,Hyderabad,Telangana,Business,332957.11,575,2022-11-13
701810,Hari Roy,1987-12-04,M,LPAUD2215A,6353448171,Chennai,Tamil Nadu,Retired,24342.95,587,2017-06-21
701811,Karthik Mehta,1972-10-25,M,CMTPN6949U,8169505454,Mumbai,Maharashtra,Salaried,168275.27,560,2012-05-10
701812,Farooq Reddy,1983-02-03,M,BEVWW9806H,7225710092,Bengaluru,Karnataka,Self Employed,195202.52,608,2010-10-21
701813,Kiran Kumar,1975-06-12,F,ZGPIX7278U,9908422927,Hyderabad,Telangana,Government Employee,76713.57,628,2017-12-23
701814,Chitra Deshmukh,1999-06-16,F,GPTWU3229G,9301603704,Chennai,Tamil Nadu,Business,485123.6,728,2012-08-03
701815,Vinod Bose,1982-02-14,M,FAPHJ3731C,9460936044,Mumbai,Maharashtra,Self Employed,181278.96,686,2017-10-19
701816,Ravi Mehta,1961-12-23,M,GQMOE4643K,9851116852,Jaipur,Rajasthan,Salaried,142795.28,701,2020-07-31
701817,Sangeetha Gupta,1991-01-21,F,WWBUK2216K,6651542082,Nashik,Maharashtra,Salaried,143462.86,613,2014-10-23
701818,Sunil Roy,1997-07-21,M,BMGZS1756R,6679615708,Kochi,Kerala,Salaried,131412.93,663,2022-09-25
701819,Vivek Nair,1974-08-17,M,HITIL8280T,8597725239,Pune,Maharashtra,Self Employed,50628.27,785,2022-12-01
701820,Vinod Iyengar,1995-10-31,M,BCDDT1651N,6287587794,Mumbai,Maharashtra,Business,422003.89,667,2023-09-18
701821,Farooq Gupta,1997-08-21,M,JGEQV0184Q,7829221209,Ranchi,Jharkhand,Salaried,89851.0,699,2021-04-07
701822,Anjali Iyer,1975-08-13,F,LSZCS5321N,7376361373,Ahmedabad,Gujarat,Salaried,69427.74,477,2011-12-20
701823,Rohit Venkatesan,1963-03-05,M,DOHGF5533W,9115949634,Patna,Bihar,Salaried,28998.5,719,2014-07-12
701824,Rahul Chelladurai,1990-05-04,M,SNNTT9939V,9346332390,Mumbai,Maharashtra,Salaried,19769.77,694,2017-07-31
701825,Meena Iyengar,1975-09-19,F,JYKIY5755N,9285375181,Coimbatore,Tamil Nadu,Business,106794.54,792,2019-08-10
701826,Oviya Pillai,1973-10-19,F,YUQXT1391D,6448894774,Ahmedabad,Gujarat,Self Employed,126287.64,408,2012-03-17
701827,Meena Verma,1975-07-13,F,QKWVY3577I,8937654779,Chandigarh,Chandigarh,Farmer,48221.01,-1,2019-04-10
701828,Aishwarya Rana,1980-08-21,F,BKTOW9988E,7647258195,Kolkata,West Bengal,Government Employee,57029.56,672,2017-11-20
701829,Nitin Perumal,2001-10-30,M,YTUHU5193O,7653479611,Mumbai,Maharashtra,Professional,194238.68,657,2021-03-30
701830,Revathi Mukherjee,1977-12-31,F,VMCZC8553W,6244655375,Nashik,Maharashtra,Salaried,176321.63,677,2022-12-30
701831,Vivek Verma,1992-03-06,M,IBRRQ6529J,7253833941,Kolkata,West Bengal,Business,122185.97,-1,2011-01-29
701832,Esther Patel,1995-03-19,F,SUGAK0553S,7964388653,Bengaluru,Karnataka,Self Employed,40385.44,609,2010-06-22
701833,Kiran Shah,1964-02-17,F,DAFMI0346Y,9058171720,Coimbatore,Tamil Nadu,Business,245759.8,688,2020-05-29
701834,Lavanya Bhat,1969-11-04,F,NVAJZ0476B,7218129775,Mumbai,Maharashtra,Self Employed,16268.91,735,2012-06-29
701835,Devi Chauhan,2001-12-05,F,NZPLT2891I,8136473783,Mumbai,Maharashtra,Government Employee,35055.47,672,2010-06-11
701836,Devi Menon,1959-04-27,F,CQGEG1842L,8502495194,Lucknow,Uttar Pradesh,Business,70138.56,640,2022-06-15
701837,Swathi Sharma,1996-12-07,F,TAGTI9735F,9572926611,Kochi,Kerala,Government Employee,34938.19,648,2012-02-17
701838,Usha Chelladurai,1987-04-05,F,TFCPO3026P,9516556107,Chennai,Tamil Nadu,Self Employed,298847.98,631,2010-06-23
701839,Rajini Iyer,1968-10-14,F,KWNNZ7079B,7049948019,Pune,Maharashtra,Salaried,47056.15,672,2023-03-18
701840,Bharath Sharma,1963-01-13,M,JQYCU4553P,6373614168,Kolkata,West Bengal,Farmer,37011.49,600,2010-04-12
701841,Ramesh Deshmukh,1965-05-28,M,NAZWP9310Q,7777276153,Delhi,Delhi,Salaried,121066.9,479,2019-08-29
701842,Radha Saha,2003-09-18,F,TBCKI3150C,6708136127,Bhubaneswar,Odisha,Retired,43422.02,796,2022-12-19
701843,Saranya Iyer,1996-03-12,F,OGNQH8092E,9733199975,Chandigarh,Chandigarh,Government Employee,86341.49,501,2014-05-17
701844,Arun Patel,1980-09-12,M,ZWBIT0693W,6308905799,Pune,Maharashtra,Government Employee,106160.59,656,2014-06-16
701845,Hema Murugan,1989-06-28,F,CLXUC6674V,7681652409,Jaipur,Rajasthan,Business,298602.67,543,2018-03-10
701846,Vidya Rao,1959-04-16,F,ZEAJT8319E,6307905403,Chandigarh,Chandigarh,Salaried,113059.85,640,2017-01-05
701847,Anitha Reddy,2001-01-28,F,GLSNC9175M,9279853722,Delhi,Delhi,Salaried,29859.6,575,2016-10-23
701848,Gayathri Shah,1962-01-13,F,CKPWW4106M,7190416223,Coimbatore,Tamil Nadu,Self Employed,56818.91,663,2016-07-31
701849,Kumar Chowdhury,1969-04-29,M,QUEYE3993Y,6926916549,Patna,Bihar,Business,234032.76,587,2010-02-28
701850,Vidya Menon,1969-06-28,F,CZPMB1494R,8030380153,Nashik,Maharashtra,Salaried,142084.5,544,2020-10-30
701851,Saranya Banerjee,1992-08-31,F,QUVAY5681Q,9995991589,Kolkata,West Bengal,Salaried,146723.66,696,2024-10-05
701852,Praveen Sharma,2003-05-25,M,CJUMK4517U,9730803750,Ranchi,Jharkhand,Government Employee,24320.81,793,2025-03-05
701853,Mahesh Yadav,1979-10-27,M,NLDWD6479L,9496353456,Ahmedabad,Gujarat,Farmer,17800.03,699,2022-08-18
701854,Kavitha Krishnan,1985-01-24,F,MWBUW7419Z,8651834501,Mumbai,Maharashtra,Professional,341184.93,677,2024-05-04
701855,Rakesh Balasubramanian,2000-04-21,M,NCFBP9688A,8970561786,Delhi,Delhi,Salaried,123626.43,566,2013-05-11
701856,Abhishek Roy,1982-12-07,M,CQCIA0259O,6907102330,Nashik,Maharashtra,Self Employed,239775.93,658,2025-06-16
701857,Ajay Tiwari,1986-12-01,M,EKWVT6301B,8061292198,Kanpur,Uttar Pradesh,Farmer,23823.06,709,2011-08-05
701858,Mani Shah,1965-04-12,M,ZRTWB9933R,7756121591,Pune,Maharashtra,Self Employed,39289.86,604,2025-04-14
701859,Sanjay Tiwari,2003-07-12,M,BOEQD7967Q,7115632366,Jaipur,Rajasthan,Salaried,73883.32,751,2017-11-16
701860,Shankar Iyer,1981-03-09,M,FQJZY8426G,9257864052,Kochi,Kerala,Business,287716.08,662,2010-11-10
701861,Kalpana Sen,1966-03-20,F,RSPUN7106L,7121686370,Kanpur,Uttar Pradesh,Salaried,100289.94,-1,2017-11-27
701862,Vijay Jadhav,2004-03-05,M,OADQA1518H,6751670345,Chennai,Tamil Nadu,Salaried,82689.42,699,2016-07-24
701863,Anjali Pandey,2004-08-26,F,RJYSW5594K,6262640100,Coimbatore,Tamil Nadu,Retired,72397.43,619,2019-07-18
701864,Parvathi Chelladurai,1984-11-25,F,LCRJA5670U,9762134966,Hyderabad,Telangana,Farmer,23960.92,619,2018-08-26
701865,Ashok Kumar,1985-01-09,M,XYFQD4501V,6963994464,Surat,Gujarat,Salaried,168404.75,687,2020-05-05
701866,Uma Elumalai,1990-07-01,F,BUFFB4440Y,8392692799,Hyderabad,Telangana,Salaried,103969.15,702,2017-04-05
701867,Chandran Bhat,1981-07-19,M,QGCWO1912O,6145423466,Bengaluru,Karnataka,Business,60822.45,699,2015-04-26
701868,Ajay Bhat,1970-11-18,M,TPSQR1885M,8948740103,Delhi,Delhi,Business,158678.5,569,2025-01-09
701869,Rohit Deshmukh,1957-01-07,M,MNYTV2007L,9538269235,Kochi,Kerala,Salaried,66433.29,596,2012-08-12
701870,Hema Kulkarni,1980-01-06,F,NOLNC7608A,9545437073,Hyderabad,Telangana,Professional,162987.17,663,2014-12-23
701871,Naveen Ghosh,1986-08-11,M,APBEH0828K,9667512876,Nashik,Maharashtra,Farmer,27129.12,489,2020-09-11
701872,Sangeetha Mukherjee,1974-02-28,F,NPWQO5372H,8174035398,Surat,Gujarat,Salaried,101336.75,764,2020-11-04
701873,Rajini Chelladurai,2003-04-05,F,AXUNJ6030X,6477598362,Kolkata,West Bengal,Professional,239374.57,695,2019-11-24
701874,Chandran Elumalai,1982-08-21,M,KNXJT1336U,6486793617,Bengaluru,Karnataka,Business,328970.13,669,2013-12-26
701875,Parvathi Subramaniam,1999-06-22,F,NKWLA5820D,7310862753,Chennai,Tamil Nadu,Salaried,138399.22,597,2010-06-26
701876,Vivek Rajendran,1962-11-20,M,JBZSO3225S,9905529570,Surat,Gujarat,Salaried,140917.9,743,2024-02-14
701877,Sathish Rajendran,1987-07-30,M,VNYKQ8754W,8098003815,Pune,Maharashtra,Salaried,148931.34,639,2018-11-09
701878,Rajesh Deshmukh,1991-01-03,M,OHGHT9929T,8177154402,Coimbatore,Tamil Nadu,Government Employee,127613.3,845,2017-08-07
701879,Vinod Roy,1969-03-31,M,CALEQ4757W,8207772406,Jaipur,Rajasthan,Self Employed,255677.39,702,2012-11-11
701880,Vijay Thakur,1957-08-09,M,OVKVI8698U,8244159949,Bengaluru,Karnataka,Farmer,50122.79,523,2024-04-21
701881,Vivek Bose,1958-08-27,M,EAHGR4004B,7923269606,Madurai,Tamil Nadu,Government Employee,69300.25,734,2014-02-03
701882,Praveen Bhat,1999-05-28,M,DLCID9964D,6980439031,Patna,Bihar,Salaried,166738.37,615,2016-04-04
701883,Selvi Perumal,1986-08-20,F,NDTBH0450B,6659935823,Mumbai,Maharashtra,Salaried,64557.15,615,2018-11-10
701884,Bhavya Mehta,1997-06-09,F,HSCWL9310G,9174602704,Pune,Maharashtra,Self Employed,135977.19,642,2023-05-28
701885,Prakash Mishra,1993-01-28,M,NWIDJ2078M,6672636453,Coimbatore,Tamil Nadu,Government Employee,24272.6,652,2019-04-01
701886,Mahesh Raman,1980-04-16,M,WLTHB3253Q,6617927031,Patna,Bihar,Government Employee,54514.93,688,2022-11-02
701887,Ramesh Iyer,1983-06-04,M,FONDE2752R,8978298951,Kanpur,Uttar Pradesh,Salaried,45140.08,737,2017-05-30
701888,Swathi Shah,1966-10-14,F,YQGFK0955F,8402993201,Kolkata,West Bengal,Business,246769.58,708,2025-04-27
701889,Lakshmi Thakur,1973-07-08,F,SADJL9458B,9052687682,Ahmedabad,Gujarat,Farmer,20542.59,596,2013-08-13
701890,Rahul Ghosh,1986-12-03,M,YBLFB0042Z,9101282136,Mumbai,Maharashtra,Self Employed,103987.77,536,2020-06-29
701891,Gokul Menon,1988-09-03,M,ZRWSC2647T,9565604413,Kochi,Kerala,Salaried,175327.46,588,2010-10-25
701892,Rajesh Bose,2004-09-23,M,KAUMS1991I,9885257385,Bengaluru,Karnataka,Salaried,145670.74,698,2018-01-13
701893,Gokul Thakur,1980-06-03,M,YJZPZ4052F,8600910743,Bengaluru,Karnataka,Government Employee,125627.21,747,2015-08-09
701894,Vinod Mishra,1982-02-01,M,WLERE5075T,8725862509,Patna,Bihar,Salaried,109185.36,835,2020-06-11
701895,Janani Deshmukh,1977-07-02,F,CWJTG8964Z,8772066944,Chandigarh,Chandigarh,Self Employed,196692.44,536,2016-07-14
701896,Oviya Rajendran,1989-04-02,F,BBUBK3956V,7022976425,Bhubaneswar,Odisha,Business,374309.94,672,2010-01-08
701897,Amit Venkatesan,1987-01-03,M,TMFIR0582G,7330615671,Delhi,Delhi,Self Employed,280155.77,642,2017-12-14
701898,Revathi Kumar,1973-07-02,F,ZZRQT2311X,9169912855,Kolkata,West Bengal,Salaried,94659.66,626,2012-03-05
701899,Vani Sharma,1965-05-15,F,PMFCB5334X,8609059935,Jaipur,Rajasthan,Salaried,139432.88,677,2014-07-29
701900,Divya Balasubramanian,1970-12-19,F,UTSMH9746F,7850916762,Nashik,Maharashtra,Self Employed,204571.68,640,2021-01-05
701901,Sneha Balasubramanian,1998-01-30,F,RIBML3929B,8651935399,Kolkata,West Bengal,Business,165583.21,639,2024-07-03
701902,Sivakumar Rajendran,1990-09-26,M,QGMEA5033Y,6659238253,Nashik,Maharashtra,Salaried,21137.04,602,2018-01-12
701903,Radha Roy,1998-11-16,F,KVDLQ7801V,6349836743,Delhi,Delhi,Self Employed,121651.66,-1,2017-08-30
701904,Radha Nambiar,1974-10-13,F,VRZDU4014P,9491629148,Chennai,Tamil Nadu,Self Employed,280049.65,-1,2011-03-21
701905,Ganesh Shah,1988-04-08,M,WFTAZ4827A,8151621307,Delhi,Delhi,Salaried,65416.04,702,2020-08-14
701906,Sandeep Iyengar,1970-03-26,M,QTTTJ5689I,7144206826,Surat,Gujarat,Salaried,157824.85,764,2010-09-27
701907,Kalpana Nambiar,1996-04-03,F,AWVMY8664T,9918801315,Kochi,Kerala,Salaried,97464.95,819,2013-10-20
701908,Vivek Saha,1992-06-07,M,QYKWA2437O,6188249411,Chennai,Tamil Nadu,Self Employed,160727.61,614,2021-05-07
701909,Aishwarya Chowdhury,1983-01-27,F,ERQFR4885G,7912114479,Pune,Maharashtra,Professional,289214.67,564,2011-05-24
701910,Sangeetha Tiwari,1973-07-13,F,XCZUB0936D,8975364120,Delhi,Delhi,Business,221639.78,639,2013-07-11
701911,Ajay Kulkarni,1957-03-02,M,FOKOL0155E,7245006791,Hyderabad,Telangana,Self Employed,131646.17,585,2024-02-07
701912,Shanthi Iyengar,1970-07-03,F,ZPUWA0853F,9802769661,Delhi,Delhi,Salaried,140478.48,762,2013-09-19
701913,Rekha Rana,1968-06-18,F,CXGJM2400R,6483113703,Pune,Maharashtra,Self Employed,219236.57,586,2020-11-13
701914,Dilip Kulkarni,1989-08-20,M,ENNPT2092Y,8928221195,Kolkata,West Bengal,Business,390176.97,-1,2013-08-07
701915,Shankar Ghosh,2002-10-23,M,OMZPJ4170M,9164493674,Chennai,Tamil Nadu,Salaried,163092.81,671,2010-08-05
701916,Sandeep Deshmukh,1994-12-24,M,QYUKA2337Q,8716821650,Kochi,Kerala,Self Employed,126351.15,536,2016-10-13
701917,Lakshmi Verma,1967-07-01,F,WTXQG3264R,8770637093,Kanpur,Uttar Pradesh,Self Employed,20668.91,-1,2015-09-23
701918,Sunitha Sharma,1995-10-05,F,KBDWK3050N,6522023360,Madurai,Tamil Nadu,Government Employee,109798.11,631,2020-07-14
701919,Amit Verma,1988-05-27,M,TUARG9344G,7150837352,Chandigarh,Chandigarh,Government Employee,46743.17,682,2014-03-26
701920,Sneha Mishra,2004-10-25,F,HLNHW9313K,6878602332,Kochi,Kerala,Retired,40935.68,809,2020-04-03
701921,Sneha Thakur,1992-10-05,F,FDVIC7765H,8836215796,Coimbatore,Tamil Nadu,Self Employed,47400.55,598,2017-04-27
701922,Shankar Reddy,1965-08-17,M,SLUXO4757H,8049483818,Jaipur,Rajasthan,Government Employee,62618.37,699,2022-06-30
701923,Usha Shah,1977-12-29,F,RJLLC4571K,6760056234,Nashik,Maharashtra,Salaried,72616.7,466,2021-04-10
701924,Shanthi Raman,1965-07-20,F,KLRKF5363L,7225754184,Bengaluru,Karnataka,Professional,68479.2,549,2023-04-28
701925,Swathi Singh,1958-05-18,F,RPNXQ3391S,6291709699,Jaipur,Rajasthan,Salaried,162049.61,586,2023-01-14
701926,Chandran Chelladurai,1958-10-05,M,KUHDP5114H,9127936995,Ranchi,Jharkhand,Farmer,12609.44,616,2024-09-17
701927,Devi Desai,2004-03-18,F,LCWPQ8423V,6556618417,Coimbatore,Tamil Nadu,Business,253333.34,705,2012-06-10
701928,Yamuna Pandey,1978-08-22,F,DNMHP6153H,8740051740,Hyderabad,Telangana,Salaried,42889.2,724,2015-10-07
701929,Rohit Kumar,1958-05-23,M,OWBUH0656S,6508085181,Jaipur,Rajasthan,Self Employed,242687.17,511,2015-03-02
701930,Yogesh Reddy,1960-09-22,M,VGHBM5166I,9444613873,Surat,Gujarat,Self Employed,128505.19,714,2013-07-20
701931,Rohit Roy,1991-05-18,M,UBXYU9158K,7604152107,Bengaluru,Karnataka,Government Employee,134290.29,558,2024-07-15
701932,Vivek Balasubramanian,1974-03-20,M,VVMAC6045L,6922433021,Kolkata,West Bengal,Salaried,38776.48,838,2019-12-09
701933,Anitha Perumal,1993-09-20,F,DCMBR4572R,9255263198,Madurai,Tamil Nadu,Government Employee,92272.92,693,2019-01-25
701934,Vinod Iyer,2000-11-14,M,HIPAF9956W,6794752392,Madurai,Tamil Nadu,Salaried,135761.43,678,2019-06-16
701935,Pankaj Murugan,1988-05-21,M,EPINW9784S,6578424752,Bengaluru,Karnataka,Salaried,24907.86,647,2021-12-16
701936,Ramesh Nair,1969-04-02,M,BLXVP3330D,9170650214,Kanpur,Uttar Pradesh,Professional,221116.79,660,2014-10-15
701937,Lakshmi Jadhav,1984-08-13,F,TZGME3914Y,8454255284,Kochi,Kerala,Self Employed,46434.5,-1,2019-02-16
701938,Sivakumar Rajendran,1988-01-02,M,NVYOU3047H,9830312053,Bhubaneswar,Odisha,Salaried,114957.27,664,2011-03-19
701939,Sunil Chelladurai,1988-11-08,M,SZLUJ3875Q,7767035542,Hyderabad,Telangana,Salaried,46389.52,598,2023-06-21
701940,Sunil Pandey,2003-06-13,M,XWKWV3179V,7284702053,Jaipur,Rajasthan,Self Employed,178853.99,734,2011-05-19
701941,Anitha Bhat,1972-04-24,F,RBKHP2920C,6244042796,Patna,Bihar,Retired,43329.98,689,2015-01-12
701942,Kalpana Rajendran,1964-05-11,F,JWXQA7038S,7810587316,Chennai,Tamil Nadu,Salaried,76216.84,735,2017-10-01
701943,Deepa Kulkarni,1988-12-22,F,IVLEG2640D,7698247092,Delhi,Delhi,Professional,243980.52,658,2014-06-18
701944,Harish Balasubramanian,1956-11-18,M,DARUQ0705N,7098360704,Chennai,Tamil Nadu,Salaried,177486.55,728,2018-09-18
701945,Shanthi Mishra,1964-12-28,F,NIPGC7485K,6421540898,Bengaluru,Karnataka,Farmer,26406.91,592,2015-01-15
701946,Gopal Singh,1988-12-28,M,YSYJC5684Y,6358028088,Chandigarh,Chandigarh,Self Employed,197787.58,900,2010-01-25
701947,Dilip Bose,1986-01-27,M,WTIJK7018E,9580937532,Bhubaneswar,Odisha,Salaried,167042.21,596,2015-06-19
701948,Jagan Naidu,2005-03-06,M,MXMHC7255S,7969787642,Kolkata,West Bengal,Salaried,30510.62,621,2010-12-03
701949,Malathi Jadhav,1989-01-14,F,NVVRK4901E,6779884282,Madurai,Tamil Nadu,Salaried,45654.08,755,2012-01-11
701950,Sathish Kumar,1969-02-27,M,QVWDA2890J,9122587835,Kolkata,West Bengal,Salaried,122929.61,781,2015-04-11
701951,Ramesh Chelladurai,1980-02-14,M,JIZIP0790C,8056627655,Mumbai,Maharashtra,Self Employed,162980.96,588,2014-12-15
701952,Vinod Naidu,1993-09-01,M,KSPEB4591Z,8034578951,Surat,Gujarat,Salaried,128440.19,505,2025-05-09
701953,Balaji Elumalai,1988-03-14,M,BLNRL3405A,6099120564,Mumbai,Maharashtra,Salaried,133399.26,-1,2017-10-07
701954,Sathish Perumal,1957-09-18,M,KPUQL8332F,6060399239,Delhi,Delhi,Business,495821.88,531,2016-05-10
701955,Arun Gupta,2003-12-05,M,TCMHA7382W,7291763322,Bengaluru,Karnataka,Salaried,172953.8,569,2020-08-28
701956,Swathi Joshi,2004-11-14,F,CDUQP8692N,6790910890,Bengaluru,Karnataka,Self Employed,75366.05,589,2017-05-15
701957,Balaji Nambiar,1977-09-12,M,URGGF6352Y,7948718655,Jaipur,Rajasthan,Salaried,107171.33,648,2010-05-01
701958,Harish Sen,1976-03-11,M,NBVHP6892S,9937694291,Chennai,Tamil Nadu,Retired,32600.98,761,2025-03-30
701959,Dilip Kulkarni,1959-06-16,M,IDIZZ7897G,9720361648,Madurai,Tamil Nadu,Business,177254.24,766,2016-07-10
701960,Karthik Bhat,2002-07-10,M,UIRUU8984Y,8550560099,Coimbatore,Tamil Nadu,Government Employee,59214.72,-1,2024-02-10
701961,Dinesh Gupta,1978-05-30,M,YULBF0025M,6294416612,Chennai,Tamil Nadu,Government Employee,39200.25,605,2022-10-09
701962,Indira Singh,1969-05-23,F,JAURL9694G,9334522287,Kolkata,West Bengal,Business,216569.06,715,2022-06-02
701963,Uma Banerjee,2001-05-08,F,JWKXT4507S,9433235284,Mumbai,Maharashtra,Business,198112.19,747,2019-10-07
701964,Pankaj Chauhan,1982-06-10,M,QVSJZ9647D,9825685607,Chennai,Tamil Nadu,Salaried,46868.33,797,2023-12-07
701965,Selvi Nair,2001-10-10,F,PBTLC5269G,9161150252,Nashik,Maharashtra,Salaried,79354.14,648,2014-12-11
701966,Shankar Raman,2002-03-18,M,FXAOY5884O,7110349493,Bengaluru,Karnataka,Salaried,155170.51,593,2016-10-25
701967,Shanthi Patel,1998-10-08,F,GFNTV2797T,9788053069,Bhubaneswar,Odisha,Salaried,142258.43,734,2024-03-06
701968,Vidya Banerjee,1987-11-21,F,TBDEL6651E,6637428380,Coimbatore,Tamil Nadu,Salaried,80391.29,807,2022-01-19
701969,Senthil Mehta,1977-04-26,M,YOUHT3205F,9383410657,Delhi,Delhi,Government Employee,52294.05,613,2011-11-23
701970,Uma Mukherjee,1971-08-31,F,OMICM7395D,6075645813,Bhubaneswar,Odisha,Self Employed,274261.45,848,2012-05-29
701971,Senthil Desai,2002-04-25,M,MISIB7426L,8963004240,Bengaluru,Karnataka,Salaried,74946.84,826,2018-06-26
701972,Sangeetha Chelladurai,1976-07-16,F,ALASY3523H,9998192147,Madurai,Tamil Nadu,Business,73814.11,638,2014-07-17
701973,Saranya Mishra,1958-11-20,F,RSQYJ4244T,7344891780,Bengaluru,Karnataka,Salaried,23807.79,-1,2025-04-20
701974,Anitha Desai,1971-10-06,F,NMNFA3480Q,8628146731,Kolkata,West Bengal,Farmer,9778.26,514,2019-11-16
701975,Neha Chowdhury,1991-11-20,F,HYEHP6772G,7020833755,Lucknow,Uttar Pradesh,Salaried,130934.83,606,2024-02-25
701976,Uma Das,1958-03-10,F,QQBCV5382B,7505067445,Chennai,Tamil Nadu,Salaried,97934.83,630,2012-09-30
701977,Radha Sen,1997-09-13,F,NSALG7081T,8453170046,Pune,Maharashtra,Salaried,43103.05,714,2021-01-17
701978,Ravi Singh,2003-01-09,M,DJBFF6084D,6824950624,Chennai,Tamil Nadu,Salaried,110683.09,504,2018-11-17
701979,Rajesh Rajendran,1965-05-20,M,GOEQJ3837K,8683582743,Lucknow,Uttar Pradesh,Business,399424.63,894,2010-02-20
701980,Balaji Reddy,1976-12-21,M,JNZDC5698L,6865852383,Kanpur,Uttar Pradesh,Salaried,39036.48,885,2018-07-20
701981,Sandeep Balasubramanian,1996-06-23,M,XNRCO0911M,6278068392,Lucknow,Uttar Pradesh,Government Employee,88914.54,594,2010-01-18
701982,Lakshmi Yadav,1983-04-04,F,WOMIJ0269U,8184019094,Nashik,Maharashtra,Government Employee,101232.54,486,2010-07-03
701983,Neha Rao,1997-01-14,F,XQDNQ6644O,9761338830,Ranchi,Jharkhand,Salaried,105723.8,647,2023-03-18
701984,Vikram Patel,1986-08-23,M,UMFJY5018J,9010076890,Kochi,Kerala,Retired,67978.17,703,2022-01-11
701985,Sanjay Mukherjee,1991-08-05,M,HGIWC2987R,6825086394,Pune,Maharashtra,Self Employed,279544.42,791,2011-10-13
701986,Shankar Venkatesan,2000-11-07,M,MJUCF4122P,6257215818,Delhi,Delhi,Professional,344939.71,731,2022-11-09
701987,Arun Thakur,1983-01-08,M,MWGWS8407V,7084948772,Kolkata,West Bengal,Government Employee,63862.99,644,2020-05-21
701988,Farooq Perumal,1956-07-29,M,FUIEY9569R,7368248459,Bengaluru,Karnataka,Salaried,89507.07,476,2014-07-27
701989,Ashok Tiwari,2002-10-11,M,DRZKF3345M,8877604015,Chandigarh,Chandigarh,Salaried,37808.86,711,2024-04-05
701990,Praveen Balasubramanian,1974-12-19,M,KCIKY8848P,8424956745,Kanpur,Uttar Pradesh,Professional,350964.89,743,2018-01-24
701991,Radha Deshmukh,1986-07-07,F,VCSYH6278D,7514985583,Bengaluru,Karnataka,Salaried,26029.42,633,2013-09-26
701992,Mani Nair,1973-01-25,M,IWOID1059M,7965030817,Kochi,Kerala,Business,290079.51,689,2017-04-15
701993,Manoj Pillai,1988-05-31,M,UJUUQ8176R,9338758391,Ahmedabad,Gujarat,Salaried,98134.64,682,2021-04-05
701994,Rakesh Balasubramanian,1996-01-14,M,TIVDQ6509J,8197956441,Chennai,Tamil Nadu,Salaried,132512.12,640,2013-05-21
701995,Fathima Mishra,1960-10-06,F,ANVOR6144M,6387367368,Lucknow,Uttar Pradesh,Salaried,94073.4,553,2017-05-26
701996,Balaji Murugan,1957-10-31,M,GDEWQ1309A,7489653571,Coimbatore,Tamil Nadu,Salaried,137626.06,695,2022-08-09
701997,Sowmya Nair,1986-02-20,F,FNTSX9676R,7840569266,Lucknow,Uttar Pradesh,Self Employed,251541.44,528,2025-01-24
701998,Swathi Jadhav,1970-02-05,F,MJKOD7230N,6884673050,Delhi,Delhi,Business,464500.77,796,2010-08-06
701999,Yamuna Pillai,1982-06-09,F,BKYGK0713Q,7020135663,Delhi,Delhi,Salaried,135257.01,-1,2016-04-19
702000,Naveen Joshi,1986-07-11,M,WWQYZ5209U,9576991337,Chennai,Tamil Nadu,Self Employed,176712.26,577,2024-09-20
702001,Arun Perumal,1991-09-11,M,UHUCA8104T,8906533390,Delhi,Delhi,Salaried,29178.81,709,2014-11-26
702002,Parvathi Desai,1981-05-30,F,IYAOK1494Q,6409638833,Chennai,Tamil Nadu,Farmer,57941.37,593,2021-04-07
702003,Sowmya Reddy,1986-01-05,F,MPTEW7634H,6063443674,Ahmedabad,Gujarat,Self Employed,92560.25,699,2019-05-16
702004,Sanjay Pandey,1990-12-11,M,POCUH1847O,6919212306,Coimbatore,Tamil Nadu,Government Employee,21456.85,643,2025-04-17
702005,Radha Das,1993-09-23,F,KCZHG9163U,9684505336,Mumbai,Maharashtra,Business,479368.8,713,2023-01-16
702006,Prakash Deshmukh,1963-05-20,M,KBTRU2488M,6132504963,Patna,Bihar,Business,413392.36,587,2012-12-06
702007,Bhavya Deshmukh,2002-07-23,F,GZHDR2416M,7207816904,Lucknow,Uttar Pradesh,Business,69979.48,508,2021-03-24
702008,Anjali Menon,1962-12-21,F,TAOWK2162I,6738355620,Hyderabad,Telangana,Government Employee,101617.07,636,2023-01-02
702009,Anand Mishra,1990-06-23,M,CCYWG3225C,6280664664,Bengaluru,Karnataka,Business,233944.78,629,2017-03-15
702010,Rahul Ghosh,1961-08-25,M,PVBRA7602J,7885085715,Madurai,Tamil Nadu,Business,384847.59,520,2012-09-07
702011,Karthik Subramaniam,2001-06-02,M,QCBKY0618L,6697631610,Mumbai,Maharashtra,Salaried,172795.97,597,2023-09-04
702012,Aishwarya Das,1958-10-09,F,UFGGN3241D,7022269220,Bengaluru,Karnataka,Salaried,171918.04,503,2017-04-06
702013,Rahul Mishra,1992-06-20,M,YWZMP1434F,9213786278,Ahmedabad,Gujarat,Self Employed,55186.52,673,2016-04-17
702014,Gokul Chauhan,1997-09-24,M,WAMUK1335W,9822364608,Kolkata,West Bengal,Self Employed,171639.16,627,2016-03-28
702015,Shankar Ghosh,1975-06-07,M,HOWRF0397W,6934047187,Surat,Gujarat,Salaried,169967.54,664,2022-03-03
702016,Manoj Kumar,1961-04-03,M,AUXBP7358L,8382987078,Delhi,Delhi,Salaried,52088.5,900,2011-06-23
702017,Fathima Desai,1966-08-29,F,XWGKD4523H,6550844248,Lucknow,Uttar Pradesh,Business,325442.53,677,2023-07-26
702018,Gopal Subramaniam,1977-03-21,M,EHZHE6654R,9892102664,Bengaluru,Karnataka,Business,165715.07,698,2024-05-29
702019,Ganesh Sharma,1966-07-22,M,OVIEU5961D,8315608243,Pune,Maharashtra,Salaried,74468.45,722,2021-04-25
702020,Hema Sharma,1984-03-10,F,RVMJL9625U,6990483754,Madurai,Tamil Nadu,Salaried,134882.05,649,2013-04-29
702021,Yamuna Kumar,1964-04-10,F,ENEKC6912J,6841555336,Kolkata,West Bengal,Salaried,121343.07,606,2020-01-04
702022,Shanthi Raman,2003-04-15,F,GVAEM5389C,8823021970,Chandigarh,Chandigarh,Salaried,57164.8,746,2023-11-24
702023,Devi Shah,1966-07-28,F,HINJP4736D,9309721448,Chennai,Tamil Nadu,Business,268519.86,760,2021-02-13
702024,Kavitha Naidu,1993-11-14,F,OYWSM8326S,8218514559,Bengaluru,Karnataka,Salaried,144881.21,385,2013-10-29
702025,Lakshmi Rajendran,1960-08-11,F,VOCCE9237L,8784556033,Kanpur,Uttar Pradesh,Salaried,62567.0,647,2013-10-26
702026,Malathi Jadhav,1957-07-10,F,KKYYT4934P,6115830597,Chandigarh,Chandigarh,Salaried,65773.56,630,2018-03-28
702027,Rohit Bose,1963-10-13,M,INQGL6624F,9669588414,Chennai,Tamil Nadu,Self Employed,296600.65,609,2020-12-19
702028,Kalpana Chauhan,1971-01-01,F,UHESH9439H,8959211680,Kolkata,West Bengal,Salaried,95018.45,780,2023-07-20
702029,Senthil Kulkarni,1994-01-27,M,CUGIC7602P,7263023860,Coimbatore,Tamil Nadu,Salaried,140089.99,611,2019-11-19
702030,Karthik Shah,1959-05-06,M,AZAZT3521G,8842436745,Patna,Bihar,Government Employee,97845.7,744,2021-12-10
702031,Vidya Sharma,1960-05-02,F,JLAOM2426Z,9510388871,Patna,Bihar,Salaried,158517.96,611,2022-04-18
702032,Ilango Patel,1998-06-28,M,SRBYB3763W,7367382209,Madurai,Tamil Nadu,Self Employed,49519.36,623,2023-03-16
702033,Sathish Singh,1990-10-10,M,AUCLO4216C,8603782877,Kanpur,Uttar Pradesh,Self Employed,156308.25,731,2010-08-27
702034,Nitin Tiwari,1981-11-18,M,VDAYE8089T,7805001698,Pune,Maharashtra,Salaried,137778.17,592,2017-05-18
702035,Rohit Pillai,1986-06-07,M,SUQHE5888D,6137048858,Chennai,Tamil Nadu,Self Employed,34299.51,647,2020-01-22
702036,Yamuna Murugan,1988-06-16,F,AFUXC5861G,6098459839,Chandigarh,Chandigarh,Business,441090.65,557,2024-06-10
702037,Kumar Mishra,1999-04-24,M,BUDFC2707A,6060251753,Pune,Maharashtra,Self Employed,266578.49,578,2012-03-18
702038,Aishwarya Shah,1979-01-21,F,QUSUY6054F,8554508257,Patna,Bihar,Self Employed,201805.67,731,2024-05-29
702039,Kumar Bose,2004-11-08,M,TNQFU2288O,7648443354,Mumbai,Maharashtra,Salaried,107530.59,718,2011-07-22
702040,Sunil Das,1966-01-01,M,HWGSB7855U,8099343720,Kochi,Kerala,Government Employee,133874.85,553,2018-06-14
702041,Rajini Nair,1972-06-13,F,HLWVC9265R,6418077130,Ahmedabad,Gujarat,Business,458741.78,-1,2020-10-28
702042,Usha Chelladurai,2004-04-02,F,MAITA3103I,6477148349,Ahmedabad,Gujarat,Salaried,96788.29,550,2013-10-08
702043,Jagan Murugan,1999-09-04,M,YBNKZ8795I,8855675415,Surat,Gujarat,Self Employed,114890.2,900,2017-04-16
702044,Vivek Chowdhury,2003-01-10,M,MJNOW5494K,9041324573,Ahmedabad,Gujarat,Professional,70336.65,601,2020-08-27
702045,Farooq Gupta,1980-08-14,M,RBZBX3031Q,6341885905,Surat,Gujarat,Salaried,142386.73,579,2022-06-25
702046,Revathi Tiwari,1982-09-16,F,WPWVS7889Q,9620473637,Jaipur,Rajasthan,Business,42041.9,711,2013-04-13
702047,Balaji Kulkarni,1967-02-16,M,RJOOV7224C,8604321634,Bengaluru,Karnataka,Professional,274899.31,588,2020-06-19
702048,Karthik Iyengar,1995-12-12,M,LNNRP4531J,9744504347,Surat,Gujarat,Salaried,24183.81,627,2016-06-29
702049,Nithya Nair,1961-12-14,F,SWTBW0375U,6174929832,Ahmedabad,Gujarat,Business,200482.18,747,2021-04-17
702050,Sunitha Das,2000-10-15,F,TNPLI4700R,9883965200,Bengaluru,Karnataka,Government Employee,73738.03,757,2017-07-22
702051,Sowmya Iyengar,1969-07-21,F,TASMT5746U,8894481069,Coimbatore,Tamil Nadu,Farmer,51213.76,643,2018-09-30
702052,Praveen Ghosh,1988-01-11,M,HDRBA5439A,6456461918,Bhubaneswar,Odisha,Professional,189723.77,789,2022-08-17
702053,Hari Chowdhury,1975-09-20,M,VKNIJ0104H,6727902864,Nashik,Maharashtra,Farmer,44386.0,648,2016-01-20
702054,Farooq Menon,1957-04-08,M,DCIXX5205O,6034488080,Nashik,Maharashtra,Self Employed,230528.83,639,2014-12-30
702055,Rahul Banerjee,2005-02-17,M,KDZTO4564Q,7519820025,Delhi,Delhi,Salaried,51699.2,661,2013-05-05
702056,Chitra Chelladurai,1980-04-14,F,FYGCI7327Y,8437061978,Hyderabad,Telangana,Professional,368128.56,633,2017-07-19
702057,Rajesh Shah,1961-06-16,M,HEKAX5341P,8176489214,Kolkata,West Bengal,Self Employed,214327.92,712,2017-11-24
702058,Fathima Kumar,2003-05-02,F,VHHEW3912R,9163800689,Nashik,Maharashtra,Government Employee,130868.16,689,2024-02-04
702059,Anjali Singh,1966-08-19,F,ZPHQA8056T,8006863008,Kochi,Kerala,Salaried,21849.54,588,2022-09-21
702060,Vinod Rao,1960-10-28,M,FZVLS0671X,6250996680,Delhi,Delhi,Farmer,14510.25,679,2020-05-01
702061,Chitra Saha,1973-01-22,F,IBOND1690Y,8764855311,Hyderabad,Telangana,Salaried,156809.54,610,2023-07-31
702062,Meena Elumalai,1969-09-07,F,QPDHY3576J,8135286939,Kanpur,Uttar Pradesh,Self Employed,198988.79,607,2011-03-05
702063,Manoj Jadhav,1990-11-13,M,BINSH6179U,9648161501,Bengaluru,Karnataka,Self Employed,213752.02,649,2018-12-20
702064,Balaji Rajendran,1993-05-21,M,YNDGX2693Q,6534238808,Surat,Gujarat,Business,84948.5,759,2024-09-08
702065,Swathi Yadav,1971-08-11,F,GXBSD3790N,6448135571,Lucknow,Uttar Pradesh,Salaried,58473.16,688,2013-01-05
702066,Yogesh Ghosh,2003-01-01,M,HIQMF1448H,6275771405,Ranchi,Jharkhand,Farmer,15456.57,782,2015-11-06
702067,Rajini Naidu,2002-08-16,F,TWYJT7822R,6557124246,Nashik,Maharashtra,Professional,118340.01,810,2010-09-11
702068,Yamuna Roy,1976-03-14,F,XCEET1375V,7265892805,Coimbatore,Tamil Nadu,Self Employed,187277.54,659,2013-11-12
702069,Saranya Das,1958-02-14,F,RNBBO5999K,7713758866,Madurai,Tamil Nadu,Government Employee,74235.34,604,2021-04-22
702070,Dinesh Thakur,1987-11-29,M,WXPBJ1640Y,7021677726,Pune,Maharashtra,Self Employed,296526.05,587,2017-02-11
702071,Gokul Mukherjee,1997-09-23,M,JCHUX6579E,6868849012,Bengaluru,Karnataka,Salaried,26316.85,688,2014-12-12
702072,Yamuna Chauhan,1993-06-16,F,OQMXB2184R,7727223995,Mumbai,Maharashtra,Salaried,113523.73,744,2011-11-22
702073,Parvathi Murugan,1976-06-26,F,BLKOZ3017T,7965126668,Chennai,Tamil Nadu,Business,486090.19,812,2021-04-28
702074,Sunitha Mukherjee,1960-08-14,F,LJVDO5654N,9417135056,Patna,Bihar,Salaried,166335.71,538,2013-07-26
702075,Divya Kulkarni,1977-07-13,F,DTZYJ9819V,8226962698,Kochi,Kerala,Salaried,162292.76,750,2011-10-07
702076,Chitra Iyengar,1997-06-10,F,DAKYO4175F,7128940497,Chennai,Tamil Nadu,Professional,360792.55,764,2020-06-28
702077,Vinod Nair,1982-03-19,M,AAELV4474J,9237171700,Chennai,Tamil Nadu,Business,249092.54,894,2012-10-17
702078,Yogesh Dutta,1978-04-22,M,BLQIO0071M,7600074248,Chennai,Tamil Nadu,Self Employed,125375.81,680,2016-11-01
702079,Rekha Menon,1979-09-30,F,FXLPX5280F,7413990801,Surat,Gujarat,Self Employed,292985.74,659,2019-09-13
702080,Deepak Perumal,1990-10-06,M,URYGB8834I,8992146060,Delhi,Delhi,Business,254721.15,518,2018-12-05
702081,Dinesh Kulkarni,1992-05-28,M,XTWAR2854X,6702279820,Kolkata,West Bengal,Salaried,67540.91,588,2010-06-27
702082,Deepa Mehta,1978-12-20,F,OLSHD2975X,9652250448,Chandigarh,Chandigarh,Salaried,159766.18,557,2024-02-17
702083,Jagan Verma,1959-05-26,M,BTFEX4544F,6778952497,Bengaluru,Karnataka,Salaried,93348.75,566,2022-12-30
702084,Abhishek Rao,1991-08-14,M,DZOKH2240N,9293779917,Coimbatore,Tamil Nadu,Self Employed,153387.48,577,2022-07-21
702085,Shankar Murugan,1985-01-24,M,LSXUU2472V,6206233738,Mumbai,Maharashtra,Salaried,147644.61,517,2018-11-06
702086,Sunil Venkatesan,1997-09-17,M,CGIHH5344U,7621185618,Mumbai,Maharashtra,Salaried,46926.04,654,2024-04-21
702087,Bharath Banerjee,1960-07-17,M,GGLXJ7025E,7138118641,Jaipur,Rajasthan,Salaried,19799.38,699,2021-10-16
702088,Sunitha Krishnan,1984-12-19,F,LISEU0023Z,7419573238,Bhubaneswar,Odisha,Government Employee,111695.08,735,2021-02-08
702089,Sanjay Rao,1999-04-19,M,MWZNQ5999N,7641447437,Mumbai,Maharashtra,Professional,323904.92,654,2013-04-02
702090,Dinesh Dutta,1981-08-07,M,SNETA6345Y,6221103506,Pune,Maharashtra,Salaried,130041.49,763,2020-08-09
702091,Lakshmi Saha,1959-06-22,F,PIQBK7897I,9454109027,Ahmedabad,Gujarat,Business,243391.46,764,2021-07-18
702092,Praveen Reddy,1965-10-02,M,PJOYZ7799L,8683155216,Bengaluru,Karnataka,Salaried,51873.8,519,2013-11-03
702093,Karthik Roy,1994-10-20,M,HEAVM2514S,7307631237,Coimbatore,Tamil Nadu,Farmer,56206.78,637,2012-07-21
702094,Farooq Jadhav,2005-07-16,M,WQUQT8961P,6016080158,Bhubaneswar,Odisha,Farmer,54019.91,544,2011-12-30
702095,Ramesh Dutta,1980-02-15,M,GQRKC9972U,9599388186,Ranchi,Jharkhand,Retired,34345.49,570,2022-07-04
702096,Ravi Rao,1960-09-13,M,UKEDB2584Q,8504785729,Coimbatore,Tamil Nadu,Salaried,154571.68,681,2022-04-27
702097,Oviya Sen,1971-02-22,F,QUHXR7409V,7060347820,Surat,Gujarat,Salaried,153613.77,651,2011-11-18
702098,Farooq Reddy,2003-05-16,M,WITPS8135U,9012996559,Lucknow,Uttar Pradesh,Government Employee,91222.87,802,2023-05-01
702099,Kalpana Thakur,1967-10-11,F,RPQST8148V,8724416729,Nashik,Maharashtra,Salaried,82839.07,858,2013-04-15
702100,Vidya Nair,1981-06-08,F,UTHES0825G,6722349346,Delhi,Delhi,Salaried,74823.44,703,2020-03-25
702101,Revathi Chowdhury,1973-12-04,F,VNRBD8293X,7705988335,Bhubaneswar,Odisha,Business,46141.8,645,2023-02-03
702102,Arun Krishnan,1966-03-12,M,OAZTE4591X,8461522667,Bengaluru,Karnataka,Salaried,164500.61,-1,2018-01-07
702103,Karthik Elumalai,1980-06-19,M,DKLQD0112C,6524735251,Surat,Gujarat,Salaried,30898.11,650,2019-04-19
702104,Pankaj Roy,1998-05-05,M,MMPIP9496W,6112689961,Madurai,Tamil Nadu,Salaried,168137.89,662,2012-07-20
702105,Sunil Deshmukh,2001-01-05,M,PVSYU1512Y,8311137647,Kochi,Kerala,Salaried,123023.24,718,2013-06-25
702106,Sivakumar Nambiar,1999-04-02,M,WOAQD8691Q,6306153644,Madurai,Tamil Nadu,Salaried,165261.53,594,2024-11-25
702107,Hari Deshmukh,1963-07-27,M,IZMRX6078H,9723179924,Madurai,Tamil Nadu,Salaried,28961.9,719,2019-06-09
702108,Priya Saha,1970-05-24,F,TNOCM0072D,7017380696,Delhi,Delhi,Business,189934.2,640,2011-05-25
702109,Rajini Banerjee,1964-06-29,F,ZIMJP5540H,7190478494,Jaipur,Rajasthan,Business,226121.51,764,2010-03-22
702110,Yogesh Rajendran,1963-09-03,M,GTHIP0956M,7598324411,Delhi,Delhi,Business,290171.38,793,2016-05-16
702111,Naveen Tiwari,1971-05-20,M,QGFAG1735G,9318525057,Kochi,Kerala,Farmer,19487.34,829,2011-08-30
702112,Rajini Rana,1986-03-31,F,QFCNW8568E,8236882925,Delhi,Delhi,Government Employee,76560.49,-1,2015-01-15
702113,Senthil Sharma,2000-10-17,M,GLXOY1225M,9977449014,Bengaluru,Karnataka,Business,104815.83,649,2019-04-15
702114,Gayathri Pillai,1983-04-11,F,FFZZH3108X,8379149883,Bhubaneswar,Odisha,Salaried,170568.65,536,2012-12-11
702115,Selvi Krishnan,1972-12-27,F,YWECB2276J,9945402198,Patna,Bihar,Salaried,87738.78,504,2017-06-20
702116,Malathi Patel,1970-06-09,F,ATZYB8178S,8821563032,Bhubaneswar,Odisha,Salaried,112129.43,636,2014-01-04
702117,Chandran Singh,2002-08-26,M,CEURZ5672F,8218074531,Madurai,Tamil Nadu,Business,58104.57,529,2024-06-17
702118,Sangeetha Shah,2001-03-13,F,GVFWW4698D,8416899654,Kochi,Kerala,Salaried,106211.17,508,2013-07-24
702119,Lavanya Subramaniam,1981-05-22,F,HDRNN4335U,9309563862,Patna,Bihar,Retired,27867.84,631,2021-03-17
702120,Kumar Murugan,1994-12-23,M,DTNDL1536Y,8850637545,Surat,Gujarat,Salaried,167199.92,571,2019-07-29
702121,Nithya Subramaniam,1970-03-18,F,BEDDI0953K,9951147036,Surat,Gujarat,Salaried,33455.45,730,2018-09-18
702122,Devi Subramaniam,2000-07-06,F,TTICY4046H,9909503389,Hyderabad,Telangana,Self Employed,168838.41,848,2021-04-02
702123,Priya Chowdhury,1980-03-07,F,CYAGM4716F,9134539855,Surat,Gujarat,Self Employed,248460.24,643,2019-12-03
702124,Sanjay Menon,1969-01-10,M,DCICA9861S,9917502218,Kanpur,Uttar Pradesh,Salaried,57774.21,694,2010-07-05
702125,Amit Ghosh,1985-07-15,M,SKONX3156V,9595328319,Jaipur,Rajasthan,Farmer,39797.28,515,2011-07-14
702126,Madhavi Bose,1981-08-08,F,CBEXV7627D,9813806573,Chennai,Tamil Nadu,Government Employee,105220.46,682,2019-08-14
702127,Dilip Tiwari,1989-11-06,M,BQWBB6848M,7731425087,Ranchi,Jharkhand,Business,446339.05,598,2024-06-22
702128,Kavitha Murugan,1973-05-16,F,XGPWM3573I,7117218249,Chennai,Tamil Nadu,Salaried,64482.64,560,2018-05-03
702129,Esther Iyer,1981-09-07,F,JSYOA6466L,6438728156,Madurai,Tamil Nadu,Salaried,121845.05,488,2013-01-29
702130,Farooq Chauhan,1986-04-06,M,HMQYF3142J,9200904330,Bengaluru,Karnataka,Professional,64241.69,817,2022-04-07
702131,Rahul Tiwari,1973-11-09,M,NCEEX3255X,8655966707,Bengaluru,Karnataka,Self Employed,95069.49,512,2023-06-27
702132,Saranya Kulkarni,1966-10-02,F,NKOYZ9073O,8148031246,Mumbai,Maharashtra,Salaried,25256.78,550,2011-08-02
702133,Sivakumar Dutta,1957-02-23,M,XPZFP0120Z,7699077110,Delhi,Delhi,Salaried,62703.39,666,2018-03-02
702134,Jagan Krishnan,1967-11-30,M,UXRKT7525K,8522245520,Madurai,Tamil Nadu,Business,83277.79,692,2012-08-22
702135,Sneha Patel,1981-03-08,F,LXTGU4909C,6068570283,Hyderabad,Telangana,Retired,11339.18,693,2020-06-29
702136,Radha Pandey,1964-04-11,F,KZIZM5378I,6179238973,Jaipur,Rajasthan,Salaried,44015.03,675,2019-10-14
702137,Rekha Reddy,1961-12-24,F,NLYOY3959Q,7433360581,Chandigarh,Chandigarh,Business,162209.53,580,2022-12-13
702138,Manoj Bhat,2002-04-14,M,GXNMD9997J,8085722233,Ranchi,Jharkhand,Farmer,51562.22,738,2018-11-07
702139,Sivakumar Rao,2005-06-10,M,IUQNT0563A,8074923421,Delhi,Delhi,Salaried,145533.17,684,2016-02-20
702140,Ramesh Deshmukh,1964-02-22,M,LOYOT8962G,7330159029,Chandigarh,Chandigarh,Salaried,106627.97,527,2024-07-25
702141,Farooq Krishnan,1991-04-01,M,ICPZH3520X,8527961530,Lucknow,Uttar Pradesh,Salaried,68165.09,818,2025-04-08
702142,Dinesh Pandey,2004-04-30,M,REOZF2983U,7643011877,Chennai,Tamil Nadu,Salaried,51710.47,633,2017-08-17
702143,Nitin Sharma,1956-11-16,M,XVUAV6852E,6107622542,Surat,Gujarat,Self Employed,178862.43,756,2010-08-16
702144,Vikram Bhat,1960-10-18,M,CCVVQ7562X,9187542562,Delhi,Delhi,Farmer,27005.07,527,2014-12-08
702145,Yamuna Banerjee,2001-07-01,F,OMZSL6962F,8707806357,Kolkata,West Bengal,Salaried,137318.56,553,2018-02-05
702146,Harish Yadav,1995-09-02,M,VXLCJ8558M,7038152584,Chandigarh,Chandigarh,Business,179569.9,611,2017-07-03
702147,Sanjay Patel,1994-11-09,M,AGVVD3271Q,8177724338,Jaipur,Rajasthan,Professional,141620.95,600,2024-06-11
702148,Nithya Murugan,1977-06-16,F,QRJPJ0944P,6025677163,Ahmedabad,Gujarat,Self Employed,190312.0,762,2023-09-05
702149,Meena Singh,1977-05-15,F,VWPCN8401K,8701662721,Pune,Maharashtra,Business,166705.76,512,2020-12-14
702150,Nithya Chelladurai,1965-11-02,F,CAXYW2740H,7930065560,Pune,Maharashtra,Business,141334.14,681,2010-10-07
702151,Farooq Singh,1976-04-29,M,WTADE9185K,9914108815,Hyderabad,Telangana,Professional,206722.28,570,2024-02-18
702152,Mahesh Bose,2004-12-23,M,LCSQR9071C,7839980265,Kolkata,West Bengal,Self Employed,185062.08,715,2010-04-15
702153,Shanthi Banerjee,1975-06-29,F,WXRPX0939H,8227378504,Pune,Maharashtra,Salaried,49973.03,686,2019-04-26
702154,Yogesh Jadhav,1976-08-29,M,WNJVS6703F,9822909601,Chennai,Tamil Nadu,Business,188235.0,614,2017-12-26
702155,Praveen Pillai,1985-11-21,M,XZYFQ4724H,8305113272,Delhi,Delhi,Business,35146.24,877,2015-01-18
702156,Vani Bose,2001-07-07,F,IPANI2131Z,9456100119,Ranchi,Jharkhand,Business,343524.79,662,2021-10-15
702157,Ganesh Sen,1970-08-30,M,PILXG7120N,9128016758,Ranchi,Jharkhand,Government Employee,138715.57,770,2013-06-03
702158,Ilango Bose,1993-10-11,M,MERQY0447M,9441721448,Surat,Gujarat,Government Employee,112501.65,540,2021-04-09
702159,Vinod Shah,1960-11-09,M,UVCRP7009L,7486430877,Chandigarh,Chandigarh,Salaried,78066.17,654,2020-05-07
702160,Ashok Thakur,1974-03-19,M,VNCML0229C,6846726254,Surat,Gujarat,Government Employee,41498.41,675,2023-01-06
702161,Prakash Dutta,1969-10-16,M,RFEGG2669S,8879409940,Coimbatore,Tamil Nadu,Self Employed,171834.89,679,2019-07-18
702162,Sanjay Shah,1957-12-24,M,RFLBB8625R,6299816204,Mumbai,Maharashtra,Salaried,78590.5,634,2018-04-21
702163,Ajay Gupta,1989-05-23,M,OHEUY8604N,9676394576,Kochi,Kerala,Retired,36173.45,588,2022-10-31
702164,Devi Subramaniam,1968-12-15,F,VHRIW8243U,9524156862,Nashik,Maharashtra,Self Employed,105986.77,373,2011-12-31
702165,Priya Pillai,1971-12-08,F,NFDBX5372G,7217359186,Lucknow,Uttar Pradesh,Government Employee,95761.64,612,2021-03-23
702166,Naveen Pandey,1997-10-10,M,UBYYY1683E,9805831632,Bengaluru,Karnataka,Government Employee,54510.75,579,2022-03-27
702167,Latha Sen,2002-07-24,F,FTUNA4695U,6655217604,Hyderabad,Telangana,Salaried,176110.38,642,2024-04-07
702168,Yamuna Mehta,1965-10-07,F,QPTUZ7715B,6447328778,Delhi,Delhi,Self Employed,251116.11,748,2024-02-26
702169,Ajay Mehta,2004-01-29,M,MJEZL8053M,9992614233,Kolkata,West Bengal,Salaried,168445.77,877,2017-01-19
702170,Ashok Iyer,1983-01-07,M,BWGRB2992W,8993438904,Kolkata,West Bengal,Business,66479.34,717,2011-06-09
702171,Vani Chauhan,1979-02-10,F,QEMHV7600E,8575071260,Coimbatore,Tamil Nadu,Business,52914.41,763,2020-10-07
702172,Priya Gupta,2003-03-01,F,YBJPW6741G,6368132720,Kanpur,Uttar Pradesh,Self Employed,92033.3,727,2018-05-10
702173,Yogesh Pandey,1958-08-30,M,CMURT0841H,6186644657,Lucknow,Uttar Pradesh,Professional,42040.82,736,2024-09-15
702174,Ramesh Chauhan,1960-10-06,M,UXYCP1305I,7327806972,Kolkata,West Bengal,Professional,91527.31,723,2014-04-22
702175,Tara Naidu,1988-04-09,F,QGGYC0944S,8406574950,Bhubaneswar,Odisha,Self Employed,80830.83,642,2011-04-20
702176,Rajesh Bose,1996-08-06,M,EFLUU8968F,9173602109,Kochi,Kerala,Government Employee,116867.7,636,2014-08-08
702177,Senthil Subramaniam,1958-06-23,M,WWMYB4364N,6482009857,Delhi,Delhi,Business,466935.78,699,2017-08-06
702178,Madhavi Menon,1959-11-04,F,LAZYB1886U,8304585815,Chandigarh,Chandigarh,Salaried,133438.76,838,2015-06-07
702179,Sneha Banerjee,1962-02-16,F,DHJJB7428K,8702740084,Surat,Gujarat,Self Employed,282053.63,742,2011-06-26
702180,Neha Sen,1990-12-21,F,MMZZB0162D,8561500120,Ahmedabad,Gujarat,Business,486244.64,821,2014-06-30
702181,Latha Iyer,1978-09-11,F,RJPDZ3476U,9479422176,Delhi,Delhi,Salaried,164746.43,545,2025-01-02
702182,Janani Menon,1992-08-22,F,FBPAJ6187O,7670415180,Lucknow,Uttar Pradesh,Salaried,24670.77,693,2010-02-03
702183,Devi Nambiar,1980-04-22,F,VVAPY5909Q,9892450065,Chennai,Tamil Nadu,Salaried,169700.77,706,2013-04-01
702184,Janani Thakur,1965-12-31,F,OGKPD4139X,9920899370,Mumbai,Maharashtra,Professional,231224.74,718,2010-05-26
702185,Naveen Das,1971-05-26,M,OIXKJ9937D,8875339970,Patna,Bihar,Retired,27471.64,538,2014-06-19
702186,Bharath Balasubramanian,1972-11-05,M,SZNLS8791U,8901401622,Delhi,Delhi,Self Employed,100791.34,493,2021-02-01
702187,Rohit Chauhan,1969-01-15,M,FMXUI0399B,8302674326,Kanpur,Uttar Pradesh,Farmer,30844.91,466,2011-12-02
702188,Gayathri Saha,2004-06-13,F,GNNUV3916J,9353264883,Pune,Maharashtra,Self Employed,220120.59,630,2021-12-29
702189,Praveen Subramaniam,1960-02-12,M,WNOBH2623L,6236971222,Delhi,Delhi,Professional,353916.32,891,2022-06-15
702190,Amit Rajendran,1997-01-23,M,AZOSV9832J,7708463611,Chennai,Tamil Nadu,Professional,125526.19,689,2024-04-30
702191,Vikram Reddy,1992-02-24,M,DZXZD2496Q,8595125308,Mumbai,Maharashtra,Self Employed,299556.31,553,2011-12-18
702192,Revathi Pandey,1979-01-22,F,YUVSY3043K,8528952869,Bengaluru,Karnataka,Government Employee,42083.33,701,2011-09-16
702193,Geetha Rana,1986-04-06,F,TJLAT5551N,7980811594,Jaipur,Rajasthan,Government Employee,130119.5,640,2012-10-30
702194,Shanthi Tiwari,1966-03-10,F,DICBV7401D,6307486759,Patna,Bihar,Salaried,83951.25,685,2020-07-25
702195,Jagan Chauhan,1977-09-08,M,RYXWZ8051W,8110817195,Surat,Gujarat,Salaried,149533.14,626,2016-07-03
702196,Rohit Ghosh,1996-02-05,M,SSPBV1405F,6052966704,Ahmedabad,Gujarat,Professional,141097.71,546,2013-07-06
702197,Fathima Dutta,1978-06-28,F,WDPXK6589I,7068936022,Mumbai,Maharashtra,Salaried,145866.86,618,2015-05-10
702198,Balaji Iyengar,1975-04-12,M,EGOAF3795W,7935569162,Delhi,Delhi,Business,190306.16,737,2012-04-30
702199,Yamuna Murugan,1984-11-06,F,QYQHW0668E,7728638426,Mumbai,Maharashtra,Salaried,173909.75,-1,2012-03-01
702200,Gopal Bose,1962-04-11,M,FZPBE7181A,7137068220,Surat,Gujarat,Salaried,154200.23,698,2013-06-09
702201,Priya Mukherjee,1989-10-10,F,YFMKZ4334C,9831067454,Ahmedabad,Gujarat,Salaried,176472.26,785,2018-12-16
702202,Devi Menon,1965-03-08,F,PUPTZ8382Y,8128187940,Bhubaneswar,Odisha,Self Employed,299136.51,568,2015-03-11
702203,Chitra Desai,1957-02-13,F,POXWZ8591Y,7030479704,Bhubaneswar,Odisha,Salaried,177561.22,769,2023-04-12
702204,Lakshmi Mehta,1964-04-28,F,CCJXY3491M,6105289662,Surat,Gujarat,Business,486061.91,676,2020-01-01
702205,Vikram Perumal,1996-09-13,M,NZSIK4406H,7401043982,Kolkata,West Bengal,Salaried,64760.57,688,2016-04-16
702206,Bharath Singh,1983-10-23,M,JPCSU9632O,7856131158,Bengaluru,Karnataka,Professional,318841.53,789,2021-03-25
702207,Chandran Nair,1962-09-21,M,QMLUX4631K,6515923291,Jaipur,Rajasthan,Salaried,84292.38,658,2016-12-16
702208,Rekha Perumal,1969-05-23,F,GZOGT7274M,8995203768,Ahmedabad,Gujarat,Salaried,24954.66,695,2011-12-11
702209,Naveen Raman,1985-11-07,M,OXDWG1756B,8765816702,Bengaluru,Karnataka,Self Employed,47267.51,731,2016-12-15
702210,Swathi Nair,1961-01-02,F,LOWMG1845T,7072512534,Patna,Bihar,Salaried,172083.03,732,2012-05-05
702211,Meena Bose,1974-01-26,F,DQUHQ6163P,6565981687,Kolkata,West Bengal,Farmer,32461.08,748,2012-06-05
702212,Sathish Sen,1979-12-27,M,LRAVE3332Q,7697696603,Chennai,Tamil Nadu,Farmer,32365.55,794,2012-11-03
702213,Manoj Deshmukh,1996-08-28,M,WLRRA0856B,7069869730,Lucknow,Uttar Pradesh,Salaried,163220.23,722,2020-03-04
702214,Chitra Bose,1989-12-25,F,HCPKO8528T,8428698569,Hyderabad,Telangana,Business,474109.12,630,2022-07-09
702215,Farooq Nambiar,1998-04-19,M,LKGYG3552F,9605556082,Hyderabad,Telangana,Salaried,43931.8,-1,2010-09-25
702216,Amit Nair,1984-11-26,M,VQQEH4217G,8133888652,Hyderabad,Telangana,Salaried,45302.79,900,2013-03-27
702217,Janani Yadav,1969-05-13,F,VSOOB3768L,7205861618,Kolkata,West Bengal,Salaried,88495.75,-1,2010-10-01
702218,Ganesh Bose,1987-02-19,M,JHAOI3322H,7677227529,Chandigarh,Chandigarh,Retired,79627.34,669,2022-12-18
702219,Saranya Elumalai,1984-06-19,F,XZNGE4453Z,8405484779,Mumbai,Maharashtra,Business,148061.6,708,2019-03-08
702220,Latha Nair,1990-02-10,F,ZVRUH6193T,8827293678,Bengaluru,Karnataka,Self Employed,263744.26,601,2019-02-06
702221,Rahul Kulkarni,1982-11-06,M,BDZWB8094V,7210184952,Kolkata,West Bengal,Business,399314.06,465,2024-11-06
702222,Rajesh Tiwari,1975-04-10,M,AMQOB7628P,8982167373,Madurai,Tamil Nadu,Salaried,74403.47,599,2015-01-12
702223,Praveen Menon,1964-11-03,M,RMWWI2266H,6153711923,Jaipur,Rajasthan,Business,31104.46,679,2021-11-01
702224,Sathish Desai,1963-02-14,M,HNDQK3162L,8721966788,Nashik,Maharashtra,Self Employed,152743.17,723,2020-01-03
702225,Rajini Das,1994-03-23,F,RGSHO9778F,8991173509,Mumbai,Maharashtra,Business,463077.89,675,2021-04-26
702226,Bharath Das,1996-11-14,M,BKDSA4235H,7437331415,Patna,Bihar,Salaried,156056.68,748,2017-02-17
702227,Esther Ghosh,1992-04-22,F,MFMAH2223E,6336988965,Hyderabad,Telangana,Farmer,12373.15,767,2012-10-22
702228,Indira Shah,1968-04-07,F,NZVMT6850M,7198932785,Mumbai,Maharashtra,Self Employed,219472.29,767,2023-03-12
702229,Revathi Reddy,1988-01-23,F,CCXXN5408X,9648276307,Surat,Gujarat,Government Employee,109848.04,673,2016-03-20
702230,Balaji Yadav,1958-11-07,M,RBHOK2478N,8295271208,Kolkata,West Bengal,Professional,237208.22,681,2024-10-22
702231,Ramesh Elumalai,1962-09-20,M,TPLGQ6266D,7229856128,Bengaluru,Karnataka,Salaried,133485.46,653,2021-12-07
702232,Malathi Elumalai,1985-02-22,F,CBQVF5495Q,9059305446,Bengaluru,Karnataka,Business,85170.74,590,2024-06-13
702233,Mani Sen,2003-04-21,M,ZBRCX5657W,9131602939,Patna,Bihar,Self Employed,159680.78,809,2012-06-17
702234,Sowmya Verma,1969-07-08,F,BDUEH8408F,6885320878,Kolkata,West Bengal,Self Employed,170231.76,555,2014-01-31
702235,Prakash Ghosh,1976-10-04,M,TCKAH7713J,8509282945,Surat,Gujarat,Business,427457.08,666,2020-10-16
702236,Yamuna Sharma,2001-05-24,F,GRDDV2879S,6836275842,Surat,Gujarat,Salaried,45791.2,695,2024-07-23
702237,Priya Bhat,1972-12-02,F,GZWCA9950H,9185229984,Mumbai,Maharashtra,Retired,45709.19,470,2015-07-28
702238,Suresh Roy,1974-12-19,M,UEPNM5835A,9399358130,Delhi,Delhi,Salaried,96891.18,744,2024-12-21
702239,Ramesh Iyer,2004-12-02,M,JETII6990L,7130141406,Surat,Gujarat,Salaried,171669.49,640,2014-12-20
702240,Sathish Reddy,1981-08-26,M,ZNDFB1317U,8274178302,Hyderabad,Telangana,Business,425502.73,695,2013-11-25
702241,Gayathri Murugan,1977-01-07,F,WMKXP8543T,9601360172,Surat,Gujarat,Farmer,12582.53,642,2024-11-14
702242,Nandhini Tiwari,1957-12-08,F,GHWWX8852V,9242011499,Mumbai,Maharashtra,Salaried,172516.07,528,2025-02-23
702243,Dilip Verma,1975-02-26,M,MVTTR6352F,9834577121,Bengaluru,Karnataka,Government Employee,83512.53,692,2022-06-30
702244,Arun Yadav,1970-11-21,M,OWFCL1438C,9255999357,Chandigarh,Chandigarh,Self Employed,166566.91,683,2025-02-21
702245,Deepak Yadav,1986-08-23,M,LJVQO9207H,6580259755,Hyderabad,Telangana,Business,394781.22,768,2021-09-14
702246,Fathima Bose,1974-11-20,F,OLVJX6786O,8392855916,Chandigarh,Chandigarh,Retired,48705.21,719,2012-07-25
702247,Harish Mishra,1995-02-14,M,SYQYM6775Z,9713817148,Bhubaneswar,Odisha,Salaried,53745.43,514,2016-05-20
702248,Balaji Shah,1997-07-23,M,CZQKI7343C,9547476659,Kolkata,West Bengal,Salaried,18570.29,778,2016-10-14
702249,Hari Patel,1960-03-27,M,VOPXR8835C,7485704816,Chennai,Tamil Nadu,Salaried,154396.38,-1,2021-06-09
702250,Anand Perumal,1998-04-26,M,AWYAN2952M,7178437635,Surat,Gujarat,Professional,138576.57,749,2018-10-13
702251,Divya Kulkarni,1979-02-02,F,GTRUO5437M,8063504870,Kolkata,West Bengal,Salaried,52341.38,746,2013-03-10
702252,Gopal Thakur,1976-08-14,M,NBGXU7105H,8154679941,Ahmedabad,Gujarat,Professional,86264.2,720,2013-09-15
702253,Nithya Bhat,1965-07-11,F,QEIJP6947O,7598626098,Kolkata,West Bengal,Self Employed,154714.96,607,2015-05-13
702254,Shanthi Mehta,1965-06-15,F,NGFQV4140B,8742635765,Delhi,Delhi,Self Employed,77016.91,724,2021-01-01
702255,Shankar Chelladurai,1966-10-04,M,VFSET8445E,6472666085,Delhi,Delhi,Self Employed,204491.6,-1,2018-08-17
702256,Ajay Ghosh,2005-02-28,M,FHBXV3381G,7766425759,Ahmedabad,Gujarat,Salaried,172729.2,639,2010-07-12
702257,Mani Mishra,1986-02-10,M,PHWIG8775N,8125376624,Nashik,Maharashtra,Self Employed,273020.76,900,2013-07-08
702258,Sowmya Perumal,1991-12-21,F,CFZPN4640Y,9562978844,Bengaluru,Karnataka,Salaried,87413.12,651,2020-04-12
702259,Yogesh Venkatesan,1976-02-28,M,CIKSW0645H,6004895212,Surat,Gujarat,Self Employed,254665.95,568,2019-09-07
702260,Gayathri Yadav,1988-09-24,F,ARBUG3236L,7970581329,Ranchi,Jharkhand,Business,83350.71,641,2024-08-06
702261,Gopal Elumalai,1973-08-18,M,GQKNF2394M,9000996871,Kochi,Kerala,Salaried,177657.31,810,2018-10-29
702262,Indira Venkatesan,1969-11-14,F,FPCYD2277V,7107700775,Kanpur,Uttar Pradesh,Salaried,160090.68,619,2014-03-29
702263,Deepak Sharma,1979-11-02,M,YHFCF1238T,7415917061,Mumbai,Maharashtra,Self Employed,282906.35,441,2017-03-12
702264,Esther Chauhan,1988-08-20,F,NTRTQ7027Y,6450241977,Bengaluru,Karnataka,Government Employee,108157.59,813,2023-08-23
702265,Neha Bhat,1983-02-17,F,UYFOK7577A,7105679493,Kochi,Kerala,Self Employed,206668.46,705,2010-01-02
702266,Hari Shah,1969-04-14,M,QVPXU5736O,8814884274,Bengaluru,Karnataka,Salaried,110895.41,626,2011-09-28
702267,Arjun Shah,1965-11-09,M,YDBRT9236P,9699100360,Bhubaneswar,Odisha,Salaried,92056.01,742,2012-06-16
702268,Rahul Perumal,2003-09-17,M,RRLXL4390N,8083883241,Bhubaneswar,Odisha,Salaried,131775.87,586,2013-10-27
702269,Deepak Chauhan,1992-04-14,M,DFTFO8867S,9503077865,Kanpur,Uttar Pradesh,Self Employed,216347.6,562,2024-07-19
702270,Nithya Roy,2001-11-08,F,ELYIO5278M,7013957673,Delhi,Delhi,Salaried,65717.59,764,2024-10-24
702271,Jagan Verma,2004-04-05,M,AUVZA7254L,9631302721,Coimbatore,Tamil Nadu,Salaried,104580.49,625,2022-08-28
702272,Sowmya Pillai,1987-02-16,F,PNMIN1749Y,7346693302,Nashik,Maharashtra,Salaried,160865.86,724,2011-05-06
702273,Anand Murugan,1993-12-09,M,MEPIW9737C,6859360605,Kanpur,Uttar Pradesh,Business,462756.71,675,2010-05-17
702274,Farooq Bose,1961-12-31,M,SWOHA8476P,8054699134,Delhi,Delhi,Business,352179.32,753,2018-06-19
702275,Vinod Chowdhury,1964-02-01,M,BKBOO6808C,6958857337,Pune,Maharashtra,Salaried,52018.47,684,2023-08-02
702276,Chandran Chauhan,1964-10-17,M,VEVIJ9223W,9376496870,Kolkata,West Bengal,Business,79772.21,479,2022-08-10
702277,Ravi Chowdhury,1989-07-14,M,UCRUH5955R,7327622184,Hyderabad,Telangana,Business,276049.38,738,2020-11-16
702278,Lavanya Singh,1982-03-24,F,VBINP7319P,7843731286,Patna,Bihar,Self Employed,62113.81,-1,2025-04-26
702279,Hema Verma,1987-04-12,F,JOKVH1193D,9933815694,Bengaluru,Karnataka,Salaried,154412.41,629,2012-07-30
702280,Vivek Nair,1957-10-27,M,RKSAG3584H,7466966328,Bengaluru,Karnataka,Business,320647.14,757,2017-12-07
702281,Naveen Shah,1992-09-09,M,WTNUL0587R,8853897471,Chennai,Tamil Nadu,Salaried,28386.93,684,2022-01-06
702282,Shanthi Murugan,1959-03-19,F,DUWLF5790A,7008427209,Patna,Bihar,Salaried,115514.8,809,2022-09-22
702283,Hema Nambiar,1979-07-10,F,LRQLX5657B,7131721261,Chandigarh,Chandigarh,Salaried,65222.93,644,2013-08-17
702284,Divya Dutta,1989-10-03,F,BMLQI6678C,6567170382,Kanpur,Uttar Pradesh,Salaried,74188.36,478,2023-09-29
702285,Nithya Reddy,1970-08-19,F,WBWWU0817O,6476664334,Mumbai,Maharashtra,Farmer,15615.76,643,2017-08-30
702286,Pooja Murugan,1973-04-18,F,EDFCL0053D,8440233384,Madurai,Tamil Nadu,Farmer,8903.3,722,2022-03-26
702287,Meena Singh,1977-08-09,F,NZPHM5304E,7278854649,Bengaluru,Karnataka,Self Employed,241620.16,641,2012-01-25
702288,Rajesh Rana,1967-12-22,M,ILLHU1681D,6421881145,Nashik,Maharashtra,Self Employed,138668.92,629,2012-02-16
702289,Karthik Gupta,1973-07-30,M,LLRJP0826C,9845783447,Bengaluru,Karnataka,Salaried,41036.6,-1,2024-11-03
702290,Lakshmi Jadhav,2000-09-17,F,FHPCE0685V,6718270826,Hyderabad,Telangana,Government Employee,146941.95,814,2010-10-03
702291,Nitin Kumar,1975-02-05,M,PTIYE6978N,8009994418,Mumbai,Maharashtra,Business,157505.41,659,2011-07-10
702292,Bhavya Rajendran,1971-04-18,F,KBDFG7973E,9363669850,Ahmedabad,Gujarat,Self Employed,224135.92,774,2025-05-31
702293,Suresh Joshi,1984-02-26,M,DNFMU5832L,7209643103,Chennai,Tamil Nadu,Salaried,131165.16,688,2010-09-29
702294,Arun Murugan,1994-04-24,M,VJXUZ4184F,7937434067,Delhi,Delhi,Farmer,48039.99,536,2013-08-25
702295,Ramesh Rao,1988-12-05,M,KBIPV8218F,8918141738,Ranchi,Jharkhand,Salaried,131415.46,584,2021-11-22
702296,Sathish Naidu,1957-12-22,M,UIXQA9279H,9195250253,Chennai,Tamil Nadu,Government Employee,64946.76,644,2024-07-07
702297,Nitin Thakur,1991-11-08,M,OXVIJ2470Q,6750223297,Chennai,Tamil Nadu,Self Employed,281318.51,703,2020-09-21
702298,Vinod Shah,1956-12-29,M,MMPOE7099A,8543931038,Chennai,Tamil Nadu,Salaried,59174.61,596,2016-01-22
702299,Praveen Naidu,2005-02-28,M,BDJAO3042L,9704635349,Mumbai,Maharashtra,Business,182186.24,539,2020-08-10
702300,Dinesh Verma,1964-04-08,M,LSRMD9589H,7681163076,Patna,Bihar,Self Employed,93305.65,577,2017-05-24
702301,Vijay Ghosh,1961-09-09,M,PIWPN3937J,6205714772,Surat,Gujarat,Salaried,67834.54,624,2016-03-05
702302,Arjun Chelladurai,1975-08-12,M,KOURB5619I,6503580828,Bhubaneswar,Odisha,Professional,261226.68,589,2021-04-20
702303,Kavitha Desai,1986-11-16,F,KBUDO4757C,6234622971,Surat,Gujarat,Self Employed,153805.09,618,2024-03-21
702304,Ganesh Nambiar,1961-11-11,M,YFCUN9891T,6781360792,Chennai,Tamil Nadu,Business,229789.09,850,2016-06-07
702305,Arjun Banerjee,1980-04-22,M,HMIVQ5056N,7910078111,Mumbai,Maharashtra,Salaried,177655.78,700,2015-11-14
702306,Vijay Kumar,1976-06-06,M,AXUDS2153W,6397913947,Madurai,Tamil Nadu,Business,420049.95,596,2023-01-12
702307,Oviya Reddy,1994-06-09,F,FTZLC4230K,8812480326,Chennai,Tamil Nadu,Farmer,19377.31,672,2021-01-25
702308,Mani Subramaniam,1982-02-10,M,NZNKI1688U,7477020641,Chennai,Tamil Nadu,Salaried,83527.93,823,2020-06-19
702309,Jagan Elumalai,2003-02-23,M,QDCUJ7550J,8460500659,Bengaluru,Karnataka,Salaried,173429.39,735,2015-08-17
702310,Sanjay Banerjee,1957-09-15,M,BHVWT7408T,7862089751,Madurai,Tamil Nadu,Government Employee,94041.68,663,2022-02-08
702311,Divya Saha,1961-03-02,F,OTTFV6223J,9917227598,Jaipur,Rajasthan,Self Employed,173131.39,544,2022-10-24
702312,Sowmya Jadhav,1976-12-09,F,WOGER8498U,9952601077,Lucknow,Uttar Pradesh,Government Employee,111666.13,512,2010-11-19
702313,Deepak Thakur,1970-05-08,M,NJCUP7288C,7248077975,Delhi,Delhi,Self Employed,147016.54,641,2022-03-06
702314,Anjali Dutta,1969-11-09,F,WBWSZ9034M,9221986110,Ahmedabad,Gujarat,Business,162505.12,663,2019-11-02
702315,Balaji Kulkarni,1990-12-17,M,JOCRO4639I,6554993375,Ahmedabad,Gujarat,Self Employed,155583.86,519,2020-10-10
702316,Farooq Elumalai,1963-09-04,M,XDQWO2307B,6808646502,Kolkata,West Bengal,Salaried,173126.49,546,2017-10-23
702317,Chandran Chowdhury,1980-05-28,M,UUTJP6562E,8781746417,Nashik,Maharashtra,Salaried,142165.07,669,2017-05-14
702318,Fathima Thakur,1991-12-01,F,LVCHK6648A,8629115270,Bengaluru,Karnataka,Salaried,34255.79,-1,2013-07-14
702319,Ganesh Iyengar,1999-10-20,M,IAXRX5146H,7732785474,Chennai,Tamil Nadu,Salaried,100231.96,462,2016-04-02
702320,Gopal Sen,1968-07-18,M,SHFNW3619M,8592453856,Mumbai,Maharashtra,Salaried,108882.73,509,2024-06-10
702321,Fathima Naidu,1987-02-16,F,CYLEO7218K,7234114394,Kolkata,West Bengal,Business,210466.35,668,2015-11-27
702322,Uma Sharma,1962-07-16,F,EGICT1821C,9674504077,Mumbai,Maharashtra,Professional,355207.76,726,2023-10-21
702323,Oviya Rajendran,1957-11-01,F,YTYEO0316L,6817183126,Kanpur,Uttar Pradesh,Retired,41815.77,703,2014-02-19
702324,Yamuna Balasubramanian,1995-04-26,F,OJQDC7568C,9850069355,Nashik,Maharashtra,Salaried,49495.69,768,2010-02-21
702325,Sangeetha Jadhav,1997-12-12,F,GABHG3656X,9365685363,Ranchi,Jharkhand,Salaried,168947.66,823,2025-02-24
702326,Malathi Das,1962-03-16,F,PEAOK0740Z,9447561246,Pune,Maharashtra,Self Employed,74955.36,758,2013-10-03
702327,Vinod Gupta,2005-01-18,M,HNIWY9530T,9608821413,Kanpur,Uttar Pradesh,Self Employed,216029.85,648,2023-09-27
702328,Kumar Murugan,2004-02-05,M,SDPCG1778L,7225339856,Kolkata,West Bengal,Self Employed,17465.18,875,2020-03-30
702329,Prakash Singh,1961-08-24,M,DPGAU5180E,8555535301,Mumbai,Maharashtra,Government Employee,64324.98,-1,2019-08-08
702330,Rajini Bhat,1969-09-26,F,MNINU4820R,8014510097,Kanpur,Uttar Pradesh,Salaried,47292.09,833,2018-05-17
702331,Suresh Ghosh,2004-03-23,M,KUFLJ1672B,7605686982,Mumbai,Maharashtra,Salaried,26881.92,-1,2024-04-11
702332,Dinesh Menon,1977-04-17,M,RLUNY6854P,8228089319,Bhubaneswar,Odisha,Self Employed,79574.78,762,2023-08-24
702333,Deepa Tiwari,2004-03-19,F,SEADZ2002P,8101575141,Hyderabad,Telangana,Salaried,145979.63,596,2012-09-02
702334,Ashok Chowdhury,1956-11-23,M,HSAKN4232I,7675513419,Kolkata,West Bengal,Government Employee,29578.96,711,2020-02-13
702335,Ganesh Krishnan,1989-09-11,M,CKXBI8835N,8766311403,Kochi,Kerala,Salaried,164778.98,-1,2011-07-14
702336,Arun Krishnan,2004-12-15,M,PWQZK3447U,8932753091,Ranchi,Jharkhand,Salaried,20331.28,474,2016-10-15
702337,Hari Bose,1998-09-13,M,ZXONQ6739R,6805177792,Jaipur,Rajasthan,Salaried,89146.15,642,2025-02-19
702338,Rekha Chauhan,1981-07-21,F,TDGFS7742Q,9037788651,Surat,Gujarat,Self Employed,118227.57,437,2018-12-25
702339,Sunil Iyengar,2002-07-31,M,ZWIWX1018I,8250423527,Pune,Maharashtra,Business,63002.87,634,2010-03-29
702340,Kalpana Chowdhury,1985-07-20,F,HKMGJ6290I,8689682270,Lucknow,Uttar Pradesh,Self Employed,292406.45,771,2018-01-30
702341,Yamuna Murugan,1980-06-29,F,JXVWU7519E,9477385625,Coimbatore,Tamil Nadu,Business,69212.3,675,2012-12-01
702342,Anand Venkatesan,1991-04-04,M,JMYQY1673L,7677314618,Coimbatore,Tamil Nadu,Self Employed,263973.53,827,2013-11-09
702343,Prakash Ghosh,1989-03-11,M,WOQSZ8814A,7275747399,Kochi,Kerala,Salaried,135242.12,674,2017-09-26
702344,Malathi Nair,1978-02-09,F,OWCXK3482U,9161397835,Mumbai,Maharashtra,Salaried,88109.18,684,2014-11-18
702345,Mani Naidu,1975-11-24,M,JKICG1820Y,8446691625,Madurai,Tamil Nadu,Self Employed,76456.57,645,2023-10-27
702346,Arun Desai,1993-01-28,M,HVBNE1976H,8876372624,Mumbai,Maharashtra,Salaried,123101.72,725,2012-07-06
702347,Senthil Reddy,2003-08-22,M,SNEUG4885P,6413298598,Ahmedabad,Gujarat,Farmer,30991.07,-1,2023-01-16
702348,Madhavi Menon,1976-07-23,F,YCRXS2828P,7592555381,Surat,Gujarat,Salaried,97059.63,671,2022-02-25
702349,Esther Rao,1963-03-19,F,PZNXS3127U,9824703093,Lucknow,Uttar Pradesh,Self Employed,281654.67,788,2017-02-22
702350,Padma Saha,1997-01-09,F,MLXXT6179B,7176311301,Kochi,Kerala,Self Employed,119094.59,828,2020-06-25
702351,Vidya Venkatesan,1973-03-30,F,EOHXC4168V,9452389701,Kochi,Kerala,Salaried,69703.51,710,2024-10-11
702352,Gokul Das,1963-04-16,M,PYDGU1389L,8393306672,Lucknow,Uttar Pradesh,Salaried,125640.55,568,2018-10-28
702353,Abhishek Nair,1979-06-23,M,DNWKT7833P,8796928759,Delhi,Delhi,Salaried,137467.05,728,2017-02-04
702354,Ajay Ghosh,1972-07-13,M,DWGKJ5515Z,7888628150,Kanpur,Uttar Pradesh,Self Employed,59861.67,803,2025-05-25
702355,Balaji Mehta,1994-03-25,M,ZLSVS9990B,8549685413,Coimbatore,Tamil Nadu,Farmer,32833.75,737,2022-01-20
702356,Arjun Dutta,1980-09-30,M,EECLN6236W,8383171986,Surat,Gujarat,Self Employed,202253.36,703,2014-08-19
702357,Rajini Shah,1961-10-05,F,YAXHC7782F,6134211219,Bengaluru,Karnataka,Self Employed,46704.51,764,2017-05-15
702358,Arun Pillai,1964-04-25,M,GNTBT8361T,8291015078,Chandigarh,Chandigarh,Business,242758.24,800,2017-04-13
702359,Radha Singh,2003-01-06,F,DPMNW3684P,6984287643,Chennai,Tamil Nadu,Salaried,137495.89,427,2020-08-04
702360,Rajesh Kulkarni,1974-09-24,M,ICREN7726A,7156337941,Kolkata,West Bengal,Self Employed,239929.29,819,2019-06-27
702361,Yogesh Thakur,1975-10-30,M,QIQTA9258D,6341536197,Kolkata,West Bengal,Self Employed,157586.62,749,2019-11-15
702362,Dilip Sen,1997-08-01,M,HFJLZ8102Y,7356962013,Kolkata,West Bengal,Salaried,67350.25,-1,2024-10-22
702363,Nitin Iyengar,1956-12-17,M,AIVMA6232K,9679776336,Chennai,Tamil Nadu,Salaried,66408.07,721,2015-12-03
702364,Vani Reddy,1975-10-16,F,OUJYA0199L,6184210168,Chennai,Tamil Nadu,Self Employed,148088.74,622,2010-09-22
702365,Aishwarya Chelladurai,1978-05-11,F,VPMHW4562R,9614280175,Madurai,Tamil Nadu,Professional,313559.26,697,2018-04-26
702366,Shankar Elumalai,1992-04-19,M,AZEKC9910K,6126515820,Chennai,Tamil Nadu,Government Employee,149977.54,733,2011-02-12
702367,Janani Mishra,1958-05-20,F,ASLOQ4124A,7418968720,Kolkata,West Bengal,Salaried,44714.39,534,2011-04-18
702368,Sanjay Chelladurai,1992-08-02,M,CBKPR9908W,9329238382,Delhi,Delhi,Salaried,46132.79,746,2017-03-26
702369,Karthik Pillai,1990-09-29,M,ENZVU8235Z,7976683134,Delhi,Delhi,Salaried,21883.56,682,2019-11-20
702370,Vijay Pandey,1973-04-22,M,TYHIN2852H,9488348041,Delhi,Delhi,Self Employed,115860.25,815,2024-12-27
702371,Sandeep Nambiar,1970-04-10,M,OODLS2121D,9710636003,Delhi,Delhi,Salaried,58666.62,739,2010-09-27
702372,Oviya Pillai,1987-11-08,F,UIMTJ7327P,8550537081,Mumbai,Maharashtra,Salaried,152082.3,-1,2013-12-21
702373,Shankar Dutta,1971-12-07,M,MSNTM2073A,8869465953,Kochi,Kerala,Business,357603.33,658,2012-04-15
702374,Vidya Rao,1992-07-13,F,FJWXN0627V,7164875190,Kanpur,Uttar Pradesh,Self Employed,34170.81,680,2013-08-20
702375,Suresh Yadav,1987-09-03,M,VNDIQ4761W,7528220524,Ranchi,Jharkhand,Salaried,61423.6,736,2021-06-28
702376,Bhavya Kulkarni,1976-04-26,F,NTVSJ7725A,8459434429,Nashik,Maharashtra,Business,81699.59,689,2018-08-22
702377,Jagan Pandey,2000-07-31,M,ULJAZ7460B,9885330768,Kolkata,West Bengal,Salaried,37556.73,727,2019-08-20
702378,Dilip Chelladurai,1983-05-08,M,WUWPZ8665X,7508897808,Patna,Bihar,Salaried,84172.83,607,2015-07-01
702379,Sangeetha Bhat,1983-12-06,F,BRIDV8981P,8300513364,Delhi,Delhi,Salaried,27517.96,557,2021-12-22
702380,Janani Rajendran,2004-02-09,F,MQVOU6051S,6041712197,Chennai,Tamil Nadu,Farmer,9052.86,621,2015-03-21
702381,Gopal Reddy,1985-09-17,M,LMOZX0101F,9778806162,Ahmedabad,Gujarat,Salaried,120699.83,539,2013-12-29
702382,Pankaj Nair,1993-10-07,M,OPIJW7648E,6674975824,Kolkata,West Bengal,Business,445452.38,601,2019-05-23
702383,Hema Naidu,1982-11-18,F,IBRVP2559L,9016987401,Chennai,Tamil Nadu,Salaried,56299.67,709,2022-03-31
702384,Priya Subramaniam,1988-06-04,F,JNVPB5994Y,8619543676,Hyderabad,Telangana,Self Employed,102403.04,520,2014-12-24
702385,Janani Gupta,1993-11-29,F,KGABK6329K,6957147115,Surat,Gujarat,Salaried,166696.2,558,2018-06-22
702386,Sunitha Joshi,1964-04-25,F,FHJCF0392K,7260453490,Bengaluru,Karnataka,Self Employed,21513.32,745,2011-02-14
702387,Sanjay Mehta,1964-01-07,M,GBFCM8337A,6405313563,Mumbai,Maharashtra,Self Employed,198002.02,625,2014-09-17
702388,Rahul Patel,1991-10-14,M,QLGWC6546M,7337590347,Mumbai,Maharashtra,Salaried,157276.85,674,2017-08-18
702389,Vivek Raman,1996-12-10,M,VVRMB3381M,6081273250,Chandigarh,Chandigarh,Self Employed,62387.63,558,2024-01-04
702390,Karthik Das,1991-11-11,M,KSTMT1960L,8392192475,Mumbai,Maharashtra,Salaried,102408.27,576,2014-12-14
702391,Vijay Kulkarni,1998-03-22,M,AOHTM2701W,6177846929,Delhi,Delhi,Salaried,46940.95,646,2017-01-01
702392,Mahesh Balasubramanian,1964-02-02,M,JRJUJ0859F,7318567259,Kolkata,West Bengal,Salaried,114084.06,830,2024-12-22
702393,Sunil Verma,1981-07-29,M,AJDOL8617Y,9094309330,Mumbai,Maharashtra,Salaried,55969.99,717,2011-12-20
702394,Karthik Chelladurai,1994-04-24,M,VCWBP1896T,9487514590,Surat,Gujarat,Professional,435601.47,516,2018-05-26
702395,Nithya Chauhan,1990-03-05,F,BGCQE9753E,9724836156,Mumbai,Maharashtra,Self Employed,287030.22,718,2023-02-24
702396,Vinod Jadhav,1992-11-21,M,VCJYG2855K,6851264019,Chennai,Tamil Nadu,Business,90004.58,763,2021-12-16
702397,Rohit Venkatesan,1969-02-10,M,SHSUF0382C,9640488735,Lucknow,Uttar Pradesh,Salaried,64963.86,741,2018-04-07
702398,Radha Das,1978-05-28,F,TYSME4762K,8877653381,Kolkata,West Bengal,Government Employee,43047.51,559,2018-04-25
702399,Gokul Bose,1965-08-10,M,VPZLK9526S,8596709390,Kochi,Kerala,Salaried,62409.56,669,2020-07-29
702400,Selvi Naidu,1992-08-28,F,IEAZI6908L,7218473004,Patna,Bihar,Salaried,46142.37,877,2020-01-23
702401,Sowmya Balasubramanian,1973-07-28,F,IIYFY3851C,6557999132,Delhi,Delhi,Business,392384.68,586,2011-05-09
702402,Vivek Saha,1989-10-25,M,BHRYW8706B,9662904326,Kolkata,West Bengal,Self Employed,146360.66,707,2010-12-09
702403,Sneha Chowdhury,2001-10-05,F,SHGFC2032D,9544575297,Delhi,Delhi,Government Employee,112602.32,-1,2015-02-04
702404,Shanthi Bhat,1977-07-30,F,HGXFL2214F,7394821336,Delhi,Delhi,Professional,279039.05,604,2012-11-10
702405,Rajini Krishnan,1962-11-01,F,LVDOI7523L,9684848555,Kolkata,West Bengal,Self Employed,260105.46,554,2019-11-18
702406,Hari Mishra,2000-12-19,M,GWIYL5160V,7891888059,Ranchi,Jharkhand,Retired,69416.96,634,2012-04-04
702407,Saranya Sharma,1981-10-20,F,QVVFP7399K,8225695495,Bengaluru,Karnataka,Self Employed,208848.3,773,2017-02-20
702408,Harish Jadhav,1958-05-03,M,UJZRA2835M,8503717984,Surat,Gujarat,Professional,216200.37,-1,2022-04-29
702409,Geetha Jadhav,1963-02-03,F,VFVFZ1698C,7367966318,Delhi,Delhi,Business,459581.68,785,2015-07-17
702410,Uma Thakur,1991-04-25,F,FPVHG1389V,7236622398,Kanpur,Uttar Pradesh,Salaried,36350.98,592,2017-09-14
702411,Jagan Bose,1991-03-26,M,ADDFW4060J,8371772739,Madurai,Tamil Nadu,Self Employed,102297.55,630,2016-05-01
702412,Arun Rao,1996-12-29,M,ASSXQ1268W,6734953274,Patna,Bihar,Salaried,94932.95,591,2024-07-17
702413,Kumar Banerjee,1971-02-27,M,TUVCG1228H,9270907957,Lucknow,Uttar Pradesh,Salaried,64943.16,478,2010-04-20
702414,Senthil Kulkarni,1996-04-28,M,WBLHU4490G,7223764509,Chennai,Tamil Nadu,Government Employee,39495.9,733,2012-06-13
702415,Nitin Desai,1992-03-25,M,JTUSM1378V,8923130116,Coimbatore,Tamil Nadu,Self Employed,52021.45,823,2015-06-26
702416,Sivakumar Shah,1982-11-14,M,LLMCS1903T,6120085172,Jaipur,Rajasthan,Salaried,68298.14,818,2017-09-24
702417,Sangeetha Das,1994-11-29,F,MOUMV5293R,7697282779,Nashik,Maharashtra,Government Employee,123287.18,631,2016-03-12
702418,Karthik Mukherjee,1967-06-08,M,QXTAE5237J,6831321567,Ahmedabad,Gujarat,Farmer,36836.74,802,2015-04-25
702419,Pankaj Banerjee,1967-01-19,M,LEOSN5500F,8562624830,Coimbatore,Tamil Nadu,Salaried,174313.84,779,2019-01-13
702420,Amit Nair,1983-01-27,M,CTKXX2710Y,8572561431,Jaipur,Rajasthan,Salaried,20549.27,644,2014-02-18
702421,Sunitha Yadav,1988-10-02,F,CYIVM3405P,9590668281,Bengaluru,Karnataka,Salaried,40961.15,675,2019-07-04
702422,Arun Balasubramanian,1996-08-16,M,MTUOH2298Q,6003501559,Madurai,Tamil Nadu,Salaried,56191.88,641,2018-12-21
702423,Sandeep Gupta,1966-09-25,M,FFVHC3261X,9559269576,Chennai,Tamil Nadu,Salaried,111230.72,698,2022-01-07
702424,Nithya Subramaniam,1975-06-15,F,HOGGT8139S,8546491919,Patna,Bihar,Government Employee,144730.96,-1,2013-11-22
702425,Neha Kumar,1983-08-14,F,WKUZE9666O,8750780006,Kochi,Kerala,Self Employed,190798.13,848,2023-11-15
702426,Vani Elumalai,1979-06-22,F,QSVQB8479L,9111403653,Patna,Bihar,Government Employee,110401.66,588,2023-12-25
702427,Nitin Mehta,1957-10-19,M,KDWLV4958S,7089103946,Pune,Maharashtra,Business,448042.94,562,2017-07-01
702428,Naveen Thakur,2005-04-16,M,BNQEJ2412V,6831901336,Chandigarh,Chandigarh,Salaried,126401.29,759,2018-02-18
702429,Rohit Ghosh,1986-10-31,M,KFJHJ4393N,7390084852,Bhubaneswar,Odisha,Business,352354.88,682,2016-06-09
702430,Abhishek Rajendran,1990-09-02,M,MASOH1710D,9564815984,Madurai,Tamil Nadu,Self Employed,235863.91,496,2019-09-18
702431,Usha Patel,1976-07-10,F,THQGD1096Z,8100325948,Nashik,Maharashtra,Business,296253.05,580,2010-05-17
702432,Farooq Desai,2000-10-05,M,EMQPR0132J,8687763013,Bengaluru,Karnataka,Professional,258723.88,598,2021-05-29
702433,Balaji Mishra,2001-06-30,M,XCYIB1777U,7830403516,Coimbatore,Tamil Nadu,Farmer,20850.46,618,2020-12-12
702434,Rekha Nair,1999-01-31,F,OUGDJ6210Z,8843652831,Jaipur,Rajasthan,Salaried,85038.02,707,2021-01-20
702435,Praveen Mukherjee,1984-02-22,M,PBZFY5254Q,9575235166,Jaipur,Rajasthan,Salaried,103956.29,771,2020-03-18
702436,Vijay Rana,1961-01-27,M,SRNEX9822Q,8413954812,Ahmedabad,Gujarat,Salaried,175000.32,661,2017-08-28
702437,Sandeep Nair,1990-06-09,M,ECQAK1899S,7072647632,Madurai,Tamil Nadu,Salaried,22542.44,691,2010-04-17
702438,Gokul Chowdhury,1969-12-09,M,CENLA0588S,7362754743,Chandigarh,Chandigarh,Government Employee,38089.05,606,2013-11-15
702439,Divya Murugan,2004-11-06,F,BPHWY1593U,6249747461,Hyderabad,Telangana,Self Employed,79979.08,774,2018-02-05
702440,Sivakumar Rajendran,1970-06-20,M,FCZDO8687F,7802849876,Delhi,Delhi,Business,206176.94,-1,2017-06-28
702441,Lavanya Reddy,2000-08-22,F,FMRXE9683X,7791876006,Delhi,Delhi,Salaried,154573.73,804,2010-06-23
702442,Gokul Murugan,1986-10-16,M,QAEEG6956E,8090999233,Surat,Gujarat,Salaried,144626.87,652,2013-02-03
702443,Vidya Bose,1968-02-23,F,GXLFO2445R,7239087376,Bhubaneswar,Odisha,Salaried,120977.9,606,2012-03-23
702444,Anand Banerjee,1963-12-20,M,CWJNK1769Q,7335041151,Mumbai,Maharashtra,Government Employee,119933.18,874,2010-08-20
702445,Rahul Nambiar,1969-01-21,M,KLNNS7970Z,8452617685,Kolkata,West Bengal,Salaried,95097.28,765,2021-04-04
702446,Anjali Desai,1979-06-11,F,XVKQM5728I,7213240267,Lucknow,Uttar Pradesh,Salaried,44056.83,592,2015-04-24
702447,Pankaj Raman,1977-07-11,M,IXGDK7666Q,8119161916,Coimbatore,Tamil Nadu,Salaried,92202.34,516,2024-03-06
702448,Chitra Sharma,2000-06-28,F,UWQIK0945L,6887810126,Lucknow,Uttar Pradesh,Salaried,109928.23,649,2022-03-07
702449,Karthik Bose,1959-04-18,M,JTDCD2005J,6382902886,Mumbai,Maharashtra,Salaried,29751.14,791,2020-12-16
702450,Vijay Murugan,1962-12-28,M,VULDB5709O,8764276061,Mumbai,Maharashtra,Salaried,129804.24,625,2018-05-09
702451,Sangeetha Kulkarni,1988-11-16,F,DSBLC8701W,6813850618,Surat,Gujarat,Government Employee,30477.1,654,2023-07-17
702452,Rajini Kumar,1974-06-07,F,WGKIF9327E,8432953776,Chennai,Tamil Nadu,Self Employed,19872.49,630,2024-01-03
702453,Rajesh Nambiar,1995-09-01,M,PYSCV4217V,9300428736,Surat,Gujarat,Salaried,143778.98,739,2025-04-14
702454,Arun Desai,1968-02-09,M,SIXZA8301Y,9548165210,Patna,Bihar,Salaried,80797.13,810,2012-08-29
702455,Suresh Raman,1968-03-23,M,PMGIA8414K,9142897468,Pune,Maharashtra,Professional,408058.49,558,2014-11-03
702456,Arun Kumar,1994-03-01,M,XBFEO4272H,6929471561,Lucknow,Uttar Pradesh,Salaried,94975.09,650,2018-06-13
702457,Janani Mishra,2001-08-31,F,GORFV9604V,8299660399,Chennai,Tamil Nadu,Business,83978.85,658,2012-12-09
702458,Deepa Nambiar,1957-08-02,F,FBPHF5234F,7609743696,Chandigarh,Chandigarh,Self Employed,107772.89,618,2014-11-17
702459,Neha Das,1989-06-12,F,VELNI9733X,8948860807,Chennai,Tamil Nadu,Professional,312141.64,564,2013-06-18
702460,Sowmya Mehta,1965-11-11,F,FAPVB3420L,7466428121,Bhubaneswar,Odisha,Professional,276682.66,755,2013-07-31
702461,Rakesh Desai,1965-12-11,M,BIWXZ8220F,6451354857,Jaipur,Rajasthan,Professional,113970.6,692,2010-08-08
702462,Senthil Joshi,1996-05-27,M,DJTWI9603P,8111377976,Chennai,Tamil Nadu,Salaried,66948.82,746,2014-11-08
702463,Oviya Nambiar,2002-12-26,F,NFJVN9455L,8856796472,Jaipur,Rajasthan,Salaried,95687.3,821,2014-11-10
702464,Suresh Deshmukh,1964-12-31,M,YJXVT7702P,7284491932,Surat,Gujarat,Self Employed,73952.49,643,2019-07-05
702465,Padma Banerjee,1991-12-13,F,LSJYZ2907D,7826724912,Chennai,Tamil Nadu,Self Employed,64000.25,-1,2022-10-30
702466,Gokul Mishra,1992-04-01,M,EFPDV0680B,7580521675,Lucknow,Uttar Pradesh,Salaried,156781.54,729,2021-01-24
702467,Sowmya Krishnan,1960-12-27,F,UHOYX4917G,7433213170,Delhi,Delhi,Farmer,38948.61,639,2021-04-17
702468,Radha Kulkarni,1997-10-21,F,MYYHV3825F,8885804043,Bengaluru,Karnataka,Government Employee,75412.38,669,2012-05-15
702469,Vijay Mukherjee,1994-10-01,M,IGWLT3828H,9802815512,Kolkata,West Bengal,Farmer,44288.41,709,2014-11-22
702470,Vikram Pandey,1991-06-23,M,SGPKU4911C,8448116663,Delhi,Delhi,Salaried,76590.56,662,2022-07-16
702471,Ilango Sharma,2004-02-03,M,RGOTF9431R,6361114183,Surat,Gujarat,Business,107894.31,534,2017-03-25
702472,Sandeep Verma,1973-06-08,M,HMIWQ4377U,7147520115,Nashik,Maharashtra,Salaried,21841.32,821,2011-09-29
702473,Radha Pillai,1978-07-25,F,IFJRK1414Y,7566492971,Patna,Bihar,Salaried,34042.63,692,2019-01-07
702474,Aishwarya Tiwari,1997-10-05,F,VCJEY9099T,8171572709,Kochi,Kerala,Salaried,81909.44,569,2011-10-04
702475,Sathish Singh,1969-03-20,M,NLPBM0592I,6380399374,Kolkata,West Bengal,Self Employed,98063.26,468,2023-08-10
702476,Gayathri Roy,1980-07-01,F,WIIZZ3807X,8404948120,Nashik,Maharashtra,Self Employed,97816.07,676,2021-10-24
702477,Rakesh Verma,1959-04-24,M,JSVBQ9052G,8131407440,Ranchi,Jharkhand,Business,59036.83,740,2022-08-30
702478,Sangeetha Ghosh,2004-07-28,F,LKJVN8102V,8775562672,Bengaluru,Karnataka,Business,378044.19,-1,2024-01-30
702479,Prakash Thakur,2004-07-16,M,KFLAE3366O,8254145991,Ranchi,Jharkhand,Business,173191.07,774,2023-07-16
702480,Naveen Desai,1979-08-05,M,OAQPF9865H,8466013668,Patna,Bihar,Government Employee,134456.18,784,2011-12-19
702481,Ravi Perumal,1975-02-20,M,TIFWJ8809H,6374739285,Chandigarh,Chandigarh,Government Employee,24199.22,-1,2018-01-12
702482,Bharath Iyengar,1968-07-29,M,HLLKQ2186H,8939741688,Hyderabad,Telangana,Government Employee,101597.42,642,2012-10-11
702483,Prakash Krishnan,1995-01-26,M,WXSOE8755Z,8682482291,Chandigarh,Chandigarh,Salaried,19399.92,739,2016-02-11
702484,Shanthi Ghosh,1963-01-04,F,FRPMU6927A,7930665436,Bengaluru,Karnataka,Salaried,84612.27,531,2010-11-11
702485,Hema Iyengar,1961-01-24,F,EOYCW3010V,6598481482,Pune,Maharashtra,Business,269670.68,692,2012-11-08
702486,Mahesh Verma,1985-09-30,M,KCUGS7182M,7609648634,Mumbai,Maharashtra,Self Employed,174291.21,765,2025-03-04
702487,Lakshmi Gupta,1979-02-07,F,JOJWG5892S,9270045195,Jaipur,Rajasthan,Farmer,57420.8,620,2010-02-25
702488,Esther Rana,1971-07-18,F,EHHMW4537M,9689091683,Lucknow,Uttar Pradesh,Business,378947.92,663,2021-05-28
702489,Fathima Desai,1982-04-01,F,MHCVT9213Z,6049942986,Mumbai,Maharashtra,Salaried,84987.01,688,2025-06-07
702490,Amit Naidu,1961-12-01,M,TREES3821V,8386846656,Coimbatore,Tamil Nadu,Professional,103017.37,691,2013-12-27
702491,Nitin Balasubramanian,1990-07-09,M,NOIUN2615B,8799870330,Delhi,Delhi,Self Employed,28753.8,820,2013-03-05
702492,Dinesh Singh,1960-01-05,M,GQCOG5054U,8659816755,Patna,Bihar,Salaried,167601.35,575,2019-09-28
702493,Nitin Bose,2003-05-21,M,OJNQM3497R,9953895766,Ahmedabad,Gujarat,Self Employed,211381.04,805,2016-11-28
702494,Kalpana Chauhan,1978-03-17,F,ZCSRG0214D,6396377416,Coimbatore,Tamil Nadu,Salaried,88767.72,559,2019-01-09
702495,Lakshmi Raman,2000-03-22,F,KIILK1552H,8757550129,Chennai,Tamil Nadu,Salaried,152595.42,614,2024-04-14
702496,Gopal Subramaniam,1956-08-17,M,IZDEF7147O,9448467215,Hyderabad,Telangana,Self Employed,89669.59,604,2022-10-18
702497,Bhavya Kumar,1995-12-30,F,SSNHX1839L,7925206439,Madurai,Tamil Nadu,Farmer,25354.71,670,2017-07-07
702498,Rahul Yadav,1969-12-31,M,PWXRN9115K,7657979567,Ranchi,Jharkhand,Self Employed,229948.9,631,2018-05-06
702499,Abhishek Roy,1960-06-30,M,KXOFQ2838C,8764044069,Coimbatore,Tamil Nadu,Self Employed,150645.59,724,2025-06-24
702500,Vinod Bhat,1993-06-15,M,PQRIL7838E,7482463716,Chandigarh,Chandigarh,Salaried,148816.3,679,2014-03-25
702501,Deepa Iyer,1977-12-19,F,SXMMZ9925U,6802279544,Madurai,Tamil Nadu,Salaried,140870.9,887,2017-03-18
702502,Bharath Yadav,2002-07-08,M,UVLUX9494W,9496119721,Chennai,Tamil Nadu,Salaried,43703.67,715,2012-01-01
702503,Karthik Balasubramanian,1996-05-24,M,PJWGN9370F,8826662056,Mumbai,Maharashtra,Business,341745.93,654,2017-02-08
702504,Gopal Dutta,1994-12-04,M,BGWYF2553U,7851235684,Hyderabad,Telangana,Business,233504.74,714,2012-12-09
702505,Usha Balasubramanian,1965-12-06,F,OFDXK4308D,9083688156,Kanpur,Uttar Pradesh,Salaried,59095.41,735,2021-12-29
702506,Anjali Mukherjee,1959-12-21,F,VKCBI2609B,6398141843,Kanpur,Uttar Pradesh,Self Employed,54602.35,660,2018-09-25
702507,Sneha Nambiar,1978-04-21,F,KODJO6801G,9375276310,Coimbatore,Tamil Nadu,Business,204857.72,572,2014-02-20
702508,Priya Perumal,1982-10-10,F,GQFRG1734O,6347940928,Ahmedabad,Gujarat,Salaried,56884.06,601,2014-07-14
702509,Ajay Joshi,1964-10-17,M,FMFNH4633X,7154612852,Chennai,Tamil Nadu,Business,236080.12,695,2024-11-29
702510,Manoj Dutta,1990-01-06,M,TRUAN1201V,6689680410,Mumbai,Maharashtra,Farmer,35348.58,757,2022-05-01
702511,Malathi Sharma,1973-08-20,F,OQGLO0768U,7043784937,Pune,Maharashtra,Salaried,66298.65,724,2016-11-17
702512,Vani Banerjee,1979-08-19,F,UBYSS8142S,9224120411,Chandigarh,Chandigarh,Business,405448.51,-1,2021-11-25
702513,Abhishek Chowdhury,1994-10-30,M,BOQOO9598Z,8816659248,Chandigarh,Chandigarh,Business,319623.83,670,2020-02-29
702514,Swathi Balasubramanian,2001-06-21,F,RZVQF3201E,6112411225,Kochi,Kerala,Salaried,80136.84,732,2010-06-20
702515,Latha Naidu,1960-12-18,F,HYOFJ8490Y,8317924114,Hyderabad,Telangana,Business,175762.55,631,2020-03-01
702516,Gayathri Roy,2004-02-08,F,IXDGE2714J,6800703606,Ranchi,Jharkhand,Salaried,111505.75,703,2014-07-10
702517,Prakash Gupta,1992-08-08,M,FDMZX1614K,9484975362,Pune,Maharashtra,Salaried,90173.49,813,2012-05-04
702518,Devi Iyengar,1968-08-15,F,ZDDNS1008N,9868885917,Kanpur,Uttar Pradesh,Salaried,146453.99,784,2017-01-07
702519,Kiran Dutta,1991-11-07,F,XHSSK2092H,8659237296,Delhi,Delhi,Business,373403.03,807,2016-06-22
702520,Ramesh Mehta,1986-12-17,M,BFLXI4930L,7585800368,Kochi,Kerala,Salaried,92362.99,643,2013-04-04
702521,Pooja Dutta,2003-03-19,F,AACTB1761Y,8042065188,Kolkata,West Bengal,Business,36176.44,697,2016-05-03
702522,Rekha Raman,1973-04-13,F,GBQDV0454Z,9699400473,Hyderabad,Telangana,Salaried,120845.9,582,2021-11-27
702523,Indira Gupta,1979-07-12,F,VVFRU8768C,6559454084,Chennai,Tamil Nadu,Salaried,39879.35,765,2011-03-24
702524,Prakash Shah,1990-11-17,M,LAGCO0363H,9491741887,Mumbai,Maharashtra,Salaried,86976.02,637,2011-06-11
702525,Arjun Iyengar,1995-04-26,M,YNQBH7269C,8945697525,Kanpur,Uttar Pradesh,Salaried,29215.17,552,2017-03-25
702526,Divya Singh,1971-07-25,F,FMCQJ4355V,9267568649,Bhubaneswar,Odisha,Salaried,86800.2,630,2021-02-11
702527,Rekha Desai,2004-08-01,F,QPAWD7659R,7264482247,Ranchi,Jharkhand,Salaried,20843.73,702,2013-12-20
702528,Vijay Iyer,1994-12-08,M,XPDRV7426C,8781314075,Delhi,Delhi,Self Employed,258223.22,468,2025-01-06
702529,Chitra Rajendran,1965-03-02,F,HWVTZ2404X,8006950020,Hyderabad,Telangana,Salaried,65437.6,543,2011-04-02
702530,Sunitha Shah,1996-03-19,F,QESKW0191T,8039141059,Delhi,Delhi,Salaried,136849.52,772,2014-03-17
702531,Latha Chowdhury,1966-07-21,F,QIIFE7237M,8844801734,Bengaluru,Karnataka,Self Employed,74595.36,687,2023-06-18
702532,Praveen Dutta,1996-07-21,M,IAMHU9137V,9481237674,Kanpur,Uttar Pradesh,Farmer,50140.91,673,2024-04-04
702533,Meena Rana,1965-01-01,F,UJWHC7960D,6131708612,Ranchi,Jharkhand,Farmer,42690.44,525,2011-12-18
702534,Bharath Perumal,1965-07-25,M,TFCDK7935V,9019258386,Kochi,Kerala,Farmer,48835.59,828,2021-07-19
702535,Dilip Pandey,1992-04-14,M,AVRKD4689Q,8374153238,Bhubaneswar,Odisha,Government Employee,73102.81,775,2018-01-25
702536,Aishwarya Naidu,1964-10-23,F,CNSRW3855J,6127590812,Bhubaneswar,Odisha,Salaried,48900.25,744,2017-05-28
702537,Amit Iyer,1957-01-08,M,TJBLY3087S,7023556315,Ranchi,Jharkhand,Farmer,48338.43,572,2022-10-26
702538,Shankar Mishra,1976-03-04,M,DACEN2761V,6615288940,Mumbai,Maharashtra,Self Employed,23066.4,733,2011-09-17
702539,Oviya Mukherjee,1991-11-12,F,PUOZM0544S,7166854092,Jaipur,Rajasthan,Salaried,97423.98,786,2014-01-29
702540,Sunil Nambiar,1979-01-11,M,SBKVW6762V,7334163881,Hyderabad,Telangana,Salaried,70742.38,-1,2017-05-21
702541,Kiran Rajendran,1965-08-17,F,TRNAF4710R,7043538217,Kolkata,West Bengal,Government Employee,30369.57,646,2017-10-19
702542,Deepak Iyengar,1971-12-06,M,LIPVL9154J,6583719017,Kochi,Kerala,Salaried,49750.95,654,2020-08-18
702543,Gopal Bose,1980-10-18,M,GGHLA8477R,8857545171,Chandigarh,Chandigarh,Salaried,154110.13,633,2025-06-19
702544,Ashok Venkatesan,1961-09-05,M,APCGR9218R,7358206088,Jaipur,Rajasthan,Salaried,135462.68,734,2014-12-15
702545,Gokul Singh,1960-02-04,M,OPYAI0798I,7485005251,Kanpur,Uttar Pradesh,Professional,363365.44,655,2011-10-06
702546,Rajesh Kumar,1980-07-31,M,JJRXR6505O,9328246461,Coimbatore,Tamil Nadu,Salaried,101441.7,647,2011-01-19
702547,Kumar Nambiar,1984-12-24,M,AQUWA6202J,7485248758,Kolkata,West Bengal,Salaried,135548.35,539,2024-12-10
702548,Anand Thakur,1986-04-19,M,DFUPD4725T,8667270570,Madurai,Tamil Nadu,Professional,199465.97,519,2011-10-30
702549,Revathi Rao,1967-08-20,F,TWXYV0343U,7186661455,Kochi,Kerala,Salaried,82009.49,-1,2014-06-04
702550,Kavitha Balasubramanian,1979-02-02,F,FKWPK6107I,6451538786,Delhi,Delhi,Farmer,14969.95,767,2022-02-09
702551,Nithya Rao,1979-11-03,F,BSSWE9208R,9811359041,Chandigarh,Chandigarh,Farmer,25089.94,827,2011-12-03
702552,Balaji Kulkarni,2004-02-16,M,JEVEI8130Q,8936185228,Mumbai,Maharashtra,Salaried,35436.14,760,2014-08-24
702553,Meena Pandey,2001-06-27,F,INKSM3862S,8442183205,Bengaluru,Karnataka,Professional,346821.25,812,2023-12-11
702554,Kalpana Subramaniam,1967-02-06,F,JLKFL8359W,6248264696,Pune,Maharashtra,Salaried,148983.41,626,2019-10-24
702555,Pankaj Pillai,1976-08-04,M,RUBKB2409T,8913393824,Mumbai,Maharashtra,Farmer,50758.77,673,2024-11-01
702556,Chandran Singh,2000-03-02,M,NNCBN3487U,7681175458,Ahmedabad,Gujarat,Government Employee,75856.99,713,2019-01-21
702557,Kavitha Chowdhury,1986-03-21,F,HWMAJ6577M,9641441290,Kanpur,Uttar Pradesh,Government Employee,75531.67,662,2011-07-24
702558,Deepak Kulkarni,1991-09-13,M,LROWC1934X,8761761891,Surat,Gujarat,Self Employed,209750.64,836,2014-02-02
702559,Rajesh Kumar,1979-12-14,M,QAJVV6775A,8392016527,Kolkata,West Bengal,Business,49993.53,551,2014-05-19
702560,Shankar Raman,1972-01-12,M,AJHCS2363K,6018627488,Bhubaneswar,Odisha,Salaried,43414.21,623,2012-02-14
702561,Lavanya Verma,2001-02-15,F,YCFYJ6943Z,7156616738,Delhi,Delhi,Farmer,50811.81,644,2019-03-14
702562,Harish Elumalai,1988-04-16,M,XALRK3122N,7123808627,Kochi,Kerala,Salaried,63577.32,610,2010-04-13
702563,Devi Pandey,1967-09-08,F,UVNDW5341L,8169613999,Kanpur,Uttar Pradesh,Farmer,40180.39,757,2014-03-06
702564,Bhavya Nair,1960-02-16,F,YXHWG3109I,8766218254,Surat,Gujarat,Professional,161814.88,487,2019-04-29
702565,Deepa Bhat,1981-06-03,F,TVWRF5081S,7342106747,Ranchi,Jharkhand,Government Employee,59506.51,785,2023-02-11
702566,Shanthi Banerjee,1971-11-17,F,CYXAP3826Z,6581329938,Kanpur,Uttar Pradesh,Professional,83809.18,763,2019-11-15
702567,Kavitha Perumal,1958-07-15,F,OWTQQ1383V,6217773203,Ahmedabad,Gujarat,Salaried,81144.21,707,2015-01-29
702568,Kumar Deshmukh,1994-04-12,M,OKHOF8208Z,8663339300,Chennai,Tamil Nadu,Salaried,179122.7,810,2011-11-27
702569,Janani Chowdhury,1979-07-19,F,OJVXY0391J,9665946951,Patna,Bihar,Business,84182.73,900,2013-06-25
702570,Padma Joshi,1981-12-22,F,NTWEV5790S,6159365072,Bhubaneswar,Odisha,Farmer,49818.19,695,2019-03-27
702571,Saranya Chowdhury,1984-10-22,F,SVGMK3999Y,9599664736,Bengaluru,Karnataka,Farmer,44541.99,747,2010-06-15
702572,Uma Ghosh,1970-12-06,F,JVZZV6390F,7990043252,Delhi,Delhi,Farmer,12974.52,715,2014-04-08
702573,Kavitha Thakur,1978-03-26,F,YRYLP4240G,6167005492,Lucknow,Uttar Pradesh,Business,317834.13,727,2021-01-15
702574,Mani Ghosh,2002-04-12,M,EGSIN9999X,6779803494,Kolkata,West Bengal,Salaried,139608.02,630,2014-09-28
702575,Deepa Naidu,1986-02-28,F,LULSA2804I,8753868892,Surat,Gujarat,Self Employed,104013.06,609,2012-01-19
702576,Vijay Bose,2002-07-04,M,SBTDQ2738Z,9203340220,Ranchi,Jharkhand,Government Employee,51795.29,736,2016-05-27
702577,Shankar Mehta,1969-03-16,M,QDHBO6589Y,6911044931,Pune,Maharashtra,Self Employed,105112.07,628,2017-02-16
702578,Dinesh Subramaniam,1959-04-09,M,ROESH9784Z,7444810515,Mumbai,Maharashtra,Salaried,172703.63,767,2011-05-02
702579,Kalpana Banerjee,1968-06-24,F,JAVKY0218A,8827550869,Lucknow,Uttar Pradesh,Self Employed,72393.31,754,2019-10-12
702580,Aishwarya Krishnan,1977-04-02,F,TZKHM6237O,6253612453,Bhubaneswar,Odisha,Self Employed,193033.64,636,2015-12-19
702581,Ilango Nambiar,1979-10-21,M,WRMSZ2008H,9426388454,Hyderabad,Telangana,Business,104841.31,713,2012-04-12
702582,Rajesh Murugan,1989-07-18,M,CWVZK1696V,7335983050,Delhi,Delhi,Salaried,177171.66,686,2016-03-14
702583,Rekha Sen,1969-03-22,F,FGMBA5029C,7280218941,Chennai,Tamil Nadu,Salaried,50862.59,666,2014-04-13
702584,Rajini Krishnan,1972-01-31,F,DCUMO9787C,7499076427,Bengaluru,Karnataka,Salaried,164175.69,786,2024-09-06
702585,Rohit Krishnan,1997-10-26,M,GTIDO7233M,9001366448,Bengaluru,Karnataka,Salaried,103677.31,683,2010-06-02
702586,Mahesh Krishnan,1988-11-06,M,TZHQA7739V,6476560233,Bengaluru,Karnataka,Business,408169.7,-1,2010-05-28
702587,Geetha Chowdhury,1990-11-01,F,WMZVY2708N,6770314419,Bengaluru,Karnataka,Professional,125541.79,701,2010-02-20
702588,Naveen Chelladurai,1972-01-06,M,OUNYB9841D,8959913210,Kolkata,West Bengal,Government Employee,125342.34,495,2022-06-11
702589,Ramesh Balasubramanian,1971-03-13,M,TVWQV9665J,7846889563,Bengaluru,Karnataka,Self Employed,271742.56,736,2022-05-04
702590,Kiran Bhat,1972-10-23,F,TVWOE0771A,8850609141,Patna,Bihar,Government Employee,92494.98,542,2016-04-11
702591,Gayathri Gupta,1994-07-14,F,ANDXA7159E,9246376788,Kolkata,West Bengal,Business,452265.07,642,2018-02-22
702592,Aishwarya Subramaniam,1963-04-11,F,HEDNW2254S,6529754834,Pune,Maharashtra,Salaried,168868.55,832,2022-05-21
702593,Oviya Mishra,1997-12-30,F,KFHJY1321W,7715399848,Mumbai,Maharashtra,Government Employee,48244.36,848,2019-06-26
702594,Indira Perumal,1989-06-20,F,IHGZS8779L,8436992418,Surat,Gujarat,Business,205983.69,642,2022-08-24
702595,Vinod Sen,1991-05-05,M,NSWKS8546I,9004973509,Kochi,Kerala,Business,54067.41,560,2016-12-08
702596,Sneha Chelladurai,1979-04-06,F,WBVFQ8749W,9554885838,Kanpur,Uttar Pradesh,Government Employee,138859.59,717,2018-06-18
702597,Sivakumar Kulkarni,1966-08-14,M,BPGYK1752U,8599668304,Bengaluru,Karnataka,Salaried,94735.95,641,2020-06-17
702598,Manoj Elumalai,1969-02-18,M,PYIMV8805O,6955684400,Bengaluru,Karnataka,Salaried,161231.39,711,2011-12-13
702599,Gayathri Chelladurai,1984-12-31,F,FPHVK4409S,8773512948,Kochi,Kerala,Salaried,166681.23,551,2016-06-05
702600,Amit Tiwari,1995-11-13,M,YPBBE7265V,9568492708,Pune,Maharashtra,Salaried,169071.6,786,2023-12-22
702601,Ganesh Jadhav,1977-09-01,M,IUOPI5652G,8880020260,Jaipur,Rajasthan,Government Employee,82919.2,-1,2020-10-16
702602,Latha Krishnan,1988-01-30,F,JNVZI4020N,7678223488,Mumbai,Maharashtra,Salaried,111021.19,826,2023-08-23
702603,Ilango Mukherjee,1978-06-26,M,WAUHC0844U,9376220456,Delhi,Delhi,Government Employee,95984.97,542,2024-04-17
702604,Meena Rajendran,1975-01-21,F,ZPTNH2420B,6605973939,Nashik,Maharashtra,Professional,345562.26,606,2013-04-09
702605,Sanjay Chelladurai,1980-06-20,M,ADKGF1887R,6104765266,Bhubaneswar,Odisha,Salaried,171480.56,613,2022-11-26
702606,Deepak Perumal,1965-12-28,M,PALUJ5510Y,6525317437,Delhi,Delhi,Self Employed,245564.35,749,2024-12-22
702607,Gopal Elumalai,1992-02-07,M,DFXIM2728J,6085400031,Bhubaneswar,Odisha,Salaried,158547.13,493,2024-09-05
702608,Vidya Kumar,1986-11-16,F,JZRCX9348J,6087189141,Chandigarh,Chandigarh,Professional,383883.27,699,2017-08-19
702609,Oviya Banerjee,2002-06-25,F,ZKJFY6091C,7578250736,Chennai,Tamil Nadu,Business,442924.46,658,2024-09-21
702610,Sunil Deshmukh,1975-05-06,M,QPVLG9700M,7577800286,Delhi,Delhi,Salaried,71698.13,604,2010-02-22
702611,Tara Patel,1996-10-12,F,ZFRQL7874E,8137783232,Delhi,Delhi,Business,419635.11,746,2023-06-02
702612,Deepak Roy,1969-02-21,M,ZBMFP4456J,8578982492,Madurai,Tamil Nadu,Self Employed,153352.85,494,2019-07-04
702613,Arun Nair,1991-08-31,M,IVNKJ9049O,6907025062,Kolkata,West Bengal,Self Employed,58583.11,-1,2010-05-27
702614,Vikram Tiwari,1992-07-13,M,XBOJG6425K,6395666692,Nashik,Maharashtra,Business,85803.87,550,2015-06-06
702615,Naveen Pillai,1966-08-19,M,XAKEJ0071L,7819152741,Bhubaneswar,Odisha,Salaried,31246.2,605,2013-06-11
702616,Revathi Rana,1956-08-05,F,FQWGX3339V,6265990855,Surat,Gujarat,Salaried,167018.56,747,2012-11-15
702617,Vivek Subramaniam,1983-11-01,M,LSHBB2653A,9044127399,Delhi,Delhi,Salaried,20404.42,647,2016-05-09
702618,Praveen Chowdhury,1987-10-05,M,VVNLU6919T,9285681774,Ahmedabad,Gujarat,Business,487800.52,601,2018-04-25
702619,Bhavya Rana,1973-11-06,F,CFZII4305O,7086073389,Ahmedabad,Gujarat,Salaried,175699.52,725,2025-05-20
702620,Devi Chauhan,1975-09-27,F,NRQFM6784P,8562069445,Pune,Maharashtra,Salaried,116278.14,634,2023-02-24
702621,Gayathri Gupta,1991-10-29,F,NFWNK4710E,9116096440,Ahmedabad,Gujarat,Salaried,49225.82,619,2013-06-14
702622,Vani Nambiar,1972-07-28,F,KXIWB5742E,6992435357,Kolkata,West Bengal,Salaried,26321.03,651,2019-08-10
702623,Bharath Singh,1996-08-19,M,ASKXN9130T,9883091445,Mumbai,Maharashtra,Salaried,146518.0,712,2020-11-23
702624,Shanthi Rao,1984-05-11,F,KPPGJ1186J,6035051256,Jaipur,Rajasthan,Professional,198934.11,900,2016-01-04
702625,Sanjay Kulkarni,1986-03-14,M,FEPSD6807P,9916553872,Kolkata,West Bengal,Retired,61075.01,577,2023-01-16
702626,Gopal Gupta,2004-08-14,M,OXQCI1951B,8265262439,Coimbatore,Tamil Nadu,Salaried,171496.99,707,2014-06-09
702627,Bharath Menon,1965-02-26,M,VNOSJ2367T,8056839918,Patna,Bihar,Salaried,143269.95,666,2015-03-05
702628,Prakash Chauhan,1962-09-13,M,NQBHF2846W,6955047613,Surat,Gujarat,Business,59745.68,656,2013-04-01
702629,Shanthi Reddy,1982-05-08,F,HCWMN0198L,9026788018,Lucknow,Uttar Pradesh,Self Employed,50544.86,825,2010-02-21
702630,Farooq Deshmukh,1957-04-21,M,ZCXBT6587D,8557972234,Coimbatore,Tamil Nadu,Farmer,55267.47,754,2021-09-20
702631,Sanjay Rana,1999-05-17,M,HJKUJ6761Z,9618746137,Ranchi,Jharkhand,Retired,10905.0,745,2010-01-04
702632,Latha Desai,1965-01-29,F,SBTLD6844W,6705188176,Nashik,Maharashtra,Salaried,176008.96,638,2020-11-27
702633,Kavitha Mukherjee,2003-03-20,F,UWZPB5196T,6587094216,Hyderabad,Telangana,Self Employed,152318.01,601,2017-08-24
702634,Anjali Kumar,1957-08-19,F,URMSF1997U,6539058897,Jaipur,Rajasthan,Self Employed,68414.22,709,2015-07-07
702635,Kavitha Mukherjee,1970-12-16,F,VMSJL7523U,8890969786,Bengaluru,Karnataka,Self Employed,145530.65,654,2011-04-08
702636,Devi Chowdhury,1981-09-23,F,YDVUO9639F,9727467068,Surat,Gujarat,Salaried,134914.75,627,2019-03-18
702637,Balaji Saha,1960-01-13,M,DLUIF9935I,7489374820,Surat,Gujarat,Retired,63409.66,745,2015-07-27
702638,Karthik Thakur,2003-11-05,M,DZBPT3310Q,9183025733,Ranchi,Jharkhand,Self Employed,36809.07,-1,2025-03-07
702639,Sangeetha Iyer,1979-10-21,F,KWEAH8647Y,9730247746,Kanpur,Uttar Pradesh,Salaried,106668.14,567,2012-12-09
702640,Sunitha Kumar,1972-05-25,F,XRROB5642T,6396643392,Bhubaneswar,Odisha,Salaried,165271.42,613,2014-04-23
702641,Sunitha Perumal,1981-04-04,F,HYNQP2163B,8660968215,Kanpur,Uttar Pradesh,Self Employed,32165.69,756,2012-09-19
702642,Dinesh Roy,1988-07-05,M,LZYEY7533F,8395924781,Hyderabad,Telangana,Professional,253067.19,674,2010-12-16
702643,Arun Mishra,1980-04-09,M,MAFLG9909F,8323460777,Bengaluru,Karnataka,Government Employee,33314.52,745,2025-01-08
702644,Uma Nambiar,1958-11-10,F,ZYTIV5947H,6702019841,Bengaluru,Karnataka,Salaried,169556.79,601,2024-05-21
702645,Oviya Chauhan,1980-11-26,F,PRCVE3297B,6438571283,Hyderabad,Telangana,Salaried,39775.36,749,2020-08-28
702646,Swathi Raman,1995-10-26,F,QCHLD5611R,7948381077,Mumbai,Maharashtra,Salaried,124661.28,615,2019-09-09
702647,Kumar Bhat,1977-10-27,M,MDECX2315A,6108010211,Chennai,Tamil Nadu,Government Employee,81540.84,811,2015-10-02
702648,Vijay Pandey,2004-11-01,M,NVPPA8595T,7438693707,Chandigarh,Chandigarh,Government Employee,133529.02,757,2010-06-16
702649,Harish Gupta,1989-03-03,M,QTOZZ1782J,8230268535,Kolkata,West Bengal,Government Employee,64758.36,726,2023-12-02
702650,Kiran Nair,2002-09-06,F,OFSOW0440H,8327949584,Mumbai,Maharashtra,Salaried,24979.04,828,2015-12-13
702651,Naveen Joshi,1974-08-09,M,JJCQF7841U,6091207159,Madurai,Tamil Nadu,Salaried,174123.9,716,2022-03-31
702652,Anitha Deshmukh,1988-02-08,F,NPTXC4417T,8059814294,Surat,Gujarat,Self Employed,294440.52,623,2016-03-19
702653,Pooja Murugan,1996-11-21,F,EDLCU4079C,8828175204,Chandigarh,Chandigarh,Business,420253.24,830,2012-09-28
702654,Yogesh Jadhav,1969-06-05,M,EFOPU4466A,6115026598,Chennai,Tamil Nadu,Business,158384.53,716,2020-12-07
702655,Nitin Iyengar,1989-01-19,M,KGOPI3327V,8017099245,Kolkata,West Bengal,Self Employed,20985.46,799,2015-04-03
702656,Indira Venkatesan,1962-02-21,F,YLLZR3436L,6058212219,Nashik,Maharashtra,Self Employed,267367.03,697,2013-06-25
702657,Harish Nair,1987-10-07,M,ASMLK8665C,6390029890,Ranchi,Jharkhand,Business,174350.25,793,2017-09-04
702658,Vikram Rana,1970-04-20,M,MVXFV3269H,8701764003,Kolkata,West Bengal,Salaried,53345.26,-1,2011-03-04
702659,Abhishek Patel,1973-11-20,M,JCLGY4670M,8489927089,Ahmedabad,Gujarat,Salaried,168905.45,601,2022-12-20
702660,Chitra Das,1975-08-25,F,QIMYQ7978B,9117542053,Delhi,Delhi,Salaried,38125.81,563,2020-10-31
702661,Praveen Bhat,1982-12-20,M,UGEZZ2163H,6006868377,Jaipur,Rajasthan,Self Employed,21348.83,550,2015-07-14
702662,Malathi Rajendran,2001-03-21,F,ADRIR8576K,6688200786,Jaipur,Rajasthan,Business,40259.28,756,2017-01-08
702663,Kavitha Bose,1987-08-09,F,QYQSP5690G,9871183013,Kolkata,West Bengal,Salaried,65176.21,497,2019-03-09
702664,Rajesh Bose,1984-06-20,M,MAVBT2204S,9418266833,Chandigarh,Chandigarh,Farmer,47782.56,515,2015-10-20
702665,Sivakumar Balasubramanian,1990-11-06,M,VWPZK0429L,7085795942,Chennai,Tamil Nadu,Retired,9403.4,549,2010-06-17
702666,Shankar Ghosh,1999-01-05,M,BCCRN0874B,9102874314,Mumbai,Maharashtra,Salaried,50524.66,-1,2020-05-29
702667,Sunitha Deshmukh,2004-08-25,F,LYFNQ3336K,9132923716,Kanpur,Uttar Pradesh,Self Employed,285361.14,706,2015-04-02
702668,Ilango Murugan,2000-08-12,M,TLNPF1436W,8282900674,Ranchi,Jharkhand,Salaried,152728.51,725,2025-05-15
702669,Sandeep Yadav,1979-09-07,M,CXLJZ9707C,6113803852,Madurai,Tamil Nadu,Salaried,159153.7,607,2023-05-16
702670,Praveen Subramaniam,1990-10-30,M,TMHEH8724M,8988474042,Kochi,Kerala,Government Employee,45182.03,759,2012-12-12
702671,Sunil Roy,1994-04-02,M,PMIUU2698S,7883333824,Kolkata,West Bengal,Business,173806.92,714,2016-11-23
702672,Sandeep Ghosh,1966-09-16,M,YPJWA6734J,7429734670,Jaipur,Rajasthan,Salaried,34602.64,799,2010-01-18
702673,Madhavi Kulkarni,1992-05-18,F,XXWPB4541V,6492944704,Jaipur,Rajasthan,Government Employee,30402.06,774,2025-05-02
702674,Jagan Mishra,1992-03-17,M,OQXHC0572P,7736352162,Mumbai,Maharashtra,Salaried,89783.3,619,2013-10-04
702675,Indira Roy,1964-11-21,F,XHGQH7916I,6174485377,Surat,Gujarat,Salaried,125832.82,703,2022-08-31
702676,Farooq Raman,1995-04-04,M,PKTLH7491B,8145276326,Bengaluru,Karnataka,Salaried,117828.43,669,2016-10-06
702677,Devi Thakur,2004-11-19,F,KVWRU7849M,8864947140,Coimbatore,Tamil Nadu,Salaried,156163.29,728,2018-02-13
702678,Suresh Yadav,1965-11-19,M,OLGNE3769U,8643586492,Delhi,Delhi,Business,88351.48,704,2017-01-26
702679,Revathi Menon,1956-10-26,F,EWGJS4501U,7866538970,Bengaluru,Karnataka,Salaried,102062.64,687,2011-12-24
702680,Manoj Jadhav,1979-06-25,M,HBNBH4571X,7449215319,Mumbai,Maharashtra,Business,280246.76,752,2013-11-11
702681,Sivakumar Yadav,1992-01-22,M,COFGN8889D,8232566235,Bhubaneswar,Odisha,Salaried,123159.14,691,2020-01-10
702682,Oviya Venkatesan,1959-05-02,F,ZHLHC3653K,6320916905,Lucknow,Uttar Pradesh,Salaried,85671.92,754,2013-01-05
702683,Rajini Rajendran,1991-01-29,F,AMBDX5913M,7116205264,Kanpur,Uttar Pradesh,Government Employee,136366.81,688,2019-05-08
702684,Revathi Bhat,1977-12-21,F,INKPP6539E,7871405775,Chennai,Tamil Nadu,Government Employee,116576.38,670,2022-10-27
702685,Rakesh Gupta,1979-08-28,M,OUTVK8800K,6570478006,Coimbatore,Tamil Nadu,Self Employed,110225.87,-1,2012-08-26
702686,Chandran Gupta,1957-07-14,M,VLKJK9224U,7160381579,Madurai,Tamil Nadu,Self Employed,257089.43,772,2019-02-26
702687,Geetha Balasubramanian,1979-04-15,F,ARHRT3982E,7213797001,Bhubaneswar,Odisha,Business,176341.49,775,2014-01-16
702688,Naveen Iyengar,2001-06-08,M,TTYWG7951Z,7185818632,Bengaluru,Karnataka,Self Employed,224593.49,803,2017-06-26
702689,Kalpana Patel,1956-07-31,F,HKWTN1932O,9875511161,Patna,Bihar,Salaried,160714.24,745,2020-05-13
702690,Bhavya Mishra,1983-07-16,F,ODFDW4130G,8261516087,Coimbatore,Tamil Nadu,Government Employee,103964.27,665,2020-01-15
702691,Anitha Shah,2001-10-28,F,BXEIV2318V,7548237834,Ranchi,Jharkhand,Retired,79519.17,703,2017-07-27
702692,Divya Kulkarni,1971-04-07,F,UHTYP4832P,6299578349,Ahmedabad,Gujarat,Self Employed,223533.37,700,2015-09-19
702693,Manoj Gupta,1990-03-05,M,QZNUI0917O,7086043111,Delhi,Delhi,Salaried,62534.73,518,2020-09-30
702694,Sandeep Mukherjee,1998-01-07,M,CZZSV3101C,9532365366,Delhi,Delhi,Self Employed,283142.92,-1,2015-09-02
702695,Harish Sen,1968-06-18,M,MQRQZ3925P,7919329000,Kolkata,West Bengal,Farmer,14856.58,579,2013-02-11
702696,Madhavi Elumalai,1967-10-25,F,OXNCE5363U,9719875913,Bengaluru,Karnataka,Salaried,95992.23,830,2015-10-28
702697,Revathi Shah,1964-02-22,F,XEGWU8982Z,6693087159,Chennai,Tamil Nadu,Salaried,117703.78,679,2019-03-27
702698,Pankaj Pillai,1984-03-06,M,FRZYN0923R,7591512034,Mumbai,Maharashtra,Business,395816.47,415,2020-07-27
702699,Madhavi Balasubramanian,1980-03-10,F,TENBS6209Y,6969930895,Bengaluru,Karnataka,Business,113822.44,674,2013-04-16
702700,Shankar Krishnan,2002-05-25,M,DCDOD3891Z,6234300478,Bhubaneswar,Odisha,Business,192588.3,700,2012-08-17
702701,Nandhini Thakur,1986-02-05,F,TWTFP3799P,6633675043,Madurai,Tamil Nadu,Professional,125109.14,569,2016-12-23
702702,Anand Tiwari,1958-08-09,M,EWTUR3572O,7589858444,Kochi,Kerala,Farmer,41702.53,900,2021-04-19
702703,Uma Mehta,1966-02-06,F,NSANU8626C,9993300167,Kolkata,West Bengal,Business,426573.68,792,2017-05-25
702704,Revathi Chelladurai,1968-01-20,F,FSYVX1896E,7747633483,Bhubaneswar,Odisha,Self Employed,91611.54,762,2014-04-11
702705,Kiran Yadav,1991-06-29,F,SYNTU8783E,9772639835,Ahmedabad,Gujarat,Professional,421354.79,667,2020-12-12
702706,Hema Patel,1979-05-31,F,SYPEV5769K,6050771936,Kanpur,Uttar Pradesh,Salaried,33624.17,731,2021-12-10
702707,Parvathi Nambiar,2001-04-21,F,ARHKS3705R,9088365554,Jaipur,Rajasthan,Salaried,145908.86,765,2014-07-02
702708,Hari Perumal,1959-06-02,M,MOQPE6150O,7462013534,Bhubaneswar,Odisha,Salaried,72169.68,730,2022-08-24
702709,Ganesh Gupta,1989-03-22,M,JKVLB3878H,8168489000,Nashik,Maharashtra,Government Employee,22938.1,621,2018-12-01
702710,Yamuna Iyer,1978-01-21,F,VYLDA2881D,7831055928,Patna,Bihar,Salaried,175058.57,703,2021-10-25
702711,Rajini Pandey,1983-11-11,F,WUSSY3666Z,8887175907,Jaipur,Rajasthan,Professional,347762.62,697,2020-05-03
702712,Ganesh Pillai,2004-07-12,M,VQXFD9039J,6441998169,Pune,Maharashtra,Salaried,178467.21,712,2016-06-10
702713,Amit Sharma,1980-04-08,M,LHZXK9800N,7841564767,Madurai,Tamil Nadu,Self Employed,282844.98,586,2010-05-13
702714,Arun Chowdhury,1986-02-08,M,ONIXA3838U,9541510541,Madurai,Tamil Nadu,Business,217884.58,709,2017-01-18
702715,Ilango Mehta,1997-11-07,M,ASEEI1095W,6129002811,Surat,Gujarat,Salaried,126805.05,685,2011-06-21
702716,Praveen Deshmukh,1972-03-10,M,WONAQ6206L,7669572895,Delhi,Delhi,Salaried,178620.0,707,2010-03-06
702717,Yogesh Saha,1989-07-28,M,YITNU5379E,7398519717,Bengaluru,Karnataka,Business,391149.22,703,2020-06-05
702718,Sandeep Perumal,1968-06-02,M,TNAHD4427X,7398190222,Hyderabad,Telangana,Salaried,83381.4,548,2020-02-06
702719,Kalpana Menon,2002-11-18,F,KLLLV9115C,6580990506,Hyderabad,Telangana,Salaried,148576.96,765,2019-03-01
702720,Esther Rajendran,1957-04-25,F,IDVFV6329D,9787551166,Pune,Maharashtra,Salaried,152745.91,755,2020-09-28
702721,Ilango Iyer,1958-08-22,M,HXMYC5190O,9129848022,Madurai,Tamil Nadu,Salaried,176229.55,556,2021-04-15
702722,Naveen Reddy,2002-01-02,M,NDLGU8974F,6411676518,Delhi,Delhi,Government Employee,26206.48,674,2017-05-22
702723,Vivek Rana,1963-01-03,M,UVMYF7166O,6070075076,Nashik,Maharashtra,Self Employed,21074.32,603,2024-03-03
702724,Nandhini Bhat,1999-11-15,F,TAMDA3673N,9060680688,Hyderabad,Telangana,Business,141677.87,-1,2025-05-26
702725,Mahesh Joshi,1958-06-08,M,GOMGY4923R,8787596931,Surat,Gujarat,Business,296882.58,640,2011-02-26
702726,Selvi Yadav,1989-09-22,F,DCAIB7253R,7794792735,Delhi,Delhi,Salaried,169605.79,778,2021-03-24
702727,Deepak Patel,1982-11-10,M,STDKS1751O,7938276461,Chandigarh,Chandigarh,Professional,191326.46,733,2025-01-22
702728,Praveen Verma,1996-07-02,M,YHXHV9117O,7996629544,Delhi,Delhi,Professional,409237.18,870,2021-11-05
702729,Suresh Chauhan,1988-08-10,M,JGUON5871D,8111001834,Kolkata,West Bengal,Salaried,26153.06,691,2024-04-24
702730,Ravi Sen,1981-03-18,M,SZQPK0952E,9181996336,Kanpur,Uttar Pradesh,Professional,389324.39,576,2010-05-19
702731,Devi Rana,1966-03-28,F,VWJOB7251X,8560638361,Chennai,Tamil Nadu,Salaried,72159.1,693,2025-04-15
702732,Mahesh Menon,1977-10-20,M,FXZLJ8654T,6925944479,Pune,Maharashtra,Salaried,134883.89,451,2021-08-12
702733,Abhishek Banerjee,1969-02-27,M,YJMKF6765E,8060710676,Chennai,Tamil Nadu,Salaried,99710.73,850,2011-12-15
702734,Rajini Sharma,1993-06-01,F,LZTAG1906E,8186876035,Chennai,Tamil Nadu,Government Employee,100147.31,706,2012-03-10
702735,Rahul Reddy,1999-01-14,M,SWOCM4203H,6008461041,Mumbai,Maharashtra,Farmer,24435.63,723,2012-02-24
702736,Kalpana Chowdhury,1998-06-04,F,RDOMC7161K,7713414621,Madurai,Tamil Nadu,Self Employed,296090.65,695,2020-01-20
702737,Rohit Saha,1999-02-21,M,EPDSW2017L,6810708648,Ranchi,Jharkhand,Salaried,93012.59,-1,2024-02-22
702738,Chitra Reddy,1964-12-14,F,JCODW2323Y,9850649922,Ranchi,Jharkhand,Salaried,51876.0,600,2013-11-11
702739,Meena Jadhav,1982-10-01,F,GWEIW5590X,7154238825,Patna,Bihar,Salaried,161169.43,669,2019-02-27
702740,Padma Raman,1978-01-17,F,ZTIWT6558X,8175444766,Bengaluru,Karnataka,Self Employed,139129.3,606,2012-10-08
702741,Pooja Iyengar,1974-11-27,F,LAETQ5145Y,8134559441,Coimbatore,Tamil Nadu,Self Employed,42459.7,631,2018-10-16
702742,Rahul Reddy,1982-09-10,M,NFBEL8607S,9249781148,Coimbatore,Tamil Nadu,Salaried,166911.75,711,2012-04-14
702743,Deepak Chauhan,1969-01-14,M,BZUMW0154R,9169834942,Surat,Gujarat,Salaried,131299.58,565,2015-03-21
702744,Aishwarya Joshi,1977-07-26,F,UYGDZ7591J,8429335929,Surat,Gujarat,Salaried,106704.79,834,2013-02-06
702745,Ilango Pillai,1990-09-02,M,ONDFM4989V,7683028968,Mumbai,Maharashtra,Salaried,35996.51,577,2018-05-15
702746,Jagan Thakur,1986-02-03,M,EQJPS8152N,6812219533,Hyderabad,Telangana,Self Employed,82217.79,757,2011-03-03
702747,Esther Dutta,1981-04-09,F,YQLWO6508X,8531917156,Jaipur,Rajasthan,Retired,35343.61,617,2014-02-18
702748,Rohit Thakur,1989-02-12,M,JKKKN5832K,9432594089,Coimbatore,Tamil Nadu,Salaried,139932.9,559,2012-04-14
702749,Ravi Bhat,2004-04-09,M,BNRNS3343R,6787591378,Lucknow,Uttar Pradesh,Farmer,51062.36,713,2024-01-25
702750,Tara Chauhan,1996-08-15,F,FWCQT9503P,7122127724,Nashik,Maharashtra,Self Employed,34502.97,692,2019-02-09
702751,Rohit Rajendran,1977-12-14,M,KYART9264Y,8157737946,Madurai,Tamil Nadu,Professional,30671.64,655,2018-05-24
702752,Naveen Chauhan,2005-06-24,M,WZFUO6582E,8969010992,Bengaluru,Karnataka,Business,492457.4,670,2019-09-21
702753,Yogesh Raman,2004-02-22,M,OPALQ0721W,9270379798,Patna,Bihar,Government Employee,88960.67,616,2014-11-02
702754,Arun Singh,1963-11-26,M,ZCYFI1312G,6179251675,Surat,Gujarat,Salaried,82295.11,715,2011-05-27
702755,Sneha Sen,1984-05-02,F,UTEXB3794R,6147701348,Pune,Maharashtra,Farmer,47782.83,629,2024-08-09
702756,Kavitha Rao,2003-07-13,F,QNPZZ5065Y,6608620035,Chennai,Tamil Nadu,Salaried,18997.88,676,2020-04-10
702757,Usha Yadav,1981-07-19,F,UMOZA4720Z,9680750761,Mumbai,Maharashtra,Salaried,88152.11,779,2024-06-16
702758,Sowmya Nair,1996-09-19,F,CUQCK2765C,7284583665,Bengaluru,Karnataka,Business,464469.77,548,2017-03-21
702759,Gokul Deshmukh,1966-08-30,M,DCOXZ6004H,6884555585,Ranchi,Jharkhand,Salaried,20491.81,619,2010-03-03
702760,Yamuna Roy,1997-01-06,F,DTQXJ7105E,7285463923,Kochi,Kerala,Salaried,163450.41,609,2017-11-26
702761,Naveen Mehta,1981-09-03,M,ZCHQY0589Y,9914804650,Chennai,Tamil Nadu,Salaried,157152.45,597,2014-05-02
702762,Saranya Elumalai,1968-03-11,F,CCPIN4007X,9073422095,Madurai,Tamil Nadu,Professional,297064.22,545,2011-02-21
702763,Senthil Das,2000-02-07,M,GRUUJ1455Y,7141702868,Delhi,Delhi,Salaried,46078.54,646,2021-08-07
702764,Bhavya Bose,1992-09-02,F,CYMDW9148O,9051794511,Kolkata,West Bengal,Self Employed,47820.7,686,2012-07-26
702765,Manoj Mishra,1990-12-28,M,ETCPA4804Z,6358099583,Coimbatore,Tamil Nadu,Salaried,57227.45,661,2010-09-16
702766,Karthik Krishnan,1980-11-23,M,QZJDA3016A,9485281933,Bengaluru,Karnataka,Salaried,64875.83,521,2020-07-25
702767,Sivakumar Iyer,1972-09-10,M,TKJUE8715N,9631792146,Jaipur,Rajasthan,Business,277174.03,736,2025-02-13
702768,Sunitha Chauhan,2002-08-25,F,FRPTA8652Q,8392813672,Mumbai,Maharashtra,Farmer,38421.79,738,2020-10-11
702769,Manoj Rao,2003-06-16,M,TEYYK3824V,9838549944,Bhubaneswar,Odisha,Business,123447.8,678,2014-01-16
702770,Sneha Chelladurai,2003-03-22,F,OASRS8913C,7764595682,Hyderabad,Telangana,Government Employee,75276.7,577,2017-02-25
702771,Latha Nambiar,1957-09-24,F,OSRKU1084R,7057327927,Mumbai,Maharashtra,Professional,94980.96,590,2013-05-22
702772,Uma Dutta,2005-01-04,F,KJIIV1222O,6559427536,Hyderabad,Telangana,Self Employed,88447.76,855,2022-08-22
702773,Anand Nambiar,1960-04-17,M,AIZEO3170R,8853603657,Nashik,Maharashtra,Business,441349.4,833,2016-05-18
702774,Uma Verma,2003-09-20,F,KCNKA4941I,9450548252,Coimbatore,Tamil Nadu,Salaried,18780.78,715,2016-11-03
702775,Ajay Perumal,1983-03-09,M,JRFSA6431N,6001803015,Ahmedabad,Gujarat,Farmer,21211.89,584,2012-07-08
702776,Vani Bhat,1996-04-07,F,XUVBV3898X,9252417478,Ahmedabad,Gujarat,Professional,282771.88,789,2012-08-16
702777,Balaji Nambiar,1976-12-24,M,ENDAU1844C,7494623019,Chennai,Tamil Nadu,Farmer,44577.87,-1,2023-06-17
702778,Rakesh Elumalai,1977-09-18,M,NFGRY2211C,6937357765,Delhi,Delhi,Government Employee,129751.46,687,2011-03-16
702779,Devi Deshmukh,1970-09-04,F,SHZVS6914T,7596829973,Kolkata,West Bengal,Salaried,151969.06,828,2023-09-11
702780,Padma Joshi,1979-02-10,F,WNKRT9238T,8588044532,Bhubaneswar,Odisha,Self Employed,26552.66,616,2017-10-15
702781,Sunil Reddy,1964-03-18,M,WNYVQ3841U,8160318303,Pune,Maharashtra,Retired,36818.89,714,2015-08-11
702782,Bharath Yadav,1975-08-11,M,WEBSK3060L,7678831406,Surat,Gujarat,Government Employee,147154.19,650,2016-01-23
702783,Sowmya Pillai,1964-02-19,F,GICUQ3977H,6692231510,Ranchi,Jharkhand,Self Employed,149819.94,741,2017-02-01
702784,Geetha Joshi,2002-03-05,F,PITIY6965K,9429710976,Chandigarh,Chandigarh,Salaried,88539.04,610,2023-03-08
702785,Sowmya Verma,1963-12-01,F,UHDER8949Q,6398260946,Chennai,Tamil Nadu,Farmer,21198.55,757,2010-07-18
702786,Sneha Roy,1964-07-12,F,GPOTO3108P,8934863123,Chennai,Tamil Nadu,Business,387361.96,633,2016-03-22
702787,Vidya Chowdhury,1964-02-13,F,QYWZR7414G,9964931527,Kanpur,Uttar Pradesh,Business,499655.3,586,2011-02-16
702788,Naveen Nambiar,1986-07-09,M,OLGJT8268C,9264867309,Ahmedabad,Gujarat,Salaried,31480.85,724,2020-12-03
702789,Prakash Desai,1975-11-14,M,PYJKR9298K,8066156381,Lucknow,Uttar Pradesh,Salaried,69840.52,692,2021-12-06
702790,Deepa Rajendran,1989-12-25,F,MLCYA8866T,8125044358,Coimbatore,Tamil Nadu,Professional,373383.77,470,2012-03-24
702791,Lavanya Roy,1960-08-05,F,VJIPE6145L,8696373829,Patna,Bihar,Salaried,147700.41,666,2019-12-20
702792,Rekha Thakur,1966-11-25,F,CXGKT8928Y,9514730454,Surat,Gujarat,Salaried,178046.39,679,2011-02-25
702793,Priya Chowdhury,1965-10-08,F,NIXHH3883M,8714228142,Mumbai,Maharashtra,Business,316229.85,687,2022-05-19
702794,Mani Joshi,1990-04-24,M,DKNQR9253P,8048265063,Bhubaneswar,Odisha,Salaried,61680.24,863,2022-02-01
702795,Harish Bose,1982-12-21,M,WQSID1315E,8851208927,Nashik,Maharashtra,Self Employed,297846.18,609,2015-11-22
702796,Farooq Pillai,1974-12-16,M,VBZHT5587J,7207797750,Ranchi,Jharkhand,Business,233952.43,668,2011-04-27
702797,Saranya Dutta,1983-07-06,F,FFJCB0612R,7208064990,Ahmedabad,Gujarat,Salaried,151288.53,509,2021-05-21
702798,Oviya Venkatesan,1976-06-15,F,UHKVJ3900N,9389927900,Pune,Maharashtra,Farmer,29180.11,532,2012-03-29
702799,Ajay Desai,1959-10-28,M,IZTOQ5835G,9218762904,Nashik,Maharashtra,Self Employed,251914.34,616,2010-01-29
702800,Chitra Pandey,1983-04-28,F,ABTHQ8632T,8518493292,Chandigarh,Chandigarh,Salaried,175585.74,657,2013-04-17
702801,Kavitha Rana,1994-02-23,F,IWPZB4303X,9791900132,Mumbai,Maharashtra,Government Employee,72138.86,-1,2024-08-02
702802,Fathima Murugan,2002-07-21,F,NHUMJ3737Q,7362419029,Chandigarh,Chandigarh,Salaried,100149.98,651,2011-08-25
702803,Ganesh Sen,1962-04-04,M,ACGMK9349J,7033720190,Pune,Maharashtra,Salaried,146669.71,730,2024-12-28
702804,Pooja Ghosh,1972-06-19,F,WXXFT5383R,6064682760,Patna,Bihar,Salaried,74811.97,-1,2022-01-01
702805,Mahesh Menon,1962-10-03,M,YATEI9696J,8170423841,Kolkata,West Bengal,Government Employee,79962.91,739,2024-08-28
702806,Lavanya Desai,1987-04-18,F,KYEYP8821G,6350558105,Kanpur,Uttar Pradesh,Self Employed,199194.42,765,2017-10-21
702807,Amit Murugan,1988-02-07,M,ORZQM6768D,7409257121,Madurai,Tamil Nadu,Farmer,46557.5,654,2012-07-31
702808,Anand Gupta,1973-04-23,M,QVNYM5709Z,6342580139,Patna,Bihar,Government Employee,37136.89,716,2025-05-13
702809,Vidya Gupta,1958-04-01,F,SFBYW6473Q,8235323866,Madurai,Tamil Nadu,Retired,56734.33,602,2012-12-03
702810,Revathi Patel,2002-01-09,F,FPZFL0846Q,7920363195,Madurai,Tamil Nadu,Salaried,125887.02,704,2021-04-23
702811,Devi Bose,1984-12-11,F,YGPFO9298O,6895349203,Chennai,Tamil Nadu,Government Employee,119477.34,715,2019-02-07
702812,Yogesh Yadav,1984-05-20,M,JMMUM5417O,9710967255,Bhubaneswar,Odisha,Business,181149.6,622,2019-12-20
702813,Rahul Kumar,1998-08-02,M,BBOYM4209H,7828608442,Bengaluru,Karnataka,Salaried,160882.39,365,2024-03-27
702814,Divya Rajendran,1960-05-03,F,VJRKI1372D,8726252993,Mumbai,Maharashtra,Salaried,117035.52,608,2010-09-18
702815,Rajini Dutta,2000-05-06,F,QFZWU8200Q,7982470591,Kolkata,West Bengal,Salaried,32953.44,900,2018-12-31
702816,Kumar Rao,1991-08-12,M,OMSZL0582Z,7717439783,Bengaluru,Karnataka,Self Employed,140421.52,660,2022-08-20
702817,Suresh Rajendran,1989-06-02,M,XPVWO4816T,7644415103,Ahmedabad,Gujarat,Self Employed,274650.31,609,2014-03-06
702818,Oviya Menon,1967-12-18,F,CQNZC0793K,8114427502,Jaipur,Rajasthan,Farmer,56941.11,679,2015-05-01
702819,Vivek Roy,1984-07-02,M,QAHPW0531U,9739950125,Surat,Gujarat,Salaried,176325.33,775,2015-12-10
702820,Janani Krishnan,1989-03-11,F,KJERX3619Q,8910524390,Bengaluru,Karnataka,Salaried,62605.8,701,2016-08-22
702821,Ravi Mehta,1957-02-28,M,GZCXZ6241V,7851394355,Kochi,Kerala,Self Employed,253632.45,650,2023-01-05
702822,Rajesh Rajendran,1998-03-23,M,WIXFU3456W,8700695760,Kochi,Kerala,Salaried,177201.29,548,2014-04-02
702823,Hema Singh,2002-08-12,F,JYYMO3599D,9829462727,Bengaluru,Karnataka,Self Employed,66262.81,641,2017-02-11
702824,Mani Balasubramanian,1983-08-08,M,UTRGG3759A,9748446345,Patna,Bihar,Farmer,46430.79,556,2025-04-17
702825,Pooja Gupta,1971-04-19,F,ERJCK6821D,7324237607,Bengaluru,Karnataka,Self Employed,272995.55,-1,2015-03-02
702826,Kavitha Dutta,1977-09-19,F,DMPUX9515U,9996876788,Madurai,Tamil Nadu,Professional,60492.27,703,2022-10-12
702827,Anjali Iyengar,1960-02-27,F,BBGMJ4577U,9005100463,Lucknow,Uttar Pradesh,Salaried,48228.08,812,2017-12-23
702828,Meena Deshmukh,1986-09-05,F,AKBXH5630X,7750882266,Pune,Maharashtra,Retired,17646.5,769,2010-09-15
702829,Tara Elumalai,1960-10-25,F,AHUNS2316A,6132843038,Kolkata,West Bengal,Farmer,8676.73,-1,2019-06-08
702830,Karthik Rao,1963-08-22,M,YDRAM1159O,9943556339,Kanpur,Uttar Pradesh,Self Employed,234276.97,613,2017-12-29
702831,Vidya Patel,1983-10-04,F,QXXWF9652I,8653080447,Nashik,Maharashtra,Farmer,32386.58,576,2012-10-28
702832,Anjali Subramaniam,1996-04-23,F,OMVDV3904O,6754961046,Kolkata,West Bengal,Salaried,84327.59,-1,2021-10-03
702833,Rahul Joshi,1961-01-13,M,VDVXE6889A,8728942815,Ahmedabad,Gujarat,Government Employee,97833.96,537,2010-08-03
702834,Anitha Perumal,1977-04-20,F,SSKBC5202V,8445801273,Delhi,Delhi,Business,387752.39,711,2011-04-17
702835,Suresh Subramaniam,1976-11-12,M,TKSHL6793U,9080324197,Lucknow,Uttar Pradesh,Salaried,119326.96,723,2025-02-10
702836,Latha Shah,1986-10-20,F,GNSTV6030Z,7422682518,Hyderabad,Telangana,Government Employee,131170.27,744,2017-04-01
702837,Pankaj Elumalai,1972-08-03,M,ABUUC1680L,9321281329,Chennai,Tamil Nadu,Salaried,63966.69,701,2020-09-28
702838,Radha Jadhav,1971-06-01,F,ZEQDX0326O,9589510205,Bengaluru,Karnataka,Retired,56807.36,554,2023-11-23
702839,Rakesh Perumal,1983-01-30,M,PVPPQ1700F,8810927802,Ahmedabad,Gujarat,Salaried,25922.79,487,2020-11-09
702840,Sangeetha Venkatesan,1970-11-03,F,QEHFZ5786Q,6725999406,Pune,Maharashtra,Business,172795.82,774,2010-03-29
702841,Sandeep Nair,1961-08-06,M,MSFXT6324N,8272456990,Chandigarh,Chandigarh,Business,370225.83,589,2024-07-13
702842,Shanthi Pandey,2000-05-11,F,TFXIZ1681Q,7731976593,Patna,Bihar,Salaried,162447.68,849,2023-10-12
702843,Lakshmi Singh,1972-02-11,F,PXNNL3373U,9425145623,Surat,Gujarat,Salaried,122512.07,468,2014-07-07
702844,Hema Pillai,1977-03-19,F,NZMNX5020A,8738836057,Jaipur,Rajasthan,Salaried,149167.89,564,2013-10-06
702845,Aishwarya Balasubramanian,1963-03-30,F,SOCSU7287E,7430398765,Mumbai,Maharashtra,Government Employee,102302.9,580,2012-07-06
702846,Abhishek Tiwari,1963-01-20,M,FYRYR2877C,9915318882,Mumbai,Maharashtra,Business,58963.45,693,2018-03-07
702847,Manoj Chauhan,1956-10-13,M,ANIZJ2020O,9849267572,Ranchi,Jharkhand,Business,485284.97,731,2017-01-10
702848,Padma Deshmukh,1985-09-26,F,NHYZU8396L,8424554820,Kanpur,Uttar Pradesh,Salaried,77884.29,616,2016-07-21
702849,Geetha Chowdhury,1971-12-18,F,UUTEV0155X,7411224366,Patna,Bihar,Salaried,130743.99,725,2012-09-30
702850,Naveen Elumalai,1987-04-12,M,UHLBL6121V,6200001151,Bengaluru,Karnataka,Professional,78703.71,545,2014-11-02
702851,Prakash Sen,1967-02-18,M,NRPRD2780Z,8931143819,Nashik,Maharashtra,Farmer,57162.18,620,2016-12-30
702852,Revathi Kulkarni,1960-05-10,F,IVGBZ2947C,7892677837,Kolkata,West Bengal,Self Employed,204364.93,553,2018-04-28
702853,Nandhini Sharma,1986-03-19,F,VZSMG0628Q,6897078599,Kolkata,West Bengal,Professional,340643.04,615,2022-12-18
702854,Abhishek Raman,1976-10-18,M,ALBGD4089S,6538541893,Ahmedabad,Gujarat,Salaried,170281.71,607,2025-02-20
702855,Yamuna Rao,1978-05-04,F,LBZJD1675K,9812335144,Chennai,Tamil Nadu,Salaried,43244.64,697,2024-03-05
702856,Rajesh Bose,1978-05-07,M,OFDMU1904G,6922202597,Bengaluru,Karnataka,Salaried,61927.07,900,2019-12-18
702857,Ajay Sharma,1995-04-26,M,LLHAD1266X,7889311351,Bhubaneswar,Odisha,Salaried,35509.53,538,2010-03-07
702858,Gokul Deshmukh,1989-02-03,M,GNXGA3645I,6535813859,Kanpur,Uttar Pradesh,Self Employed,62127.2,648,2023-05-07
702859,Devi Thakur,1984-11-19,F,PTGFR0753Y,8474937317,Kanpur,Uttar Pradesh,Self Employed,40237.05,732,2020-05-20
702860,Selvi Rajendran,1956-08-26,F,RSVMZ9019S,6386694436,Ahmedabad,Gujarat,Business,428781.96,674,2013-06-15
702861,Fathima Rao,1981-04-07,F,KXLQE6662O,8155743138,Bhubaneswar,Odisha,Professional,245605.58,802,2018-10-24
702862,Tara Balasubramanian,2003-07-31,F,RLJIH8849K,9002252678,Jaipur,Rajasthan,Salaried,152855.06,570,2024-06-16
702863,Kumar Jadhav,1961-05-03,M,LAHHB2624C,7305068341,Bhubaneswar,Odisha,Self Employed,262457.57,741,2023-04-08
702864,Naveen Jadhav,1965-03-15,M,BPVZD2136N,7450880268,Nashik,Maharashtra,Government Employee,60287.88,593,2010-09-23
702865,Suresh Das,1960-09-28,M,JJCAA8151Z,7205866422,Kolkata,West Bengal,Professional,294240.89,745,2022-07-10
702866,Deepa Verma,1982-04-27,F,CJAQB6585J,8611983998,Chennai,Tamil Nadu,Retired,64220.47,683,2010-12-05
702867,Harish Joshi,1963-05-24,M,PHTXE4714Z,7148992359,Bengaluru,Karnataka,Salaried,104495.75,691,2023-08-27
702868,Uma Roy,1988-12-09,F,ARKAU0419R,8401169882,Lucknow,Uttar Pradesh,Self Employed,71699.95,612,2016-01-28
702869,Neha Raman,1990-10-26,F,DVLJR9052D,7555531943,Surat,Gujarat,Self Employed,218025.06,492,2011-10-08
702870,Karthik Das,1973-09-16,M,JZMWU6686Q,9395468139,Lucknow,Uttar Pradesh,Salaried,168719.24,563,2010-03-01
702871,Arun Chelladurai,1971-01-13,M,TDGDU3279E,7722743248,Lucknow,Uttar Pradesh,Salaried,52529.88,735,2019-03-18
702872,Karthik Rana,1975-02-11,M,BUKJP5889P,6684828881,Kanpur,Uttar Pradesh,Farmer,18090.83,642,2018-10-13
702873,Rekha Rana,1977-08-19,F,DUEIW7977S,6130424263,Kochi,Kerala,Salaried,80007.04,737,2012-12-08
702874,Ganesh Gupta,1963-04-27,M,JNCVU9194N,6044028445,Hyderabad,Telangana,Salaried,34841.17,542,2020-10-22
702875,Revathi Desai,1964-11-20,F,TMYYG1656X,7378590380,Chandigarh,Chandigarh,Business,311635.82,728,2013-09-05
702876,Vivek Mukherjee,1963-07-24,M,GZYFP1259K,9547590436,Pune,Maharashtra,Business,45211.51,763,2017-09-15
702877,Shankar Menon,1956-09-09,M,DTUHN4826I,8464102927,Coimbatore,Tamil Nadu,Salaried,76659.6,458,2023-08-16
702878,Mahesh Roy,1963-12-07,M,DTFQU2188P,7052398908,Lucknow,Uttar Pradesh,Salaried,62494.26,698,2019-04-25
702879,Nandhini Menon,2002-06-11,F,LRMQP9115Z,6239643021,Nashik,Maharashtra,Salaried,23156.84,852,2024-09-22
702880,Sneha Joshi,2003-07-18,F,TAAPJ8596R,6692337949,Kolkata,West Bengal,Business,341780.86,596,2015-10-18
702881,Shankar Venkatesan,1977-06-24,M,HUQLW9292Q,6362979813,Chandigarh,Chandigarh,Self Employed,85211.09,762,2012-10-25
702882,Dinesh Raman,1989-07-03,M,DVTES0162A,8162167324,Kanpur,Uttar Pradesh,Salaried,42141.2,672,2011-01-17
702883,Revathi Shah,2002-06-07,F,KKDRM0503A,9764794883,Coimbatore,Tamil Nadu,Farmer,48173.66,749,2012-11-09
702884,Anand Kulkarni,1992-11-06,M,FCWUV7198W,6722828811,Bengaluru,Karnataka,Professional,319190.22,631,2016-12-05
702885,Balaji Chowdhury,1966-06-04,M,CLPCX3290S,9886323107,Pune,Maharashtra,Professional,213641.03,594,2010-06-15
702886,Sunil Krishnan,1974-10-09,M,QUWXN9759U,8421174527,Kolkata,West Bengal,Farmer,8064.86,627,2017-02-18
702887,Gokul Jadhav,1958-03-09,M,BNRHM8111R,6283302446,Madurai,Tamil Nadu,Business,344495.37,633,2023-05-29
702888,Meena Venkatesan,1997-05-22,F,GICKT2073H,9675636303,Kolkata,West Bengal,Salaried,99542.45,612,2016-11-16
702889,Balaji Dutta,1970-02-06,M,CHLCA4511U,6474913203,Chandigarh,Chandigarh,Salaried,167446.77,585,2020-08-05
702890,Deepa Verma,1962-10-22,F,SEYSJ1221J,9487109549,Kolkata,West Bengal,Farmer,42926.45,773,2013-08-21
702891,Esther Reddy,1956-12-09,F,LOKUT9419P,6690223187,Chennai,Tamil Nadu,Self Employed,198441.83,613,2022-06-03
702892,Deepak Verma,1979-05-12,M,XWNTS5409G,6411374197,Patna,Bihar,Salaried,145772.16,554,2017-07-01
702893,Ramesh Perumal,1964-08-08,M,VDAYW5948I,7581607214,Delhi,Delhi,Salaried,117805.68,579,2011-01-27
702894,Ajay Mukherjee,2003-04-21,M,FDXUL3873Q,6710678220,Kolkata,West Bengal,Farmer,14119.94,714,2014-02-24
702895,Rajesh Venkatesan,1992-07-22,M,IZLLB2566H,9807886023,Coimbatore,Tamil Nadu,Salaried,160724.97,457,2016-04-08
702896,Vijay Pillai,1984-06-04,M,HLHKK7112V,6571757160,Nashik,Maharashtra,Salaried,167077.14,715,2015-06-11
702897,Esther Nair,1968-11-17,F,NVEFR9269C,8304918986,Surat,Gujarat,Salaried,41259.92,-1,2021-11-14
702898,Janani Pillai,1970-08-28,F,GVQYA9143L,8781334435,Hyderabad,Telangana,Salaried,108475.19,736,2014-11-09
702899,Rakesh Shah,1999-02-22,M,DALSH3935K,8545260886,Bengaluru,Karnataka,Farmer,37863.95,789,2020-04-09
702900,Geetha Jadhav,1981-05-18,F,NJJWM0915O,9308658286,Coimbatore,Tamil Nadu,Professional,51039.58,626,2015-09-20
702901,Ganesh Iyengar,1962-09-27,M,KRJOQ4133S,8304083985,Lucknow,Uttar Pradesh,Salaried,137844.71,590,2013-11-21
702902,Janani Pandey,1993-03-29,F,NOGUW4386X,8071558513,Delhi,Delhi,Self Employed,253948.83,685,2021-09-20
702903,Madhavi Mehta,1985-08-05,F,YCIFY3322Z,7381940039,Nashik,Maharashtra,Self Employed,115715.9,682,2017-05-02
702904,Uma Chowdhury,2000-02-15,F,RJNDI6137I,7820652517,Bengaluru,Karnataka,Self Employed,105504.55,793,2023-06-26
702905,Kumar Nair,1963-05-13,M,STAQP2301I,6492723998,Patna,Bihar,Salaried,46849.85,674,2019-07-30
702906,Arjun Iyengar,1959-09-04,M,VIDNK5318O,7517493490,Bengaluru,Karnataka,Professional,383343.22,628,2019-11-19
702907,Farooq Ghosh,1969-08-13,M,AGIFJ5759M,6353986250,Nashik,Maharashtra,Salaried,149240.71,542,2019-11-20
702908,Devi Deshmukh,1978-09-08,F,VPSYJ7004A,7525585776,Ahmedabad,Gujarat,Professional,402635.16,649,2019-12-03
702909,Malathi Yadav,1983-08-30,F,JMTTT8091X,7570792055,Mumbai,Maharashtra,Salaried,78696.14,676,2020-08-18
702910,Balaji Thakur,1967-07-13,M,JAIVC5095D,6721230054,Madurai,Tamil Nadu,Salaried,79792.84,781,2012-09-21
702911,Shanthi Nair,1973-05-22,F,YAGAW5954T,9990700881,Surat,Gujarat,Farmer,33553.75,679,2019-04-14
702912,Vinod Thakur,1974-12-04,M,PYUJX1389J,9935440614,Kolkata,West Bengal,Retired,32420.42,797,2018-07-03
702913,Chitra Raman,1996-10-09,F,QBROM9217K,9927292871,Mumbai,Maharashtra,Self Employed,285013.69,787,2011-04-19
702914,Madhavi Mukherjee,1960-12-17,F,IYPUT3705N,7438977091,Ahmedabad,Gujarat,Professional,440891.37,596,2020-07-21
702915,Chandran Murugan,1976-02-23,M,VDARH2941B,9513687731,Delhi,Delhi,Business,130791.24,561,2014-04-20
702916,Arun Sen,1985-10-19,M,ZGLDI3081O,6120874619,Bengaluru,Karnataka,Professional,142369.35,609,2023-10-03
702917,Sneha Rajendran,1986-12-11,F,CQAUB0363B,8889462685,Kolkata,West Bengal,Salaried,139584.86,647,2014-08-12
702918,Neha Thakur,1963-10-21,F,LVVXB0614N,9254290788,Nashik,Maharashtra,Professional,144749.49,592,2012-01-30
702919,Lakshmi Iyengar,1965-03-17,F,KSNPY5329U,8141533275,Jaipur,Rajasthan,Professional,35570.87,735,2017-06-01
702920,Deepak Pandey,1987-09-19,M,ZGHAJ7397Q,6099133446,Chandigarh,Chandigarh,Salaried,80495.43,733,2025-02-20
702921,Yamuna Pandey,2000-07-30,F,WFBPB1648S,7277144280,Delhi,Delhi,Salaried,89385.3,784,2016-10-15
702922,Rahul Deshmukh,1960-12-17,M,WUJUV1085P,7773529802,Patna,Bihar,Salaried,135609.62,696,2010-07-06
702923,Praveen Balasubramanian,1977-09-15,M,NDCLK2439X,9757489189,Ranchi,Jharkhand,Salaried,60646.56,628,2023-09-02
702924,Rajesh Kulkarni,1959-03-20,M,YFCCN6766G,7616605905,Mumbai,Maharashtra,Salaried,99978.28,708,2014-02-20
702925,Dilip Bhat,1966-03-22,M,TRXFL5041A,7555583184,Jaipur,Rajasthan,Self Employed,297006.02,583,2016-02-15
702926,Saranya Subramaniam,1983-01-24,F,ZUUMJ8917D,7316007119,Kanpur,Uttar Pradesh,Salaried,31800.13,683,2015-04-18
702927,Nandhini Balasubramanian,1974-05-17,F,OYQYS7058S,6528620268,Kolkata,West Bengal,Government Employee,96427.18,597,2024-03-02
702928,Rajini Dutta,1998-02-08,F,BOXSD1762S,7108650151,Hyderabad,Telangana,Salaried,26315.08,779,2011-07-28
702929,Anitha Nambiar,1974-10-11,F,CAXIM8705R,7248605085,Nashik,Maharashtra,Salaried,89545.64,416,2020-09-24
702930,Nithya Kulkarni,1963-01-23,F,UKWEX7903C,6229355792,Patna,Bihar,Self Employed,127359.43,750,2013-08-25
702931,Revathi Bhat,1999-06-21,F,FUGBX4159B,7346401396,Kolkata,West Bengal,Salaried,159202.46,753,2016-07-13
702932,Indira Joshi,1992-03-06,F,RPJNW7403K,8332244717,Coimbatore,Tamil Nadu,Self Employed,201446.18,-1,2011-08-29
702933,Suresh Deshmukh,1993-05-06,M,RRIQB4568R,6096334557,Kolkata,West Bengal,Salaried,24398.65,665,2012-09-18
702934,Chitra Banerjee,1962-07-10,F,FQJGZ7904G,7004481110,Ranchi,Jharkhand,Government Employee,53817.55,701,2017-03-23
702935,Deepak Iyengar,1959-06-08,M,FLGYT1005Z,6655538085,Patna,Bihar,Salaried,173082.98,689,2016-03-19
702936,Fathima Rana,1977-10-14,F,BRAEN1596F,7006471577,Hyderabad,Telangana,Salaried,164134.48,792,2011-07-16
702937,Shankar Chelladurai,2003-06-17,M,GRNBI4339O,8680843351,Kolkata,West Bengal,Salaried,121512.63,827,2014-06-21
702938,Aishwarya Ghosh,1968-04-14,F,JDXIP9160Y,9023262557,Kolkata,West Bengal,Salaried,105073.47,670,2022-01-29
702939,Madhavi Kulkarni,2005-06-25,F,RPHRF2830J,9221376275,Patna,Bihar,Government Employee,82324.48,825,2010-05-10
702940,Arun Pandey,1959-01-06,M,CBHTU2572Z,9708292452,Mumbai,Maharashtra,Farmer,29730.94,608,2012-06-04
702941,Mahesh Pillai,1980-08-11,M,UABSP8002P,8593404968,Delhi,Delhi,Government Employee,64173.17,709,2012-05-05
702942,Devi Pandey,1965-03-22,F,LCVKA1617C,8767315670,Jaipur,Rajasthan,Self Employed,128694.58,711,2015-05-12
702943,Aishwarya Desai,1972-10-21,F,IGKSE4122V,6298358702,Patna,Bihar,Salaried,51988.31,550,2013-01-04
702944,Yogesh Rajendran,1975-11-12,M,NUACW9381Q,7138776735,Jaipur,Rajasthan,Salaried,83463.16,701,2013-12-15
702945,Rakesh Raman,1963-05-06,M,WCBUE7206C,6233053060,Delhi,Delhi,Farmer,16994.38,606,2012-06-30
702946,Shankar Raman,2001-06-07,M,MAQVZ9569Y,8190949335,Ranchi,Jharkhand,Farmer,18388.26,745,2016-04-18
702947,Rekha Tiwari,1960-08-22,F,YPRHL4947T,9582289138,Chennai,Tamil Nadu,Business,488519.93,585,2014-11-16
702948,Arun Perumal,1979-06-12,M,XSITZ6875X,7838549255,Jaipur,Rajasthan,Salaried,19924.32,-1,2019-08-27
702949,Prakash Singh,1999-09-10,M,SVAGZ3568C,6283116496,Delhi,Delhi,Salaried,162111.84,501,2019-09-06
702950,Mahesh Mehta,1966-10-05,M,IPGQK7368I,8614973867,Ahmedabad,Gujarat,Business,130171.78,546,2016-01-24
702951,Indira Ghosh,1980-04-03,F,LYZQR1481R,9671798680,Bengaluru,Karnataka,Salaried,147767.09,672,2014-04-07
702952,Uma Mehta,1982-12-24,F,NPLHC5642Y,7900355239,Bhubaneswar,Odisha,Professional,234597.39,699,2015-10-17
702953,Meena Krishnan,1989-11-18,F,KJXQN5220Z,9115609323,Chennai,Tamil Nadu,Salaried,117480.97,702,2021-04-06
702954,Arjun Nair,1993-05-27,M,RCBCY0252M,6925791413,Kolkata,West Bengal,Professional,182485.3,597,2024-12-07
702955,Arun Venkatesan,1999-06-11,M,YTNKA7627Q,8019516885,Jaipur,Rajasthan,Self Employed,171594.55,744,2022-04-07
702956,Sandeep Verma,2001-12-27,M,KDQUT7573W,9710900474,Chennai,Tamil Nadu,Farmer,17553.82,617,2024-04-08
702957,Sathish Kumar,1972-12-25,M,WCVOE2358B,7952214498,Jaipur,Rajasthan,Self Employed,128752.3,649,2014-08-26
702958,Praveen Sharma,1977-07-03,M,MKEDK2202F,6008156666,Mumbai,Maharashtra,Salaried,148457.22,763,2019-03-24
702959,Dilip Perumal,1959-06-01,M,MBRRX0834Z,8024940513,Lucknow,Uttar Pradesh,Salaried,62672.01,654,2010-01-22
702960,Arjun Kulkarni,1995-07-20,M,FHCMN9722Z,7860349048,Kanpur,Uttar Pradesh,Self Employed,148835.28,491,2018-01-22
702961,Gayathri Thakur,1990-11-29,F,FAPVT5483U,9655357531,Kanpur,Uttar Pradesh,Business,370749.63,737,2019-10-10
702962,Latha Elumalai,1979-06-05,F,RQGWX7476W,6655070171,Bengaluru,Karnataka,Farmer,56626.39,669,2018-12-25
702963,Vani Kulkarni,1980-11-14,F,XBMFU1020R,8022889682,Lucknow,Uttar Pradesh,Business,127605.11,633,2021-07-18
702964,Nandhini Pandey,1976-12-16,F,BTBLT5419A,9131219561,Hyderabad,Telangana,Salaried,86756.66,792,2025-04-04
702965,Farooq Menon,1957-03-01,M,FCNJI2809A,8331175361,Kolkata,West Bengal,Salaried,68750.69,610,2023-08-25
702966,Saranya Desai,1956-10-08,F,XQTXA3142S,9289199692,Bhubaneswar,Odisha,Professional,71170.24,731,2016-09-26
702967,Vikram Mukherjee,1984-02-28,M,NSWBH1523A,9168831392,Kolkata,West Bengal,Salaried,100695.36,682,2020-11-27
702968,Rahul Chauhan,1979-11-28,M,KZNUH0009P,9577092868,Chandigarh,Chandigarh,Business,361482.85,900,2025-04-03
702969,Vinod Roy,1986-01-03,M,GFJYA4628U,7648762175,Nashik,Maharashtra,Salaried,112577.79,498,2016-06-29
702970,Arjun Yadav,1969-03-15,M,SVFPX7086C,9057111980,Nashik,Maharashtra,Government Employee,123808.02,688,2024-07-31
702971,Geetha Perumal,2003-05-21,F,YAKEF9266F,9297118824,Mumbai,Maharashtra,Government Employee,103003.27,702,2016-12-22
702972,Sivakumar Bose,1992-12-17,M,XXBVN5603V,6425443514,Kolkata,West Bengal,Government Employee,42566.02,774,2021-02-07
702973,Hema Desai,1958-08-14,F,ULOWC8675Y,6556199842,Kolkata,West Bengal,Professional,297802.15,629,2019-03-31
702974,Balaji Bhat,1974-11-23,M,ZKEGL8223X,6230967054,Kochi,Kerala,Professional,82373.67,609,2017-08-20
702975,Malathi Nambiar,1959-11-18,F,KDQIZ9076A,8588592122,Lucknow,Uttar Pradesh,Salaried,172153.2,801,2011-01-03
702976,Shanthi Dutta,2005-01-26,F,HANWQ8666U,6756883203,Mumbai,Maharashtra,Business,247319.33,629,2013-05-02
702977,Revathi Krishnan,1960-11-28,F,GUTRL8130A,9788974451,Jaipur,Rajasthan,Self Employed,262932.09,696,2015-06-16
702978,Mani Mukherjee,1995-04-06,M,GLBAE1147L,7210320487,Chandigarh,Chandigarh,Salaried,129575.01,664,2015-11-04
702979,Prakash Rajendran,1983-03-24,M,TBLIF6370Z,7178311627,Delhi,Delhi,Farmer,16158.82,706,2011-11-09
702980,Gopal Murugan,1964-08-15,M,WSGBF5890M,7653698230,Pune,Maharashtra,Salaried,60126.03,541,2012-08-24
702981,Karthik Reddy,1999-07-05,M,HZRNO5709E,6769325801,Madurai,Tamil Nadu,Government Employee,126172.55,618,2025-02-24
702982,Kiran Chowdhury,1985-01-13,F,LDNJV7856P,6674323318,Jaipur,Rajasthan,Salaried,63959.48,664,2010-08-21
702983,Suresh Gupta,1981-01-27,M,MHQUR6015E,9422917983,Delhi,Delhi,Salaried,133814.37,679,2024-12-22
702984,Sunil Chelladurai,1991-05-20,M,GXASA1427F,9725508803,Jaipur,Rajasthan,Farmer,23031.35,773,2022-12-12
702985,Usha Iyengar,1981-09-29,F,QLAJX1077H,6737188598,Delhi,Delhi,Salaried,124069.87,718,2020-03-20
702986,Vani Naidu,1974-04-15,F,IVUZQ3968G,6465980555,Pune,Maharashtra,Business,488494.14,724,2017-02-17
702987,Rakesh Naidu,1978-09-20,M,QJSAM6836I,8850116172,Delhi,Delhi,Retired,43150.04,664,2011-09-20
702988,Gayathri Elumalai,1957-04-14,F,FFLWC9292J,7784481244,Madurai,Tamil Nadu,Professional,199784.91,789,2012-06-29
702989,Jagan Raman,1986-08-02,M,KTJCB8346A,9231220382,Jaipur,Rajasthan,Self Employed,56211.2,612,2024-04-29
702990,Rekha Mehta,2005-05-27,F,QGSRL7325U,9679567947,Madurai,Tamil Nadu,Self Employed,197228.32,660,2016-12-03
702991,Amit Iyer,1973-01-25,M,UADIG7866X,6266279361,Lucknow,Uttar Pradesh,Salaried,106839.52,528,2021-11-13
702992,Suresh Iyengar,1960-07-15,M,DMHSO6272K,7598362555,Bengaluru,Karnataka,Salaried,94257.21,570,2015-06-20
702993,Abhishek Dutta,1979-10-16,M,SHVCE8685G,7444958559,Bengaluru,Karnataka,Farmer,16920.6,750,2019-03-17
702994,Devi Banerjee,1968-07-02,F,RHDBB7776N,6630581451,Delhi,Delhi,Retired,75301.03,665,2014-03-08
702995,Vidya Krishnan,1998-07-25,F,YDMIM9257H,9309450019,Kochi,Kerala,Self Employed,167982.07,-1,2012-12-15
702996,Pooja Mehta,1991-04-27,F,TLMZQ1146L,8609457168,Delhi,Delhi,Salaried,43594.59,493,2025-01-22
702997,Vinod Rana,1969-10-25,M,LTHVF0270J,9243127766,Chandigarh,Chandigarh,Self Employed,113269.01,-1,2017-07-23
702998,Priya Dutta,1998-09-06,F,YTCWL8784H,7727467491,Kolkata,West Bengal,Government Employee,105483.72,665,2014-07-13
702999,Shanthi Sharma,1991-11-27,F,TWFQW2180X,7806805202,Coimbatore,Tamil Nadu,Government Employee,137056.65,647,2017-08-26
703000,Farooq Mukherjee,1998-05-23,M,DZKFT3890Q,8167507042,Lucknow,Uttar Pradesh,Business,282165.27,561,2016-06-11
703001,Rekha Rajendran,1959-04-26,F,CLHHG6124L,6493055222,Delhi,Delhi,Business,202572.04,701,2011-10-25
703002,Hema Patel,1992-09-29,F,VVBEZ8545F,7508805142,Coimbatore,Tamil Nadu,Salaried,68603.22,643,2018-09-28
703003,Ramesh Nair,2000-06-13,M,XJYYA1422F,7309511853,Chandigarh,Chandigarh,Government Employee,26929.34,670,2015-06-22
703004,Geetha Chauhan,1979-08-27,F,FMXZN3852S,6508174386,Bengaluru,Karnataka,Salaried,51760.26,758,2019-09-01
703005,Janani Patel,1987-11-07,F,FSFZH9097S,9247474733,Madurai,Tamil Nadu,Self Employed,153473.89,610,2015-01-05
703006,Swathi Sen,1995-08-28,F,DVNOS7116K,7340434863,Mumbai,Maharashtra,Salaried,166645.95,771,2015-10-17
703007,Rajini Shah,1984-04-05,F,GXTJB2341H,7458052741,Coimbatore,Tamil Nadu,Farmer,52216.76,643,2012-03-24
703008,Kalpana Joshi,1981-11-04,F,SZPAX6014W,9922384382,Bengaluru,Karnataka,Salaried,51360.68,644,2024-01-25
703009,Mani Iyer,1972-02-02,M,BOQMM2155F,7493035894,Bhubaneswar,Odisha,Salaried,57785.96,791,2018-06-13
703010,Rohit Patel,1961-07-01,M,KMJIY9851C,6419015935,Bhubaneswar,Odisha,Salaried,151424.09,705,2023-11-01
703011,Rakesh Nambiar,1982-01-21,M,WDSSO8391V,8088703567,Madurai,Tamil Nadu,Self Employed,263003.13,630,2015-08-16
703012,Indira Gupta,1961-03-05,F,KTESJ7316P,6607370172,Ranchi,Jharkhand,Professional,103261.14,658,2017-09-18
703013,Sneha Verma,2001-02-17,F,FAXNB4856Z,6194122449,Kolkata,West Bengal,Business,245922.54,689,2012-05-02
703014,Pooja Tiwari,1975-02-21,F,NOABY4096Y,6294411671,Nashik,Maharashtra,Retired,37528.45,531,2013-09-01
703015,Dinesh Singh,1959-11-20,M,FZJLF0492D,9813257377,Madurai,Tamil Nadu,Business,246163.95,732,2014-09-02
703016,Fathima Sen,2002-07-26,F,DGZLU3096V,9266514411,Kolkata,West Bengal,Self Employed,239104.8,668,2024-09-01
703017,Abhishek Deshmukh,1988-07-06,M,XUGHQ3467P,8331660163,Chandigarh,Chandigarh,Self Employed,58672.53,546,2021-09-17
703018,Sowmya Dutta,1991-02-08,F,QFTCF7309M,7675193356,Ahmedabad,Gujarat,Professional,144633.75,579,2010-09-30
703019,Nithya Roy,1978-05-07,F,HXBIS8399L,6051892905,Kochi,Kerala,Farmer,44238.42,751,2021-11-27
703020,Gokul Chauhan,1966-05-15,M,KOUXX4424D,8629424361,Jaipur,Rajasthan,Self Employed,33635.62,549,2024-11-08
703021,Bharath Sen,2000-10-04,M,WLMKW8829O,9084874753,Delhi,Delhi,Business,456621.55,872,2022-01-11
703022,Sunitha Dutta,1979-06-08,F,VBPFD4569R,8871235359,Nashik,Maharashtra,Self Employed,108167.84,567,2015-08-07
703023,Rajesh Deshmukh,1957-02-01,M,RAXXM4028L,7366818167,Madurai,Tamil Nadu,Salaried,113807.31,688,2016-06-22
703024,Sunitha Bhat,1981-07-30,F,VEFFN3132P,7916351593,Kanpur,Uttar Pradesh,Business,457234.92,-1,2022-09-12
703025,Esther Murugan,1968-07-03,F,PXZJJ8634I,7646994695,Pune,Maharashtra,Professional,314998.95,426,2017-07-08
703026,Vikram Mehta,1986-04-17,M,TFEKP0367R,9164617052,Kanpur,Uttar Pradesh,Farmer,15523.05,662,2018-07-08
703027,Divya Krishnan,1994-12-10,F,HTJPF1306W,6416810089,Chandigarh,Chandigarh,Salaried,165089.91,619,2025-01-04
703028,Hema Banerjee,1963-12-21,F,UEEXQ5386L,6718417572,Delhi,Delhi,Government Employee,65099.16,714,2020-12-11
703029,Anand Iyengar,1965-06-14,M,HZAQR0279F,6535414977,Chandigarh,Chandigarh,Business,257328.97,686,2019-09-14
703030,Mahesh Rana,1969-05-26,M,DBHAJ3962H,7280827336,Chennai,Tamil Nadu,Business,47987.12,636,2017-09-30
703031,Rekha Chauhan,1982-11-30,F,UIVGQ3195B,7746200660,Chennai,Tamil Nadu,Salaried,178704.34,872,2012-01-12
703032,Rajesh Saha,1963-03-20,M,AOYRE9631M,7051676233,Delhi,Delhi,Salaried,61905.5,741,2020-02-14
703033,Yamuna Patel,1996-01-14,F,DWMBM0255K,7179192966,Mumbai,Maharashtra,Salaried,91407.78,598,2022-11-25
703034,Madhavi Rana,1962-03-24,F,OMVAF0959E,9535665301,Bengaluru,Karnataka,Government Employee,113011.2,700,2023-03-04
703035,Latha Nambiar,1985-01-06,F,YPVQB6776Y,7310077963,Ranchi,Jharkhand,Salaried,92754.17,393,2019-09-01
703036,Vani Joshi,1981-01-05,F,EQVZM8027O,7834940744,Ahmedabad,Gujarat,Professional,215221.63,611,2011-04-25
703037,Rakesh Nambiar,1979-06-30,M,XEOPP4091C,7042572050,Nashik,Maharashtra,Salaried,167807.12,785,2022-11-03
703038,Farooq Das,1956-11-06,M,USPMJ8749H,7321529458,Mumbai,Maharashtra,Government Employee,130801.3,614,2023-02-06
703039,Lakshmi Menon,1986-06-06,F,SQZLG6612P,6466635745,Delhi,Delhi,Salaried,66832.82,-1,2016-03-12
703040,Balaji Bose,1995-08-25,M,HSURF3068C,8480528300,Coimbatore,Tamil Nadu,Professional,333703.58,680,2012-04-19
703041,Rakesh Rana,1971-06-28,M,RVHDA7393Q,6663039278,Chennai,Tamil Nadu,Government Employee,25444.86,-1,2017-02-17
703042,Hema Kulkarni,1966-09-07,F,DBQDG2516Z,8370353061,Kolkata,West Bengal,Salaried,136131.0,557,2017-10-04
703043,Meena Jadhav,1965-12-20,F,IMRVU1573T,8118708102,Ranchi,Jharkhand,Salaried,21221.35,741,2024-06-06
703044,Lakshmi Naidu,1967-06-18,F,XFYDI6162B,6214403072,Chennai,Tamil Nadu,Farmer,40234.94,677,2023-01-23
703045,Esther Sen,1983-05-17,F,XXDGJ9653N,6386452011,Bhubaneswar,Odisha,Salaried,26463.47,666,2016-10-06
703046,Sneha Elumalai,1957-08-27,F,AHIZL1552B,6036408530,Hyderabad,Telangana,Farmer,55848.19,755,2018-06-29
703047,Vijay Mishra,1995-08-28,M,KICHZ6587E,8435958785,Bengaluru,Karnataka,Self Employed,93647.05,821,2023-12-07
703048,Bhavya Roy,1966-05-07,F,UPZVQ5459Z,7622706451,Bengaluru,Karnataka,Salaried,61698.05,741,2017-11-27
703049,Naveen Dutta,1957-05-09,M,NJNCP0673B,9278545079,Chennai,Tamil Nadu,Salaried,178984.7,501,2018-10-18
703050,Gopal Murugan,1978-06-04,M,MMFOS6300E,9372404885,Jaipur,Rajasthan,Salaried,26760.24,703,2014-09-18
703051,Janani Banerjee,1961-05-26,F,PWSLP4983Z,6819717576,Coimbatore,Tamil Nadu,Self Employed,171278.08,690,2024-01-05
703052,Geetha Mehta,1964-11-23,F,WKHDS4385X,9159852276,Surat,Gujarat,Business,217149.05,556,2018-12-31
703053,Nithya Balasubramanian,1980-12-31,F,DYUOE4416J,8033179648,Coimbatore,Tamil Nadu,Self Employed,149482.76,512,2018-01-26
703054,Vinod Menon,1966-10-29,M,EOURL0725B,9617307227,Jaipur,Rajasthan,Government Employee,142573.29,626,2019-07-05
703055,Priya Thakur,2000-03-02,F,NVMTW4547R,9514349653,Mumbai,Maharashtra,Self Employed,199531.63,636,2018-03-20
703056,Indira Singh,2003-05-07,F,TKTXI6519N,6253393378,Kolkata,West Bengal,Salaried,94524.26,658,2023-01-28
703057,Vidya Bhat,1984-08-19,F,XAQIN9156S,8274437774,Patna,Bihar,Business,499228.95,595,2019-05-25
703058,Uma Rana,1965-05-07,F,LCUTU5645V,7420883825,Surat,Gujarat,Business,220708.89,679,2018-07-10
703059,Manoj Iyengar,1985-08-17,M,SIUFI4754M,6126680154,Nashik,Maharashtra,Self Employed,296982.65,692,2021-06-25
703060,Arun Dutta,1957-09-07,M,OBIDP5831G,6761653788,Kolkata,West Bengal,Salaried,154205.6,637,2017-08-13
703061,Hari Perumal,1996-07-16,M,JDFLV9103G,8651333753,Bhubaneswar,Odisha,Salaried,148375.46,-1,2018-05-25
703062,Sanjay Chowdhury,1977-11-14,M,INKQH0764M,8385837452,Chennai,Tamil Nadu,Retired,67286.67,701,2013-03-15
703063,Revathi Reddy,2000-06-07,F,PULQC1910B,9938695233,Delhi,Delhi,Government Employee,35834.57,608,2010-11-29
703064,Anjali Raman,1964-07-02,F,LGUML0956P,6355153504,Bengaluru,Karnataka,Business,489233.52,515,2019-04-15
703065,Farooq Balasubramanian,1972-01-09,M,TFUEY7132L,7003421118,Chennai,Tamil Nadu,Salaried,166361.24,663,2017-02-05
703066,Deepak Subramaniam,1998-11-15,M,DNQTZ3158A,6734574523,Kolkata,West Bengal,Government Employee,115289.51,747,2016-06-28
703067,Revathi Iyer,1963-07-13,F,RLKGS8963F,6730864946,Hyderabad,Telangana,Farmer,50672.34,900,2021-08-26
703068,Gayathri Gupta,1999-05-02,F,HNVPW0613A,8442451175,Pune,Maharashtra,Salaried,124126.21,462,2011-01-29
703069,Meena Rana,1960-12-20,F,ZYAHQ7683F,6054367950,Pune,Maharashtra,Self Employed,39477.46,616,2021-05-10
703070,Parvathi Kumar,1974-08-23,F,QDNMB3796A,7817335742,Surat,Gujarat,Salaried,139226.57,581,2010-12-10
703071,Kiran Rao,1994-05-05,F,ZQGAX1795L,7363160101,Kochi,Kerala,Salaried,64169.27,689,2010-11-21
703072,Lavanya Balasubramanian,1970-04-04,F,JZKIY6802M,6330737675,Chennai,Tamil Nadu,Government Employee,42378.83,580,2023-11-04
703073,Ilango Pillai,1978-11-03,M,MDUNY4075U,9018417637,Kolkata,West Bengal,Salaried,62935.09,676,2018-03-29
703074,Bhavya Jadhav,1977-10-23,F,HTQPZ3891V,7618729982,Kolkata,West Bengal,Business,146278.53,758,2019-02-10
703075,Parvathi Mishra,1959-01-17,F,SMSDD6840Y,7398420137,Bengaluru,Karnataka,Salaried,108398.49,593,2020-01-11
703076,Jagan Banerjee,1969-05-24,M,DSUSI6834Q,7680238146,Madurai,Tamil Nadu,Salaried,61545.87,657,2011-04-14
703077,Sivakumar Pandey,1994-08-02,M,RLKCV9437O,7817659507,Bhubaneswar,Odisha,Government Employee,98052.82,818,2019-05-17
703078,Sowmya Venkatesan,1985-06-20,F,IGKAX8223S,6320240194,Kanpur,Uttar Pradesh,Salaried,65470.99,748,2022-12-17
703079,Padma Das,1964-11-28,F,ZNHLM8171I,9098713388,Mumbai,Maharashtra,Self Employed,16145.21,510,2024-12-26
703080,Malathi Thakur,1956-12-14,F,PKVRO9506R,7239921164,Hyderabad,Telangana,Farmer,16511.25,861,2016-05-18
703081,Arun Kumar,2004-05-17,M,QRENL8735F,8827078003,Lucknow,Uttar Pradesh,Salaried,134176.67,600,2016-07-28
703082,Kiran Chauhan,1997-08-18,F,DPRHK5678B,6328644385,Delhi,Delhi,Salaried,149698.64,693,2014-03-28
703083,Gokul Sharma,1966-10-16,M,CZSOZ1875S,7546999776,Kolkata,West Bengal,Business,222576.38,625,2019-12-16
703084,Dilip Mishra,1957-06-28,M,HMZCR6399A,8132491581,Delhi,Delhi,Salaried,172300.85,621,2013-03-27
703085,Selvi Menon,1999-10-12,F,LYVTD9771W,8041056446,Chennai,Tamil Nadu,Salaried,169681.56,599,2021-01-18
703086,Abhishek Chowdhury,1958-10-18,M,YWAWK6766R,6752342648,Coimbatore,Tamil Nadu,Salaried,136147.44,723,2023-09-03
703087,Selvi Ghosh,1962-12-09,F,IZHDH3661R,8682431934,Madurai,Tamil Nadu,Salaried,28322.03,591,2010-04-17
703088,Vidya Iyer,1971-01-20,F,OKGIM3659V,9432312814,Patna,Bihar,Salaried,71313.44,545,2020-10-05
703089,Vani Jadhav,1968-12-07,F,FKMKN9296P,6112854042,Jaipur,Rajasthan,Business,378600.78,611,2025-05-25
703090,Uma Gupta,1976-08-12,F,YFODI3856A,9581249417,Bengaluru,Karnataka,Business,337825.59,665,2018-11-12
703091,Rakesh Nair,1990-08-02,M,ANVFR2632B,6162934616,Chennai,Tamil Nadu,Salaried,84089.38,474,2015-07-31
703092,Revathi Naidu,1983-01-06,F,YJJBN4005S,8051976069,Kolkata,West Bengal,Business,302868.62,740,2022-02-22
703093,Manoj Naidu,2005-04-29,M,OPLUI8824N,9107322767,Delhi,Delhi,Salaried,71067.14,597,2014-06-01
703094,Chandran Verma,1967-09-26,M,UYBQT4252G,7143135215,Coimbatore,Tamil Nadu,Business,238331.77,734,2012-06-15
703095,Rajini Raman,1967-06-03,F,TTRVQ9100H,9136371255,Pune,Maharashtra,Salaried,164419.91,796,2019-07-21
703096,Ganesh Desai,1980-08-17,M,KLZIC7104C,6936727745,Jaipur,Rajasthan,Retired,52956.75,695,2017-06-14
703097,Geetha Bhat,1992-07-23,F,OBWCE7575S,7337719633,Chennai,Tamil Nadu,Retired,32666.2,716,2017-08-11
703098,Manoj Desai,1979-02-02,M,BJPAQ2065Q,8446540195,Nashik,Maharashtra,Business,336889.84,622,2014-11-22
703099,Ajay Iyer,1995-06-29,M,GEJPF2456F,7881711269,Delhi,Delhi,Self Employed,167801.61,601,2012-06-12
703100,Saranya Iyengar,1985-04-11,F,VQIVE6648M,6161282106,Chennai,Tamil Nadu,Salaried,52220.44,485,2015-05-09
703101,Ganesh Perumal,2003-10-18,M,TDNDL9092L,9243359013,Coimbatore,Tamil Nadu,Self Employed,96945.53,647,2024-12-13
703102,Janani Menon,1963-05-10,F,KROFS6113X,9333881957,Kolkata,West Bengal,Salaried,165116.25,613,2010-09-30
703103,Ravi Shah,1995-08-02,M,OVMYK8978D,8697130888,Bhubaneswar,Odisha,Business,228424.87,440,2025-04-10
703104,Dinesh Naidu,1963-01-31,M,AQOLG5667D,6240039509,Lucknow,Uttar Pradesh,Salaried,45594.13,691,2010-02-24
703105,Vidya Gupta,2000-03-07,F,COXUJ8551G,7197147428,Bengaluru,Karnataka,Salaried,122176.42,809,2016-08-29
703106,Sandeep Tiwari,2003-11-18,M,CIVOP9738N,6185670909,Bengaluru,Karnataka,Self Employed,228522.77,703,2019-07-29
703107,Mahesh Iyengar,1962-07-08,M,TLYVC4035I,7720048497,Mumbai,Maharashtra,Self Employed,227944.95,776,2023-01-11
703108,Padma Raman,1986-04-22,F,LAILS5590I,7461960296,Delhi,Delhi,Government Employee,99124.18,640,2023-04-12
703109,Divya Das,1968-07-26,F,QVRGS8051A,7770706127,Delhi,Delhi,Salaried,59203.64,569,2011-07-27
703110,Manoj Desai,1973-09-12,M,ZURBO9192S,8020605293,Chennai,Tamil Nadu,Farmer,11442.0,671,2012-10-30
703111,Arun Reddy,1975-06-16,M,RFYVD2469C,8667124406,Kolkata,West Bengal,Salaried,143854.25,632,2012-05-06
703112,Sanjay Pandey,1998-08-07,M,YBKKR1096O,9656389604,Delhi,Delhi,Self Employed,67625.93,557,2021-01-25
703113,Pankaj Sen,1959-10-23,M,XXZOF7520W,9090831659,Surat,Gujarat,Government Employee,50214.28,763,2017-05-27
703114,Naveen Murugan,1964-08-15,M,TBNUE3522L,8290204491,Kolkata,West Bengal,Salaried,102774.7,681,2011-08-31
703115,Sathish Gupta,1977-10-10,M,DHPXV3294H,7088931044,Pune,Maharashtra,Salaried,166580.88,603,2011-07-24
703116,Aishwarya Chelladurai,1989-10-15,F,QHSIJ6152T,9740324355,Lucknow,Uttar Pradesh,Business,110512.85,684,2021-09-15
703117,Radha Sen,1999-11-18,F,JGFHA3998R,6404233577,Surat,Gujarat,Self Employed,207957.88,651,2010-02-16
703118,Lavanya Iyer,1968-04-19,F,BOZWF0324G,7256495446,Kolkata,West Bengal,Business,286078.86,724,2021-08-31
703119,Kalpana Jadhav,1972-11-29,F,ISFND9622J,7668755825,Bengaluru,Karnataka,Salaried,108941.82,-1,2025-03-15
703120,Pankaj Reddy,1977-09-27,M,XEFEH6578U,6353552589,Lucknow,Uttar Pradesh,Salaried,86563.16,817,2021-03-05
703121,Lavanya Mukherjee,1977-03-15,F,MYUFT4813M,6768934846,Delhi,Delhi,Self Employed,53993.03,607,2021-07-11
703122,Harish Iyer,2000-11-07,M,GQEIR7050L,7382293621,Bhubaneswar,Odisha,Salaried,169445.71,552,2012-03-05
703123,Senthil Sharma,1975-03-02,M,DHETN1946N,9048335038,Ranchi,Jharkhand,Salaried,144765.54,797,2019-10-20
703124,Vijay Elumalai,1993-10-23,M,JHKFU4466F,8454004552,Ahmedabad,Gujarat,Salaried,163161.39,893,2017-12-18
703125,Usha Gupta,1989-04-10,F,OWMMG0064E,7037554091,Bengaluru,Karnataka,Government Employee,61143.59,608,2023-07-31
703126,Bhavya Reddy,1968-12-05,F,MGSDK8016D,9396047927,Delhi,Delhi,Farmer,13363.67,579,2023-07-15
703127,Senthil Ghosh,1978-07-20,M,WDNCB0466G,7726165039,Jaipur,Rajasthan,Salaried,27426.86,552,2016-05-21
703128,Kalpana Perumal,1985-03-03,F,FKSPV7948C,9534146057,Nashik,Maharashtra,Business,30258.95,665,2010-03-20
703129,Sunil Bose,1959-07-07,M,REWLB3165V,9790843173,Chennai,Tamil Nadu,Self Employed,167221.91,676,2015-12-18
703130,Deepak Mukherjee,1972-04-09,M,AUFGI6916F,6659556698,Ahmedabad,Gujarat,Self Employed,68858.1,641,2017-05-27
703131,Mahesh Venkatesan,1973-07-18,M,NDDEN7524R,9935490944,Bhubaneswar,Odisha,Salaried,72927.81,746,2014-02-04
703132,Uma Nambiar,1985-10-13,F,DTUBW6684A,8732500012,Chennai,Tamil Nadu,Salaried,171125.13,589,2021-03-13
703133,Prakash Rao,1997-05-01,M,MQZUL7988Y,7045375079,Surat,Gujarat,Self Employed,31287.28,610,2018-11-07
703134,Manoj Jadhav,1979-05-09,M,TQMKQ3472P,7869031542,Delhi,Delhi,Retired,31444.59,547,2017-12-06
703135,Vidya Kulkarni,1994-11-01,F,AATIT1745M,8414191793,Kolkata,West Bengal,Government Employee,110138.4,798,2019-06-23
703136,Harish Iyengar,2005-03-29,M,GYQUP7062I,9308386432,Pune,Maharashtra,Government Employee,59370.55,768,2023-03-20
703137,Vinod Nambiar,1963-06-23,M,RHHPK7472K,6905657308,Jaipur,Rajasthan,Business,285478.53,790,2015-06-07
703138,Suresh Kumar,1962-12-03,M,RVYKE1908N,9289866699,Kanpur,Uttar Pradesh,Salaried,31139.35,586,2018-01-03
703139,Madhavi Perumal,1974-02-28,F,SQEMM0062E,8142882762,Chennai,Tamil Nadu,Business,328797.27,793,2012-11-18
703140,Malathi Rajendran,1993-12-20,F,LANPV7939Q,7324926594,Bengaluru,Karnataka,Salaried,38342.16,694,2023-04-16
703141,Lakshmi Krishnan,1991-05-07,F,EMVYN3711Y,6985360158,Mumbai,Maharashtra,Salaried,126782.82,735,2021-03-26
703142,Sangeetha Chowdhury,2005-06-20,F,YRGZT5228M,8907894467,Chennai,Tamil Nadu,Business,353119.99,722,2024-03-08
703143,Revathi Venkatesan,1971-03-31,F,IXSBV5348U,8365229272,Kolkata,West Bengal,Self Employed,271634.79,636,2022-04-08
703144,Vinod Chauhan,1980-03-06,M,QDABV8099R,8520895027,Patna,Bihar,Salaried,26325.29,651,2010-10-18
703145,Nithya Menon,1969-11-03,F,WEZGS0928I,9867621590,Kochi,Kerala,Salaried,111325.2,521,2016-03-07
703146,Amit Jadhav,1977-12-26,M,DGBXS6482H,8645926410,Kanpur,Uttar Pradesh,Salaried,32929.02,615,2020-11-01
703147,Chitra Chowdhury,1963-07-16,F,ZXBJT3587Q,7710817047,Bengaluru,Karnataka,Professional,205586.97,646,2023-01-31
703148,Balaji Mukherjee,1974-08-24,M,TKKIS8722Y,8395490684,Chennai,Tamil Nadu,Business,463793.79,557,2019-12-18
703149,Rajesh Mehta,1962-04-24,M,KBYIU2153W,7104028712,Bengaluru,Karnataka,Salaried,75768.51,676,2015-10-02
703150,Saranya Nambiar,2001-03-24,F,NOEHQ6901H,9453553958,Surat,Gujarat,Salaried,31570.18,788,2010-11-14
703151,Parvathi Iyer,2001-11-13,F,OMDQX2465P,9458296931,Mumbai,Maharashtra,Self Employed,269345.3,620,2018-12-19
703152,Pankaj Iyengar,1969-07-30,M,EDPXN9400W,6909281092,Surat,Gujarat,Salaried,92616.53,576,2019-04-07
703153,Sathish Pandey,1990-03-19,M,RMNMH3513V,9760596960,Kolkata,West Bengal,Salaried,94825.0,586,2014-05-24
703154,Balaji Sen,1994-02-13,M,MATVH5118B,6648188864,Bengaluru,Karnataka,Business,259145.7,685,2024-02-11
703155,Shankar Kumar,1958-11-01,M,DUSVR2665U,8529477227,Nashik,Maharashtra,Salaried,43468.17,833,2019-02-26
703156,Anitha Bhat,1982-10-11,F,ZOBPH6294O,6548162813,Surat,Gujarat,Salaried,139379.06,683,2024-04-17
703157,Vani Yadav,1999-03-11,F,WJHWB9955M,8922660564,Kolkata,West Bengal,Self Employed,233081.84,673,2013-10-06
703158,Rekha Bhat,2004-03-07,F,RPSTB2163R,9289782327,Lucknow,Uttar Pradesh,Salaried,152215.48,550,2016-09-14
703159,Pankaj Naidu,1971-02-07,M,RGPJQ6854V,9518700140,Kanpur,Uttar Pradesh,Self Employed,23387.95,699,2024-09-08
703160,Sunil Saha,2003-02-04,M,DZZOD1186I,8952112955,Kochi,Kerala,Salaried,49544.39,727,2014-01-13
703161,Malathi Pillai,1968-10-17,F,SVHRZ8013I,9032275026,Surat,Gujarat,Salaried,42314.57,629,2021-01-03
703162,Balaji Chelladurai,1985-04-17,M,QNLDB7327A,9070888441,Patna,Bihar,Farmer,23717.49,665,2011-12-21
703163,Janani Ghosh,1967-11-12,F,UBFGT2626D,7552544583,Bhubaneswar,Odisha,Farmer,53203.62,605,2019-12-26
703164,Rohit Verma,1998-04-30,M,COLZX4248T,6412772811,Mumbai,Maharashtra,Business,431320.04,737,2013-04-14
703165,Suresh Chelladurai,1993-09-30,M,EYJXU1214I,8445386824,Hyderabad,Telangana,Business,287404.82,794,2016-09-27
703166,Esther Raman,1983-09-09,F,ERBPW3204H,8421118232,Chandigarh,Chandigarh,Retired,46133.62,703,2010-03-04
703167,Ilango Sen,1979-12-21,M,APOFC7767W,7451975019,Chennai,Tamil Nadu,Salaried,109820.81,716,2024-05-15
703168,Nitin Venkatesan,1974-05-30,M,SDQIW4391E,6930589195,Hyderabad,Telangana,Professional,68158.0,673,2020-11-12
703169,Janani Rajendran,1992-10-15,F,KNKBF6888I,7919422638,Bhubaneswar,Odisha,Salaried,89186.77,607,2018-04-21
703170,Aishwarya Deshmukh,1956-11-10,F,XADZS5687Q,8524723558,Ahmedabad,Gujarat,Salaried,128320.22,594,2017-05-18
703171,Yogesh Reddy,1976-05-01,M,TCFNS0458E,8155426036,Bhubaneswar,Odisha,Farmer,46296.37,-1,2020-12-29
703172,Revathi Patel,1999-03-03,F,FWRBL7015X,6087764093,Kolkata,West Bengal,Salaried,143001.85,629,2019-11-25
703173,Ashok Mukherjee,1970-10-08,M,AEXXL7187M,9818323948,Chennai,Tamil Nadu,Self Employed,144138.17,679,2024-06-18
703174,Geetha Rana,1957-04-11,F,ZEVDP3874S,6791879017,Pune,Maharashtra,Business,165721.65,667,2023-02-26
703175,Balaji Banerjee,1957-12-31,M,PYGSZ7483S,7866773344,Ranchi,Jharkhand,Farmer,44750.78,-1,2017-08-21
703176,Nandhini Singh,1958-03-14,F,RCVOV8201U,9021552195,Coimbatore,Tamil Nadu,Salaried,168391.41,764,2021-02-02
703177,Ravi Iyengar,2000-07-29,M,WKQDN5823Z,8379364105,Coimbatore,Tamil Nadu,Retired,29958.71,738,2015-03-09
703178,Ganesh Chelladurai,1966-08-22,M,CAFRY2259Y,9311168990,Kolkata,West Bengal,Farmer,50556.35,808,2015-06-20
703179,Hari Bose,1992-03-13,M,XVASC8877S,7705652997,Delhi,Delhi,Self Employed,255276.64,741,2016-11-02
703180,Nithya Shah,1975-12-01,F,PFPGT1153Z,8712283398,Pune,Maharashtra,Salaried,162131.51,645,2014-02-01
703181,Chitra Banerjee,1967-12-30,F,APSEA6728S,9160111470,Lucknow,Uttar Pradesh,Business,167351.06,677,2016-04-01
703182,Vani Murugan,1997-02-09,F,LUXJX4307I,8447541184,Coimbatore,Tamil Nadu,Farmer,9162.46,514,2020-10-01
703183,Dinesh Ghosh,1976-12-06,M,NFRJY4017A,9081839115,Coimbatore,Tamil Nadu,Retired,13941.17,826,2015-11-17
703184,Neha Sen,1987-10-10,F,NRRDU9986D,9925017470,Chennai,Tamil Nadu,Business,377493.54,613,2015-10-27
703185,Ganesh Gupta,1989-08-03,M,FZYXB8960F,8421533951,Nashik,Maharashtra,Business,218546.37,629,2017-11-17
703186,Dinesh Shah,1991-02-02,M,BCCEA0603N,7073686045,Kolkata,West Bengal,Salaried,104452.57,840,2011-08-01
703187,Suresh Yadav,1963-07-03,M,CFJRF8316N,6434563277,Ahmedabad,Gujarat,Retired,32098.75,566,2016-10-18
703188,Mahesh Bhat,2001-03-26,M,ROFLA1441U,7639676144,Pune,Maharashtra,Salaried,112519.83,610,2024-01-14
703189,Nandhini Tiwari,1976-10-30,F,IHLSX4121S,7423005624,Pune,Maharashtra,Professional,350159.96,662,2014-08-11
703190,Mani Gupta,1991-02-03,M,KWPJS5787Q,6848595336,Mumbai,Maharashtra,Government Employee,100815.49,613,2025-01-05
703191,Dilip Jadhav,1990-03-10,M,BZYKU9219P,9380380738,Mumbai,Maharashtra,Salaried,51722.28,677,2023-08-15
703192,Shanthi Desai,1963-09-01,F,OSUIM6015B,8220102778,Jaipur,Rajasthan,Retired,71036.74,691,2012-05-08
703193,Sangeetha Kumar,1957-07-29,F,JOOXM8519U,6782550896,Mumbai,Maharashtra,Business,364374.47,728,2018-07-16
703194,Naveen Iyer,1999-11-19,M,AVDFX7862N,7627945113,Jaipur,Rajasthan,Salaried,64027.87,658,2010-02-19
703195,Sunitha Mehta,1987-08-09,F,UTRHQ6036F,7653864097,Patna,Bihar,Salaried,34864.02,734,2017-05-24
703196,Praveen Yadav,1993-11-02,M,HLMOF2311C,8143451795,Kolkata,West Bengal,Professional,307314.11,637,2014-09-12
703197,Parvathi Mukherjee,1992-12-29,F,BOSBU7054V,7867977159,Delhi,Delhi,Salaried,153569.1,726,2011-11-17
703198,Ramesh Kulkarni,1980-02-01,M,CJUYM7955A,9676933837,Chennai,Tamil Nadu,Business,166713.32,780,2012-09-09
703199,Nithya Yadav,1985-03-16,F,TSOOU5029W,8416467030,Coimbatore,Tamil Nadu,Professional,55818.9,505,2015-01-19
703200,Nithya Shah,1966-01-17,F,CBBBS5487O,7452955634,Coimbatore,Tamil Nadu,Business,81191.19,647,2014-10-05
703201,Shankar Singh,1975-11-29,M,FWPXY8058V,9933298469,Kanpur,Uttar Pradesh,Government Employee,106967.1,686,2018-11-24
703202,Anjali Naidu,2004-02-21,F,FMRYD1143T,8150429976,Nashik,Maharashtra,Professional,435999.0,490,2016-08-30
703203,Sandeep Mishra,1995-05-23,M,NNSUK4825X,6521686746,Delhi,Delhi,Business,405059.73,380,2018-06-01
703204,Chandran Yadav,1993-08-11,M,ZLXSV1361O,6081941077,Surat,Gujarat,Business,227074.88,698,2022-05-07
703205,Anitha Jadhav,1984-01-14,F,UZLPV3888I,7995511012,Kochi,Kerala,Salaried,151116.57,607,2012-08-28
703206,Harish Krishnan,1994-07-14,M,MGXKB8895Q,9303060085,Delhi,Delhi,Government Employee,59701.34,743,2011-08-05
703207,Latha Roy,1984-01-06,F,GAAGB8681O,9478938962,Bengaluru,Karnataka,Self Employed,164798.1,668,2012-05-07
703208,Shankar Dutta,1956-09-15,M,LZRLX1121J,7146290233,Kanpur,Uttar Pradesh,Salaried,59186.32,667,2024-11-05
703209,Tara Joshi,1960-12-07,F,VHTBS7883K,9551763846,Ahmedabad,Gujarat,Government Employee,33494.21,635,2024-10-13
703210,Rekha Gupta,1977-11-27,F,ZAWCZ3676O,6662807037,Chennai,Tamil Nadu,Salaried,106100.21,678,2023-12-17
703211,Rajesh Menon,1999-01-31,M,SIAVG1080K,7730918799,Bhubaneswar,Odisha,Salaried,179108.22,583,2011-04-19
703212,Oviya Krishnan,1971-05-11,F,IARSR6203B,6127154247,Patna,Bihar,Salaried,61875.39,620,2020-06-12
703213,Lakshmi Tiwari,1999-05-04,F,UKPPD9436R,8054731069,Coimbatore,Tamil Nadu,Business,264477.81,743,2016-04-27
703214,Abhishek Gupta,1992-11-19,M,ADASI8822F,6732654370,Coimbatore,Tamil Nadu,Government Employee,118984.28,645,2010-05-24
703215,Nitin Balasubramanian,1964-01-02,M,AXEHD8452X,7882341501,Ahmedabad,Gujarat,Salaried,109487.01,716,2014-04-03
703216,Shanthi Menon,1983-09-13,F,FJPNJ5592Y,7816891582,Bengaluru,Karnataka,Salaried,50450.64,668,2016-03-20
703217,Senthil Iyer,1984-11-24,M,HIAMK0476D,6566786045,Mumbai,Maharashtra,Retired,24548.97,637,2022-06-14
703218,Priya Roy,1967-09-11,F,JUCPV4826O,9273915174,Kolkata,West Bengal,Self Employed,33096.78,577,2015-05-31
703219,Amit Nair,1992-06-24,M,LYMAC3676L,7189488877,Nashik,Maharashtra,Retired,22809.66,748,2016-01-09
703220,Vani Jadhav,2000-05-10,F,NTBLZ5776I,6190097980,Bhubaneswar,Odisha,Self Employed,297851.7,590,2017-10-09
703221,Chitra Verma,1985-05-12,F,TGPLF0343J,6023221814,Bhubaneswar,Odisha,Salaried,172755.18,704,2014-10-09
703222,Karthik Kumar,1979-02-20,M,FHKAD8714V,7673792259,Bhubaneswar,Odisha,Self Employed,156392.26,521,2017-04-30
703223,Senthil Mehta,1983-08-27,M,AGRRR8883Q,7813169748,Lucknow,Uttar Pradesh,Salaried,71216.41,694,2022-12-31
703224,Nitin Desai,1972-12-09,M,BUHFX5597U,8707708112,Kanpur,Uttar Pradesh,Salaried,33193.8,705,2023-01-07
703225,Sunil Thakur,1966-09-15,M,OAVAF8574D,6421592670,Delhi,Delhi,Business,350402.43,608,2016-04-04
703226,Sanjay Dutta,1981-08-24,M,VGRSA7822J,6206179047,Kolkata,West Bengal,Salaried,24100.73,516,2019-01-09
703227,Shankar Iyer,1998-04-24,M,VSDZI1020K,6169426414,Mumbai,Maharashtra,Professional,349310.05,654,2023-01-07
703228,Abhishek Sen,1987-11-28,M,IAHVC1581T,9238585898,Surat,Gujarat,Salaried,38343.13,678,2024-04-11
703229,Jagan Iyengar,1975-04-01,M,YKKHA0845O,6534306593,Ahmedabad,Gujarat,Salaried,27241.55,619,2025-05-04
703230,Esther Yadav,1974-04-13,F,KINCT0398Q,8453152784,Bhubaneswar,Odisha,Self Employed,276480.28,605,2011-01-11
703231,Revathi Dutta,1957-02-18,F,HCXFZ2663M,9167676902,Surat,Gujarat,Salaried,172266.85,754,2021-10-31
703232,Vijay Tiwari,1990-05-15,M,ZVOTC7416G,7290159265,Hyderabad,Telangana,Professional,228859.95,658,2022-09-09
703233,Madhavi Bose,2003-07-24,F,ELIKD4006Y,8292705297,Chennai,Tamil Nadu,Salaried,175032.02,629,2024-02-28
703234,Amit Chelladurai,1979-04-14,M,JLCTP5724O,7368397870,Delhi,Delhi,Salaried,154564.68,748,2023-03-25
703235,Vivek Pandey,1978-03-29,M,JZTBW9078B,7859734259,Kanpur,Uttar Pradesh,Salaried,36623.1,-1,2023-06-20
703236,Rohit Sen,1974-09-03,M,IOCMJ3230R,6112613999,Hyderabad,Telangana,Salaried,47855.09,667,2018-02-10
703237,Naveen Sharma,1996-12-16,M,XCCLK0294X,8335746451,Kochi,Kerala,Salaried,175332.17,603,2025-06-27
703238,Balaji Das,1986-10-13,M,MAQWF6413Y,7273261953,Coimbatore,Tamil Nadu,Professional,412950.56,751,2014-09-25
703239,Saranya Desai,1992-04-27,F,GHRAF6942J,9735754509,Surat,Gujarat,Business,297952.32,634,2014-02-17
703240,Rekha Murugan,1989-11-10,F,KARFQ6969U,6410743031,Lucknow,Uttar Pradesh,Self Employed,224316.69,756,2013-03-29
703241,Suresh Deshmukh,1971-08-24,M,YOIGS5608E,8467063315,Kanpur,Uttar Pradesh,Professional,121200.5,605,2014-10-02
703242,Nithya Thakur,1978-08-02,F,CDXAF0290S,9224607568,Kochi,Kerala,Government Employee,64331.9,699,2021-09-14
703243,Parvathi Mishra,1964-12-26,F,MZCVG0216T,9700955291,Bengaluru,Karnataka,Salaried,173530.09,785,2021-09-02
703244,Nandhini Murugan,1959-04-26,F,FYFMK3434V,6259848858,Kanpur,Uttar Pradesh,Retired,37572.61,711,2019-10-26
703245,Jagan Chowdhury,1968-04-12,M,LDMKX3382B,6975648660,Coimbatore,Tamil Nadu,Professional,127293.01,716,2015-11-17
703246,Yamuna Nair,1976-10-21,F,EGTFS8936M,9743500775,Bengaluru,Karnataka,Retired,63035.6,711,2020-11-28
703247,Ravi Banerjee,1959-07-23,M,REXMH4241D,8393041887,Lucknow,Uttar Pradesh,Government Employee,122165.38,-1,2011-09-10
703248,Suresh Naidu,1976-10-04,M,GCGGN8127T,7148535531,Jaipur,Rajasthan,Business,404426.04,749,2014-09-08
703249,Pooja Rana,1982-09-02,F,AFKKQ7463B,8534587722,Madurai,Tamil Nadu,Salaried,104311.56,676,2021-11-30
703250,Praveen Shah,1966-02-17,M,CSMQM2861F,8258161904,Coimbatore,Tamil Nadu,Self Employed,171768.19,711,2024-11-18
703251,Gokul Reddy,2001-06-12,M,RPELP2468R,6135097722,Ranchi,Jharkhand,Government Employee,73329.91,647,2011-12-12
703252,Chandran Deshmukh,1976-07-18,M,UKIHY0816X,6450871523,Bhubaneswar,Odisha,Self Employed,264134.45,850,2022-01-08
703253,Amit Thakur,1981-06-25,M,MWAPL7297B,7279144979,Bhubaneswar,Odisha,Farmer,56674.04,586,2011-01-16
703254,Rajesh Perumal,2003-04-01,M,GGRVT4637P,7925918077,Chennai,Tamil Nadu,Farmer,55983.62,746,2011-12-16
703255,Ashok Ghosh,1961-08-25,M,PNNZI4733J,6064533504,Nashik,Maharashtra,Business,92269.75,-1,2018-03-25
703256,Rakesh Joshi,1964-08-29,M,PSCMG5864W,6664640211,Pune,Maharashtra,Salaried,27044.08,576,2017-10-06
703257,Sivakumar Patel,1972-08-13,M,DBYQY7360X,9290976040,Mumbai,Maharashtra,Salaried,160714.0,719,2020-05-12
703258,Shanthi Joshi,1983-01-26,F,BXDRT1924I,8471584481,Bengaluru,Karnataka,Business,254542.6,792,2021-03-05
703259,Chandran Elumalai,2001-12-03,M,EFTOJ0227R,6813179323,Ranchi,Jharkhand,Salaried,109263.88,566,2024-04-08
703260,Parvathi Pillai,1994-02-01,F,DXPDC1729E,8526270249,Coimbatore,Tamil Nadu,Professional,327632.15,834,2011-04-23
703261,Farooq Patel,1971-09-24,M,ADHID3558E,9731666333,Mumbai,Maharashtra,Business,485214.26,-1,2017-12-01
703262,Vinod Thakur,1970-10-01,M,BHBIG9835L,9406916108,Mumbai,Maharashtra,Salaried,168221.59,578,2010-10-22
703263,Janani Gupta,1994-04-15,F,PRWQU2680L,6905752478,Delhi,Delhi,Salaried,173425.06,592,2015-12-20
703264,Revathi Mishra,1959-09-18,F,SHQSS6272Y,9150099510,Chennai,Tamil Nadu,Self Employed,82352.14,699,2020-01-14
703265,Balaji Ghosh,1961-10-03,M,JAPUE7833E,7137267227,Ahmedabad,Gujarat,Self Employed,136597.47,565,2023-02-09
703266,Dinesh Pandey,1987-02-27,M,LRKZK2868Z,9700597774,Chennai,Tamil Nadu,Self Employed,37474.46,761,2017-12-24
703267,Usha Bhat,1968-02-07,F,ENUQC6564Y,9518786470,Kolkata,West Bengal,Government Employee,47400.73,715,2018-04-30
703268,Amit Kulkarni,1986-04-13,M,WKGNK9792B,6063300095,Nashik,Maharashtra,Government Employee,52608.37,413,2014-03-12
703269,Kumar Yadav,1986-12-11,M,ACMEG3607E,7583134933,Delhi,Delhi,Salaried,55923.59,535,2012-04-01
703270,Vani Thakur,1969-08-23,F,JVFJH6116L,9613914782,Madurai,Tamil Nadu,Government Employee,50176.73,601,2025-05-23
703271,Sangeetha Desai,1982-11-22,F,XZDLG0125U,7700983340,Jaipur,Rajasthan,Business,143218.18,708,2025-06-03
703272,Selvi Subramaniam,1995-08-13,F,JGZGU3789I,9164729520,Lucknow,Uttar Pradesh,Retired,48616.48,568,2024-04-10
703273,Praveen Verma,1973-10-02,M,TFOGG0401N,6188006446,Bengaluru,Karnataka,Government Employee,115123.08,601,2016-11-15
703274,Rakesh Gupta,1967-07-20,M,AFRFC3575A,7920042138,Delhi,Delhi,Farmer,16724.52,726,2020-09-30
703275,Parvathi Ghosh,1974-10-28,F,UBQHH7743C,7090862957,Kanpur,Uttar Pradesh,Self Employed,39437.21,575,2010-12-22
703276,Dinesh Krishnan,1978-02-14,M,ADSAY5981C,8368923059,Mumbai,Maharashtra,Government Employee,149597.3,696,2023-09-16
703277,Senthil Chauhan,1972-12-01,M,BHUJC2858X,9305649847,Ranchi,Jharkhand,Salaried,88834.24,540,2024-04-03
703278,Abhishek Banerjee,1986-07-30,M,JGWJW1322X,9895388921,Madurai,Tamil Nadu,Business,333654.27,762,2019-04-12
703279,Sneha Venkatesan,1988-07-18,F,CPUIW0886V,9444804071,Nashik,Maharashtra,Professional,97646.83,801,2016-05-31
703280,Rekha Iyengar,2003-05-31,F,IUIRH4648N,7621093368,Lucknow,Uttar Pradesh,Self Employed,69121.86,560,2018-10-28
703281,Dilip Menon,1969-04-25,M,XBIJH5750S,6879278423,Bengaluru,Karnataka,Salaried,39083.88,446,2025-01-07
703282,Rajesh Venkatesan,1970-10-04,M,TKKUU7281C,9508372610,Delhi,Delhi,Business,370767.14,510,2016-07-31
703283,Anitha Bose,1993-09-23,F,JAOEB7696J,9955096636,Coimbatore,Tamil Nadu,Professional,35680.83,758,2010-04-07
703284,Swathi Das,1989-07-04,F,GBJMU2884J,8873803720,Ranchi,Jharkhand,Self Employed,25339.68,614,2018-09-02
703285,Sunitha Nair,1962-05-07,F,XPBGE1300Z,9330961888,Kolkata,West Bengal,Salaried,174780.41,766,2015-05-31
703286,Gokul Nambiar,1983-04-03,M,GFWZV1601C,8487562352,Bengaluru,Karnataka,Salaried,103995.17,542,2013-11-25
703287,Prakash Verma,1973-11-14,M,TNGKW1040G,8510204626,Kolkata,West Bengal,Salaried,66058.42,579,2010-11-07
703288,Vijay Singh,1989-08-23,M,RXWAL1643H,7884873337,Chennai,Tamil Nadu,Salaried,29321.11,656,2015-04-20
703289,Prakash Chelladurai,1964-02-21,M,XNXKK2643L,8807088310,Bhubaneswar,Odisha,Self Employed,218205.78,767,2022-03-10
703290,Lakshmi Rao,1987-09-19,F,FOIBT4406J,9820541185,Coimbatore,Tamil Nadu,Salaried,28580.51,647,2022-10-18
703291,Ajay Chelladurai,1963-12-13,M,WTRJI7730D,7409668475,Delhi,Delhi,Salaried,51658.43,571,2016-10-10
703292,Dinesh Venkatesan,1993-06-25,M,GAVCG4692W,6993467491,Patna,Bihar,Salaried,144016.3,695,2019-07-17
703293,Rajini Pillai,1985-02-11,F,YBHRK6861G,6192135457,Kolkata,West Bengal,Self Employed,207147.6,675,2013-02-25
703294,Naveen Singh,2004-11-30,M,WNHZH1694J,7398705273,Surat,Gujarat,Self Employed,252661.19,714,2022-12-24
703295,Kavitha Desai,1959-09-24,F,POQPB5974Q,6458534377,Bengaluru,Karnataka,Salaried,84651.83,650,2016-07-21
703296,Aishwarya Ghosh,1989-12-06,F,QBMLY7760K,9205914577,Chennai,Tamil Nadu,Business,449530.73,608,2015-09-29
703297,Pooja Gupta,1958-10-26,F,BIJHZ6264X,6086550798,Ranchi,Jharkhand,Salaried,113245.31,669,2018-08-21
703298,Selvi Venkatesan,1965-03-26,F,VMZRY6422S,8848784752,Kolkata,West Bengal,Self Employed,174550.35,435,2010-12-31
703299,Yogesh Verma,1976-08-08,M,MSQEW8108I,9406230222,Ranchi,Jharkhand,Business,28693.51,692,2024-04-03
703300,Naveen Venkatesan,1977-04-25,M,OPIYK2233N,7577640502,Kolkata,West Bengal,Salaried,174724.46,782,2016-12-27
703301,Malathi Chelladurai,2005-07-14,F,PXTAJ7437F,9662289539,Coimbatore,Tamil Nadu,Self Employed,239547.33,719,2021-03-23
703302,Prakash Pillai,1967-04-08,M,SXKMZ5922U,8857105946,Ranchi,Jharkhand,Salaried,83373.8,578,2018-10-27
703303,Rajesh Sen,1964-01-13,M,WVUJX2993P,7647405062,Nashik,Maharashtra,Self Employed,124997.1,523,2020-08-10
703304,Anitha Thakur,1966-09-23,F,FSQJS8437V,6850994429,Pune,Maharashtra,Salaried,22529.31,790,2019-11-06
703305,Vijay Raman,1998-09-17,M,FMITI7734L,8650522539,Chennai,Tamil Nadu,Government Employee,137706.92,-1,2011-08-08
703306,Anitha Das,1995-02-11,F,LIJBR4696T,8661503151,Patna,Bihar,Retired,12155.45,619,2014-06-30
703307,Geetha Rajendran,1963-04-30,F,HTWKB8165D,9825166173,Ranchi,Jharkhand,Farmer,11150.21,647,2018-04-19
703308,Indira Sen,1972-03-30,F,BMRPO6684A,7380445552,Kolkata,West Bengal,Retired,23165.32,688,2022-04-06
703309,Kumar Sen,1972-02-04,M,QSZTG8779T,8318206570,Bengaluru,Karnataka,Self Employed,267859.23,611,2025-01-15
703310,Vijay Subramaniam,1961-08-26,M,FEBBS7809U,8398883637,Hyderabad,Telangana,Salaried,175580.68,671,2013-06-24
703311,Senthil Iyengar,1973-04-24,M,DJRKO4791G,8643291473,Ahmedabad,Gujarat,Business,216088.85,807,2023-09-30
703312,Shanthi Subramaniam,1980-05-23,F,KYYXZ1024E,7723507916,Ahmedabad,Gujarat,Salaried,33538.97,620,2013-03-11
703313,Anjali Venkatesan,1993-09-24,F,ONTCB4721A,6143039316,Nashik,Maharashtra,Government Employee,32648.93,847,2018-09-05
703314,Shanthi Dutta,1986-12-19,F,XMNZJ1631U,9626131403,Nashik,Maharashtra,Salaried,75116.79,703,2022-09-01
703315,Amit Singh,1966-09-06,M,DQDJP7414F,7174757893,Nashik,Maharashtra,Salaried,89834.55,697,2023-10-17
703316,Ramesh Iyer,1992-09-30,M,UCDRE8198Y,7419495420,Madurai,Tamil Nadu,Farmer,15820.56,756,2019-04-18
703317,Sunil Nair,1989-01-08,M,CVDOM6427G,8162614617,Mumbai,Maharashtra,Business,454498.29,753,2010-08-08
703318,Uma Murugan,1990-06-28,F,LHSZD5826I,8393662421,Mumbai,Maharashtra,Salaried,75781.74,766,2013-12-12
703319,Mani Singh,1957-10-28,M,ZTCZD7878R,8831266390,Patna,Bihar,Salaried,55018.96,719,2018-02-13
703320,Uma Perumal,1985-09-08,F,MBQJY0178B,6322298797,Kochi,Kerala,Salaried,27249.52,612,2019-03-09
703321,Vani Murugan,1993-09-12,F,CFYFN4289B,7494410438,Ranchi,Jharkhand,Self Employed,15896.5,820,2010-07-20
703322,Janani Elumalai,1958-01-08,F,FFXZO6183W,7622900262,Bhubaneswar,Odisha,Government Employee,148841.98,653,2019-08-16
703323,Abhishek Bhat,1956-07-28,M,YZULX0913D,7805972667,Coimbatore,Tamil Nadu,Self Employed,18744.05,-1,2022-02-21
703324,Praveen Pillai,1980-01-26,M,FATNK3227V,7737357293,Kolkata,West Bengal,Salaried,107879.39,589,2025-04-09
703325,Parvathi Singh,1991-01-09,F,JKNUC1932H,7198957122,Delhi,Delhi,Business,135088.49,751,2011-06-14
703326,Hari Iyengar,2004-10-29,M,BMIGC5223E,9844670142,Patna,Bihar,Salaried,67181.94,728,2025-01-28
703327,Radha Menon,1965-01-01,F,PEOJH4996R,7869977614,Ranchi,Jharkhand,Business,122292.26,664,2019-10-22
703328,Selvi Patel,1959-06-20,F,SKBEK5700R,7578111506,Mumbai,Maharashtra,Self Employed,19147.76,674,2014-02-10
703329,Madhavi Tiwari,1975-08-03,F,YFNLK1059P,9120243469,Nashik,Maharashtra,Salaried,166209.16,722,2019-05-19
703330,Swathi Pandey,1981-07-22,F,GEWSH2944K,9854802828,Pune,Maharashtra,Salaried,31213.99,848,2018-10-31
703331,Farooq Rana,1963-03-19,M,LNKHK3264L,9048238320,Mumbai,Maharashtra,Business,278330.84,660,2023-12-02
703332,Vijay Das,1997-03-22,M,KNGRW0774X,7785832691,Hyderabad,Telangana,Salaried,59733.24,549,2023-05-05
703333,Ilango Bhat,1982-04-10,M,IXTUN3038V,9083858341,Delhi,Delhi,Self Employed,116867.5,614,2014-01-01
703334,Vikram Rajendran,1992-03-04,M,UJINU6880B,9437374330,Ahmedabad,Gujarat,Salaried,118973.91,715,2013-05-20
703335,Manoj Verma,2005-01-01,M,AIUXT0844G,6968833685,Delhi,Delhi,Government Employee,95224.09,648,2020-07-29
703336,Rakesh Mehta,1992-01-08,M,LGANW0671P,9474750822,Bhubaneswar,Odisha,Self Employed,112437.25,605,2018-01-04
703337,Kavitha Thakur,2001-06-18,F,PZOIT2190R,8671346139,Patna,Bihar,Self Employed,102624.47,736,2024-11-23
703338,Sunil Menon,1970-07-23,M,ZYNXV0830I,7169020622,Kochi,Kerala,Self Employed,154474.66,736,2024-01-17
703339,Nitin Shah,1973-06-26,M,GFAPF0248S,8115772234,Kanpur,Uttar Pradesh,Salaried,160498.36,648,2025-04-29
703340,Devi Iyer,1992-06-30,F,RDAOJ2235W,7730119056,Chennai,Tamil Nadu,Government Employee,80388.75,694,2012-06-24
703341,Chandran Menon,1983-01-18,M,UGHUQ5500T,9361994978,Bengaluru,Karnataka,Salaried,160528.0,607,2023-02-03
703342,Chitra Sen,1996-03-17,F,AFWRI8090Z,7077660693,Pune,Maharashtra,Salaried,43806.78,610,2014-02-02
703343,Kumar Bhat,1985-10-23,M,GHEUA4664R,9462139092,Nashik,Maharashtra,Professional,112477.9,635,2024-06-23
703344,Meena Chelladurai,1970-06-02,F,GQGEA8629V,8457696720,Delhi,Delhi,Salaried,67859.06,539,2012-11-24
703345,Lakshmi Elumalai,1967-10-11,F,XXYLB3398F,6452140753,Madurai,Tamil Nadu,Salaried,114768.16,699,2013-10-27
703346,Chandran Kulkarni,1979-05-21,M,WNBTU0706C,7468116032,Hyderabad,Telangana,Salaried,169429.96,659,2022-06-04
703347,Esther Yadav,1972-07-21,F,RNDVC9098N,9597232979,Chandigarh,Chandigarh,Self Employed,110210.43,619,2021-02-12
703348,Nithya Murugan,1964-06-10,F,DKVRM9781E,7178987924,Jaipur,Rajasthan,Retired,75390.34,676,2019-10-31
703349,Sowmya Tiwari,2002-08-27,F,UEFET5507T,9194188964,Chandigarh,Chandigarh,Farmer,44574.0,679,2016-11-07
703350,Chitra Tiwari,1986-01-25,F,IXLNP2433L,8669128987,Surat,Gujarat,Business,141832.49,596,2010-03-04
703351,Pooja Mishra,1967-07-09,F,GDWTE5755M,7064188471,Bengaluru,Karnataka,Salaried,54760.23,610,2024-04-12
703352,Abhishek Gupta,1988-03-04,M,ULOYR6768X,8906354250,Nashik,Maharashtra,Self Employed,55815.24,591,2017-08-12
703353,Gopal Banerjee,1984-01-21,M,YLKNU3663G,6007478145,Bhubaneswar,Odisha,Salaried,69970.62,792,2014-09-18
703354,Ramesh Saha,1992-10-13,M,FAYNI8992N,9371438796,Delhi,Delhi,Farmer,8669.59,508,2019-12-17
703355,Aishwarya Shah,1960-06-27,F,UDAOR4393P,7082888079,Kolkata,West Bengal,Government Employee,63378.45,657,2013-10-18
703356,Hema Krishnan,1994-05-31,F,ODJEE9769A,7289993293,Coimbatore,Tamil Nadu,Government Employee,92079.65,743,2016-06-11
703357,Esther Chowdhury,1963-02-04,F,GLXNX5580P,7931343173,Madurai,Tamil Nadu,Salaried,99179.15,563,2023-04-17
703358,Indira Murugan,1961-03-01,F,WEKAI0228G,6423456828,Madurai,Tamil Nadu,Salaried,28320.96,574,2021-05-06
703359,Lakshmi Chauhan,1993-09-08,F,YTHYD6191G,7379671181,Bengaluru,Karnataka,Salaried,39094.87,572,2024-09-23
703360,Arjun Rajendran,1979-11-18,M,VQJPG1226T,9582544727,Patna,Bihar,Self Employed,190946.62,494,2012-08-19
703361,Yogesh Roy,1958-11-12,M,KCBNG1552S,9988658381,Patna,Bihar,Salaried,45049.82,773,2019-05-03
703362,Chandran Balasubramanian,1979-03-23,M,MXGRT0987Q,9117538572,Kolkata,West Bengal,Retired,46313.91,639,2019-04-02
703363,Ramesh Iyer,2002-08-13,M,VLFSX4848E,9750722298,Hyderabad,Telangana,Self Employed,232458.98,556,2016-08-18
703364,Malathi Mishra,1989-07-05,F,RPQEY4133T,6312609174,Ranchi,Jharkhand,Salaried,145777.19,599,2016-03-23
703365,Swathi Naidu,2000-12-26,F,YWDVU3528C,8722931928,Chandigarh,Chandigarh,Professional,156475.69,675,2014-05-30
703366,Gokul Perumal,1993-03-11,M,JNBCO7334N,6032272636,Ranchi,Jharkhand,Self Employed,113793.71,627,2024-10-18
703367,Kavitha Kulkarni,1999-10-09,F,ZFSNA6301Q,9417810021,Kanpur,Uttar Pradesh,Retired,17056.18,573,2016-06-19
703368,Rohit Mishra,2001-07-12,M,UEUST6242S,6464504962,Mumbai,Maharashtra,Business,384628.38,704,2020-05-13
703369,Abhishek Reddy,1996-10-15,M,TCLXK3153M,9721028238,Chandigarh,Chandigarh,Retired,22496.04,573,2024-04-08
703370,Vikram Joshi,1986-01-16,M,EIIAP9190Q,7177599183,Mumbai,Maharashtra,Farmer,8716.49,619,2024-02-28
703371,Latha Kulkarni,1989-03-17,F,KVHZU4103R,7253624307,Chennai,Tamil Nadu,Professional,291690.39,672,2025-06-16
703372,Geetha Mishra,1984-09-16,F,TUERX7738W,8625414086,Kolkata,West Bengal,Salaried,130909.18,587,2022-11-19
703373,Janani Raman,1959-07-26,F,SUYTO6062G,6674956578,Nashik,Maharashtra,Farmer,27419.83,663,2021-01-13
703374,Selvi Naidu,1967-01-31,F,PZQWS1536O,8332244946,Kanpur,Uttar Pradesh,Government Employee,97579.62,595,2015-08-05
703375,Sunil Das,2004-04-08,M,MICEU3002U,8379508327,Hyderabad,Telangana,Self Employed,199701.18,900,2023-05-15
703376,Sanjay Krishnan,1974-03-07,M,DIQGU4839U,6097086594,Chennai,Tamil Nadu,Government Employee,22273.64,616,2012-09-10
703377,Prakash Chelladurai,1961-03-19,M,REGMU0385R,8322111920,Chandigarh,Chandigarh,Salaried,158123.56,719,2011-07-27
703378,Padma Balasubramanian,1959-08-20,F,GVYPK5336P,7933626911,Chennai,Tamil Nadu,Government Employee,53938.19,574,2022-12-22
703379,Anjali Iyengar,1959-11-19,F,ILAAB7772G,7665239228,Kolkata,West Bengal,Salaried,84591.02,549,2016-05-19
703380,Dinesh Sharma,1980-07-05,M,TYNDL9938X,6445618516,Chandigarh,Chandigarh,Salaried,175473.37,642,2023-06-23
703381,Nitin Chauhan,1971-11-09,M,ZMGUX1202O,7029792548,Delhi,Delhi,Salaried,44427.04,621,2012-06-18
703382,Parvathi Kumar,1960-05-03,F,SXKAO2219P,6690203315,Bengaluru,Karnataka,Government Employee,40515.21,622,2025-02-28
703383,Priya Bose,1990-01-16,F,JETJW9346V,6835450615,Delhi,Delhi,Business,489749.76,651,2010-12-26
703384,Arjun Subramaniam,1963-05-27,M,KJEMS5216B,8317389538,Jaipur,Rajasthan,Salaried,139449.81,736,2023-06-11
703385,Deepak Gupta,1994-03-16,M,ZXTPB7458Z,9142367634,Ranchi,Jharkhand,Self Employed,65296.81,833,2012-04-18
703386,Arjun Tiwari,1987-07-06,M,CDOYG5767U,9999819371,Pune,Maharashtra,Salaried,52908.74,843,2018-03-28
703387,Sanjay Thakur,1972-02-17,M,TZUFT5329N,9038453054,Hyderabad,Telangana,Salaried,107315.97,659,2011-04-19
703388,Usha Krishnan,1977-06-29,F,OOSSC0543O,6815234557,Delhi,Delhi,Retired,13977.77,825,2023-06-22
703389,Kumar Sen,1964-02-23,M,QVRWU2581K,6368565729,Nashik,Maharashtra,Professional,349266.91,812,2024-05-21
703390,Mahesh Das,1990-11-24,M,XCOKK4638T,6944101376,Mumbai,Maharashtra,Farmer,45157.91,593,2019-05-21
703391,Arun Kumar,2002-03-26,M,CWYCM9400Y,9773059670,Jaipur,Rajasthan,Self Employed,237944.61,606,2014-05-13
703392,Bharath Nambiar,1976-09-03,M,NVAIG3601V,8375332582,Nashik,Maharashtra,Government Employee,42287.87,642,2021-02-17
703393,Aishwarya Sen,1999-01-17,F,WGJWI3265O,7116806370,Coimbatore,Tamil Nadu,Salaried,169970.75,835,2017-08-22
703394,Neha Naidu,1980-11-09,F,FFECD4095A,6664114679,Bengaluru,Karnataka,Salaried,96864.95,637,2020-08-03
703395,Shankar Kumar,1958-08-27,M,TEIPJ8606X,9753699174,Kanpur,Uttar Pradesh,Business,122508.58,628,2014-05-27
703396,Ilango Gupta,2003-11-25,M,FMETC4075E,9289348277,Ahmedabad,Gujarat,Professional,193399.87,780,2020-03-18
703397,Lakshmi Banerjee,1970-10-27,F,JALPZ7968P,8381865474,Coimbatore,Tamil Nadu,Business,432634.4,633,2014-02-15
703398,Sunil Verma,1995-04-01,M,XQAAR3694Q,9132111300,Delhi,Delhi,Retired,29047.23,635,2011-09-21
703399,Gopal Elumalai,1957-03-24,M,ABUVC1478V,8930164552,Chennai,Tamil Nadu,Government Employee,76944.34,706,2021-06-22
703400,Pooja Murugan,1957-05-06,F,MQRUJ1552O,6313431739,Bhubaneswar,Odisha,Salaried,108268.33,666,2023-03-15
703401,Harish Naidu,1968-09-19,M,ZPDCY8019V,7964258589,Patna,Bihar,Farmer,48131.35,422,2012-06-03
703402,Saranya Reddy,1979-10-20,F,ZQWJQ4599Q,6180173893,Jaipur,Rajasthan,Government Employee,86811.18,532,2018-11-09
703403,Nitin Singh,1970-04-25,M,NBZMP7301C,7492636892,Kolkata,West Bengal,Salaried,126473.55,715,2024-01-04
703404,Farooq Krishnan,1992-10-24,M,IZARR6489A,8521107959,Jaipur,Rajasthan,Salaried,29596.16,514,2012-12-20
703405,Sunil Mishra,1987-09-09,M,DYWGJ0729I,9624249709,Kanpur,Uttar Pradesh,Salaried,175903.43,763,2014-07-01
703406,Pankaj Perumal,1993-11-26,M,CRRAS7178F,6582131248,Madurai,Tamil Nadu,Salaried,25329.61,641,2022-02-25
703407,Bhavya Iyengar,1964-11-05,F,SNNXE4850A,7691222533,Madurai,Tamil Nadu,Farmer,36555.41,672,2010-01-11
703408,Sneha Das,1957-02-14,F,XJNZO8135G,8571219101,Jaipur,Rajasthan,Salaried,68931.82,674,2020-10-14
703409,Parvathi Kumar,2003-09-22,F,JXSFW4705P,8480669401,Delhi,Delhi,Business,116528.29,479,2010-03-31
703410,Gopal Iyer,1991-08-09,M,DGBAE7333G,7011529853,Patna,Bihar,Salaried,130087.96,-1,2022-05-17
703411,Kiran Mishra,1967-05-23,F,RXBCY4872V,9780079652,Nashik,Maharashtra,Salaried,102361.09,581,2010-03-04
703412,Nandhini Gupta,1987-12-13,F,UJGAB4247E,8081308562,Ranchi,Jharkhand,Business,307592.84,549,2013-10-24
703413,Manoj Gupta,1977-05-12,M,OYQWQ1810W,9441224709,Ranchi,Jharkhand,Business,275301.96,670,2010-02-10
703414,Uma Yadav,2005-06-01,F,DTNJL4407H,7543084657,Kanpur,Uttar Pradesh,Self Employed,126737.79,791,2013-11-14
703415,Fathima Nair,1960-09-11,F,PGVXG1692Y,9211002047,Chennai,Tamil Nadu,Self Employed,131693.35,627,2012-12-04
703416,Gokul Nambiar,1963-06-25,M,YEKDP8234R,9526080032,Bhubaneswar,Odisha,Self Employed,127347.27,655,2015-12-20
703417,Harish Reddy,1979-01-14,M,GJAHJ0542E,9432124542,Ranchi,Jharkhand,Government Employee,81683.5,464,2022-05-18
703418,Malathi Rajendran,1996-07-06,F,PISYF9478F,7500958863,Ahmedabad,Gujarat,Business,155883.08,613,2012-02-01
703419,Kiran Kumar,1994-07-10,F,MCHID7641G,6714506446,Ranchi,Jharkhand,Self Employed,91072.21,625,2022-07-31
703420,Malathi Rajendran,1986-10-26,F,BLZFK8999F,9559160412,Nashik,Maharashtra,Self Employed,268272.73,631,2022-11-28
703421,Praveen Pillai,1963-12-15,M,MOLGV1926K,6394089711,Jaipur,Rajasthan,Self Employed,79503.12,704,2012-03-01
703422,Jagan Rajendran,2000-06-16,M,HGJJA6169M,9732702527,Nashik,Maharashtra,Salaried,104989.19,780,2010-02-17
703423,Senthil Perumal,1995-10-23,M,ODDVH9974P,9254536026,Ranchi,Jharkhand,Salaried,77548.07,647,2015-03-14
703424,Hari Ghosh,1961-11-03,M,ZJNGK1849T,8361067529,Chennai,Tamil Nadu,Self Employed,55059.51,685,2024-06-29
703425,Sathish Iyengar,1988-01-10,M,TPEKA3121F,7922348433,Bhubaneswar,Odisha,Salaried,165030.75,502,2011-07-25
703426,Revathi Iyengar,1958-05-04,F,EYYNF3778H,8570657401,Chennai,Tamil Nadu,Self Employed,294258.23,706,2015-06-11
703427,Neha Rana,1959-01-30,F,GUKMS8413L,9839177031,Kolkata,West Bengal,Salaried,92730.89,652,2016-02-23
703428,Sunil Tiwari,1996-12-21,M,XPQJT2614U,9176074604,Chennai,Tamil Nadu,Self Employed,271562.41,484,2018-04-05
703429,Meena Dutta,1971-03-08,F,ROSTQ7650C,8483493771,Pune,Maharashtra,Business,243766.77,680,2016-11-07
703430,Kavitha Murugan,1987-12-22,F,MJMVH6628N,8119604539,Delhi,Delhi,Business,79736.04,587,2012-11-08
703431,Bharath Pandey,1971-05-17,M,EENPB0289Y,6513614103,Delhi,Delhi,Business,60409.44,744,2025-06-07
703432,Revathi Pillai,2004-07-25,F,OGRKQ4914X,6492286555,Mumbai,Maharashtra,Salaried,144690.44,692,2025-06-23
703433,Abhishek Tiwari,1998-10-23,M,HVXKB0065E,8496052177,Bhubaneswar,Odisha,Professional,396523.66,657,2011-05-06
703434,Nithya Kulkarni,1960-03-13,F,MAEHK3078E,6215663732,Chandigarh,Chandigarh,Farmer,52571.9,810,2021-05-05
703435,Ashok Chowdhury,1991-03-24,M,GNCLN1878M,9199127822,Nashik,Maharashtra,Self Employed,23202.5,634,2021-11-14
703436,Shankar Pandey,1999-05-24,M,RQGGD2473E,6490049078,Ahmedabad,Gujarat,Salaried,171317.57,620,2024-03-12
703437,Geetha Pandey,1986-12-08,F,PBMDE7335C,8998812382,Kanpur,Uttar Pradesh,Self Employed,176254.73,652,2010-09-12
703438,Dilip Bhat,1981-07-02,M,HLWOZ6897W,8603436783,Bengaluru,Karnataka,Salaried,22127.39,660,2011-05-15
703439,Usha Menon,1998-03-20,F,YCFCR8317L,9927954743,Coimbatore,Tamil Nadu,Farmer,13796.5,569,2010-06-07
703440,Shanthi Roy,1961-08-17,F,IGNDI9622J,6825830792,Chennai,Tamil Nadu,Government Employee,126684.66,703,2023-01-18
703441,Vijay Ghosh,1968-05-26,M,ZNVVK5456B,9682525182,Bhubaneswar,Odisha,Self Employed,161544.83,690,2019-01-05
703442,Nandhini Banerjee,1959-02-05,F,TQJFI8153V,9927560507,Jaipur,Rajasthan,Business,381629.48,601,2017-12-24
703443,Sivakumar Patel,1977-02-15,M,NVBDM3775E,8212397842,Delhi,Delhi,Government Employee,21332.8,504,2016-04-07
703444,Vivek Rajendran,1985-12-25,M,LDCTK3404S,7199938029,Jaipur,Rajasthan,Salaried,63737.22,764,2018-04-04
703445,Praveen Singh,1990-03-13,M,SLTAD7395W,9740150513,Kochi,Kerala,Salaried,99576.74,775,2025-06-04
703446,Ashok Shah,1981-01-19,M,RPGYA3271I,7228457811,Kolkata,West Bengal,Professional,233620.45,737,2014-09-12
703447,Gopal Iyer,1970-01-13,M,XYQJW3087D,8997815456,Delhi,Delhi,Self Employed,229960.33,746,2016-03-21
703448,Arjun Joshi,2002-05-29,M,SMYUQ6217D,7023124007,Kanpur,Uttar Pradesh,Business,440885.27,-1,2018-12-15
703449,Neha Shah,1984-11-06,F,YQUDA9180W,9222163997,Nashik,Maharashtra,Professional,358071.12,823,2010-04-14
703450,Mani Kulkarni,2001-11-18,M,TOBFS2954S,7011392111,Bengaluru,Karnataka,Business,425728.88,686,2022-12-05
703451,Tara Kumar,1966-01-01,F,QDFJX9771W,8801776248,Delhi,Delhi,Salaried,92276.17,809,2021-08-28
703452,Sangeetha Iyer,1983-08-24,F,TRTPM4992E,6513485450,Mumbai,Maharashtra,Salaried,84311.83,643,2017-11-25
703453,Selvi Balasubramanian,1978-10-28,F,RYLXF4240J,6402030185,Bengaluru,Karnataka,Self Employed,297396.16,576,2023-05-20
703454,Sunil Elumalai,1964-06-10,M,JYJFT4610Q,7097970410,Mumbai,Maharashtra,Government Employee,105192.07,660,2018-10-29
703455,Rakesh Pillai,1985-04-30,M,RTUTC7383D,8118637717,Coimbatore,Tamil Nadu,Salaried,31496.79,629,2022-02-20
703456,Amit Mishra,1987-12-04,M,ONNFU2221G,9134447786,Bengaluru,Karnataka,Salaried,104818.68,706,2019-10-06
703457,Sneha Singh,1968-07-22,F,GDKRU3815P,9673051315,Mumbai,Maharashtra,Salaried,40874.44,831,2014-04-23
703458,Aishwarya Sen,1989-07-01,F,KVLWI0974V,6455832564,Bhubaneswar,Odisha,Self Employed,55685.0,-1,2020-09-06
703459,Hari Jadhav,1985-06-25,M,UMGYE5758A,7867077189,Mumbai,Maharashtra,Salaried,153717.28,700,2016-10-07
703460,Selvi Raman,1983-01-03,F,JDJIC6425P,9661653118,Chandigarh,Chandigarh,Salaried,154094.75,759,2021-02-15
703461,Ashok Chelladurai,1969-01-27,M,LLZJF7470O,6069890767,Patna,Bihar,Salaried,35933.71,862,2014-03-31
703462,Geetha Pandey,1972-07-20,F,JZGNP3812B,9448151267,Surat,Gujarat,Salaried,27917.81,831,2020-01-30
703463,Rahul Iyer,1969-12-07,M,DYJXK1537Z,6669818419,Jaipur,Rajasthan,Business,277561.07,670,2013-10-03
703464,Lakshmi Rao,1984-03-20,F,OJINI2416B,8994903914,Mumbai,Maharashtra,Business,60284.81,599,2023-10-24
703465,Vani Raman,1971-02-18,F,OCXTI3724S,9048111043,Jaipur,Rajasthan,Government Employee,20242.94,863,2014-08-25
703466,Ajay Kumar,2004-12-04,M,QVFMG3194D,6265077525,Nashik,Maharashtra,Salaried,104329.66,561,2020-03-21
703467,Usha Naidu,1957-05-02,F,IQUUW4625M,8437058404,Ranchi,Jharkhand,Salaried,154713.28,491,2015-10-24
703468,Rajesh Chauhan,1982-10-24,M,TNTXI3821S,6180762594,Hyderabad,Telangana,Self Employed,45056.99,474,2018-04-26
703469,Kiran Rao,1994-08-29,F,MKBQB3580T,6240837971,Bengaluru,Karnataka,Salaried,20624.76,773,2022-05-18
703470,Mani Kulkarni,1983-05-19,M,JQHRD7355M,6942922857,Ranchi,Jharkhand,Self Employed,114325.25,524,2018-07-03
703471,Prakash Raman,1983-03-07,M,FTWAE6593B,8995495404,Delhi,Delhi,Salaried,170463.89,639,2013-09-02
703472,Vikram Rajendran,1987-06-09,M,MOZCX3981A,8769370366,Mumbai,Maharashtra,Government Employee,139372.78,651,2015-08-25
703473,Neha Sharma,1982-05-10,F,VFUDY5974Q,9113391875,Ahmedabad,Gujarat,Salaried,58812.53,786,2016-03-28
703474,Shanthi Verma,1957-11-18,F,OLKHV8390Y,6630720509,Kanpur,Uttar Pradesh,Self Employed,83902.36,-1,2021-08-12
703475,Uma Subramaniam,1974-04-15,F,CDCWP3334L,6193508018,Delhi,Delhi,Self Employed,212276.92,533,2018-11-15
703476,Anjali Ghosh,2003-02-17,F,XSBEE3071F,8488669513,Kochi,Kerala,Business,221616.49,-1,2019-05-16
703477,Janani Chelladurai,1976-11-03,F,QQUQT4695H,7692977958,Hyderabad,Telangana,Salaried,139742.67,-1,2010-11-05
703478,Ravi Murugan,1985-11-20,M,DRVDW5182N,9272344554,Bengaluru,Karnataka,Professional,412680.58,668,2019-12-29
703479,Gayathri Tiwari,1996-09-08,F,CVJTT7511W,8414848938,Ranchi,Jharkhand,Salaried,54208.03,692,2025-05-26
703480,Pooja Deshmukh,1957-02-01,F,OPBHJ7688G,6965374988,Coimbatore,Tamil Nadu,Retired,30432.31,796,2020-07-15
703481,Madhavi Kumar,1967-05-17,F,GWQLT5084U,8728918538,Delhi,Delhi,Business,107104.96,641,2013-11-22
703482,Uma Menon,2004-04-11,F,WYPFC3083X,8771283332,Chennai,Tamil Nadu,Salaried,40294.14,689,2017-05-04
703483,Suresh Roy,1971-04-19,M,PPCOJ8982I,7594146766,Ranchi,Jharkhand,Self Employed,37820.91,637,2018-03-17
703484,Mahesh Naidu,1966-06-13,M,ZRVJN9008V,6523700903,Chennai,Tamil Nadu,Self Employed,65163.63,767,2018-03-18
703485,Padma Sharma,1979-11-29,F,PPEIN0857K,6896982805,Chennai,Tamil Nadu,Professional,390551.86,753,2010-09-15
703486,Ganesh Perumal,1977-10-04,M,SNZOT0571I,9834780138,Kanpur,Uttar Pradesh,Salaried,28062.26,627,2016-05-22
703487,Kiran Nambiar,1978-09-24,F,LGDYY5310B,6068406471,Chennai,Tamil Nadu,Self Employed,114155.24,716,2010-11-19
703488,Pankaj Verma,1961-03-01,M,IHIHR4857Q,9285645994,Kolkata,West Bengal,Professional,437232.48,524,2023-10-12
703489,Shanthi Pillai,2001-08-26,F,BCORF7247O,9624499529,Kolkata,West Bengal,Self Employed,262714.01,670,2014-04-30
703490,Yamuna Roy,1963-01-02,F,UALFU0918G,9368743206,Patna,Bihar,Professional,409678.94,580,2014-10-14
703491,Sivakumar Iyer,2003-11-20,M,SVRUM0800F,7762513140,Chennai,Tamil Nadu,Salaried,106171.39,625,2012-10-20
703492,Madhavi Desai,1985-10-16,F,AQGCP5587F,9319569635,Coimbatore,Tamil Nadu,Salaried,102921.89,760,2021-08-19
703493,Farooq Nambiar,1968-11-29,M,KHLWT2788H,6512325614,Jaipur,Rajasthan,Salaried,145417.59,868,2013-11-23
703494,Sivakumar Desai,2005-02-04,M,TSSWZ5768G,8952556702,Chennai,Tamil Nadu,Salaried,153605.54,684,2025-05-11
703495,Manoj Perumal,1985-02-20,M,PEBWT7497P,8900214863,Kolkata,West Bengal,Salaried,59128.36,652,2017-09-11
703496,Suresh Desai,1967-03-25,M,NZXUD8730G,8243624354,Kanpur,Uttar Pradesh,Salaried,168095.8,633,2017-09-25
703497,Gokul Sen,1965-04-03,M,OKUCH3790S,6281594822,Nashik,Maharashtra,Self Employed,33927.46,736,2013-07-08
703498,Deepak Jadhav,1961-11-28,M,BLBTQ7564B,7898687165,Lucknow,Uttar Pradesh,Government Employee,90491.98,648,2016-03-28
703499,Malathi Sharma,1977-06-17,F,EQKJP9082I,9534262253,Bengaluru,Karnataka,Government Employee,27784.73,758,2010-01-10
703500,Ramesh Murugan,1981-08-13,M,KEFUI7498C,7164186207,Kolkata,West Bengal,Salaried,164305.74,811,2016-10-18
703501,Vani Shah,2001-08-23,F,VUJMY4879G,8348370745,Delhi,Delhi,Salaried,57606.6,725,2012-04-09
703502,Anjali Balasubramanian,1961-02-28,F,MCAIV8316D,6410735338,Hyderabad,Telangana,Salaried,36793.38,629,2012-08-24
703503,Rajesh Murugan,1987-06-11,M,ITYGD4027G,8526272543,Surat,Gujarat,Self Employed,180478.96,738,2021-03-10
703504,Kalpana Roy,2000-10-11,F,QMMLL2673Z,8711397754,Chennai,Tamil Nadu,Salaried,137063.9,600,2023-10-02
703505,Rekha Das,1998-08-19,F,ZFWMA2976B,6379928631,Mumbai,Maharashtra,Government Employee,89847.25,499,2021-05-29
703506,Arun Pillai,1997-06-24,M,KWCSJ9708E,7348419990,Mumbai,Maharashtra,Salaried,176068.84,774,2010-10-14
703507,Sivakumar Reddy,1966-11-15,M,UDKWV4331E,9592051709,Ranchi,Jharkhand,Self Employed,113649.13,848,2012-02-27
703508,Amit Naidu,1957-12-12,M,QQFIL3000T,6319457171,Nashik,Maharashtra,Salaried,113221.37,791,2014-02-03
703509,Balaji Pillai,1961-05-14,M,ZSCCA9601C,9268528470,Patna,Bihar,Salaried,97604.11,632,2017-12-08
703510,Lavanya Shah,1991-09-25,F,YSXCX8623O,8849433683,Lucknow,Uttar Pradesh,Self Employed,110560.7,345,2014-01-16
703511,Bharath Saha,1957-05-09,M,NTUHC8013D,6117853348,Pune,Maharashtra,Self Employed,161403.07,596,2013-02-25
703512,Suresh Menon,1972-04-17,M,MUAZZ8449J,8200907816,Kanpur,Uttar Pradesh,Salaried,115501.58,724,2022-02-25
703513,Gayathri Elumalai,1982-01-22,F,SJZLV5894S,7195261654,Kolkata,West Bengal,Self Employed,81252.17,628,2017-10-25
703514,Suresh Thakur,1966-10-01,M,DWZHP0356R,7794047959,Bengaluru,Karnataka,Salaried,96640.62,797,2019-05-13
703515,Hari Mehta,1995-03-24,M,PSZSY9357H,6666224981,Mumbai,Maharashtra,Salaried,41436.82,588,2021-01-06
703516,Prakash Banerjee,1956-09-25,M,EBGTR0097X,8767597337,Lucknow,Uttar Pradesh,Salaried,96708.87,712,2022-10-19
703517,Ashok Verma,1969-05-29,M,VNMSD7675Z,7472352299,Mumbai,Maharashtra,Salaried,71818.38,686,2020-01-24
703518,Sivakumar Nambiar,1997-01-23,M,UBSNF2555B,7999895759,Coimbatore,Tamil Nadu,Salaried,156860.93,689,2017-11-13
703519,Madhavi Rao,1997-07-14,F,ZBOWY3786P,6442268911,Madurai,Tamil Nadu,Self Employed,181770.4,531,2020-09-15
703520,Vidya Nambiar,1993-03-14,F,VDBLF3092P,9362189613,Chennai,Tamil Nadu,Government Employee,53948.91,655,2013-10-15
703521,Balaji Subramaniam,1960-12-09,M,PYOEW8949E,7538559777,Hyderabad,Telangana,Self Employed,24787.39,689,2022-05-20
703522,Mahesh Deshmukh,1991-05-25,M,TZMBC9242Q,7251660182,Kanpur,Uttar Pradesh,Salaried,89881.98,626,2018-09-07
703523,Meena Singh,1987-04-12,F,TFLCP6933F,8848991253,Kochi,Kerala,Self Employed,292833.0,540,2020-06-25
703524,Sathish Reddy,2001-08-13,M,FAYRF3568N,8790359359,Patna,Bihar,Government Employee,29373.38,618,2015-02-21
703525,Prakash Balasubramanian,1969-08-10,M,NUIKQ7130O,7541871257,Ranchi,Jharkhand,Salaried,75036.7,573,2022-01-25
703526,Karthik Tiwari,1995-06-21,M,FYWPU7120P,9743771043,Kolkata,West Bengal,Self Employed,238111.79,697,2011-02-26
703527,Naveen Iyengar,1974-04-04,M,WNDHY7962I,6372847698,Coimbatore,Tamil Nadu,Salaried,39091.7,756,2010-09-29
703528,Shankar Mehta,1982-02-17,M,LWGXU3379V,8152179119,Chandigarh,Chandigarh,Professional,249282.8,695,2020-01-16
703529,Ramesh Pillai,1990-01-26,M,LYLZJ6756B,7593688275,Ranchi,Jharkhand,Salaried,87311.56,699,2024-08-16
703530,Sathish Kulkarni,1974-06-29,M,ISBCJ2474O,7086718725,Surat,Gujarat,Salaried,135816.87,646,2022-05-29
703531,Balaji Rao,1958-10-18,M,GNZBA3771F,7402989181,Ranchi,Jharkhand,Farmer,12308.66,682,2018-04-16
703532,Pooja Sen,1993-11-23,F,VARJK4715R,9455177071,Bengaluru,Karnataka,Salaried,126225.15,478,2025-04-01
703533,Balaji Jadhav,1982-11-21,M,ROIHP2330N,8402814333,Kanpur,Uttar Pradesh,Self Employed,210554.25,670,2010-02-05
703534,Meena Kulkarni,1965-09-08,F,YEDQI3012A,9908678141,Bengaluru,Karnataka,Salaried,116065.05,748,2016-08-23
703535,Selvi Nair,1986-04-07,F,LJAME6920J,6847168334,Delhi,Delhi,Farmer,51315.15,613,2014-03-04
703536,Sunitha Tiwari,1984-04-29,F,DIFTQ0126A,8221135126,Chennai,Tamil Nadu,Self Employed,38681.35,729,2011-02-27
703537,Lakshmi Shah,1969-04-22,F,QFGGO6085J,8078440949,Patna,Bihar,Salaried,112138.07,520,2015-12-05
703538,Sathish Nair,1993-12-04,M,XHJMM7736G,7573942860,Kochi,Kerala,Salaried,98273.06,667,2014-08-02
703539,Chandran Iyengar,1958-03-28,M,XIUTK3408W,9901679534,Mumbai,Maharashtra,Self Employed,79327.55,645,2011-09-21
703540,Latha Banerjee,2001-12-22,F,EIAMX1615C,9494997815,Coimbatore,Tamil Nadu,Retired,76853.28,707,2016-07-08
703541,Kiran Shah,1961-09-06,F,DQMPC3941C,6333756168,Delhi,Delhi,Business,142573.8,677,2020-07-04
703542,Ramesh Thakur,1960-09-11,M,LXYQL4021R,8500186170,Delhi,Delhi,Salaried,91674.69,874,2019-10-01
703543,Abhishek Rao,1970-05-29,M,BIEVV5782D,9993068118,Delhi,Delhi,Salaried,47364.66,360,2017-10-21
703544,Sowmya Chelladurai,2003-08-06,F,RBHUZ4543Z,8137809254,Kanpur,Uttar Pradesh,Salaried,97527.47,525,2013-11-09
703545,Amit Sharma,1980-07-31,M,IQNUS0561K,7147059744,Madurai,Tamil Nadu,Business,187461.7,598,2016-08-04
703546,Abhishek Banerjee,1984-09-29,M,YCEPR7154E,6498296795,Kolkata,West Bengal,Business,345362.76,672,2019-06-10
703547,Revathi Das,2004-10-12,F,ASRBF5069E,7430036888,Kolkata,West Bengal,Government Employee,136325.01,601,2018-06-28
703548,Deepak Shah,1969-11-09,M,STGZV0164S,8588989807,Ranchi,Jharkhand,Salaried,115062.39,598,2012-12-14
703549,Meena Shah,1982-12-31,F,DPPIK2023C,6787926564,Delhi,Delhi,Salaried,33771.7,512,2019-03-24
703550,Arjun Iyengar,1972-08-05,M,EEGLJ8853V,8670354759,Chandigarh,Chandigarh,Self Employed,79605.46,533,2017-11-11
703551,Swathi Shah,1970-03-26,F,CYUBL5621Z,8772709877,Pune,Maharashtra,Retired,58518.28,579,2018-08-19
703552,Anitha Chelladurai,1979-06-29,F,XNHFQ0518V,8766795475,Madurai,Tamil Nadu,Business,342228.37,807,2025-05-08
703553,Shankar Desai,1958-08-28,M,EVQMA7699Z,6901382417,Bhubaneswar,Odisha,Salaried,35416.33,585,2017-07-03
703554,Yogesh Mishra,1987-11-01,M,MVQVE6658H,6206224050,Ahmedabad,Gujarat,Salaried,104228.38,900,2013-02-01
703555,Sandeep Iyer,1958-07-12,M,WRLZG4398E,7708783042,Nashik,Maharashtra,Self Employed,110172.47,764,2021-01-19
703556,Vidya Reddy,1999-05-30,F,VMBCO8524H,9525804070,Ranchi,Jharkhand,Government Employee,100671.21,635,2010-12-30
703557,Malathi Nair,1965-10-29,F,JTFHG7382J,9115107355,Mumbai,Maharashtra,Farmer,38694.41,740,2023-05-21
703558,Manoj Saha,1984-10-26,M,JDNXA4613L,9387671565,Mumbai,Maharashtra,Salaried,39932.63,760,2013-06-23
703559,Rahul Desai,2004-10-08,M,STDFA0732L,8293327123,Bengaluru,Karnataka,Farmer,39233.51,548,2024-06-11
703560,Sivakumar Singh,1999-01-12,M,VMWUI5847E,6948446662,Surat,Gujarat,Government Employee,124513.66,508,2016-11-26
703561,Rahul Chauhan,2004-04-16,M,AYBFX9204D,7281474391,Mumbai,Maharashtra,Government Employee,53899.78,802,2017-01-28
703562,Deepak Kulkarni,1993-07-15,M,TOWEW0070V,7770321112,Delhi,Delhi,Government Employee,136027.89,571,2019-12-12
703563,Kalpana Kulkarni,2005-05-06,F,VRWUU0047P,8095336288,Pune,Maharashtra,Salaried,51417.14,745,2016-05-30
703564,Malathi Patel,1964-10-24,F,ZSVSI6167D,8851038437,Kolkata,West Bengal,Farmer,9926.14,727,2022-10-01
703565,Rahul Singh,1995-01-20,M,JAHIY7301L,8661475518,Hyderabad,Telangana,Salaried,51206.63,503,2017-05-05
703566,Sathish Kumar,2003-05-07,M,WFCID0678L,6505249490,Patna,Bihar,Professional,62298.23,724,2016-12-08
703567,Manoj Iyengar,1983-09-09,M,BVCKF6331A,7104944853,Mumbai,Maharashtra,Government Employee,32699.93,716,2015-01-17
703568,Naveen Naidu,1999-07-04,M,HZTVR0126Z,6569462472,Lucknow,Uttar Pradesh,Self Employed,86421.61,785,2021-01-29
703569,Geetha Chowdhury,2001-01-31,F,MBLWV0514N,6980850716,Mumbai,Maharashtra,Self Employed,160826.52,659,2024-12-30
703570,Saranya Joshi,1973-07-20,F,QBCDO5393L,7354247519,Bengaluru,Karnataka,Salaried,68134.0,706,2025-05-27
703571,Chandran Krishnan,2002-09-17,M,VFWCD6764O,8011755544,Ranchi,Jharkhand,Professional,106818.79,699,2013-05-14
703572,Sivakumar Mehta,1962-09-09,M,AYOXT3331Z,8148042279,Ahmedabad,Gujarat,Government Employee,89278.46,640,2013-12-11
703573,Dilip Mehta,1988-02-16,M,RPJUE8027M,8284706795,Surat,Gujarat,Salaried,130055.24,819,2010-05-09
703574,Devi Sen,1965-08-02,F,ZQYWW0961M,7378595205,Coimbatore,Tamil Nadu,Self Employed,227179.64,755,2011-10-02
703575,Rohit Murugan,1982-07-20,M,JQVKY6945D,7466774681,Coimbatore,Tamil Nadu,Farmer,20528.15,810,2019-02-08
703576,Sanjay Yadav,1992-11-22,M,WIGOD0675U,7357382095,Chennai,Tamil Nadu,Self Employed,145582.19,697,2020-05-16
703577,Ajay Singh,1969-04-27,M,WNDMK7018D,7494584378,Delhi,Delhi,Retired,26578.54,-1,2020-07-07
703578,Deepak Banerjee,1995-04-13,M,OIIGC4294D,6905672887,Mumbai,Maharashtra,Business,334156.3,774,2012-03-16
703579,Revathi Dutta,1989-09-17,F,MZCFR0297X,6060235619,Madurai,Tamil Nadu,Business,180006.46,572,2012-07-27
703580,Bhavya Elumalai,1999-08-12,F,SNRYA6345K,6412963662,Ahmedabad,Gujarat,Salaried,133414.83,603,2019-05-31
703581,Dinesh Gupta,2003-06-13,M,KVWGS2060E,7075296880,Kolkata,West Bengal,Business,155535.87,758,2024-05-03
703582,Deepak Kumar,2004-09-14,M,OFEVA3996F,8985476323,Patna,Bihar,Salaried,97744.15,641,2019-08-09
703583,Tara Sen,1988-06-10,F,URBMV4658L,7263031019,Ahmedabad,Gujarat,Farmer,49102.28,625,2013-02-14
703584,Sowmya Perumal,1964-06-13,F,HZXRB9039L,6482071612,Coimbatore,Tamil Nadu,Self Employed,27731.92,678,2019-04-15
703585,Ashok Thakur,1982-07-02,M,CEUQE4853Z,6551069986,Bhubaneswar,Odisha,Government Employee,109176.95,512,2011-11-01
703586,Arjun Chauhan,1970-03-20,M,XPTIU4854L,6897206316,Coimbatore,Tamil Nadu,Farmer,22100.08,679,2023-05-12
703587,Oviya Rajendran,1966-07-16,F,CCNJB7862Y,9704971778,Kolkata,West Bengal,Salaried,40974.72,709,2022-10-01
703588,Yamuna Bose,1981-01-21,F,AWGXA5092T,8283557041,Ranchi,Jharkhand,Self Employed,113058.01,632,2012-07-05
703589,Kavitha Naidu,1976-10-07,F,FTHDW8989I,6760361280,Madurai,Tamil Nadu,Professional,363313.52,555,2016-10-08
703590,Kiran Das,2002-05-31,F,DANYV0065E,8983362539,Pune,Maharashtra,Self Employed,39341.49,830,2012-09-15
703591,Shankar Ghosh,1972-06-07,M,ECOXL6113C,7091590196,Bhubaneswar,Odisha,Salaried,19234.95,703,2020-03-19
703592,Vinod Murugan,1992-06-13,M,RRFSO9869P,6949271513,Ahmedabad,Gujarat,Salaried,44298.78,565,2016-11-20
703593,Gopal Krishnan,2001-07-28,M,XHOWL8398B,9673767769,Hyderabad,Telangana,Retired,17102.68,606,2014-05-26
703594,Ashok Naidu,1980-11-10,M,VFDRN2248K,7506681908,Chennai,Tamil Nadu,Farmer,36435.39,508,2024-08-11
703595,Rohit Balasubramanian,1979-11-08,M,SDWFO1824P,7694484235,Surat,Gujarat,Self Employed,60111.85,496,2022-11-23
703596,Neha Menon,1963-06-09,F,MXEPB6489W,8831347100,Surat,Gujarat,Salaried,46247.03,-1,2024-03-15
703597,Arun Rana,1974-06-08,M,UEPBL9020M,7577732422,Kolkata,West Bengal,Salaried,120443.72,480,2014-09-16
703598,Ravi Murugan,1989-03-06,M,HQIDX5866F,6361394271,Chandigarh,Chandigarh,Salaried,45966.4,583,2021-11-12
703599,Yogesh Singh,1990-03-31,M,KEEGH5805M,9529344337,Mumbai,Maharashtra,Farmer,58120.09,703,2019-01-02
703600,Arun Mukherjee,1981-02-18,M,TSHRJ7582H,8848640480,Bhubaneswar,Odisha,Professional,366051.06,733,2021-03-21
703601,Divya Menon,1995-12-12,F,VYDHO3097Z,9494465482,Mumbai,Maharashtra,Self Employed,96847.81,652,2020-02-11
703602,Sneha Yadav,1976-12-13,F,DONDK3388P,7687886663,Chandigarh,Chandigarh,Business,306467.21,760,2024-02-12
703603,Vijay Chelladurai,1998-08-07,M,TPAEB9993H,8335530320,Surat,Gujarat,Self Employed,145232.61,717,2022-04-10
703604,Parvathi Mishra,1965-12-04,F,KBAWT6109S,6479268106,Bhubaneswar,Odisha,Professional,444547.0,553,2012-12-09
703605,Radha Shah,1974-06-29,F,PWDFF3667Z,8486557803,Nashik,Maharashtra,Self Employed,298224.46,582,2016-03-14
703606,Chandran Joshi,1980-02-19,M,IZOQB4837H,7719734099,Delhi,Delhi,Farmer,55506.07,690,2012-03-29
703607,Mani Sen,1989-04-21,M,WEXHT5518L,7040332133,Bhubaneswar,Odisha,Business,50353.93,728,2010-05-22
703608,Lavanya Yadav,1959-07-26,F,TARLM6739T,8131774426,Bengaluru,Karnataka,Government Employee,95317.27,766,2025-05-15
703609,Vikram Kulkarni,1979-07-27,M,OECLQ4419G,8621045553,Jaipur,Rajasthan,Salaried,127981.15,531,2022-01-14
703610,Esther Gupta,1986-10-10,F,AWLGJ7414W,8580538133,Kolkata,West Bengal,Salaried,125287.38,477,2020-10-19
703611,Devi Chowdhury,1957-04-08,F,MHPMT8990L,8535646381,Mumbai,Maharashtra,Salaried,54672.18,855,2020-12-31
703612,Radha Bose,1965-12-16,F,EYYWD4878F,9203117902,Kolkata,West Bengal,Retired,61884.82,636,2019-05-22
703613,Bhavya Pandey,1998-12-05,F,XLAHY1011W,7563373008,Kolkata,West Bengal,Self Employed,267815.84,758,2012-01-28
703614,Gopal Menon,1957-01-11,M,JWFAE2468F,9902045617,Hyderabad,Telangana,Self Employed,16406.92,667,2014-12-12
703615,Sathish Rajendran,1965-03-24,M,STCYR3692E,6705470876,Chennai,Tamil Nadu,Business,74760.24,531,2014-10-18
703616,Pankaj Roy,1969-03-30,M,FPABS1349A,7842520875,Kanpur,Uttar Pradesh,Self Employed,201280.43,797,2018-07-15
703617,Gopal Pandey,1987-09-29,M,HFHXM6660U,8971719712,Ranchi,Jharkhand,Self Employed,78291.48,708,2014-11-25
703618,Rohit Desai,2001-10-20,M,DLDZP4266I,6202648427,Surat,Gujarat,Salaried,148644.95,805,2020-01-13
703619,Naveen Balasubramanian,2003-09-14,M,DVBKJ0608Z,6022466841,Bhubaneswar,Odisha,Salaried,89023.95,722,2017-09-09
703620,Rohit Deshmukh,1997-09-08,M,FIGWO9175P,7130887968,Mumbai,Maharashtra,Farmer,14592.12,570,2022-09-24
703621,Ravi Sharma,2001-01-17,M,PWSPV8054Q,6660993870,Kochi,Kerala,Farmer,42151.48,661,2017-07-17
703622,Jagan Rao,1975-02-26,M,PTCKQ4358D,6649253354,Chandigarh,Chandigarh,Salaried,74787.48,-1,2014-06-26
703623,Rohit Chowdhury,1963-06-14,M,YLJCS0611Z,8357313738,Delhi,Delhi,Salaried,177651.23,760,2020-07-12
703624,Sanjay Sharma,1959-04-18,M,SAPDX4291Y,8263587077,Hyderabad,Telangana,Farmer,33684.84,599,2020-09-14
703625,Chandran Bose,2005-01-05,M,SSERB5118U,8371734293,Delhi,Delhi,Self Employed,134927.41,683,2014-07-01
703626,Deepak Rana,1964-10-08,M,PHDSQ7698H,9164926801,Chandigarh,Chandigarh,Salaried,51457.92,776,2020-07-10
703627,Rajini Chowdhury,1991-02-07,F,NZNFY0758P,9822185586,Bengaluru,Karnataka,Salaried,179824.35,547,2012-06-24
703628,Rajesh Chelladurai,2003-03-01,M,GWTGE2708T,9306001338,Delhi,Delhi,Retired,58195.78,630,2010-03-18
703629,Sowmya Joshi,1962-04-02,F,HGBXZ3836G,6857268009,Delhi,Delhi,Salaried,69280.19,682,2020-11-10
703630,Farooq Sharma,1968-04-22,M,KACDD4868X,8090245582,Bengaluru,Karnataka,Salaried,125623.21,757,2020-07-03
703631,Divya Elumalai,1996-09-30,F,XTSSK3807D,9474611203,Mumbai,Maharashtra,Business,232461.45,656,2012-02-21
703632,Vinod Nambiar,1978-09-15,M,CEPLJ3963U,9804956956,Ahmedabad,Gujarat,Self Employed,25614.89,597,2010-11-11
703633,Arjun Ghosh,1995-07-16,M,UHXWO9281W,8686203051,Delhi,Delhi,Self Employed,271546.38,719,2022-05-23
703634,Gayathri Ghosh,1969-12-02,F,PWVBM8992K,6277226839,Mumbai,Maharashtra,Farmer,57851.67,607,2012-12-07
703635,Nandhini Nair,1974-03-05,F,TWSKY3716H,7881261249,Mumbai,Maharashtra,Self Employed,190908.42,706,2010-05-02
703636,Shankar Subramaniam,2001-08-14,M,LVFJW5125C,9239865484,Jaipur,Rajasthan,Self Employed,186103.83,700,2021-02-11
703637,Ravi Tiwari,1962-12-19,M,VXESX7037Q,6434883485,Lucknow,Uttar Pradesh,Salaried,134950.29,647,2013-11-13
703638,Sunitha Rajendran,1985-09-09,F,LMUPU7843H,8138302225,Bhubaneswar,Odisha,Business,293545.29,748,2014-04-22
703639,Anjali Patel,1982-11-29,F,GGWPJ8906Q,8410333882,Delhi,Delhi,Self Employed,223209.22,779,2022-01-21
703640,Sowmya Saha,1978-02-25,F,YVKJP1705D,7605228034,Mumbai,Maharashtra,Self Employed,108806.61,-1,2019-05-02
703641,Arun Iyengar,1965-06-09,M,INEIZ4785B,9813280426,Madurai,Tamil Nadu,Salaried,77048.77,-1,2010-03-22
703642,Rajini Dutta,1970-09-29,F,CUJFA6917S,7987455463,Madurai,Tamil Nadu,Salaried,127422.49,542,2013-08-27
703643,Sathish Patel,1979-03-18,M,PDJWW0989U,8873294746,Kolkata,West Bengal,Salaried,92915.36,716,2024-01-04
703644,Balaji Jadhav,1994-05-03,M,UQGXZ0476W,7582322721,Pune,Maharashtra,Business,57464.28,650,2013-11-12
703645,Kavitha Verma,1983-03-28,F,QKGSB0074Y,6343328736,Nashik,Maharashtra,Government Employee,60007.2,638,2017-11-14
703646,Sangeetha Banerjee,1959-09-02,F,MKZGI1842O,8224219487,Delhi,Delhi,Farmer,35013.05,675,2016-03-28
703647,Praveen Perumal,1971-11-04,M,LRUIO3508H,6745734676,Bengaluru,Karnataka,Salaried,32999.12,779,2023-10-25
703648,Revathi Yadav,1980-11-14,F,KZGVL1183B,7293874549,Bengaluru,Karnataka,Salaried,169644.37,653,2015-06-22
703649,Sangeetha Krishnan,1956-08-03,F,UYVCQ0862K,9366984070,Lucknow,Uttar Pradesh,Farmer,12574.95,636,2012-03-06
703650,Pooja Elumalai,1962-02-26,F,EYAPR7180J,9579314747,Ranchi,Jharkhand,Professional,55268.69,547,2024-07-14
703651,Vijay Tiwari,1997-07-16,M,KZBMN7967U,7841130074,Mumbai,Maharashtra,Salaried,77873.91,651,2017-10-02
703652,Arjun Deshmukh,1964-01-12,M,PBMBW5167H,6813934096,Surat,Gujarat,Business,182400.54,-1,2024-07-30
703653,Kavitha Chauhan,1977-10-20,F,DMMWX8064W,7232034769,Nashik,Maharashtra,Salaried,176735.69,667,2019-10-15
703654,Sunil Deshmukh,1965-06-16,M,MHHAJ0918Q,7899218061,Ahmedabad,Gujarat,Government Employee,140454.66,576,2013-08-09
703655,Gokul Rajendran,1967-10-20,M,XLTIK2072P,8082157721,Delhi,Delhi,Salaried,53774.01,-1,2014-02-22
703656,Sowmya Rana,1972-11-14,F,XDSGZ0128E,6181083146,Mumbai,Maharashtra,Government Employee,129685.83,638,2020-01-21
703657,Sowmya Sharma,1977-06-21,F,LWGXS7414T,9734295243,Bhubaneswar,Odisha,Professional,406719.15,713,2022-08-02
703658,Hema Singh,1998-07-13,F,FBIDN0166E,6807698702,Patna,Bihar,Government Employee,118862.27,800,2010-02-02
703659,Farooq Roy,1961-10-11,M,IQEQX8286Q,9648469449,Kanpur,Uttar Pradesh,Salaried,171542.25,641,2015-05-03
703660,Nitin Raman,1990-08-03,M,JQEPN4952E,7952841303,Surat,Gujarat,Salaried,152322.99,858,2021-07-18
703661,Kumar Sen,1981-03-17,M,PVRGW6875R,9213113483,Bengaluru,Karnataka,Retired,39408.84,763,2013-05-13
703662,Shanthi Mishra,2002-03-05,F,CMPAE5974B,9598099982,Mumbai,Maharashtra,Salaried,19731.73,751,2014-04-14
703663,Hema Jadhav,1964-04-08,F,FAYGI3122Z,7714193055,Kolkata,West Bengal,Salaried,101775.8,725,2022-05-24
703664,Priya Rajendran,2003-07-17,F,YJJDI1264M,7293551025,Chennai,Tamil Nadu,Self Employed,213640.42,679,2015-09-14
703665,Madhavi Mishra,1963-12-02,F,WQMSD0567I,8221854134,Chandigarh,Chandigarh,Salaried,128658.22,610,2015-03-10
703666,Bharath Subramaniam,1988-06-18,M,HHKED4436S,9138437210,Bengaluru,Karnataka,Government Employee,92983.58,664,2013-10-10
703667,Divya Saha,2000-04-17,F,RYMQO6302B,8336020765,Bengaluru,Karnataka,Salaried,174048.82,676,2017-12-27
703668,Sunil Singh,1992-10-13,M,RMECZ3866G,9327619293,Chandigarh,Chandigarh,Business,321263.08,686,2018-06-30
703669,Rakesh Verma,1995-10-09,M,ZXPTU5048D,9011973307,Kanpur,Uttar Pradesh,Self Employed,86036.1,817,2015-03-31
703670,Sunitha Mehta,1984-02-09,F,CVHJV6727R,6678682287,Chennai,Tamil Nadu,Salaried,160467.31,862,2022-10-28
703671,Vinod Iyer,1988-03-15,M,BWJVT1382T,7024695886,Kolkata,West Bengal,Professional,248634.31,723,2011-01-30
703672,Sivakumar Perumal,1978-01-20,M,XISQQ6037L,6009191140,Patna,Bihar,Self Employed,221731.21,767,2014-01-29
703673,Kiran Murugan,1978-09-10,F,TTSFH0161O,6645294574,Mumbai,Maharashtra,Salaried,28528.64,607,2011-05-15
703674,Sneha Banerjee,1961-12-20,F,OFAYY3339M,7706216433,Lucknow,Uttar Pradesh,Self Employed,237439.87,484,2014-08-29
703675,Gopal Jadhav,1997-11-27,M,TIVAI9869X,8664950194,Lucknow,Uttar Pradesh,Government Employee,44144.73,663,2017-09-28
703676,Ravi Iyer,1985-07-14,M,CBHRI7886Z,9101474373,Pune,Maharashtra,Self Employed,184342.08,696,2010-03-26
703677,Dinesh Venkatesan,2005-03-07,M,HTWBP2026M,9849000755,Bhubaneswar,Odisha,Salaried,33811.52,806,2018-05-20
703678,Nandhini Saha,1957-06-22,F,FUIWM7938E,9469442591,Kolkata,West Bengal,Salaried,152705.9,900,2021-12-02
703679,Oviya Das,1982-07-26,F,WNOEM2856F,8398839590,Chennai,Tamil Nadu,Salaried,169885.24,698,2010-10-19
703680,Meena Ghosh,1994-05-15,F,QELGK0611N,8234467770,Pune,Maharashtra,Salaried,41910.71,797,2011-05-01
703681,Gokul Rana,1959-12-05,M,YBSBM9343H,6443372376,Delhi,Delhi,Self Employed,294138.82,779,2024-08-04
703682,Selvi Raman,1999-03-15,F,IWRUV3214W,8495946053,Kanpur,Uttar Pradesh,Salaried,45513.85,694,2016-04-13
703683,Naveen Venkatesan,1986-11-07,M,OJDFN9574Q,8169124870,Delhi,Delhi,Salaried,35086.76,753,2018-04-29
703684,Amit Murugan,1958-06-09,M,ZCAQM9902M,8300485722,Hyderabad,Telangana,Professional,290016.83,711,2022-10-08
703685,Vikram Ghosh,1993-10-26,M,VNVTX6825Y,6481943245,Kochi,Kerala,Salaried,84094.88,822,2012-05-12
703686,Praveen Pandey,1991-03-11,M,PPMEA4837M,9979017477,Jaipur,Rajasthan,Salaried,93037.73,574,2012-05-31
703687,Rajesh Iyengar,1980-02-16,M,BNDIK8651U,8396340370,Lucknow,Uttar Pradesh,Farmer,37254.88,454,2024-02-15
703688,Suresh Chelladurai,1990-12-29,M,JFVFO6737Y,7112011332,Patna,Bihar,Government Employee,71711.38,687,2017-05-21
703689,Karthik Das,1979-08-21,M,FGVPS7185I,7819134496,Chandigarh,Chandigarh,Salaried,74844.11,763,2010-08-26
703690,Uma Tiwari,1989-05-14,F,KGUIW9077A,6925758540,Hyderabad,Telangana,Salaried,24432.87,775,2022-03-05
703691,Karthik Subramaniam,1980-01-14,M,SDNDV6629D,8925525207,Madurai,Tamil Nadu,Salaried,98196.51,621,2018-06-12
703692,Latha Chelladurai,1980-03-16,F,LQLPL0083V,7916335938,Delhi,Delhi,Government Employee,97045.58,727,2023-12-22
703693,Sangeetha Yadav,1956-08-24,F,LWXSH0926J,6339905019,Jaipur,Rajasthan,Salaried,126127.42,613,2022-07-29
703694,Nithya Raman,1973-12-03,F,VFMQF9201E,7890231400,Chennai,Tamil Nadu,Retired,58240.61,740,2016-05-03
703695,Praveen Mehta,1971-11-20,M,VXYOO4029U,8900567231,Ranchi,Jharkhand,Business,453608.84,604,2015-08-02
703696,Ilango Rana,2004-11-03,M,DDESI6074Z,7324881468,Pune,Maharashtra,Salaried,149200.94,573,2022-07-23
703697,Neha Banerjee,1989-10-19,F,CYHPX4230W,7133508964,Mumbai,Maharashtra,Farmer,50803.11,765,2018-04-02
703698,Dinesh Das,1998-10-14,M,KUAUB3346H,9280393456,Ranchi,Jharkhand,Business,120778.28,556,2012-06-21
703699,Dinesh Banerjee,1990-10-16,M,NHQGA8886A,7506240424,Surat,Gujarat,Self Employed,240862.96,535,2023-09-27
703700,Vidya Yadav,1970-09-18,F,SFWBV5684A,6414206799,Ranchi,Jharkhand,Retired,22183.51,751,2010-09-26
703701,Rohit Pillai,1973-08-01,M,QNPJN1165C,8571486893,Coimbatore,Tamil Nadu,Business,317777.8,685,2012-11-05
703702,Ramesh Yadav,1966-11-05,M,ISMEB3699J,8449039833,Ranchi,Jharkhand,Self Employed,140779.34,456,2019-08-10
703703,Rahul Nair,1968-10-17,M,ECMIO1185Y,9804279142,Nashik,Maharashtra,Self Employed,278327.46,788,2013-11-24
703704,Yogesh Das,2000-11-26,M,ZXMIP8223G,8615684079,Jaipur,Rajasthan,Salaried,29708.62,559,2011-01-28
703705,Rekha Rajendran,1981-01-11,F,FJWJQ3840V,7096874519,Madurai,Tamil Nadu,Business,419585.44,632,2010-01-18
703706,Rahul Tiwari,1994-09-10,M,GKGIF0241S,9768782523,Ranchi,Jharkhand,Salaried,105135.07,665,2010-07-23
703707,Sivakumar Singh,2002-11-09,M,NYOPJ9113Y,8216658423,Delhi,Delhi,Salaried,56120.88,867,2017-05-20
703708,Latha Krishnan,2003-06-30,F,HDBHL9445H,9414493681,Chandigarh,Chandigarh,Self Employed,134826.1,673,2023-11-16
703709,Nitin Raman,1963-03-20,M,YATHP9453D,6676181740,Kolkata,West Bengal,Salaried,37434.03,761,2018-04-16
703710,Mahesh Thakur,1990-09-11,M,FLTWP8164M,9995718688,Bengaluru,Karnataka,Business,96852.5,662,2015-11-26
703711,Sandeep Joshi,1993-07-06,M,IBEPO5964J,7295607498,Patna,Bihar,Salaried,163329.43,724,2019-05-30
703712,Madhavi Jadhav,1967-09-22,F,ARHVP3635A,7817736005,Ranchi,Jharkhand,Business,46403.03,-1,2021-05-24
703713,Sowmya Saha,1996-06-24,F,EAWHL3480O,6256080964,Ranchi,Jharkhand,Business,467941.47,542,2018-01-14
703714,Balaji Nair,1968-06-02,M,TEOOZ9972Y,8479716969,Chandigarh,Chandigarh,Self Employed,239263.43,676,2020-11-02
703715,Nitin Menon,1973-04-20,M,GMPUD5510J,9331587296,Bengaluru,Karnataka,Salaried,173126.39,618,2020-12-22
703716,Balaji Iyer,1968-11-08,M,TWKCZ0574C,8842039896,Surat,Gujarat,Self Employed,36939.2,579,2011-07-14
703717,Chandran Dutta,1957-10-19,M,QAABT6973S,6770711379,Chennai,Tamil Nadu,Business,459585.84,704,2019-09-29
703718,Deepak Rajendran,1997-01-10,M,PBHBW7187P,7775867503,Hyderabad,Telangana,Salaried,168926.58,774,2010-01-23
703719,Vani Joshi,2000-07-05,F,JAQFO1119R,9007921615,Kolkata,West Bengal,Salaried,49194.55,721,2025-01-29
703720,Kiran Krishnan,1967-02-13,F,AICKS2164N,8855914954,Ahmedabad,Gujarat,Farmer,9683.41,646,2012-07-04
703721,Deepa Chauhan,1964-08-26,F,IQPMJ1506X,7408623631,Jaipur,Rajasthan,Government Employee,73358.51,745,2020-01-04
703722,Anand Singh,2003-12-24,M,MPAVB6226N,7594127241,Kochi,Kerala,Salaried,24598.18,570,2021-06-28
703723,Ilango Iyer,1962-03-12,M,TYGCN9733T,9730377168,Kolkata,West Bengal,Self Employed,57946.72,706,2017-07-11
703724,Hema Rana,1971-07-10,F,OPGWR6014I,6494616266,Bengaluru,Karnataka,Salaried,49369.79,725,2015-08-06
703725,Vikram Patel,2004-12-19,M,NKKNO3483U,7425853573,Delhi,Delhi,Salaried,161339.3,667,2020-03-22
703726,Rohit Krishnan,2003-06-14,M,ONBNI6860K,8496998032,Chennai,Tamil Nadu,Salaried,29691.45,652,2017-02-02
703727,Rohit Pillai,1971-12-12,M,MYIFZ0880M,7504316520,Mumbai,Maharashtra,Government Employee,121275.31,687,2023-09-08
703728,Nandhini Venkatesan,1989-02-03,F,HMUNR4061Z,8199324010,Mumbai,Maharashtra,Government Employee,62094.07,622,2015-09-06
703729,Indira Das,1960-12-18,F,YNWLX3743Q,8067797266,Coimbatore,Tamil Nadu,Salaried,149251.18,655,2017-05-06
703730,Jagan Pillai,1997-12-14,M,NYFXT0776F,8450215990,Mumbai,Maharashtra,Farmer,24537.28,745,2020-01-11
703731,Swathi Kulkarni,1965-12-09,F,KMMCL4058G,8725821458,Coimbatore,Tamil Nadu,Salaried,95097.44,493,2022-05-24
703732,Arun Nambiar,1988-01-02,M,FGFMC1020I,8551935437,Patna,Bihar,Business,134715.63,794,2022-08-11
703733,Vivek Joshi,1984-04-21,M,KGHXO8060Y,7120162729,Delhi,Delhi,Retired,12902.54,719,2021-12-12
703734,Janani Bhat,1976-01-06,F,ZPWSK5690T,8854667526,Kanpur,Uttar Pradesh,Salaried,118160.25,696,2018-11-24
703735,Sivakumar Nambiar,1958-05-13,M,HUENQ3846T,6585155525,Hyderabad,Telangana,Salaried,120397.58,580,2025-06-27
703736,Meena Mukherjee,1975-04-09,F,SRKKD2359M,8735050495,Chandigarh,Chandigarh,Business,133099.67,636,2021-09-03
703737,Vani Nair,1996-05-25,F,QEIGH5777C,8812082904,Patna,Bihar,Business,343278.81,619,2012-05-09
703738,Radha Pillai,1971-08-15,F,BLZHI1002E,8935239167,Hyderabad,Telangana,Business,157287.1,740,2010-12-27
703739,Sowmya Murugan,2002-01-23,F,WIXXA5329N,8547318851,Coimbatore,Tamil Nadu,Salaried,41507.33,735,2023-09-30
703740,Mani Gupta,1969-03-09,M,NWWMG8351L,9336813875,Mumbai,Maharashtra,Salaried,168906.5,785,2020-10-22
703741,Vijay Iyer,1974-03-25,M,CXSZL5924O,8610749874,Bhubaneswar,Odisha,Salaried,105699.85,681,2015-06-07
703742,Vikram Patel,2003-10-16,M,HPEPV1182M,9071668983,Chennai,Tamil Nadu,Salaried,129137.49,483,2011-06-08
703743,Divya Dutta,1991-03-21,F,VSCXX4548P,6071992363,Kolkata,West Bengal,Salaried,108641.8,583,2019-12-02
703744,Esther Desai,1992-02-02,F,DICGR6109J,7512527143,Kolkata,West Bengal,Business,403752.89,639,2017-01-19
703745,Usha Jadhav,1957-11-02,F,QFOFR6730J,8146609273,Coimbatore,Tamil Nadu,Salaried,35976.92,705,2022-11-30
703746,Dilip Menon,1999-07-07,M,JISXG4462R,9935186460,Hyderabad,Telangana,Government Employee,34495.0,532,2016-06-23
703747,Vijay Jadhav,1963-06-24,M,KRYDN4947R,9326001309,Surat,Gujarat,Retired,13044.17,655,2014-10-21
703748,Sunitha Nair,1971-01-05,F,YZWYY3723E,7766631620,Delhi,Delhi,Professional,185423.26,680,2023-11-28
703749,Bhavya Murugan,1987-02-13,F,EJNBE6816I,9598628391,Madurai,Tamil Nadu,Salaried,138798.43,617,2018-03-18
703750,Geetha Jadhav,1999-05-01,F,UUWKV0540P,6071026576,Kanpur,Uttar Pradesh,Salaried,149916.04,655,2015-03-01
703751,Deepa Kulkarni,1993-03-15,F,YWSRW6027Q,8503014029,Kolkata,West Bengal,Government Employee,30096.39,889,2020-03-08
703752,Anitha Bhat,1997-01-07,F,QMESZ8422G,7841054723,Chandigarh,Chandigarh,Government Employee,72452.58,671,2016-02-23
703753,Amit Shah,1964-05-13,M,EIAEH1690V,8259245766,Surat,Gujarat,Farmer,32611.35,860,2015-04-18
703754,Rakesh Shah,2004-12-26,M,PCRQZ4726I,8455174480,Chandigarh,Chandigarh,Self Employed,115372.14,695,2023-11-21
703755,Radha Rajendran,1972-05-25,F,ICODH4020L,8610684095,Delhi,Delhi,Self Employed,170569.18,605,2012-02-15
703756,Devi Shah,1978-07-29,F,VWCYY3558G,7890141127,Chennai,Tamil Nadu,Business,89586.4,725,2010-06-02
703757,Gokul Bhat,1974-06-28,M,HVOBK5761F,7381106520,Chennai,Tamil Nadu,Business,437084.19,634,2024-09-18
703758,Vani Subramaniam,1959-02-26,F,UJVNR5040G,7871382797,Mumbai,Maharashtra,Salaried,123742.36,666,2021-04-26
703759,Pooja Joshi,1986-10-23,F,TVHXB2248M,9579198321,Madurai,Tamil Nadu,Salaried,38569.68,460,2015-09-11
703760,Sunitha Bhat,1987-01-30,F,OYMMT7156G,9781768965,Jaipur,Rajasthan,Business,400131.73,705,2021-10-10
703761,Pankaj Balasubramanian,1967-08-11,M,ECMYW4379L,8487254224,Pune,Maharashtra,Professional,337203.3,617,2013-02-04
703762,Yogesh Reddy,1960-05-02,M,QRMAA5499U,8526888822,Jaipur,Rajasthan,Salaried,86527.21,778,2023-05-02
703763,Divya Desai,1969-11-04,F,DMKOV1458F,6280807198,Jaipur,Rajasthan,Salaried,166902.05,682,2024-10-11
703764,Sneha Rajendran,1988-03-22,F,DQSMH2117M,7007907909,Hyderabad,Telangana,Self Employed,235736.17,635,2010-05-21
703765,Lavanya Murugan,1972-01-02,F,PEBNF9288Y,6258942373,Ahmedabad,Gujarat,Business,362944.94,572,2011-08-25
703766,Lakshmi Rao,1970-04-14,F,EDQBZ4675S,7386230667,Madurai,Tamil Nadu,Self Employed,95936.21,-1,2018-04-15
703767,Gopal Shah,1987-02-21,M,PEENO6769V,6124513428,Pune,Maharashtra,Business,495831.16,673,2016-05-31
703768,Divya Subramaniam,1991-09-02,F,TAVBK5095W,7412625492,Delhi,Delhi,Self Employed,216450.14,635,2025-02-06
703769,Sunitha Pandey,1986-07-30,F,BEMVE6961G,9917531151,Kochi,Kerala,Government Employee,143371.62,-1,2019-08-15
703770,Oviya Perumal,1970-06-20,F,AMAHB5388G,8483804929,Bhubaneswar,Odisha,Salaried,26569.41,597,2021-02-14
703771,Mahesh Rana,1990-01-10,M,FNZCJ7327J,8031124139,Nashik,Maharashtra,Salaried,37565.4,847,2011-02-20
703772,Lakshmi Chowdhury,1966-02-14,F,COGXS6871F,7353570335,Patna,Bihar,Salaried,87912.61,657,2021-10-03
703773,Rajesh Bhat,1982-09-28,M,YLCTJ2296L,8648640170,Hyderabad,Telangana,Salaried,121734.87,755,2014-02-13
703774,Rakesh Dutta,1975-08-23,M,QKCBT2911Y,7527908051,Bengaluru,Karnataka,Salaried,124387.1,809,2025-04-28
703775,Bharath Bose,1998-03-02,M,EAEZM2577L,6459187233,Bengaluru,Karnataka,Salaried,141606.95,708,2017-04-17
703776,Sneha Tiwari,1960-08-22,F,SXVWL0504O,9173264787,Chandigarh,Chandigarh,Salaried,154143.72,729,2025-04-28
703777,Kumar Kumar,2000-10-22,M,ZQQER8670U,8870653996,Chandigarh,Chandigarh,Government Employee,44799.23,718,2015-07-06
703778,Nithya Menon,1957-11-16,F,RFAAU6751E,9830530825,Delhi,Delhi,Retired,69034.25,761,2013-07-05
703779,Deepak Kumar,1988-04-21,M,EDDCE1036X,9175349610,Lucknow,Uttar Pradesh,Professional,161212.44,724,2011-05-04
703780,Hari Verma,1959-03-15,M,KALDT3550F,6385359240,Pune,Maharashtra,Salaried,70385.27,717,2019-01-15
703781,Kavitha Mukherjee,1972-09-30,F,ZCPZY8543B,9221219648,Hyderabad,Telangana,Government Employee,135462.81,683,2010-04-10
703782,Ganesh Shah,1969-06-28,M,CVTOT9584C,7120234564,Kolkata,West Bengal,Business,191920.92,624,2019-07-03
703783,Pankaj Singh,1989-07-27,M,ZOIAX3456J,7039472487,Delhi,Delhi,Salaried,133630.79,629,2018-03-10
703784,Sangeetha Pillai,1973-10-27,F,PJYRU4388O,7502179392,Surat,Gujarat,Farmer,15507.82,610,2015-06-03
703785,Aishwarya Singh,1966-04-29,F,VORRT1143W,7842067970,Bhubaneswar,Odisha,Salaried,20599.74,688,2014-06-30
703786,Dinesh Dutta,1993-12-01,M,ZDCZW7488Q,9951944467,Bhubaneswar,Odisha,Farmer,36220.2,793,2010-01-25
703787,Balaji Kumar,1980-05-08,M,UYXOT9828T,7266223094,Chandigarh,Chandigarh,Business,180536.43,581,2011-05-18
703788,Arun Chauhan,1980-04-15,M,QXBRI5094F,6349133947,Coimbatore,Tamil Nadu,Self Employed,82825.55,-1,2010-02-12
703789,Latha Tiwari,1960-07-27,F,MHRKU5865J,6600842900,Chennai,Tamil Nadu,Salaried,173869.6,612,2016-05-04
703790,Arun Deshmukh,1996-10-06,M,GLXAS5625M,7921400096,Mumbai,Maharashtra,Salaried,125685.12,577,2012-09-20
703791,Vani Mehta,1974-08-22,F,UCGAZ4897K,7674407310,Bhubaneswar,Odisha,Self Employed,290682.76,664,2013-05-24
703792,Vikram Chowdhury,1963-11-10,M,JRKXE3507F,8452876729,Chennai,Tamil Nadu,Self Employed,275747.21,766,2013-07-03
703793,Ilango Krishnan,1974-03-31,M,VBJPA9078L,6359620560,Mumbai,Maharashtra,Self Employed,55693.85,638,2022-06-04
703794,Chitra Sen,1977-03-25,F,ZAEZA3415H,9103727375,Nashik,Maharashtra,Salaried,112576.23,698,2012-10-16
703795,Manoj Shah,1969-10-25,M,PAVHR0109G,9405675863,Pune,Maharashtra,Salaried,22774.03,451,2015-08-18
703796,Shankar Singh,1963-05-19,M,PXNLN4134K,6142736068,Surat,Gujarat,Business,240053.1,656,2024-01-27
703797,Pooja Shah,1962-02-16,F,XREIM9469T,9606998399,Kolkata,West Bengal,Self Employed,285636.17,715,2011-05-20
703798,Gopal Mukherjee,1957-09-25,M,FDIKR2282M,8438350228,Kanpur,Uttar Pradesh,Farmer,31299.33,612,2019-08-27
703799,Janani Rao,1999-09-26,F,RYVTE6468I,7968577857,Ahmedabad,Gujarat,Salaried,178905.36,516,2023-08-01
703800,Rakesh Raman,1988-10-20,M,QPMKJ9195Q,8909975202,Surat,Gujarat,Self Employed,98025.84,713,2022-01-18
703801,Nitin Shah,2004-08-05,M,VTRZM3462W,8631922079,Jaipur,Rajasthan,Government Employee,54210.55,659,2015-11-16
703802,Vinod Sen,1987-03-23,M,LBDOD3959W,8975960166,Bengaluru,Karnataka,Farmer,47842.13,840,2012-07-20
703803,Farooq Chowdhury,2000-12-13,M,PPENF1183R,6495841589,Lucknow,Uttar Pradesh,Retired,10166.86,615,2022-05-25
703804,Nandhini Reddy,1983-11-03,F,JJONX9934S,9162867116,Surat,Gujarat,Business,409024.69,655,2023-02-14
703805,Abhishek Thakur,1974-02-25,M,IRDQM7790R,8750776961,Ahmedabad,Gujarat,Self Employed,288610.27,634,2016-10-29
703806,Devi Raman,1969-08-03,F,BAZEY4171A,6832833504,Kolkata,West Bengal,Self Employed,191470.45,679,2019-02-16
703807,Ajay Roy,1975-03-08,M,BPPYM7354Z,9223901430,Kolkata,West Bengal,Salaried,22664.02,-1,2021-08-31
703808,Rajesh Desai,1999-08-22,M,RCLQT5795H,8253169314,Chennai,Tamil Nadu,Salaried,98014.97,498,2025-05-01
703809,Lakshmi Nair,1976-04-06,F,GPOYL3215I,7206730337,Chandigarh,Chandigarh,Government Employee,20913.73,797,2015-12-29
703810,Anand Yadav,1970-01-14,M,JWXXJ2962V,9782579865,Jaipur,Rajasthan,Business,39580.48,729,2010-07-06
703811,Parvathi Pillai,1997-04-26,F,OMFKL4433E,9761478741,Patna,Bihar,Salaried,48904.53,648,2012-01-30
703812,Rekha Raman,1982-07-11,F,FNSXM7811P,6748451171,Kolkata,West Bengal,Salaried,24314.38,636,2010-11-27
703813,Sunil Rajendran,1965-03-29,M,CCEAK3581P,9192519119,Jaipur,Rajasthan,Retired,56620.39,718,2024-10-08
703814,Nithya Iyer,1976-06-27,F,LBLNT0693G,6270094948,Kochi,Kerala,Retired,24104.28,703,2014-02-19
703815,Lakshmi Elumalai,1966-01-04,F,DWUSQ0409R,9393893589,Ahmedabad,Gujarat,Salaried,152875.71,630,2011-02-06
703816,Yamuna Nair,1966-01-29,F,SQWPP0538A,6699530231,Madurai,Tamil Nadu,Business,262093.52,654,2015-08-24
703817,Balaji Krishnan,1982-06-12,M,ALRNN8565T,7155653168,Mumbai,Maharashtra,Government Employee,24428.36,702,2011-07-08
703818,Mani Iyer,1962-01-03,M,VAZUP9105V,8292979581,Kolkata,West Bengal,Professional,434507.67,629,2018-02-24
703819,Anand Perumal,1973-02-10,M,QTSFO2948K,6800830246,Delhi,Delhi,Government Employee,130060.48,639,2018-11-05
703820,Kiran Nair,1991-05-17,F,UHPWA8750C,7058798937,Ranchi,Jharkhand,Government Employee,121518.91,630,2015-03-14
703821,Lakshmi Murugan,2003-01-28,F,DONRJ5625V,8872674674,Mumbai,Maharashtra,Salaried,48536.09,636,2021-07-26
703822,Vidya Chelladurai,1992-09-11,F,EYMDT8309X,7598015792,Mumbai,Maharashtra,Government Employee,57347.91,548,2018-03-15
703823,Ramesh Rajendran,1983-02-20,M,XNIFE7006K,6476044252,Chandigarh,Chandigarh,Business,29493.05,581,2014-03-02
703824,Chitra Chauhan,1966-03-04,F,RPIHI8911L,9408914914,Bhubaneswar,Odisha,Salaried,133699.64,704,2016-04-07
703825,Anjali Dutta,1963-01-17,F,MBIDC4587M,9243970834,Ahmedabad,Gujarat,Salaried,161262.35,743,2012-06-12
703826,Ashok Joshi,1957-08-12,M,WPKJT9771I,6757942734,Nashik,Maharashtra,Salaried,80618.87,665,2013-04-24
703827,Devi Chowdhury,1993-06-28,F,TJHJS5175G,9503995634,Lucknow,Uttar Pradesh,Salaried,58781.18,334,2024-02-29
703828,Dinesh Singh,1975-01-24,M,AGQQV3761B,6702569904,Delhi,Delhi,Salaried,98803.41,531,2025-04-24
703829,Naveen Gupta,1965-06-29,M,XVVIE7854E,8496850563,Ahmedabad,Gujarat,Salaried,135125.25,708,2019-10-25
703830,Amit Thakur,1967-01-31,M,WMIRO3091L,8027883540,Bhubaneswar,Odisha,Government Employee,130029.97,828,2019-11-30
703831,Sathish Roy,1978-10-12,M,GHGIE2695S,8495131302,Mumbai,Maharashtra,Government Employee,97085.77,783,2024-01-04
703832,Gopal Nambiar,1996-01-02,M,JJYMA4731M,7808093822,Bengaluru,Karnataka,Professional,340365.95,650,2016-08-20
703833,Harish Mukherjee,1961-06-18,M,XRTHA4592M,8449346297,Kolkata,West Bengal,Government Employee,108130.76,637,2012-04-10
703834,Aishwarya Rana,1986-05-10,F,XSPZA6445H,7518142434,Lucknow,Uttar Pradesh,Salaried,122058.27,629,2018-05-17
703835,Pooja Nair,2005-07-13,F,XOJXV7988L,9620922588,Kochi,Kerala,Business,153723.98,833,2023-09-14
703836,Sangeetha Bhat,1995-11-11,F,QJFVC7450F,8987784966,Mumbai,Maharashtra,Self Employed,242563.66,692,2010-10-27
703837,Priya Mukherjee,1981-11-14,F,KWPKA1809Y,9334282750,Coimbatore,Tamil Nadu,Self Employed,199929.63,584,2022-05-03
703838,Devi Sen,1996-05-31,F,QYTPW6141C,9299236263,Chandigarh,Chandigarh,Self Employed,173596.98,-1,2019-05-15
703839,Ilango Patel,1974-08-14,M,XYABL2566H,6544553047,Kochi,Kerala,Salaried,165776.82,759,2010-02-18
703840,Anand Mehta,2000-06-09,M,ZDFWX9998G,6080433965,Ranchi,Jharkhand,Business,382510.27,748,2019-09-14
703841,Vidya Yadav,2002-06-28,F,SIAUV4655U,8822471306,Chandigarh,Chandigarh,Self Employed,136596.57,481,2017-12-10
703842,Nithya Mukherjee,1972-07-17,F,XXOUN0584T,7448385414,Pune,Maharashtra,Salaried,42078.4,611,2020-07-06
703843,Ravi Pillai,1983-02-08,M,LMURZ7554O,7697574440,Chennai,Tamil Nadu,Salaried,154332.89,765,2018-01-31
703844,Divya Tiwari,1972-01-29,F,DPRHC5265J,9068335987,Bengaluru,Karnataka,Government Employee,149623.08,755,2023-10-20
703845,Sunil Bhat,1961-06-22,M,ONUUI5048G,7022232494,Mumbai,Maharashtra,Professional,174579.06,554,2012-11-30
703846,Kumar Dutta,1973-02-16,M,OIYVS8826M,6475723894,Kochi,Kerala,Salaried,38640.31,670,2021-03-30
703847,Pankaj Subramaniam,1983-02-26,M,FAUKJ7404Z,7524672900,Delhi,Delhi,Professional,74082.99,-1,2020-12-31
703848,Divya Menon,1993-09-28,F,YSCJM2305Q,7126757954,Lucknow,Uttar Pradesh,Government Employee,32848.46,753,2018-04-20
703849,Rajini Menon,1972-06-14,F,MDMNK7374D,7124276019,Delhi,Delhi,Business,385553.74,703,2020-05-31
703850,Parvathi Krishnan,1982-06-02,F,UVIRR2319Q,8329432763,Chandigarh,Chandigarh,Professional,406381.44,572,2010-06-14
703851,Nithya Chauhan,1963-01-11,F,KQSNQ3913S,6303131229,Kanpur,Uttar Pradesh,Government Employee,21085.94,653,2016-04-14
703852,Sunil Venkatesan,1995-10-08,M,DYYPW1154Y,9255808823,Madurai,Tamil Nadu,Self Employed,177544.32,733,2014-09-29
703853,Radha Menon,1957-12-13,F,ROZYL7700L,8842190217,Chandigarh,Chandigarh,Salaried,28406.79,717,2020-06-22
703854,Prakash Pillai,1964-09-09,M,UWXSG5717M,9817450226,Delhi,Delhi,Salaried,127574.72,581,2010-02-08
703855,Kumar Deshmukh,1971-05-11,M,ZHNDA1368P,6138246833,Bhubaneswar,Odisha,Business,434837.49,890,2020-08-26
703856,Nitin Jadhav,1980-03-25,M,DZHCE5917F,7343600307,Nashik,Maharashtra,Business,322634.95,692,2010-05-13
703857,Jagan Chelladurai,1992-10-05,M,CWLJS4109Q,9373869597,Patna,Bihar,Salaried,53380.84,530,2014-03-01
703858,Sneha Thakur,1985-09-27,F,QYPGB4841F,8378283900,Ranchi,Jharkhand,Government Employee,47139.91,640,2023-03-24
703859,Mahesh Verma,2002-07-10,M,CFNKO2616U,6220433292,Ahmedabad,Gujarat,Salaried,93412.05,415,2019-11-18
703860,Sandeep Sharma,1995-03-10,M,NAPKU5391E,6431947513,Mumbai,Maharashtra,Business,276756.52,607,2025-03-23
703861,Neha Verma,1998-07-04,F,ELXAN4443X,8623531238,Lucknow,Uttar Pradesh,Salaried,67904.01,667,2014-03-31
703862,Sneha Bose,1978-10-16,F,TGCQG9042P,7945396355,Bengaluru,Karnataka,Salaried,135195.0,897,2021-03-17
703863,Anand Deshmukh,1969-02-15,M,KIJDP8267K,9295602349,Nashik,Maharashtra,Business,257042.28,690,2019-09-30
703864,Radha Balasubramanian,1987-03-22,F,DOSTX6848V,9876535014,Kanpur,Uttar Pradesh,Business,371451.03,706,2020-05-02
703865,Hema Rana,1959-03-05,F,EMWRH8023I,7520168246,Kanpur,Uttar Pradesh,Business,385535.7,743,2011-04-08
703866,Harish Desai,1968-12-25,M,MEKLU6491U,6008670202,Bengaluru,Karnataka,Salaried,122089.39,-1,2016-12-28
703867,Yogesh Kulkarni,1990-06-19,M,NJOKN0834R,7986691484,Delhi,Delhi,Salaried,93865.62,692,2010-03-28
703868,Tara Dutta,1975-09-29,F,TRTEP8923U,6254727346,Chennai,Tamil Nadu,Self Employed,200445.87,616,2021-05-22
703869,Aishwarya Iyengar,1996-01-23,F,RZGBQ2022S,8173700326,Kolkata,West Bengal,Salaried,118949.71,799,2011-11-25
703870,Hari Rao,1965-10-18,M,KRDFV3698O,6241733543,Chennai,Tamil Nadu,Salaried,68573.78,721,2020-08-07
703871,Arun Murugan,1978-03-06,M,JLIOR6668M,7542714382,Mumbai,Maharashtra,Salaried,28256.52,817,2018-01-27
703872,Gokul Kumar,1998-05-26,M,UPCGR9085G,7644315746,Delhi,Delhi,Salaried,146272.03,-1,2013-04-01
703873,Rakesh Rao,1999-07-29,M,PTWKH4424F,8446483615,Ahmedabad,Gujarat,Professional,344920.78,769,2021-03-27
703874,Vidya Nambiar,1967-10-10,F,OGTPO6975J,8581999644,Kanpur,Uttar Pradesh,Professional,179963.74,585,2023-01-21
703875,Bharath Deshmukh,1976-11-09,M,JWHBY2658M,8571540994,Coimbatore,Tamil Nadu,Professional,225858.62,630,2016-08-18
703876,Harish Chelladurai,1972-01-10,M,GLKGO2924N,7630151248,Coimbatore,Tamil Nadu,Salaried,28942.93,635,2022-11-09
703877,Sneha Krishnan,1982-06-29,F,TMOCZ6949D,9165128440,Bhubaneswar,Odisha,Salaried,58619.96,637,2010-09-14
703878,Oviya Bose,1991-11-18,F,TVUKS6427W,8990651559,Delhi,Delhi,Salaried,36792.1,715,2013-11-28
703879,Hari Reddy,1973-04-13,M,SLXCH6796Q,9188904945,Lucknow,Uttar Pradesh,Self Employed,157157.14,656,2024-05-14
703880,Kavitha Deshmukh,1980-11-20,F,JZWEO4820U,6650611386,Mumbai,Maharashtra,Self Employed,280814.71,599,2018-10-12
703881,Suresh Roy,1996-02-17,M,IMFJE3889O,7280571694,Chennai,Tamil Nadu,Farmer,40816.77,810,2016-05-24
703882,Vinod Roy,1980-07-09,M,FSLJF1797B,9105090491,Patna,Bihar,Farmer,21067.61,800,2010-07-31
703883,Amit Mukherjee,1984-02-28,M,AVMUY6747D,8175347094,Coimbatore,Tamil Nadu,Salaried,25270.16,677,2018-08-20
703884,Kumar Pandey,1983-09-02,M,ERHPT8654O,8699730098,Lucknow,Uttar Pradesh,Self Employed,180213.56,575,2013-07-14
703885,Kalpana Pillai,1978-02-22,F,PLWCZ5343D,7553570314,Kanpur,Uttar Pradesh,Salaried,82953.35,616,2017-07-14
703886,Sneha Banerjee,1974-08-13,F,MHNSZ0262O,9466320450,Coimbatore,Tamil Nadu,Farmer,56420.94,603,2019-04-28
703887,Mahesh Banerjee,1995-06-20,M,BFFHL8827I,6383343710,Chennai,Tamil Nadu,Farmer,18002.58,590,2010-07-11
703888,Pankaj Naidu,1987-12-01,M,SQLJN1428Y,7904028693,Bengaluru,Karnataka,Salaried,51592.37,583,2013-05-04
703889,Dinesh Kumar,1964-03-27,M,VTDBH6992R,9749455696,Bengaluru,Karnataka,Self Employed,233240.03,696,2017-04-16
703890,Jagan Balasubramanian,1990-06-11,M,ZNGRP1148T,7405490936,Ahmedabad,Gujarat,Business,414280.41,701,2010-08-07
703891,Vivek Mukherjee,1962-12-02,M,RFUVY6171F,7304153438,Lucknow,Uttar Pradesh,Salaried,88845.24,714,2014-03-15
703892,Praveen Rao,1973-10-02,M,YOJDU2345R,8017645882,Coimbatore,Tamil Nadu,Business,207194.72,587,2014-08-20
703893,Praveen Raman,1970-12-10,M,PLSIZ5652E,9658098835,Bhubaneswar,Odisha,Government Employee,34849.05,701,2013-09-04
703894,Esther Rajendran,1971-01-15,F,IFIPC1807B,8473205478,Bengaluru,Karnataka,Salaried,122996.44,859,2014-11-12
703895,Uma Nambiar,1968-12-12,F,JWSDA2245Y,9786517772,Pune,Maharashtra,Government Employee,109703.72,696,2020-12-19
703896,Yogesh Pillai,1994-08-29,M,HWFZY8807B,9246340062,Patna,Bihar,Government Employee,81474.18,637,2015-07-03
703897,Janani Rao,1970-05-06,F,NOORZ6718O,6044528818,Chennai,Tamil Nadu,Salaried,63366.52,900,2018-11-03
703898,Rakesh Murugan,1978-01-07,M,MPWCW9513E,9448909218,Mumbai,Maharashtra,Salaried,78728.56,703,2010-03-16
703899,Bharath Bhat,1992-04-18,M,YZWLI9508G,7715811590,Jaipur,Rajasthan,Salaried,84813.61,616,2013-11-30
703900,Anitha Bhat,1985-08-22,F,BVUWC4962U,9687263982,Kolkata,West Bengal,Business,330009.24,756,2014-08-08
703901,Vinod Shah,1980-02-18,M,LMSMO2077V,6762750953,Pune,Maharashtra,Self Employed,280705.18,608,2019-11-02
703902,Deepa Desai,2005-03-09,F,EQVYW1027I,8709833341,Pune,Maharashtra,Self Employed,16979.51,640,2020-08-31
703903,Anitha Kumar,1976-02-06,F,VNAUG0785I,9545955726,Kochi,Kerala,Business,139605.11,768,2020-12-28
703904,Arun Perumal,1983-03-04,M,CWJTJ0469I,6583399621,Madurai,Tamil Nadu,Self Employed,269078.59,617,2013-06-30
703905,Karthik Nambiar,1963-05-13,M,OLPYJ7398T,9236833817,Kochi,Kerala,Self Employed,170266.51,536,2011-09-15
703906,Harish Rana,1958-06-03,M,PPRJF1872N,7272661886,Kolkata,West Bengal,Salaried,166735.53,740,2025-05-24
703907,Saranya Jadhav,1965-05-05,F,SLVQL0677I,8150667255,Lucknow,Uttar Pradesh,Salaried,31192.54,752,2010-01-15
703908,Dinesh Joshi,1961-01-28,M,TNTCR6669F,7051980022,Delhi,Delhi,Self Employed,107953.38,546,2013-03-13
703909,Abhishek Tiwari,2004-07-31,M,OGANQ8613A,8781726166,Delhi,Delhi,Salaried,103226.7,642,2023-01-31
703910,Vidya Iyengar,1973-06-23,F,GZKXU6549C,7190939324,Bhubaneswar,Odisha,Self Employed,60599.85,775,2012-05-30
703911,Lakshmi Jadhav,1978-02-26,F,WMKCN0087Q,7881824783,Bengaluru,Karnataka,Government Employee,75593.06,698,2012-06-19
703912,Anitha Chauhan,1981-07-16,F,ODIDB6568E,9034632559,Bengaluru,Karnataka,Salaried,40883.58,752,2013-01-16
703913,Devi Mukherjee,2002-12-10,F,GOTTJ1672S,6016074831,Patna,Bihar,Self Employed,90737.04,664,2015-07-18
703914,Jagan Reddy,1996-04-14,M,DDZXW7185K,6494515948,Kolkata,West Bengal,Salaried,128919.54,616,2010-11-05
703915,Mahesh Chelladurai,1963-08-04,M,EFLGG8920T,7262032081,Ahmedabad,Gujarat,Business,152312.57,623,2024-12-15
703916,Deepak Venkatesan,1972-07-29,M,WLMBQ8142P,7912898218,Mumbai,Maharashtra,Retired,28602.49,-1,2012-12-22
703917,Ajay Rana,1985-09-17,M,ZSDIX7487V,6135461729,Kanpur,Uttar Pradesh,Salaried,125499.96,646,2023-02-16
703918,Arjun Raman,1983-09-01,M,UELSI4510A,6285554218,Pune,Maharashtra,Farmer,27430.13,692,2020-06-02
703919,Padma Singh,2002-05-06,F,CDAHN2442L,6814656923,Kolkata,West Bengal,Retired,22899.54,-1,2020-02-06
703920,Vivek Naidu,1963-06-18,M,AGUZH6009N,9653908613,Patna,Bihar,Business,412627.48,425,2013-05-30
703921,Sathish Elumalai,1959-04-28,M,YXCCS0642V,6960500185,Mumbai,Maharashtra,Farmer,24740.36,497,2024-08-26
703922,Deepak Elumalai,2004-08-24,M,PRKLR7794U,7795933997,Ranchi,Jharkhand,Professional,201609.48,676,2014-11-29
703923,Chandran Pillai,1980-10-23,M,BIYLL9011A,6708677639,Mumbai,Maharashtra,Self Employed,61732.93,738,2025-02-15
703924,Sunil Pandey,2004-06-10,M,DEAEY5562U,7982005577,Ahmedabad,Gujarat,Government Employee,65821.22,614,2022-07-22
703925,Gokul Sen,1972-08-09,M,ESEDJ5087J,9000896211,Hyderabad,Telangana,Self Employed,85653.3,677,2025-06-29
703926,Selvi Sharma,1976-06-15,F,JWKYC6373Z,9541481848,Jaipur,Rajasthan,Salaried,135657.35,576,2010-02-06
703927,Usha Iyengar,1959-10-30,F,HMYGY3382T,7635568142,Patna,Bihar,Salaried,102435.75,548,2023-01-06
703928,Amit Rajendran,1990-02-11,M,PUHIC6746E,8876093340,Lucknow,Uttar Pradesh,Salaried,97546.68,691,2022-02-26
703929,Pooja Jadhav,1985-09-29,F,WIEYH2115T,6550034568,Chandigarh,Chandigarh,Self Employed,273398.62,670,2021-04-25
703930,Malathi Thakur,1997-02-23,F,YLFUG5752P,7780474735,Hyderabad,Telangana,Business,139190.59,629,2013-09-14
703931,Lavanya Raman,1961-07-09,F,RCKTK4694B,6910537117,Mumbai,Maharashtra,Farmer,52739.21,555,2024-01-04
703932,Suresh Thakur,1969-08-08,M,MIYDU9839B,6220517927,Bengaluru,Karnataka,Salaried,97536.92,683,2014-02-20
703933,Deepak Bhat,1958-06-01,M,DUTWU7741Z,9145528085,Patna,Bihar,Professional,168119.2,670,2019-12-16
703934,Manoj Bhat,1970-07-04,M,UFEFZ2249R,8092139863,Kolkata,West Bengal,Salaried,170661.05,652,2022-07-02
703935,Vivek Sen,1984-02-22,M,ALQPG1760G,9681966217,Patna,Bihar,Salaried,85544.19,665,2021-04-08
703936,Selvi Pillai,1963-01-19,F,LPACK1740S,8424069681,Kolkata,West Bengal,Business,438002.45,642,2024-12-28
703937,Divya Mehta,1962-05-14,F,THSZY3543F,9614391766,Bengaluru,Karnataka,Professional,159793.52,724,2010-08-27
703938,Saranya Reddy,1981-05-30,F,TXRYH0667J,9271944505,Hyderabad,Telangana,Salaried,170653.63,712,2025-01-15
703939,Uma Kulkarni,1957-02-11,F,PJQNP4663R,7822721548,Lucknow,Uttar Pradesh,Salaried,117789.27,841,2023-05-01
703940,Balaji Rao,1993-04-08,M,COCSN3639V,7625270861,Coimbatore,Tamil Nadu,Farmer,40393.95,806,2020-01-20
703941,Saranya Chowdhury,1968-10-14,F,SNIXS4420G,8178089266,Nashik,Maharashtra,Farmer,21725.98,671,2014-11-14
703942,Ilango Menon,1994-12-20,M,LAAEN8736S,7096807466,Ahmedabad,Gujarat,Salaried,148897.07,561,2022-01-30
703943,Uma Mukherjee,1969-12-13,F,YYVQL6413Q,8973660649,Madurai,Tamil Nadu,Salaried,176775.52,733,2012-10-06
703944,Devi Deshmukh,1977-01-22,F,KOVBN9027I,8187079839,Chandigarh,Chandigarh,Professional,110557.43,619,2010-12-01
703945,Mani Patel,1973-12-08,M,ZLSKD1805Q,6360907699,Mumbai,Maharashtra,Farmer,12197.55,815,2010-04-06
703946,Sowmya Bose,1973-12-09,F,JWJOD0055X,6772442350,Kochi,Kerala,Salaried,62257.12,537,2021-05-16
703947,Anjali Yadav,1963-11-20,F,YKEED1844L,9133301879,Delhi,Delhi,Salaried,111144.5,634,2024-02-02
703948,Bharath Jadhav,1961-09-28,M,NSMXZ8507U,6627026977,Nashik,Maharashtra,Salaried,153065.1,816,2012-03-03
703949,Sandeep Ghosh,1991-10-17,M,LLQRZ3213M,7042837981,Kochi,Kerala,Salaried,56562.18,674,2013-07-10
703950,Chandran Mishra,1979-04-25,M,ZMPRX8065L,7879206596,Chennai,Tamil Nadu,Salaried,75356.15,-1,2017-10-13
703951,Latha Yadav,1983-10-01,F,IBGTC9433J,7091257505,Ahmedabad,Gujarat,Business,193691.46,741,2016-05-10
703952,Rahul Saha,1993-12-31,M,AFTWU3428O,7076500124,Kanpur,Uttar Pradesh,Self Employed,18785.42,735,2013-02-13
703953,Vijay Yadav,1973-11-27,M,QEXUI9961Y,9422474950,Chennai,Tamil Nadu,Salaried,43897.14,628,2018-11-30
703954,Harish Menon,1979-05-12,M,VLRAH8662R,7434591202,Kanpur,Uttar Pradesh,Business,56904.77,751,2020-12-28
703955,Aishwarya Singh,1980-06-29,F,PJEIT0448R,7537912379,Mumbai,Maharashtra,Self Employed,224081.38,593,2015-02-13
703956,Sunitha Saha,1966-08-12,F,XTMTD1010S,6248357827,Delhi,Delhi,Salaried,150296.0,643,2010-04-01
703957,Sivakumar Bhat,1996-01-04,M,FXUJG1894S,6216250774,Chandigarh,Chandigarh,Self Employed,191420.78,869,2021-04-17
703958,Mani Patel,1980-03-13,M,VCKQU7645W,9383338047,Lucknow,Uttar Pradesh,Business,490772.33,656,2016-05-29
703959,Radha Rana,1978-11-29,F,FXJRL8411D,8524666878,Kolkata,West Bengal,Government Employee,142023.12,707,2020-12-03
703960,Kalpana Chowdhury,1963-06-26,F,DQCEN0404G,8831567849,Jaipur,Rajasthan,Salaried,155152.22,574,2020-11-29
703961,Sunitha Dutta,2002-06-08,F,GFVOZ8118Y,8109123722,Ahmedabad,Gujarat,Salaried,62621.97,-1,2014-11-28
703962,Naveen Subramaniam,1996-02-11,M,NHGXJ2194K,8481956679,Chandigarh,Chandigarh,Professional,406793.75,797,2021-07-22
703963,Rajini Desai,2004-12-21,F,GSAAV2764D,7680362253,Chennai,Tamil Nadu,Business,55205.38,588,2014-04-28
703964,Radha Chowdhury,1963-12-23,F,TKXLG3164Q,8691773382,Kolkata,West Bengal,Self Employed,268286.47,604,2021-06-24
703965,Rakesh Chauhan,1995-03-19,M,XKBCY1961I,7833737060,Mumbai,Maharashtra,Business,270599.05,617,2017-07-16
703966,Yamuna Venkatesan,2004-06-03,F,KKZZS5625I,6034561216,Nashik,Maharashtra,Business,247660.7,-1,2023-10-11
703967,Suresh Kumar,1989-07-02,M,EZVGF3257F,8604202274,Kanpur,Uttar Pradesh,Self Employed,49440.93,585,2017-06-12
703968,Vikram Sharma,1981-01-18,M,FEHQB2411W,7564488069,Chennai,Tamil Nadu,Salaried,129924.33,541,2011-10-19
703969,Gayathri Iyer,1997-06-26,F,QVOKI3530F,9667811983,Patna,Bihar,Salaried,79387.12,645,2013-07-06
703970,Amit Verma,1968-04-02,M,HSOPM5274D,7992446433,Surat,Gujarat,Business,208069.78,627,2024-02-01
703971,Mani Murugan,1978-03-19,M,BVNWT5110Z,7531576650,Chennai,Tamil Nadu,Salaried,171758.87,663,2019-06-05
703972,Ravi Nambiar,1973-02-13,M,ZOXTZ7115C,6213283700,Coimbatore,Tamil Nadu,Self Employed,82897.25,581,2020-04-19
703973,Sandeep Deshmukh,1972-04-23,M,OTTFL0780D,6508657725,Chandigarh,Chandigarh,Self Employed,234906.92,588,2014-03-19
703974,Sathish Elumalai,1976-07-25,M,NGTPZ6718Z,8636858202,Jaipur,Rajasthan,Professional,378874.42,642,2011-09-03
703975,Divya Pandey,1968-11-29,F,VGERG0732I,7942764887,Patna,Bihar,Self Employed,62765.24,671,2020-01-11
703976,Kumar Chowdhury,2004-10-31,M,BPMOG8082P,9198247629,Nashik,Maharashtra,Business,341525.65,586,2022-10-03
703977,Jagan Perumal,1967-08-14,M,WJRLB6688Z,8821930372,Mumbai,Maharashtra,Self Employed,297250.74,668,2023-05-28
703978,Anand Pillai,1980-10-18,M,PZGSB2393D,6110363071,Surat,Gujarat,Self Employed,194586.48,650,2019-07-31
703979,Kiran Sharma,1958-07-05,F,HIKMX1987Y,9443928961,Lucknow,Uttar Pradesh,Business,164462.94,768,2019-03-19
703980,Rohit Subramaniam,1975-10-04,M,RJEDO5242Y,8928526725,Ahmedabad,Gujarat,Self Employed,259958.37,730,2018-03-07
703981,Hari Menon,1957-07-26,M,IDGSO1736J,7077122182,Nashik,Maharashtra,Salaried,121215.69,717,2021-12-03
703982,Tara Bhat,1991-10-01,F,GGKDT6566Q,6451980592,Kanpur,Uttar Pradesh,Farmer,50286.72,-1,2015-04-15
703983,Sneha Raman,1959-12-07,F,JSLES2011P,7703521300,Delhi,Delhi,Government Employee,106198.57,764,2024-08-06
703984,Padma Tiwari,1984-08-01,F,XBTBB0413F,6310723864,Kanpur,Uttar Pradesh,Salaried,105419.18,613,2022-11-08
703985,Prakash Mishra,1964-10-18,M,PJFIQ8032F,9184610647,Chandigarh,Chandigarh,Business,119354.01,796,2012-08-06
703986,Rekha Chelladurai,1975-04-26,F,NCFVP7319B,9044828792,Surat,Gujarat,Retired,11347.16,688,2025-01-23
703987,Saranya Naidu,1982-01-12,F,NFNNI0272Q,7094204425,Bhubaneswar,Odisha,Salaried,64483.08,626,2017-10-06
703988,Yogesh Raman,1996-01-26,M,AXHOJ4850A,8930734858,Chennai,Tamil Nadu,Salaried,92893.64,708,2021-01-01
703989,Yamuna Saha,1984-10-27,F,JMLZC6566J,9367812262,Chennai,Tamil Nadu,Salaried,158661.73,572,2022-08-17
703990,Karthik Elumalai,1979-02-20,M,RAXDE8151F,6464583955,Ranchi,Jharkhand,Self Employed,24982.73,835,2013-03-11
703991,Manoj Murugan,1958-11-25,M,BDXGT6260W,8376321007,Chandigarh,Chandigarh,Farmer,29117.14,694,2017-05-24
703992,Sivakumar Thakur,2004-09-24,M,SHILK8403J,8536119819,Kanpur,Uttar Pradesh,Professional,391505.35,533,2012-12-02
703993,Ravi Nair,2005-02-08,M,ATIQZ5569R,7121429181,Coimbatore,Tamil Nadu,Salaried,103657.74,567,2014-02-08
703994,Chitra Kulkarni,1964-01-24,F,TSGQF0700O,9222799692,Kanpur,Uttar Pradesh,Self Employed,87058.58,624,2022-12-21
703995,Sangeetha Banerjee,1997-09-08,F,MVNPG0468P,8343219176,Bengaluru,Karnataka,Business,383892.19,619,2020-05-07
703996,Esther Sen,1992-10-17,F,YJTHZ6594E,6780887539,Chennai,Tamil Nadu,Self Employed,249529.35,712,2012-11-09
703997,Rohit Rana,1965-03-02,M,OUVPT3042K,6109137006,Coimbatore,Tamil Nadu,Salaried,128461.77,752,2013-03-04
703998,Vinod Chelladurai,1988-09-25,M,KHBZN0424F,9876400645,Patna,Bihar,Salaried,170988.35,765,2015-04-09
703999,Sandeep Mishra,2005-05-21,M,IBBAA0501N,7456414507,Ranchi,Jharkhand,Salaried,124809.09,721,2021-07-22
704000,Nithya Nambiar,1976-01-09,F,BAZGW7773C,9885829884,Hyderabad,Telangana,Salaried,66870.49,585,2021-07-27
704001,Amit Mukherjee,2003-12-09,M,TMWSV1277J,7764245050,Bengaluru,Karnataka,Business,286993.09,774,2012-10-16
704002,Devi Nambiar,1958-03-12,F,DMHYE3539V,9395759069,Patna,Bihar,Business,220034.72,784,2023-09-17
704003,Sneha Yadav,1993-02-28,F,GVQEI2159F,8094831374,Kanpur,Uttar Pradesh,Self Employed,280394.0,492,2015-12-14
704004,Deepak Raman,1999-04-23,M,DJYIE8980Y,7366208246,Chandigarh,Chandigarh,Business,190668.36,618,2015-10-20
704005,Suresh Krishnan,1981-08-03,M,PUKFX1658K,6277400991,Nashik,Maharashtra,Government Employee,149182.75,638,2013-11-16
704006,Tara Nair,1966-11-21,F,YIPRQ0359K,7612131080,Mumbai,Maharashtra,Farmer,9908.54,599,2019-07-20
704007,Sneha Bose,1990-08-22,F,RDBWL7093P,6903756831,Jaipur,Rajasthan,Professional,179197.97,766,2018-10-29
704008,Ilango Gupta,1978-10-17,M,VFJGQ2705G,8337837119,Kolkata,West Bengal,Self Employed,199286.09,713,2012-05-20
704009,Nitin Shah,1972-12-17,M,MKUOI6936F,7511390999,Chandigarh,Chandigarh,Government Employee,108124.59,676,2015-03-30
704010,Ilango Rao,2002-08-03,M,IVIQQ7182W,6870008749,Delhi,Delhi,Self Employed,236841.93,558,2017-11-23
704011,Nandhini Iyer,1983-03-02,F,URKSX2754P,6522717697,Ahmedabad,Gujarat,Salaried,156451.53,481,2024-08-02
704012,Shanthi Sharma,1989-08-12,F,ASXMP9665Z,9540975593,Delhi,Delhi,Salaried,94319.06,584,2017-03-27
704013,Fathima Pandey,1997-04-26,F,UXLPM5284N,6721905698,Kolkata,West Bengal,Business,403057.49,593,2010-07-14
704014,Sneha Sen,1970-04-15,F,EZZUF5223Q,8876985152,Kochi,Kerala,Farmer,42491.7,587,2017-07-19
704015,Lavanya Venkatesan,1981-05-11,F,TNPDZ5229X,7912665614,Bengaluru,Karnataka,Government Employee,145161.01,474,2015-02-15
704016,Esther Dutta,1992-12-21,F,BWYXX6368R,9066414854,Hyderabad,Telangana,Salaried,173438.66,528,2017-06-27
704017,Chitra Chauhan,2000-05-17,F,PXXVT2332V,7894412345,Delhi,Delhi,Farmer,21472.56,630,2022-09-14
704018,Yamuna Pandey,1991-09-30,F,YZQOW0599L,8374711278,Surat,Gujarat,Self Employed,28884.01,700,2021-07-01
704019,Naveen Deshmukh,1995-12-18,M,MZDNO0795G,6557789131,Bengaluru,Karnataka,Business,399085.5,620,2015-03-24
704020,Nitin Thakur,1969-11-18,M,JUXCR0529C,6655180059,Chennai,Tamil Nadu,Government Employee,59213.13,647,2021-10-30
704021,Rajini Balasubramanian,1986-02-08,F,ULDFV1577D,8463680760,Nashik,Maharashtra,Salaried,175007.13,662,2013-02-19
704022,Shanthi Verma,1994-07-31,F,QEENK6211K,7300126013,Bengaluru,Karnataka,Salaried,21361.43,662,2023-02-18
704023,Manoj Chauhan,1962-08-26,M,BCWBM5376D,8990077910,Ranchi,Jharkhand,Self Employed,230882.9,779,2012-06-06
704024,Nithya Banerjee,1960-04-18,F,CHLFL4543J,7584283230,Mumbai,Maharashtra,Professional,188328.12,595,2014-05-15
704025,Uma Naidu,1967-12-16,F,MJFRU2795F,7427481256,Kolkata,West Bengal,Salaried,69700.74,687,2018-08-31
704026,Rekha Elumalai,1965-10-17,F,SGLAS6758I,9733719218,Madurai,Tamil Nadu,Salaried,161906.65,547,2023-03-16
704027,Fathima Yadav,1973-07-27,F,YIYOI6781M,9663923326,Pune,Maharashtra,Business,207487.44,777,2022-04-10
704028,Kalpana Tiwari,1970-06-30,F,SLBWB5294L,8309881224,Ranchi,Jharkhand,Salaried,53778.01,736,2021-06-08
704029,Arun Mukherjee,1997-11-30,M,GFLXI6899V,8768146350,Mumbai,Maharashtra,Salaried,132249.55,760,2012-08-05
704030,Shankar Iyengar,1960-10-12,M,RMZAU4132H,7774051762,Bengaluru,Karnataka,Self Employed,271678.46,679,2020-02-04
704031,Sandeep Deshmukh,1989-01-10,M,DEKXK9826X,6150344168,Kolkata,West Bengal,Salaried,172130.9,657,2025-02-07
704032,Gopal Nambiar,1976-01-19,M,YHWAR7542I,7670677572,Kolkata,West Bengal,Business,406980.15,551,2023-10-26
704033,Ravi Mishra,1964-10-07,M,EZJYF2194P,9748288855,Coimbatore,Tamil Nadu,Farmer,50102.26,698,2023-08-17
704034,Amit Rana,2002-10-19,M,EBYCD3903I,7838385608,Chandigarh,Chandigarh,Retired,19430.62,794,2014-05-06
704035,Pooja Mishra,1969-03-16,F,UEPGG0381U,9691860219,Chennai,Tamil Nadu,Self Employed,201627.12,413,2011-08-01
704036,Madhavi Dutta,1971-02-21,F,TYXXR6053E,9361612980,Bhubaneswar,Odisha,Salaried,132948.29,831,2021-04-25
704037,Dilip Verma,1973-03-15,M,GGYOE8860I,6091228654,Hyderabad,Telangana,Salaried,127884.25,593,2017-12-08
704038,Vidya Rajendran,1969-02-12,F,IIXFA1040C,7241852370,Kochi,Kerala,Government Employee,90944.16,713,2024-01-21
704039,Suresh Ghosh,1986-07-16,M,JOZSO9725M,9565250399,Bengaluru,Karnataka,Salaried,123573.53,594,2024-12-20
704040,Kavitha Naidu,2001-12-31,F,QQMFQ8675H,8588631021,Chennai,Tamil Nadu,Salaried,38202.32,655,2016-02-18
704041,Suresh Menon,1964-02-01,M,QTXPH5043T,6409408857,Kolkata,West Bengal,Self Employed,61347.04,745,2011-12-23
704042,Suresh Sharma,1980-06-11,M,DDKQJ3597G,8118597449,Ranchi,Jharkhand,Self Employed,46336.97,652,2013-11-22
704043,Nitin Verma,1963-12-28,M,UHBLX8671O,8110468219,Delhi,Delhi,Salaried,165219.87,836,2014-05-31
704044,Ashok Murugan,1969-05-27,M,DUVBE2341P,8454823725,Ranchi,Jharkhand,Salaried,88031.91,673,2013-08-21
704045,Rahul Joshi,2002-05-08,M,MJQIF6683G,9116719699,Delhi,Delhi,Salaried,69265.77,729,2016-10-19
704046,Anand Krishnan,1976-02-07,M,NNWBW2510L,9501852661,Coimbatore,Tamil Nadu,Salaried,156765.98,612,2012-06-12
704047,Tara Joshi,1967-02-14,F,XQCJT1962O,8690023496,Bhubaneswar,Odisha,Business,380535.28,-1,2020-12-15
704048,Sneha Chauhan,1990-11-16,F,CGHVD8914A,7434671090,Chennai,Tamil Nadu,Self Employed,131397.67,623,2023-11-29
704049,Swathi Krishnan,1993-02-04,F,ZXCEA3029W,9955819552,Kanpur,Uttar Pradesh,Salaried,73105.53,632,2024-04-06
704050,Sandeep Chelladurai,1978-09-29,M,AQYNC1125B,6998323686,Chandigarh,Chandigarh,Salaried,86990.53,716,2012-09-01
704051,Mahesh Banerjee,1997-08-30,M,JGECX9498Y,9031411548,Ranchi,Jharkhand,Salaried,73066.71,823,2016-01-09
704052,Sandeep Pillai,1980-03-14,M,SVJWM4473M,6418238924,Ranchi,Jharkhand,Professional,116432.08,672,2010-11-27
704053,Kiran Rajendran,1989-09-15,F,DYHGC7734T,7632214739,Ranchi,Jharkhand,Salaried,159668.24,550,2014-10-12
704054,Praveen Murugan,1981-08-28,M,IGKNY2600H,6031290958,Delhi,Delhi,Government Employee,139111.36,613,2024-10-02
704055,Anjali Ghosh,1976-10-15,F,UXRPL4345G,9575601558,Delhi,Delhi,Salaried,103427.96,542,2021-03-02
704056,Kumar Murugan,1959-05-02,M,WWFXA9477E,8030936468,Hyderabad,Telangana,Salaried,149259.65,714,2019-12-25
704057,Rajini Chauhan,1994-02-16,F,NCEZY9070H,9493983244,Chennai,Tamil Nadu,Salaried,89026.98,672,2013-04-19
704058,Kiran Rajendran,1990-03-28,F,CNUZB5489Q,8238054423,Mumbai,Maharashtra,Business,153162.9,570,2015-12-26
704059,Gopal Pillai,2000-02-29,M,KKYDK5152Q,7255798979,Kolkata,West Bengal,Professional,224120.87,636,2011-11-29
704060,Priya Venkatesan,1958-09-05,F,WHERA9596X,6828885172,Delhi,Delhi,Government Employee,124736.22,756,2020-08-18
704061,Vikram Chauhan,1965-03-12,M,UEXBT1706M,6588339242,Coimbatore,Tamil Nadu,Government Employee,140601.99,712,2025-02-08
704062,Gayathri Chelladurai,1990-06-13,F,OFEMJ1666S,6780034748,Kolkata,West Bengal,Business,37336.74,617,2013-09-26
704063,Ajay Jadhav,1997-07-22,M,GAZAQ5506Z,8615163177,Bengaluru,Karnataka,Professional,141177.9,739,2010-03-29
704064,Tara Yadav,1979-01-08,F,XKPZJ5766X,7885858607,Kanpur,Uttar Pradesh,Farmer,45788.33,706,2018-07-15
704065,Sathish Kulkarni,1997-04-20,M,IOWTJ1566Q,6040683947,Kanpur,Uttar Pradesh,Salaried,27909.68,619,2023-02-11
704066,Shanthi Nair,1961-10-12,F,NNNLM3581Z,9632198443,Hyderabad,Telangana,Salaried,54506.33,687,2015-09-04
704067,Divya Verma,2005-02-24,F,TREAH7598M,9714512407,Coimbatore,Tamil Nadu,Salaried,37466.26,843,2021-07-21
704068,Kalpana Rajendran,1969-12-05,F,LDFBQ5807J,7355123443,Ranchi,Jharkhand,Salaried,31459.16,567,2019-11-06
704069,Rajini Banerjee,1990-09-19,F,FOEWM1442O,6714316442,Bengaluru,Karnataka,Business,68680.19,764,2021-09-30
704070,Indira Roy,1984-01-29,F,IIJQZ0885G,7891487545,Chennai,Tamil Nadu,Self Employed,171030.76,657,2015-09-06
704071,Shankar Balasubramanian,1984-05-19,M,OMZFS3087K,7698682650,Bengaluru,Karnataka,Salaried,28411.92,728,2024-11-11
704072,Hema Bhat,2003-01-17,F,SVJQB1719Q,9214210045,Nashik,Maharashtra,Salaried,76490.72,707,2011-12-08
704073,Arun Shah,1976-06-21,M,NOCRJ6753I,6685644121,Kanpur,Uttar Pradesh,Salaried,18522.34,696,2018-07-21
704074,Padma Nair,1977-03-01,F,OPKNV2605E,7924845426,Mumbai,Maharashtra,Business,124516.67,655,2021-08-22
704075,Ajay Gupta,1974-05-01,M,VBPCN6590M,8005670072,Hyderabad,Telangana,Salaried,96360.23,670,2025-06-21
704076,Praveen Rajendran,1979-08-12,M,OIUCM9728F,7484336640,Chennai,Tamil Nadu,Business,196537.71,732,2013-02-27
704077,Anitha Pandey,2001-01-27,F,LDAHN6625B,6452089097,Chennai,Tamil Nadu,Self Employed,262275.6,712,2022-03-03
704078,Rahul Subramaniam,1994-08-10,M,ZYCFJ4640O,9410215750,Chennai,Tamil Nadu,Salaried,81753.4,534,2010-03-20
704079,Sanjay Shah,1961-04-17,M,BURXB1681X,6987597325,Surat,Gujarat,Salaried,177990.77,712,2022-10-24
704080,Shanthi Verma,2001-06-25,F,FTELP3207M,9432598418,Patna,Bihar,Salaried,127215.44,791,2010-08-03
704081,Selvi Singh,1980-07-16,F,SLMIO6769X,7506893532,Mumbai,Maharashtra,Professional,56968.53,752,2010-09-05
704082,Dilip Bose,1990-11-21,M,GCMDS8359Y,9864680980,Chennai,Tamil Nadu,Business,117487.05,689,2017-02-27
704083,Prakash Singh,1978-10-21,M,RXAVY8506C,7631334481,Mumbai,Maharashtra,Self Employed,68314.51,501,2020-12-08
704084,Hari Venkatesan,1961-10-07,M,IGOEE6384Y,9224693253,Chandigarh,Chandigarh,Salaried,142786.15,724,2022-04-16
704085,Fathima Saha,2005-04-15,F,WWOVE3233Z,6867675460,Bengaluru,Karnataka,Self Employed,198596.8,731,2011-03-11
704086,Sivakumar Saha,1987-01-01,M,ENCBM8875S,6614693208,Mumbai,Maharashtra,Government Employee,132746.24,805,2014-08-02
704087,Swathi Chauhan,1958-01-24,F,CAMHQ2969U,9111283825,Kochi,Kerala,Salaried,79211.42,581,2016-03-08
704088,Sowmya Chauhan,2003-09-29,F,UDHUH7253I,9508911209,Bengaluru,Karnataka,Salaried,90391.36,648,2020-09-17
704089,Shankar Yadav,1959-06-27,M,GQMAQ7713R,7751893648,Chennai,Tamil Nadu,Professional,121136.95,620,2022-06-20
704090,Anand Pandey,1980-02-26,M,OUCFQ2521W,6910216315,Hyderabad,Telangana,Government Employee,129735.04,644,2015-08-11
704091,Balaji Joshi,1971-03-14,M,OOWZW9865M,9584309542,Kolkata,West Bengal,Salaried,133502.66,510,2014-09-06
704092,Latha Jadhav,1973-11-03,F,LXEJG9131O,8181422180,Bengaluru,Karnataka,Salaried,23069.93,626,2015-05-19
704093,Ravi Nambiar,1967-10-11,M,AMDBC1814L,9902522226,Delhi,Delhi,Self Employed,163860.3,629,2013-01-19
704094,Sowmya Desai,1976-10-10,F,LXKKJ2334G,7901808090,Kolkata,West Bengal,Salaried,145498.65,634,2022-07-20
704095,Ganesh Nair,1998-10-06,M,GGISU0646J,7807901410,Coimbatore,Tamil Nadu,Salaried,40066.48,817,2018-04-01
704096,Ilango Chauhan,1990-02-06,M,VHLDO7584B,8395450035,Hyderabad,Telangana,Self Employed,56978.31,611,2018-02-06
704097,Sivakumar Pillai,1995-11-05,M,NZTIJ2730T,8075189645,Coimbatore,Tamil Nadu,Salaried,127035.19,628,2016-12-17
704098,Harish Naidu,1983-01-28,M,YEEGH5847N,6478034298,Patna,Bihar,Salaried,75788.93,773,2013-05-18
704099,Padma Elumalai,1999-07-07,F,VJNUW6029Y,6543954274,Delhi,Delhi,Farmer,34430.59,617,2024-10-10
704100,Vinod Pillai,1978-06-18,M,EKEUN2395S,9153179590,Ahmedabad,Gujarat,Farmer,19101.13,780,2023-01-02
704101,Anjali Patel,1980-11-03,F,MCLTH7739B,7228326031,Jaipur,Rajasthan,Business,180170.01,710,2019-06-14
704102,Vikram Bose,2000-10-24,M,TEVNB4612Y,9910886394,Delhi,Delhi,Salaried,148036.86,610,2024-08-31
704103,Rakesh Das,1996-05-06,M,ORLQH5604S,9189321286,Surat,Gujarat,Self Employed,86996.19,-1,2019-10-14
704104,Suresh Rao,1996-05-25,M,HPIUI9159U,7250048748,Chandigarh,Chandigarh,Salaried,115984.35,603,2014-11-03
704105,Revathi Shah,1983-10-31,F,WBAAE0840W,6825283854,Bengaluru,Karnataka,Self Employed,41536.16,681,2017-10-20
704106,Naveen Kumar,1975-09-18,M,SWXOL9077J,8931314874,Kolkata,West Bengal,Professional,226654.17,650,2022-01-29
704107,Kumar Pandey,1969-04-29,M,XOLZX5054F,8183295654,Ahmedabad,Gujarat,Salaried,70049.1,677,2018-08-02
704108,Praveen Balasubramanian,1995-04-22,M,OXVUA9307B,7782200616,Surat,Gujarat,Salaried,144544.11,615,2015-12-29
704109,Padma Mehta,1983-10-15,F,OECKR7084E,7932904717,Delhi,Delhi,Salaried,144491.77,723,2022-11-13
704110,Nandhini Chelladurai,1984-06-19,F,WIMIY6412Z,7624968431,Kolkata,West Bengal,Self Employed,159082.29,606,2020-10-18
704111,Bhavya Mukherjee,2004-08-24,F,TIPAU5820K,9156469763,Coimbatore,Tamil Nadu,Self Employed,287158.29,625,2010-02-02
704112,Dilip Ghosh,2002-02-08,M,KTHNS6269W,9579291548,Bengaluru,Karnataka,Retired,57461.46,651,2011-04-10
704113,Vikram Raman,1965-08-19,M,MXDLS4189F,6519873970,Kolkata,West Bengal,Salaried,62312.51,551,2022-11-24
704114,Mani Balasubramanian,2005-02-20,M,YWFUY1624Q,7632568706,Madurai,Tamil Nadu,Salaried,95052.92,639,2012-05-24
704115,Dilip Venkatesan,1982-10-18,M,OTIZH8580A,9792840883,Bengaluru,Karnataka,Salaried,167125.9,649,2017-08-29
704116,Sanjay Mehta,1981-06-04,M,SUOOK5074Q,6798186605,Pune,Maharashtra,Government Employee,91502.63,534,2016-02-19
704117,Sunil Deshmukh,2005-06-15,M,XKQIB0286E,6396916123,Coimbatore,Tamil Nadu,Self Employed,205191.41,502,2013-12-14
704118,Bhavya Rao,2002-05-31,F,IYXMV9676L,9330857390,Jaipur,Rajasthan,Business,440270.35,783,2022-03-30
704119,Deepa Shah,1959-07-24,F,TCIBK8157M,8862558114,Delhi,Delhi,Self Employed,18605.43,643,2024-07-26
704120,Deepak Sharma,1962-04-30,M,PZDHC9963V,9820338141,Kolkata,West Bengal,Salaried,157527.98,-1,2018-07-03
704121,Ravi Jadhav,1986-01-24,M,MYZCP3902Y,8746501555,Kochi,Kerala,Salaried,83937.89,655,2021-05-11
704122,Vinod Chauhan,1988-06-26,M,NOICU8980P,8778886188,Hyderabad,Telangana,Salaried,58515.22,609,2016-09-08
704123,Vijay Chauhan,1994-09-02,M,UGZCP4516I,7824664108,Ahmedabad,Gujarat,Self Employed,182396.7,814,2019-08-30
704124,Sandeep Sen,1956-08-19,M,PRDYI3535J,8507296641,Lucknow,Uttar Pradesh,Professional,161124.43,648,2014-06-07
704125,Pooja Pillai,1957-07-12,F,KPTSP5413A,7185501803,Madurai,Tamil Nadu,Business,412460.96,502,2019-10-05
704126,Neha Subramaniam,1975-12-11,F,OFDNH4089P,7335162606,Ahmedabad,Gujarat,Salaried,100490.3,713,2011-10-08
704127,Gokul Saha,1972-09-06,M,CCHVO8938T,9155745554,Kochi,Kerala,Professional,63745.76,577,2013-07-24
704128,Arjun Sen,1979-07-25,M,WYUEL5421Q,9264947997,Chennai,Tamil Nadu,Salaried,102275.64,708,2010-07-06
704129,Arun Tiwari,1977-07-13,M,WYLNP6165V,8596008667,Kolkata,West Bengal,Salaried,142573.84,655,2018-09-16
704130,Nithya Roy,1957-03-09,F,EVQWE4782V,8763300980,Nashik,Maharashtra,Retired,10508.54,786,2010-06-26
704131,Sivakumar Deshmukh,1988-11-10,M,NBNZG7366Q,6285849961,Lucknow,Uttar Pradesh,Professional,380039.59,712,2021-10-15
704132,Lavanya Iyengar,1998-07-15,F,LKWCN1548H,9137338951,Chennai,Tamil Nadu,Farmer,31470.84,633,2016-01-06
704133,Arun Naidu,2004-10-30,M,CTGSA1797A,9952229063,Bengaluru,Karnataka,Business,469074.24,801,2016-02-17
704134,Arjun Pillai,1996-03-18,M,YQGTL3498A,7781798545,Kochi,Kerala,Government Employee,82030.15,900,2017-06-03
704135,Rakesh Pandey,1957-08-08,M,CCPVJ5395T,6411127284,Chennai,Tamil Nadu,Self Employed,105539.14,619,2024-07-24
704136,Ravi Rana,1994-01-16,M,IYNSV5737I,9192071410,Bengaluru,Karnataka,Retired,79062.92,770,2021-07-15
704137,Senthil Menon,2004-07-23,M,UETZL8368C,7175556842,Coimbatore,Tamil Nadu,Self Employed,66788.25,704,2016-07-01
704138,Vani Dutta,1978-10-29,F,CIKDU5756P,6377694630,Bengaluru,Karnataka,Business,358155.45,711,2020-06-24
704139,Lavanya Kumar,1999-09-04,F,GPSOK8393M,7933222465,Hyderabad,Telangana,Farmer,55636.92,553,2023-05-01
704140,Saranya Chauhan,1971-11-13,F,MEZEM4823B,9321877104,Mumbai,Maharashtra,Salaried,86946.06,578,2013-01-13
704141,Dilip Tiwari,1985-07-21,M,CWUJZ2151D,6025327545,Ranchi,Jharkhand,Professional,369946.56,801,2014-10-27
704142,Tara Sen,1997-10-10,F,OYMGC1678Z,9346870733,Mumbai,Maharashtra,Self Employed,228400.64,683,2019-09-12
704143,Revathi Krishnan,1967-06-03,F,LVZSD7864L,7865061894,Pune,Maharashtra,Government Employee,73440.33,620,2021-12-17
704144,Esther Bose,1960-10-23,F,KDYHH0915A,6579937663,Pune,Maharashtra,Retired,41222.4,837,2024-06-30
704145,Harish Pillai,1974-09-29,M,CNJKS7714R,7655058631,Chennai,Tamil Nadu,Professional,207213.63,783,2020-09-11
704146,Kiran Sen,1993-08-28,F,PIIJD5436W,8062311301,Chandigarh,Chandigarh,Business,115576.93,738,2012-05-15
704147,Vivek Sharma,1959-08-22,M,TDPSE6976A,9277399680,Kolkata,West Bengal,Business,468158.79,578,2011-04-23
704148,Devi Iyer,1990-09-26,F,WBFDG8787F,6376936723,Kanpur,Uttar Pradesh,Salaried,104545.13,-1,2012-07-31
704149,Chandran Iyengar,2002-01-18,M,IAABZ3627Z,8357828811,Chandigarh,Chandigarh,Salaried,66772.91,669,2010-08-14
704150,Rajesh Das,1968-07-11,M,CNUBG4168N,6811204283,Surat,Gujarat,Professional,205175.92,807,2014-12-15
704151,Rajini Pandey,1966-02-23,F,RKGWZ9879T,8496823428,Mumbai,Maharashtra,Self Employed,104890.9,480,2017-12-03
704152,Rajini Murugan,1968-02-03,F,HHUHF3363L,8784535934,Ranchi,Jharkhand,Salaried,160745.27,521,2012-12-09
704153,Janani Rao,2002-06-07,F,HQIIL5169B,8931861783,Ahmedabad,Gujarat,Salaried,166029.69,595,2014-12-18
704154,Vidya Reddy,1971-10-20,F,ZDHOS7621T,7984459261,Patna,Bihar,Salaried,44222.27,761,2012-10-22
704155,Vivek Jadhav,2004-06-22,M,LNGWS1161V,6502112551,Bengaluru,Karnataka,Self Employed,106370.04,691,2010-09-07
704156,Sandeep Banerjee,1956-11-27,M,ADTVB2870S,6768788443,Lucknow,Uttar Pradesh,Self Employed,187503.54,714,2018-02-21
704157,Ravi Das,1973-05-15,M,ZRFXI1572B,9719594864,Madurai,Tamil Nadu,Salaried,59434.86,688,2010-03-20
704158,Meena Das,2003-01-27,F,LUFKB8803A,7606912017,Bhubaneswar,Odisha,Farmer,32837.2,680,2013-07-08
704159,Gopal Patel,1983-11-20,M,FAUNH8861P,9635373701,Pune,Maharashtra,Self Employed,261157.29,783,2015-08-08
704160,Nandhini Verma,1977-06-02,F,MSJUL2609W,8541657010,Bengaluru,Karnataka,Salaried,80288.89,900,2018-12-04
704161,Lakshmi Yadav,1988-03-26,F,USYLF1868Q,7446271703,Chandigarh,Chandigarh,Self Employed,281466.47,714,2020-06-27
704162,Arun Menon,1972-07-20,M,YFCIV3207N,9225938785,Delhi,Delhi,Self Employed,211484.86,793,2024-11-15
704163,Lavanya Rana,1960-12-13,F,UYSUR1712I,7816535780,Delhi,Delhi,Salaried,163367.9,629,2012-07-03
704164,Revathi Desai,1976-02-06,F,GJTMM6108B,8744257506,Patna,Bihar,Self Employed,169796.62,820,2023-11-04
704165,Sivakumar Nair,1990-06-06,M,AKANF4532X,6836341111,Lucknow,Uttar Pradesh,Salaried,84937.3,-1,2016-04-12
704166,Deepak Raman,2002-11-21,M,GMWWJ8431A,7265554629,Kolkata,West Bengal,Self Employed,197064.03,679,2015-06-07
704167,Anjali Rao,1958-11-20,F,HKGZI7995S,9102345864,Kanpur,Uttar Pradesh,Salaried,76867.69,687,2021-06-15
704168,Indira Jadhav,2005-04-05,F,ANKNW3492X,9203659244,Jaipur,Rajasthan,Farmer,32644.37,627,2022-08-03
704169,Farooq Kumar,2004-08-16,M,JWTHO5691T,9189728921,Nashik,Maharashtra,Salaried,160777.87,599,2015-04-16
704170,Rakesh Roy,1998-05-14,M,FEVFN7986O,8674224976,Chennai,Tamil Nadu,Salaried,46962.91,620,2017-03-08
704171,Vivek Joshi,1998-07-24,M,TYCZP6722E,6150481629,Hyderabad,Telangana,Salaried,167511.53,579,2024-05-11
704172,Rohit Venkatesan,1991-03-23,M,YGHXV6231D,8188404335,Mumbai,Maharashtra,Self Employed,223717.02,549,2018-09-27
704173,Abhishek Singh,1984-12-08,M,HSNOD0039B,9687410831,Kochi,Kerala,Salaried,136889.48,844,2010-05-30
704174,Pooja Reddy,1995-12-20,F,DWUTF2470R,9251520297,Kochi,Kerala,Business,158086.96,713,2017-05-15
704175,Bharath Nambiar,1963-04-09,M,JHWLC8980Y,9429880373,Chennai,Tamil Nadu,Salaried,133944.36,764,2023-08-31
704176,Esther Saha,1992-12-10,F,HXLCW4902Q,7161977453,Kochi,Kerala,Business,432741.28,718,2010-09-01
704177,Farooq Perumal,1970-12-19,M,HBHZF6641V,9459397722,Bhubaneswar,Odisha,Farmer,17943.11,537,2012-06-13
704178,Devi Rana,2001-03-19,F,ZRJZA1435L,8634915602,Kanpur,Uttar Pradesh,Government Employee,117646.56,674,2022-01-20
704179,Manoj Pillai,1961-11-21,M,NPEYP6589L,6233524875,Ranchi,Jharkhand,Salaried,129573.17,587,2012-11-30
704180,Yamuna Murugan,1986-10-27,F,YPGVK9855N,6809591039,Chandigarh,Chandigarh,Salaried,66754.76,595,2017-01-12
704181,Pankaj Desai,1983-12-31,M,LAUUT5250H,9545242041,Hyderabad,Telangana,Salaried,85323.63,660,2014-01-31
704182,Bhavya Jadhav,1991-03-10,F,GEZZP1981D,8033586761,Patna,Bihar,Salaried,69542.23,686,2019-11-11
704183,Shankar Venkatesan,1995-11-22,M,NUSZC5043Z,9694725646,Hyderabad,Telangana,Self Employed,25128.5,680,2016-09-24
704184,Madhavi Chelladurai,1970-08-31,F,CBJRK0033D,8639317172,Chennai,Tamil Nadu,Farmer,30435.59,683,2014-11-03
704185,Sanjay Kulkarni,1970-08-06,M,RASAB1861I,7864453768,Coimbatore,Tamil Nadu,Government Employee,130280.02,644,2020-01-14
704186,Nithya Tiwari,1995-05-19,F,EMQVI6501B,7193187206,Mumbai,Maharashtra,Business,438432.45,674,2015-07-13
704187,Neha Patel,2004-12-28,F,FRBPU7654I,7177898922,Jaipur,Rajasthan,Professional,276562.11,789,2021-10-03
704188,Sunil Iyer,1976-08-08,M,IJQQF3131D,9236902414,Lucknow,Uttar Pradesh,Retired,39057.59,877,2016-01-04
704189,Jagan Jadhav,1997-11-02,M,ULKRW9093G,8981153297,Delhi,Delhi,Retired,69951.25,776,2025-01-25
704190,Dinesh Mukherjee,1969-09-13,M,VRPEC2930P,7196420026,Chennai,Tamil Nadu,Salaried,119624.44,650,2010-05-15
704191,Ganesh Jadhav,2001-12-01,M,IAEOD9281H,9530284765,Hyderabad,Telangana,Salaried,131019.19,708,2015-04-30
704192,Hema Iyengar,1968-12-20,F,QPLFV8789Y,7661021452,Ranchi,Jharkhand,Business,207971.38,761,2025-03-20
704193,Suresh Balasubramanian,1965-12-18,M,UQTDQ8078L,8431410853,Kolkata,West Bengal,Salaried,79451.24,766,2024-02-14
704194,Indira Desai,1995-03-30,F,QNGHH1238W,8539663611,Delhi,Delhi,Self Employed,169586.05,786,2016-09-11
704195,Lavanya Elumalai,1980-02-01,F,SFZRO7863C,8084579872,Mumbai,Maharashtra,Salaried,126470.96,788,2019-07-03
704196,Vinod Tiwari,1981-05-17,M,JXHMK5936W,7007376472,Hyderabad,Telangana,Government Employee,49251.17,-1,2012-02-07
704197,Manoj Gupta,1969-10-22,M,UAVOE0175U,7163628009,Jaipur,Rajasthan,Salaried,19560.1,709,2016-04-19
704198,Dinesh Ghosh,1981-10-01,M,XRKXW7332I,9916745602,Chandigarh,Chandigarh,Salaried,42749.8,644,2011-11-29
704199,Vijay Pandey,1990-06-27,M,MKUQO0356L,6457796120,Chennai,Tamil Nadu,Salaried,90523.63,525,2019-07-09
704200,Ilango Jadhav,1961-08-24,M,FIFPJ1937J,9176502885,Bhubaneswar,Odisha,Farmer,43655.04,772,2015-10-09
704201,Chandran Desai,1967-10-22,M,SMIWY7639B,9932868138,Kanpur,Uttar Pradesh,Self Employed,105333.79,729,2020-12-20
704202,Jagan Sharma,1978-10-05,M,CWHDG1355F,7137387794,Jaipur,Rajasthan,Salaried,114469.64,590,2025-05-01
704203,Senthil Naidu,1966-02-05,M,BXLDD8492V,8020689419,Chennai,Tamil Nadu,Self Employed,231593.92,672,2017-11-16
704204,Anitha Gupta,1994-12-27,F,JSRDE9497Y,6486234116,Patna,Bihar,Salaried,53112.55,633,2012-09-03
704205,Radha Bose,1969-06-06,F,LIERT4515L,8723400542,Hyderabad,Telangana,Government Employee,30157.23,629,2022-12-04
704206,Vijay Yadav,1975-08-16,M,DYAHK8248W,6872371304,Bhubaneswar,Odisha,Government Employee,134877.86,835,2010-09-29
704207,Senthil Rana,2004-01-13,M,YYDHK1183D,7135288170,Hyderabad,Telangana,Business,76525.15,-1,2011-09-10
704208,Vivek Kumar,1959-09-18,M,DAMJQ4360R,9328886035,Chennai,Tamil Nadu,Business,228058.66,636,2010-10-22
704209,Sandeep Dutta,1991-09-30,M,EDYMX4637S,9961059550,Kanpur,Uttar Pradesh,Business,196086.47,900,2019-12-02
704210,Karthik Singh,1984-06-02,M,UDSHT1382Q,7039138422,Madurai,Tamil Nadu,Business,251176.38,657,2011-01-11
704211,Nandhini Bhat,1989-07-10,F,HILQW2747Z,8165662089,Pune,Maharashtra,Salaried,157379.34,602,2020-04-19
704212,Divya Reddy,1969-06-25,F,JLSQK8507T,8704462048,Jaipur,Rajasthan,Professional,139331.23,682,2021-01-04
704213,Gopal Rao,1982-07-28,M,PKUEG3714O,8369824021,Chennai,Tamil Nadu,Salaried,148013.46,898,2022-04-14
704214,Dinesh Joshi,1988-07-08,M,UYNRY8123R,7797890393,Jaipur,Rajasthan,Business,285982.19,655,2019-12-01
704215,Sanjay Deshmukh,1959-09-19,M,CFCEH8802E,9863513557,Delhi,Delhi,Self Employed,27947.74,718,2022-11-19
704216,Gokul Deshmukh,1973-08-28,M,PMYWP2602X,8443985786,Pune,Maharashtra,Self Employed,182803.24,456,2013-06-29
704217,Kumar Das,1972-01-21,M,BIHSK8882W,9055112055,Mumbai,Maharashtra,Salaried,86961.22,725,2010-09-15
704218,Farooq Roy,1984-03-16,M,UPKBO5947S,8580450598,Bengaluru,Karnataka,Salaried,90925.68,540,2013-08-12
704219,Mahesh Jadhav,1998-08-13,M,IRVMP8332X,8173816511,Chennai,Tamil Nadu,Self Employed,66445.3,659,2017-08-19
704220,Bhavya Singh,1983-06-24,F,VQFBE8464W,7727249626,Mumbai,Maharashtra,Salaried,54321.82,799,2023-02-08
704221,Latha Banerjee,1995-01-13,F,QTLYD8340Y,7877353436,Delhi,Delhi,Self Employed,241222.4,646,2019-05-19
704222,Arun Sharma,1965-12-06,M,YFOSN4984R,8863649139,Surat,Gujarat,Salaried,160246.24,737,2015-05-24
704223,Chitra Pillai,1994-01-10,F,JLVTR7569V,8845524888,Bengaluru,Karnataka,Business,232385.66,648,2017-02-06
704224,Fathima Banerjee,1988-04-03,F,NIMMH3229L,8955636176,Mumbai,Maharashtra,Professional,292151.71,638,2020-11-12
704225,Selvi Kumar,1981-11-27,F,MPYLJ3653T,8032066986,Chennai,Tamil Nadu,Government Employee,73409.03,696,2021-05-31
704226,Kalpana Mishra,1975-09-26,F,BACVS9735Z,8078081599,Lucknow,Uttar Pradesh,Self Employed,246086.54,772,2024-06-03
704227,Rakesh Thakur,1996-02-21,M,MPAVY3955W,7927827046,Patna,Bihar,Salaried,137346.0,679,2012-03-31
704228,Nithya Nambiar,1974-09-18,F,JSEXH8675E,7637708079,Lucknow,Uttar Pradesh,Salaried,78031.33,668,2012-04-10
704229,Vivek Deshmukh,1988-07-13,M,WCGXO8762B,6506669949,Delhi,Delhi,Business,167928.3,579,2015-12-16
704230,Ramesh Pillai,1980-10-02,M,QBJOC8014F,9317595472,Ranchi,Jharkhand,Salaried,103662.04,510,2021-10-29
704231,Abhishek Subramaniam,1961-10-12,M,IZDKN8670Y,8552316298,Nashik,Maharashtra,Salaried,124292.13,682,2024-01-31
704232,Vivek Joshi,1994-04-04,M,VTHZE3945E,8063040449,Jaipur,Rajasthan,Salaried,170312.42,652,2017-08-12
704233,Jagan Perumal,1979-04-23,M,SSTHU3763K,6688632300,Chennai,Tamil Nadu,Salaried,114155.37,695,2014-04-08
704234,Chitra Iyengar,1972-07-01,F,ENGIE0616C,7557993158,Coimbatore,Tamil Nadu,Business,86664.56,768,2018-01-20
704235,Anitha Nambiar,1960-03-19,F,QDDRN4046X,9626138931,Hyderabad,Telangana,Salaried,42891.63,747,2024-07-10
704236,Pankaj Naidu,1983-06-12,M,CIALB9970Q,7474520913,Ahmedabad,Gujarat,Salaried,44050.51,586,2011-10-31
704237,Anand Murugan,1957-03-07,M,IVMPF6503U,8744199720,Lucknow,Uttar Pradesh,Government Employee,99552.6,693,2014-11-02
704238,Vinod Chowdhury,1974-04-05,M,FCRAH7320W,6194856964,Lucknow,Uttar Pradesh,Business,291330.46,696,2011-04-29
704239,Indira Deshmukh,1995-02-26,F,HNJMN8358W,8999176374,Ranchi,Jharkhand,Salaried,121054.05,646,2010-04-13
704240,Indira Perumal,1984-12-21,F,IKJDP1280T,8412035453,Bengaluru,Karnataka,Business,256669.85,456,2016-01-28
704241,Gokul Yadav,1960-10-12,M,WQVCM4561K,8559035815,Chennai,Tamil Nadu,Salaried,165924.38,593,2018-02-25
704242,Ajay Nair,1969-07-23,M,PAJGQ1681M,7787746304,Chandigarh,Chandigarh,Salaried,35762.94,660,2022-12-12
704243,Saranya Nambiar,1957-09-08,F,KFLNS1559G,7850370300,Bhubaneswar,Odisha,Farmer,39151.23,740,2019-01-27
704244,Lakshmi Verma,1966-12-10,F,BFTGQ3196V,9406751312,Coimbatore,Tamil Nadu,Salaried,97794.97,639,2019-03-15
704245,Sunil Pandey,1997-09-23,M,WOANV9805I,6811352183,Patna,Bihar,Self Employed,206353.65,536,2024-01-29
704246,Mahesh Kulkarni,1969-06-24,M,TDMMY9799B,6493019942,Patna,Bihar,Salaried,126657.9,798,2013-05-20
704247,Madhavi Mukherjee,1973-09-07,F,CNXGP5932D,8869683566,Bhubaneswar,Odisha,Salaried,89069.33,665,2023-02-05
704248,Gopal Menon,1959-12-28,M,QZJVW2481Y,8701927584,Delhi,Delhi,Government Employee,44571.29,625,2017-10-05
704249,Malathi Ghosh,2005-03-22,F,TGBSJ4466S,6595875560,Jaipur,Rajasthan,Salaried,25936.1,719,2016-07-10
704250,Vijay Banerjee,1996-03-15,M,VXAHZ7160S,9638015043,Bengaluru,Karnataka,Salaried,64461.7,734,2025-05-09
704251,Malathi Jadhav,1957-01-10,F,WODKG4445Y,8546663594,Nashik,Maharashtra,Salaried,34805.12,-1,2014-02-03
704252,Sanjay Kumar,1971-08-08,M,PTJCP5927L,8382218012,Ranchi,Jharkhand,Professional,330759.72,660,2024-10-13
704253,Ganesh Chelladurai,1965-10-11,M,ZJZEA6197P,7892831892,Bengaluru,Karnataka,Salaried,139053.59,612,2014-02-20
704254,Bharath Rana,1970-09-03,M,VYJXT9528R,8354064843,Kanpur,Uttar Pradesh,Salaried,74588.58,614,2015-03-29
704255,Mani Rajendran,1994-04-03,M,BFLBX0308O,7076879084,Chandigarh,Chandigarh,Farmer,25449.35,743,2022-11-15
704256,Mahesh Shah,1973-03-10,M,OKHBT4908H,9326309920,Kolkata,West Bengal,Business,350185.52,654,2016-04-20
704257,Jagan Krishnan,2004-06-23,M,IOBKP0242C,9053804433,Hyderabad,Telangana,Salaried,80579.97,715,2021-11-28
704258,Aishwarya Deshmukh,1983-01-22,F,MXYTH4651L,9423360717,Pune,Maharashtra,Salaried,164742.83,486,2017-09-24
704259,Lavanya Elumalai,1966-03-07,F,WPYXY1847T,6799935455,Surat,Gujarat,Professional,83472.89,621,2019-10-13
704260,Parvathi Chelladurai,1967-11-14,F,NFQWJ2748V,8338138892,Kolkata,West Bengal,Business,195351.08,631,2020-10-23
704261,Naveen Desai,1990-09-17,M,JRXMU0620Q,6210049076,Kanpur,Uttar Pradesh,Salaried,73458.22,623,2016-03-30
704262,Parvathi Sen,1987-05-04,F,FNXOK7900M,6541882226,Kolkata,West Bengal,Farmer,53643.18,483,2018-04-08
704263,Amit Chowdhury,1979-12-02,M,CKIIN5588Y,8505928629,Bengaluru,Karnataka,Self Employed,91140.4,625,2019-05-16
704264,Parvathi Yadav,1990-06-07,F,VHJBT1859O,9069453781,Delhi,Delhi,Salaried,67263.12,816,2019-06-12
704265,Nitin Krishnan,1963-07-23,M,QAXFD3970E,9287545064,Nashik,Maharashtra,Salaried,108496.07,696,2013-05-01
704266,Gayathri Thakur,1986-05-19,F,FSHEG2116S,6545105455,Kanpur,Uttar Pradesh,Salaried,59375.14,617,2024-04-06
704267,Vinod Deshmukh,1997-04-18,M,JKOTB4236U,6963464490,Lucknow,Uttar Pradesh,Salaried,77767.42,599,2018-08-25
704268,Rajini Murugan,1967-09-10,F,HYIUU2297J,8785824169,Madurai,Tamil Nadu,Self Employed,27243.85,538,2016-01-05
704269,Shankar Elumalai,1984-08-27,M,KMJLM2778L,9546313849,Lucknow,Uttar Pradesh,Salaried,147720.33,688,2016-05-20
704270,Vidya Banerjee,1973-05-28,F,WDIPT5525I,8214082862,Delhi,Delhi,Self Employed,172461.19,592,2017-01-21
704271,Anjali Das,1989-07-20,F,UIIVK5546D,8725814475,Kolkata,West Bengal,Salaried,89668.72,629,2021-08-27
704272,Vinod Kulkarni,1979-04-03,M,OFUCC0402X,9581388965,Nashik,Maharashtra,Self Employed,240432.1,751,2021-08-15
704273,Hema Perumal,1974-11-07,F,EMLWA7969H,7167825047,Chandigarh,Chandigarh,Farmer,24038.36,756,2016-12-28
704274,Parvathi Gupta,1965-10-27,F,LWTZF6541O,8556650916,Nashik,Maharashtra,Salaried,88349.06,725,2010-03-31
704275,Vijay Rajendran,1997-09-29,M,KORHX2353J,8941374563,Surat,Gujarat,Salaried,147729.34,509,2011-07-05
704276,Dilip Patel,1994-12-24,M,BBQRL9343O,8054434758,Chennai,Tamil Nadu,Professional,123419.39,-1,2017-04-04
704277,Gokul Singh,1996-04-07,M,TUKLV2142E,6630142138,Bengaluru,Karnataka,Self Employed,84495.58,613,2014-06-27
704278,Chandran Chowdhury,1999-01-14,M,RQRSX0370I,8490889865,Ranchi,Jharkhand,Salaried,83991.88,778,2010-06-26
704279,Pooja Pillai,2003-08-09,F,MNBFE0341G,6485328064,Pune,Maharashtra,Business,124666.4,554,2011-04-22
704280,Sangeetha Bose,1972-05-13,F,JFYAP3927J,8778520557,Kolkata,West Bengal,Salaried,152261.34,785,2016-09-07
704281,Shanthi Kumar,1972-03-18,F,TZSHB6545S,6411256134,Bengaluru,Karnataka,Self Employed,172941.66,-1,2016-08-15
704282,Mani Das,1964-09-27,M,GSUZP1588X,8977361067,Bengaluru,Karnataka,Salaried,67657.32,664,2013-04-23
704283,Geetha Gupta,1977-09-21,F,KERKH8916X,8436410663,Jaipur,Rajasthan,Farmer,8832.38,756,2019-10-28
704284,Balaji Jadhav,1959-09-28,M,YXOID5326X,9319669110,Bengaluru,Karnataka,Salaried,93570.03,-1,2025-02-27
704285,Hari Kulkarni,1976-03-11,M,SZKLR4029Z,6006115275,Surat,Gujarat,Salaried,79301.54,627,2011-10-21
704286,Sowmya Reddy,1983-05-01,F,IVVZA7121I,7884031588,Delhi,Delhi,Salaried,27536.85,555,2025-03-23
704287,Abhishek Chowdhury,1985-01-11,M,WCWEZ0815B,9637121520,Bhubaneswar,Odisha,Salaried,125049.51,570,2021-03-16
704288,Vidya Nair,1960-11-21,F,PEDWK4334A,8448732867,Kolkata,West Bengal,Professional,54488.2,804,2016-05-21
704289,Radha Pandey,1991-05-21,F,CLMYB1465S,7643190803,Kochi,Kerala,Salaried,118975.9,635,2017-03-18
704290,Bharath Singh,1965-06-21,M,HNMSP4862M,8110137005,Kochi,Kerala,Self Employed,103585.45,550,2019-10-28
704291,Ramesh Chauhan,2005-05-09,M,QRMAT6997F,6635478392,Coimbatore,Tamil Nadu,Salaried,115619.56,743,2010-09-08
704292,Selvi Elumalai,1976-02-14,F,HIBOQ9099S,7526940826,Kolkata,West Bengal,Salaried,68145.42,519,2022-02-24
704293,Harish Mishra,1969-04-29,M,GDGNA2292S,8294098367,Delhi,Delhi,Salaried,65449.81,650,2017-02-18
704294,Deepak Krishnan,1983-03-09,M,LAXTM8259N,9101976756,Bhubaneswar,Odisha,Government Employee,141535.09,698,2012-04-30
704295,Chandran Iyer,1999-02-15,M,PQXHE6869I,8683278695,Madurai,Tamil Nadu,Salaried,31821.72,-1,2022-02-08
704296,Amit Jadhav,1958-12-10,M,IJAJV1228R,6235228401,Bhubaneswar,Odisha,Salaried,151289.78,693,2020-04-15
704297,Anand Naidu,1998-12-28,M,DNRKG3527Q,9071712792,Kanpur,Uttar Pradesh,Salaried,37284.03,706,2012-12-27
704298,Janani Rao,1987-06-25,F,ZNLLO2178H,7929165316,Madurai,Tamil Nadu,Business,105064.88,657,2017-07-17
704299,Ajay Subramaniam,1967-09-11,M,ZSKHO1455K,7700138110,Surat,Gujarat,Salaried,120878.69,432,2019-10-12
704300,Vijay Krishnan,1959-03-27,M,MOILN3946J,9697769076,Kolkata,West Bengal,Business,27713.19,689,2012-12-23
704301,Ganesh Venkatesan,1990-12-26,M,DOUXH1541U,8572340192,Ranchi,Jharkhand,Professional,191170.7,-1,2016-02-23
704302,Ganesh Mehta,1973-08-11,M,GBIVB6436Q,6402977305,Surat,Gujarat,Farmer,59885.95,661,2016-03-13
704303,Chitra Kulkarni,1980-05-26,F,GXTEF4805Y,8560474688,Lucknow,Uttar Pradesh,Self Employed,86599.06,647,2014-08-20
704304,Naveen Mehta,2000-07-26,M,YIDSK4162J,7089037853,Surat,Gujarat,Self Employed,72733.57,712,2020-06-27
704305,Yogesh Mishra,1981-05-21,M,LTIDG0639I,8710841425,Bengaluru,Karnataka,Business,303922.79,738,2015-12-04
704306,Uma Krishnan,1971-06-05,F,YKFXA0848L,9876514618,Bhubaneswar,Odisha,Salaried,91440.05,686,2019-07-21
704307,Ilango Venkatesan,1971-08-27,M,VRTYK7313F,9204901981,Patna,Bihar,Retired,44890.97,-1,2016-06-07
704308,Jagan Singh,1960-01-21,M,CQIVK7596U,9549689804,Mumbai,Maharashtra,Salaried,164289.79,808,2017-04-01
704309,Kalpana Patel,1966-08-04,F,EZCJT6745E,6515532242,Madurai,Tamil Nadu,Self Employed,262902.88,874,2015-11-28
704310,Balaji Mishra,1974-12-02,M,ACZGC1829J,6928414490,Bhubaneswar,Odisha,Retired,63830.8,693,2020-02-16
704311,Sunitha Krishnan,2004-07-27,F,NNNYE8245F,6819207535,Delhi,Delhi,Salaried,112927.95,632,2016-07-19
704312,Ganesh Chelladurai,1963-02-24,M,LWDKA9597E,7198906541,Mumbai,Maharashtra,Professional,272076.38,542,2014-07-06
704313,Aishwarya Elumalai,1964-12-15,F,VRDYU4994N,9510613001,Mumbai,Maharashtra,Self Employed,91906.58,720,2012-04-23
704314,Meena Chelladurai,1971-09-16,F,IRCYM7004Y,7929492368,Ranchi,Jharkhand,Farmer,54755.29,496,2024-10-10
704315,Ilango Jadhav,1968-10-02,M,WNNJF4362H,7431665554,Bengaluru,Karnataka,Salaried,35846.13,825,2011-05-29
704316,Praveen Pillai,1985-04-11,M,FURFA4352E,8114708404,Coimbatore,Tamil Nadu,Self Employed,99837.34,758,2021-12-19
704317,Pankaj Thakur,1975-08-22,M,ROOSO6563V,9690700289,Delhi,Delhi,Professional,84315.67,615,2014-07-14
704318,Hema Pandey,1991-01-10,F,FJJUP1413Z,7752509947,Lucknow,Uttar Pradesh,Government Employee,133848.79,730,2020-06-29
704319,Kumar Bhat,1997-12-02,M,GVCRK1834G,6614786644,Kanpur,Uttar Pradesh,Self Employed,249830.59,583,2014-11-23
704320,Naveen Krishnan,1996-08-09,M,VGSBB4196O,7090484310,Jaipur,Rajasthan,Business,387035.18,561,2017-08-02
704321,Ajay Sen,1985-06-27,M,MCGVI1916D,7849173062,Chennai,Tamil Nadu,Professional,336792.03,738,2010-07-16
704322,Anjali Mishra,1997-09-29,F,HECPY9716D,6222627229,Chennai,Tamil Nadu,Salaried,160547.01,569,2022-06-27
704323,Uma Yadav,1969-05-06,F,IHNZJ3413O,9022091594,Kochi,Kerala,Salaried,25827.17,689,2015-02-20
704324,Ashok Menon,1998-05-01,M,EYBON4042G,8705841548,Coimbatore,Tamil Nadu,Business,474999.18,653,2018-07-18
704325,Kavitha Patel,2000-05-28,F,UPROF0015M,7986453251,Coimbatore,Tamil Nadu,Government Employee,100086.54,814,2012-03-20
704326,Vinod Kulkarni,1979-02-10,M,AVKAK5654S,9022110563,Lucknow,Uttar Pradesh,Salaried,179662.4,695,2012-03-22
704327,Ravi Thakur,1987-06-29,M,QKUCM7728P,6148762344,Coimbatore,Tamil Nadu,Farmer,45429.76,815,2024-11-23
704328,Harish Raman,1965-05-08,M,YKLWG2583C,8512948053,Ahmedabad,Gujarat,Salaried,32855.38,747,2012-08-10
704329,Ashok Menon,1967-04-22,M,ASGQV3661N,9647532855,Lucknow,Uttar Pradesh,Self Employed,205417.17,592,2015-01-06
704330,Rahul Mehta,1987-12-27,M,JLZGY4137X,6673631381,Pune,Maharashtra,Salaried,158844.33,554,2014-12-17
704331,Kumar Chauhan,1987-02-09,M,DNWXK2245X,8702042151,Ahmedabad,Gujarat,Government Employee,112936.83,465,2020-05-24
704332,Nithya Bose,1960-06-27,F,HLNBU6871Y,9634906547,Lucknow,Uttar Pradesh,Professional,56688.19,668,2017-12-11
704333,Meena Verma,1983-09-11,F,WCHVD3434D,9620973842,Surat,Gujarat,Professional,42742.78,401,2015-07-14
704334,Ramesh Das,1967-08-18,M,KJLRT1361B,8724222538,Kolkata,West Bengal,Government Employee,47179.06,587,2022-10-06
704335,Divya Krishnan,1979-06-04,F,TVNWO5210X,6962886823,Pune,Maharashtra,Salaried,86128.86,436,2015-10-25
704336,Radha Jadhav,2005-06-17,F,TGVTW3378A,8637556332,Lucknow,Uttar Pradesh,Government Employee,84276.7,606,2025-03-06
704337,Kumar Menon,1962-09-22,M,VZRZW8178L,7421236443,Kolkata,West Bengal,Salaried,137861.29,732,2019-08-16
704338,Ajay Tiwari,1963-05-21,M,FFCMM1631D,8583155806,Kolkata,West Bengal,Business,72931.38,581,2017-11-19
704339,Praveen Desai,1991-08-04,M,UBQEW9518U,9004825288,Madurai,Tamil Nadu,Business,492173.98,612,2024-10-30
704340,Vijay Deshmukh,1961-11-09,M,AYDZY1966A,8756965688,Hyderabad,Telangana,Farmer,9689.77,621,2012-03-16
704341,Kalpana Raman,1996-02-02,F,CRENV1104O,9332714028,Surat,Gujarat,Salaried,125571.54,690,2012-08-18
704342,Abhishek Gupta,1996-06-01,M,AGAOU3807I,8590661674,Delhi,Delhi,Salaried,125458.65,-1,2011-10-05
704343,Padma Chelladurai,1956-08-30,F,QSVRQ2973F,6936660997,Madurai,Tamil Nadu,Salaried,147176.83,524,2014-04-20
704344,Sangeetha Jadhav,1991-12-21,F,UJKSW3087M,8230783395,Patna,Bihar,Farmer,56856.09,675,2017-07-30
704345,Arun Sharma,1979-12-01,M,YFLHU0106A,8124710867,Ranchi,Jharkhand,Government Employee,41557.22,654,2021-04-30
704346,Priya Iyer,1994-05-26,F,AZZAZ1575D,9515803314,Chennai,Tamil Nadu,Government Employee,66999.67,566,2018-08-29
704347,Ravi Patel,1973-11-11,M,OLJPC6578L,9178964878,Pune,Maharashtra,Government Employee,123538.1,571,2011-09-20
704348,Padma Deshmukh,1995-05-29,F,GWQGQ3401C,8004810907,Kanpur,Uttar Pradesh,Farmer,16796.76,779,2022-05-04
704349,Aishwarya Mishra,1961-08-26,F,GPFBB8250D,6467759323,Mumbai,Maharashtra,Business,48520.31,733,2015-04-06
704350,Suresh Thakur,2002-09-09,M,AALIZ0567C,6351235556,Coimbatore,Tamil Nadu,Professional,90484.46,-1,2016-11-26
704351,Sangeetha Raman,2000-07-07,F,LKILH2126O,7600127472,Madurai,Tamil Nadu,Self Employed,277736.4,705,2016-06-17
704352,Dilip Kulkarni,1967-10-22,M,ICMAM5012B,9903729224,Bengaluru,Karnataka,Salaried,90501.11,585,2016-08-25
704353,Sivakumar Ghosh,1970-04-24,M,SPCUB0387L,7123102211,Surat,Gujarat,Business,102707.49,631,2011-09-01
704354,Sunil Deshmukh,1962-05-13,M,LHHSX3931O,7463145095,Mumbai,Maharashtra,Business,109544.81,540,2015-05-13
704355,Bharath Mehta,1958-01-10,M,ZWJCZ4056M,8323696653,Delhi,Delhi,Business,359442.49,496,2011-08-24
704356,Arjun Krishnan,1971-09-06,M,SLHDW7269D,7475525438,Delhi,Delhi,Professional,82098.14,619,2011-12-21
704357,Yamuna Sharma,1971-09-02,F,QDOQU1222E,9822213256,Surat,Gujarat,Salaried,101408.54,606,2010-02-27
704358,Suresh Murugan,1967-05-13,M,SPFRL4477N,8382104111,Patna,Bihar,Salaried,179342.14,545,2017-05-07
704359,Sunil Nambiar,1987-05-29,M,PIKMC3570F,9029456164,Chennai,Tamil Nadu,Business,426197.92,547,2010-07-25
704360,Anitha Iyer,2003-09-11,F,JMNVL2287K,8504828048,Chennai,Tamil Nadu,Self Employed,259515.26,698,2011-03-05
704361,Hari Rajendran,1994-12-25,M,ASNSQ6587Q,8517366694,Bengaluru,Karnataka,Salaried,60688.55,619,2021-07-02
704362,Mani Iyer,1962-01-17,M,QKMFI3884N,6661451146,Pune,Maharashtra,Salaried,41233.43,513,2020-03-21
704363,Sathish Balasubramanian,1959-11-18,M,JIIJO1828N,8958235275,Hyderabad,Telangana,Government Employee,72759.32,857,2015-04-08
704364,Mani Verma,1997-03-11,M,MRKHW8400L,9401421307,Bengaluru,Karnataka,Self Employed,223542.81,498,2015-11-22
704365,Uma Menon,1980-01-20,F,JXAXH8637N,7275870149,Delhi,Delhi,Salaried,29661.32,683,2017-04-21
704366,Geetha Gupta,1983-04-30,F,VFNKF4229K,9777645538,Ahmedabad,Gujarat,Self Employed,212917.32,567,2016-02-01
704367,Harish Reddy,1976-02-18,M,CYOBE0429W,6292219720,Surat,Gujarat,Salaried,127552.55,727,2022-01-23
704368,Mahesh Reddy,1970-10-29,M,NFAHF4138Q,6367386856,Bengaluru,Karnataka,Business,463992.69,670,2015-10-09
704369,Praveen Iyer,1972-12-03,M,SDGAR6992Z,6458797106,Mumbai,Maharashtra,Salaried,70117.35,759,2016-06-02
704370,Praveen Ghosh,1957-10-11,M,HSJLG9655P,9281449238,Kanpur,Uttar Pradesh,Government Employee,21036.25,656,2014-08-08
704371,Sanjay Saha,1973-07-01,M,JBLCU0995L,8804562106,Hyderabad,Telangana,Self Employed,115224.84,591,2024-11-26
704372,Madhavi Roy,2002-01-25,F,NSRZM3732A,8100477020,Ahmedabad,Gujarat,Salaried,62244.61,800,2010-07-18
704373,Deepak Pillai,1972-02-27,M,NMMVG3158I,6680247039,Hyderabad,Telangana,Salaried,61551.39,657,2023-03-21
704374,Balaji Nambiar,1993-05-10,M,YRGPF1648T,7231529912,Kanpur,Uttar Pradesh,Government Employee,72327.26,643,2015-12-19
704375,Revathi Chelladurai,1993-11-28,F,EGXCJ9238P,7410630064,Chennai,Tamil Nadu,Salaried,50397.56,648,2024-11-14
704376,Aishwarya Naidu,1967-10-01,F,BHBPT8012D,9256133859,Coimbatore,Tamil Nadu,Professional,194813.58,593,2023-04-13
704377,Ramesh Ghosh,1961-03-15,M,ELCFP6395N,6796542366,Hyderabad,Telangana,Self Employed,31698.83,696,2016-01-08
704378,Malathi Krishnan,1982-12-23,F,AHSFV4557P,6554693608,Kanpur,Uttar Pradesh,Salaried,163420.15,822,2022-04-11
704379,Chitra Shah,1998-11-20,F,TWBYM3841P,9830545191,Chennai,Tamil Nadu,Government Employee,37151.92,805,2023-09-12
704380,Malathi Jadhav,1986-07-25,F,PFWPV2596S,6452993655,Kolkata,West Bengal,Salaried,58790.44,691,2016-02-04
704381,Radha Ghosh,1974-09-01,F,RLYYE2457D,8178258295,Jaipur,Rajasthan,Government Employee,67549.03,724,2021-03-12
704382,Nithya Deshmukh,1981-11-21,F,LKHEY4398A,8709878561,Ranchi,Jharkhand,Salaried,136674.62,734,2016-08-19
704383,Gopal Chowdhury,2004-07-31,M,XDJYL3427Y,9663482941,Lucknow,Uttar Pradesh,Business,81199.78,602,2025-04-29
704384,Shanthi Krishnan,1961-05-11,F,VMDKP2408Z,7571301497,Kolkata,West Bengal,Salaried,27793.94,804,2016-08-12
704385,Meena Desai,1991-06-06,F,LPQID6906N,7783347055,Delhi,Delhi,Business,398721.22,686,2021-11-20
704386,Lakshmi Sen,1978-10-29,F,LHRZB3255K,7625032430,Kanpur,Uttar Pradesh,Salaried,177885.7,-1,2023-03-01
704387,Mani Reddy,2003-11-14,M,JMXCK3807V,6760194746,Hyderabad,Telangana,Salaried,22103.48,490,2017-10-07
704388,Chandran Mehta,1977-09-23,M,SMUOA4568E,7355015830,Nashik,Maharashtra,Professional,399004.24,721,2023-11-16
704389,Priya Perumal,1990-03-13,F,LFEDK2436F,8270849217,Madurai,Tamil Nadu,Salaried,62200.95,576,2010-09-22
704390,Nitin Verma,1989-05-21,M,KXZAL7284V,6547046385,Delhi,Delhi,Salaried,158135.56,691,2022-06-23
704391,Ramesh Thakur,1986-07-15,M,KVFHE7344U,9112997115,Kolkata,West Bengal,Retired,65221.15,727,2022-03-08
704392,Bharath Saha,1969-08-04,M,VSFWY5110R,6696193320,Coimbatore,Tamil Nadu,Government Employee,22711.38,633,2018-12-13
704393,Amit Jadhav,1998-11-18,M,EPSZY4031L,6299869313,Jaipur,Rajasthan,Salaried,179824.64,689,2015-12-13
704394,Janani Chauhan,1991-07-31,F,MXPTC2561N,6299444194,Jaipur,Rajasthan,Professional,198191.13,791,2017-03-01
704395,Parvathi Rao,1971-01-01,F,VBLGM9213A,8973054848,Kochi,Kerala,Self Employed,248205.97,531,2013-01-12
704396,Yogesh Desai,1963-06-16,M,AZOHF5547Q,8675674427,Jaipur,Rajasthan,Salaried,20299.87,483,2014-06-07
704397,Sanjay Murugan,1990-07-06,M,NCUEQ1230Y,9958771259,Surat,Gujarat,Salaried,117519.15,651,2012-11-14
704398,Geetha Kumar,1989-08-26,F,LAKXQ2891B,9604097433,Coimbatore,Tamil Nadu,Salaried,60434.67,639,2010-10-21
704399,Kumar Dutta,1995-11-20,M,OKGPU1274V,6294430402,Coimbatore,Tamil Nadu,Salaried,18250.92,859,2017-11-28
704400,Vijay Balasubramanian,1992-01-13,M,DEEIS2406G,8778106955,Ranchi,Jharkhand,Farmer,18469.04,757,2024-07-14
704401,Praveen Banerjee,1997-06-14,M,DVIAV9750O,6639797310,Hyderabad,Telangana,Salaried,39046.87,712,2025-06-16
704402,Rakesh Patel,1991-07-05,M,QRSGJ3964B,7923478730,Bengaluru,Karnataka,Business,150679.28,652,2012-05-07
704403,Sangeetha Chelladurai,2002-03-08,F,DBLWI8110D,9566529675,Chennai,Tamil Nadu,Salaried,158296.04,478,2012-11-08
704404,Bharath Rao,2001-09-09,M,MQKAD2624T,9802026782,Bengaluru,Karnataka,Government Employee,81785.46,536,2022-06-26
704405,Vivek Mukherjee,1979-03-13,M,GPBYG6318R,7737023778,Kolkata,West Bengal,Government Employee,89221.47,631,2011-05-19
704406,Ramesh Chelladurai,1967-09-27,M,FGLBU3690D,8209807187,Mumbai,Maharashtra,Self Employed,233569.38,679,2021-11-09
704407,Nandhini Chowdhury,1958-02-02,F,ZFPWK5652D,6388622787,Nashik,Maharashtra,Business,260179.83,621,2013-12-05
704408,Meena Reddy,1965-02-21,F,DPMCW2065S,9760620548,Coimbatore,Tamil Nadu,Business,367243.95,672,2025-03-01
704409,Vani Thakur,2000-11-25,F,ZRSVS1676Z,9184376839,Lucknow,Uttar Pradesh,Salaried,23694.4,728,2021-01-15
704410,Dilip Bose,2004-05-18,M,SVMFW6139M,6410507189,Madurai,Tamil Nadu,Self Employed,70155.25,594,2010-02-14
704411,Sathish Rajendran,1990-12-17,M,TGKHT3381D,9644510258,Coimbatore,Tamil Nadu,Business,110847.24,-1,2023-07-16
704412,Vijay Rana,1999-06-28,M,ZOPGN5541D,9857336721,Pune,Maharashtra,Salaried,50935.2,621,2020-12-09
704413,Amit Chauhan,1999-06-22,M,TKNPY2452Z,7035872033,Kolkata,West Bengal,Business,365187.03,569,2013-09-22
704414,Mahesh Kumar,1967-07-17,M,SLGIU3969R,9585005811,Pune,Maharashtra,Government Employee,69853.18,776,2019-11-21
704415,Shanthi Raman,2001-05-12,F,BCMKT9324U,6676370747,Mumbai,Maharashtra,Salaried,101209.28,469,2021-11-15
704416,Esther Reddy,1988-01-10,F,TFAUX4150G,6424358848,Ranchi,Jharkhand,Government Employee,32913.94,718,2011-05-15
704417,Deepak Elumalai,1987-02-09,M,DFOWP7318A,6738113946,Jaipur,Rajasthan,Self Employed,289727.75,734,2016-09-30
704418,Padma Das,2002-05-22,F,BNLWU8108N,6367028556,Lucknow,Uttar Pradesh,Government Employee,77838.53,468,2012-10-12
704419,Vani Mukherjee,1957-12-01,F,ZSIAJ5942L,8167205645,Coimbatore,Tamil Nadu,Government Employee,44076.11,615,2023-03-18
704420,Ganesh Venkatesan,1979-09-14,M,EQSJB5810B,9566191465,Kolkata,West Bengal,Salaried,160621.13,763,2016-01-09
704421,Kumar Jadhav,1967-01-28,M,FHUNO2166O,6285115865,Bhubaneswar,Odisha,Salaried,70988.36,-1,2016-02-22
704422,Abhishek Murugan,1982-11-21,M,XPADJ3987B,9513313245,Ranchi,Jharkhand,Retired,61358.09,574,2012-06-04
704423,Abhishek Mishra,1963-07-13,M,RKSKZ1522K,7016959005,Pune,Maharashtra,Self Employed,231417.81,605,2024-07-17
704424,Deepak Shah,1964-08-12,M,CJFOE7402V,9535765573,Chandigarh,Chandigarh,Salaried,35040.78,656,2017-08-30
704425,Sanjay Tiwari,1962-10-10,M,AIYMP6172R,9667674084,Ranchi,Jharkhand,Self Employed,52917.41,785,2022-05-07
704426,Radha Roy,1973-01-25,F,NXHGL4070X,9273257126,Bengaluru,Karnataka,Farmer,57113.78,719,2024-05-31
704427,Sneha Verma,1962-02-18,F,HYJFY5723Z,8917453202,Kolkata,West Bengal,Self Employed,257556.05,595,2012-01-01
704428,Ajay Chelladurai,2003-12-28,M,RMYBQ0683R,9249423915,Patna,Bihar,Salaried,71928.98,529,2016-07-31
704429,Tara Ghosh,1964-10-12,F,JBGSG2455B,9910273537,Bengaluru,Karnataka,Self Employed,239300.54,516,2024-12-27
704430,Dilip Perumal,1958-12-20,M,SMNCR4141O,6752983792,Pune,Maharashtra,Self Employed,269187.44,691,2012-12-21
704431,Lavanya Mishra,1967-09-02,F,XUCUX7259U,9100897181,Nashik,Maharashtra,Salaried,67470.12,453,2012-02-06
704432,Swathi Banerjee,1990-07-18,F,TJQYP1730V,7129930282,Ahmedabad,Gujarat,Government Employee,73719.01,604,2014-08-15
704433,Ravi Tiwari,1983-07-14,M,LSJDY3131W,9952047826,Pune,Maharashtra,Salaried,48021.24,715,2014-09-11
704434,Rakesh Murugan,1999-09-28,M,MXKKS0516Z,6356897715,Delhi,Delhi,Salaried,77485.44,545,2010-08-13
704435,Shankar Verma,1961-08-20,M,OPDIF4619I,8130827564,Jaipur,Rajasthan,Farmer,40427.78,628,2014-06-21
704436,Devi Elumalai,1978-01-30,F,MYMAH8251Y,7370617676,Jaipur,Rajasthan,Government Employee,137365.33,648,2024-11-14
704437,Sanjay Menon,1978-02-27,M,ISWXV2556M,8579824283,Mumbai,Maharashtra,Government Employee,122687.31,-1,2010-05-03
704438,Ramesh Nair,1972-06-23,M,CLDVI8774G,7739172641,Kanpur,Uttar Pradesh,Salaried,120339.71,-1,2015-10-05
704439,Rahul Pandey,1986-01-11,M,AJPRR3425F,7815244442,Kanpur,Uttar Pradesh,Self Employed,226343.76,730,2018-12-13
704440,Sangeetha Rana,1960-03-04,F,TCRKY3694W,6497764829,Ranchi,Jharkhand,Salaried,96720.62,-1,2020-10-13
704441,Yamuna Ghosh,1964-06-02,F,MUBXO6123W,8693241300,Coimbatore,Tamil Nadu,Self Employed,299757.55,531,2012-06-29
704442,Sneha Subramaniam,1958-01-15,F,BVLNW1582A,9180567645,Chennai,Tamil Nadu,Self Employed,269944.93,665,2022-10-16
704443,Rekha Nambiar,2001-09-10,F,VMLJP6551I,8563929812,Kolkata,West Bengal,Business,162533.66,653,2018-07-14
704444,Kiran Nambiar,1985-08-06,F,WPQDI2745M,8825061683,Ahmedabad,Gujarat,Salaried,142030.53,668,2015-10-14
704445,Kalpana Reddy,1966-05-12,F,ZBXJU8076P,7141662854,Bhubaneswar,Odisha,Salaried,110631.9,509,2017-01-18
704446,Gayathri Perumal,1966-02-24,F,TMMPL8992N,8765801601,Kolkata,West Bengal,Farmer,34721.99,707,2023-11-03
704447,Ravi Naidu,1967-10-15,M,XGMUR7870F,9231030565,Ahmedabad,Gujarat,Salaried,75816.11,578,2023-08-12
704448,Vidya Mishra,1998-08-26,F,DZVRU4739P,9085932108,Jaipur,Rajasthan,Professional,175798.06,648,2011-01-04
704449,Manoj Patel,1959-02-08,M,YTKCX6447M,6899223835,Lucknow,Uttar Pradesh,Salaried,78597.23,578,2024-12-13
704450,Dinesh Jadhav,1982-01-24,M,GEDSC1961Y,7361560574,Kanpur,Uttar Pradesh,Self Employed,80470.62,843,2017-09-24
704451,Karthik Bose,2004-09-01,M,ASEDV6715Q,7952527944,Ahmedabad,Gujarat,Farmer,16358.55,664,2017-11-03
704452,Kumar Patel,1960-04-18,M,RAJUU7663U,8187698919,Patna,Bihar,Salaried,108198.36,862,2022-07-02
704453,Devi Raman,1971-01-26,F,AYUXL5931W,9672627121,Hyderabad,Telangana,Farmer,10245.4,599,2024-03-08
704454,Madhavi Kumar,1976-07-31,F,XPRPU5508G,7495881362,Hyderabad,Telangana,Professional,46149.83,632,2011-12-27
704455,Divya Chelladurai,1959-06-27,F,ZVAFF0598X,9446679340,Chandigarh,Chandigarh,Salaried,154115.63,799,2011-03-16
704456,Tara Patel,1990-03-02,F,YMFUV6922V,7796948246,Surat,Gujarat,Self Employed,267057.57,-1,2013-11-13
704457,Sneha Jadhav,1969-09-16,F,ZWJZJ9178P,7800291482,Ranchi,Jharkhand,Self Employed,67062.38,624,2017-10-18
704458,Swathi Tiwari,2002-12-09,F,TJFWA7131K,6694174329,Surat,Gujarat,Self Employed,237567.12,701,2024-02-11
704459,Sathish Thakur,1986-12-25,M,KVBEV9754W,6893614549,Surat,Gujarat,Retired,15518.18,769,2015-08-25
704460,Rajesh Sharma,1962-09-28,M,LQFNQ6117G,7483063174,Lucknow,Uttar Pradesh,Salaried,117960.78,624,2016-10-25
704461,Mahesh Rao,1971-07-11,M,JMVBH5706H,6047485893,Kolkata,West Bengal,Professional,319023.5,595,2017-07-07
704462,Rakesh Desai,2003-08-01,M,QDUTI9826G,7473219683,Mumbai,Maharashtra,Self Employed,263506.39,636,2021-02-23
704463,Ramesh Chowdhury,1983-10-01,M,OBIFI5417G,7033851704,Delhi,Delhi,Salaried,90119.8,755,2012-08-12
704464,Revathi Chelladurai,1995-06-08,F,YREFK6568B,8437652525,Bengaluru,Karnataka,Professional,197187.01,700,2018-03-15
704465,Selvi Desai,1985-06-21,F,PSYSE9736X,7025516199,Mumbai,Maharashtra,Professional,393920.72,782,2013-06-03
704466,Abhishek Joshi,1968-04-12,M,JXVFV2308K,6410761122,Delhi,Delhi,Salaried,151243.93,634,2016-11-12
704467,Gopal Reddy,1980-01-27,M,EBHQH7753Y,8505463176,Nashik,Maharashtra,Retired,11413.87,614,2020-12-11
704468,Ilango Chauhan,1976-02-06,M,GQSUU9980X,6570305720,Ranchi,Jharkhand,Retired,41679.91,552,2017-11-04
704469,Nithya Bose,1981-07-01,F,XVRTG5162Y,6869215054,Mumbai,Maharashtra,Retired,52090.13,631,2019-07-09
704470,Sangeetha Ghosh,1980-02-08,F,LHVML2065W,8976228484,Jaipur,Rajasthan,Self Employed,200881.43,603,2020-11-17
704471,Gayathri Chelladurai,2000-09-24,F,UAACW4935B,8971729678,Pune,Maharashtra,Business,171505.88,648,2018-03-28
704472,Gokul Subramaniam,1975-05-27,M,ITPUR5011I,8107177148,Mumbai,Maharashtra,Self Employed,32732.49,570,2016-09-02
704473,Rohit Roy,1960-06-16,M,UKNGR9425R,6999122513,Delhi,Delhi,Government Employee,123595.16,592,2025-06-30
704474,Rajesh Iyer,1980-08-22,M,UTXFR1297F,9597325072,Mumbai,Maharashtra,Farmer,8792.24,630,2025-01-18
704475,Manoj Deshmukh,1991-03-30,M,VJESF8084Z,7789398081,Surat,Gujarat,Farmer,38740.64,751,2015-03-09
704476,Rajesh Rajendran,1972-07-18,M,IDLOY6438T,9646612026,Chandigarh,Chandigarh,Farmer,59874.03,628,2022-08-14
704477,Sandeep Yadav,2002-09-11,M,KYJOO8460W,7506192865,Kolkata,West Bengal,Government Employee,143297.19,605,2011-01-13
704478,Esther Shah,1990-11-10,F,GYQOV4861Y,7358036526,Kolkata,West Bengal,Government Employee,43374.89,-1,2024-09-27
704479,Harish Naidu,1964-01-04,M,NYYAX9930Q,8128871057,Bhubaneswar,Odisha,Self Employed,176230.58,757,2023-04-25
704480,Sunil Dutta,2000-11-08,M,XGOXT2248I,6618915178,Patna,Bihar,Self Employed,86605.9,787,2014-09-28
704481,Ramesh Subramaniam,1984-05-13,M,HFRLP0391G,9935851358,Coimbatore,Tamil Nadu,Salaried,87796.4,631,2014-10-17
704482,Balaji Balasubramanian,1999-11-11,M,YZYFR9538G,8856169581,Kochi,Kerala,Professional,153522.83,635,2017-01-07
704483,Aishwarya Nambiar,1970-11-30,F,PBGOV7975I,8315174392,Lucknow,Uttar Pradesh,Business,194922.8,488,2020-08-01
704484,Sivakumar Nair,1989-09-16,M,HKVHX2087V,6935297656,Pune,Maharashtra,Self Employed,187024.96,512,2024-04-06
704485,Arjun Sharma,2004-04-06,M,JLXAV1283D,7178209615,Delhi,Delhi,Farmer,50422.94,655,2013-01-19
704486,Rohit Jadhav,1965-07-11,M,DRZLL0081A,7385447434,Jaipur,Rajasthan,Business,474920.1,791,2010-01-23
704487,Malathi Venkatesan,1970-03-19,F,TSULI4608Y,9193785784,Mumbai,Maharashtra,Farmer,28611.7,-1,2022-07-08
704488,Ashok Pandey,1967-03-03,M,XJCVK2980S,7624461061,Chennai,Tamil Nadu,Business,312259.49,835,2019-11-06
704489,Aishwarya Kumar,1982-04-27,F,FYDPO7176G,8307172462,Delhi,Delhi,Self Employed,135495.94,-1,2022-12-21
704490,Kumar Das,1979-11-02,M,NDFAP8535J,8022036475,Kochi,Kerala,Government Employee,28004.38,738,2010-12-19
704491,Priya Iyengar,1998-10-09,F,UMZGF8691S,9192782775,Chennai,Tamil Nadu,Salaried,55338.69,614,2024-07-13
704492,Sivakumar Iyengar,1972-07-22,M,LRSPF1662L,7581681099,Bhubaneswar,Odisha,Business,321045.35,708,2016-09-06
704493,Rajesh Mukherjee,1959-06-29,M,VUFCU6274I,7014779137,Kochi,Kerala,Salaried,64396.69,521,2015-05-17
704494,Ramesh Ghosh,1993-08-14,M,RYZFM4661G,6671022120,Kochi,Kerala,Business,221251.89,652,2022-07-30
704495,Anitha Venkatesan,1968-06-17,F,BUXME6083K,6447490761,Ranchi,Jharkhand,Salaried,149741.79,548,2018-09-16
704496,Esther Chelladurai,1993-06-07,F,VCAON5871X,7449630001,Lucknow,Uttar Pradesh,Business,353645.24,660,2023-11-03
704497,Naveen Iyengar,2003-07-19,M,LYASI1056U,8638812887,Bengaluru,Karnataka,Government Employee,115707.75,796,2019-12-20
704498,Arun Rao,1985-05-01,M,DWTJI5023J,9040753169,Kolkata,West Bengal,Self Employed,110033.01,867,2017-02-16
704499,Gokul Iyengar,1961-08-11,M,VIFKP4879M,8180158322,Ahmedabad,Gujarat,Government Employee,113008.98,680,2011-06-10
704500,Deepak Venkatesan,2000-12-13,M,FUTRI8840A,9461778934,Jaipur,Rajasthan,Business,480940.61,698,2020-06-26
704501,Sunil Kumar,1982-06-20,M,BZMLH9446X,9917351348,Mumbai,Maharashtra,Salaried,50330.26,503,2010-10-04
704502,Prakash Joshi,1971-03-25,M,OSEDZ6461I,8667261248,Bengaluru,Karnataka,Business,85530.77,598,2019-10-11
704503,Rajini Sen,1974-01-14,F,CCETC9001U,8174881070,Kolkata,West Bengal,Salaried,176532.59,804,2019-07-04
704504,Sowmya Perumal,1961-08-06,F,YJELD2845J,9044814712,Coimbatore,Tamil Nadu,Farmer,49212.14,770,2019-12-15
704505,Ravi Rana,1971-05-23,M,ADYSU6364E,9166605468,Kolkata,West Bengal,Business,29515.05,739,2019-03-04
704506,Rakesh Nambiar,1982-07-24,M,RZNDN4915J,9584876161,Bhubaneswar,Odisha,Professional,168795.29,703,2011-06-23
704507,Bhavya Krishnan,1998-06-12,F,WHEQK1614D,6863837472,Madurai,Tamil Nadu,Business,105473.96,816,2018-04-03
704508,Nitin Chowdhury,1968-11-18,M,ROFAD5126X,7198791776,Kolkata,West Bengal,Salaried,179703.23,636,2021-06-23
704509,Prakash Venkatesan,1985-04-27,M,KEGIC9345O,6940903703,Ranchi,Jharkhand,Salaried,143859.44,642,2021-06-13
704510,Vidya Desai,1994-02-25,F,FUUAN6563V,6995717302,Delhi,Delhi,Salaried,87620.48,900,2010-09-08
704511,Rahul Nambiar,1999-10-06,M,KBBPU4861T,7149159834,Delhi,Delhi,Professional,444032.8,579,2016-03-29
704512,Dinesh Jadhav,1998-11-21,M,YBDSJ8528P,7903628985,Chandigarh,Chandigarh,Self Employed,235579.48,703,2024-01-27
704513,Janani Desai,1986-03-16,F,DBWHS5867S,8305534003,Nashik,Maharashtra,Salaried,78389.94,-1,2025-01-24
704514,Parvathi Murugan,1985-03-03,F,VMRUQ1722O,6703685029,Bengaluru,Karnataka,Retired,18588.52,625,2021-03-29
704515,Neha Chauhan,1977-01-08,F,NQIWJ9634C,7174987998,Ranchi,Jharkhand,Salaried,64970.95,803,2010-12-01
704516,Manoj Nambiar,1968-10-03,M,IWDEY9143R,7519667125,Jaipur,Rajasthan,Business,460948.07,635,2019-08-10
704517,Ravi Deshmukh,1961-04-04,M,DQMUJ8880U,8418279104,Kolkata,West Bengal,Retired,14600.05,628,2017-01-06
704518,Vidya Das,1972-11-02,F,ZXVUC2364X,8228169582,Bengaluru,Karnataka,Government Employee,144323.44,-1,2020-03-07
704519,Dilip Reddy,1963-10-03,M,XTSMY0344M,8990787527,Chandigarh,Chandigarh,Salaried,42577.49,631,2023-01-31
704520,Pankaj Bose,1963-09-23,M,FKOIR4108M,8546096531,Coimbatore,Tamil Nadu,Farmer,14888.68,737,2020-02-29
704521,Vidya Sen,1974-02-07,F,YVKUX1901D,6357462776,Bhubaneswar,Odisha,Business,90507.1,565,2024-04-03
704522,Uma Roy,1996-09-09,F,PXHVB9399P,7082222824,Hyderabad,Telangana,Salaried,163911.83,520,2016-10-03
704523,Sneha Iyer,1978-07-06,F,CNQQU8266A,8413322845,Nashik,Maharashtra,Professional,348910.87,649,2014-06-23
704524,Rahul Raman,1973-01-04,M,SZZNN7271H,9520968632,Bengaluru,Karnataka,Salaried,145842.93,627,2010-05-10
704525,Padma Pandey,1959-01-16,F,UEOJM0486Z,7018520350,Bhubaneswar,Odisha,Farmer,20800.88,712,2012-02-19
704526,Kumar Deshmukh,1976-02-24,M,IJAVQ6359B,9871556239,Ranchi,Jharkhand,Government Employee,146067.67,627,2010-10-28
704527,Dilip Tiwari,2005-05-24,M,FEOTL6093R,7971353232,Mumbai,Maharashtra,Salaried,127621.07,603,2022-06-16
704528,Parvathi Banerjee,1998-09-01,F,YTTHK5743O,8732675943,Kolkata,West Bengal,Self Employed,159319.52,688,2012-03-17
704529,Madhavi Sen,1976-11-11,F,XUSBJ5545G,7552055557,Coimbatore,Tamil Nadu,Salaried,115554.66,701,2012-11-02
704530,Abhishek Iyer,1962-11-15,M,KONYQ1856L,8377282657,Hyderabad,Telangana,Government Employee,21302.31,757,2021-01-16
704531,Kavitha Menon,1985-05-12,F,USTAF1616Y,9224589218,Patna,Bihar,Self Employed,209153.47,667,2016-10-16
704532,Arjun Shah,1969-08-24,M,JMWTM0427I,8213333064,Chennai,Tamil Nadu,Self Employed,182112.34,488,2024-08-27
704533,Indira Das,1971-11-20,F,OQBPJ9955Y,8448856507,Hyderabad,Telangana,Self Employed,152510.38,656,2025-02-05
704534,Sathish Bhat,1982-12-31,M,RDJJE8590E,8405337763,Kochi,Kerala,Salaried,29801.19,661,2019-07-11
704535,Bhavya Pandey,1985-06-25,F,AAMRH4377U,7236907601,Lucknow,Uttar Pradesh,Self Employed,39529.25,651,2011-03-27
704536,Jagan Deshmukh,1979-06-30,M,TOTBQ0265H,6910539062,Mumbai,Maharashtra,Self Employed,60862.05,711,2020-03-14
704537,Mani Nambiar,1969-10-04,M,QPSAK4711O,7827444441,Mumbai,Maharashtra,Farmer,30032.12,634,2016-05-16
704538,Vidya Saha,1998-02-13,F,KUKNF9411C,6716182628,Bengaluru,Karnataka,Business,275431.47,766,2021-09-08
704539,Pooja Reddy,1964-05-29,F,OAXFU4429S,8308222273,Pune,Maharashtra,Business,317476.79,633,2018-09-18
704540,Deepa Mehta,1995-04-09,F,NANOE0115X,8761280151,Ranchi,Jharkhand,Retired,57825.72,794,2017-07-02
704541,Oviya Singh,1980-05-14,F,RWABO4865E,8517884057,Lucknow,Uttar Pradesh,Self Employed,54308.96,555,2025-06-17
704542,Anjali Raman,1980-04-07,F,FPBBI0094S,6702009266,Kanpur,Uttar Pradesh,Salaried,70144.75,437,2013-06-14
704543,Saranya Sharma,1958-07-12,F,JSPOI0007X,9312073449,Nashik,Maharashtra,Salaried,23319.86,569,2013-08-29
704544,Gokul Elumalai,1976-09-01,M,YMMYI0365O,8961336012,Bhubaneswar,Odisha,Retired,12193.91,900,2024-12-24
704545,Senthil Chelladurai,1975-03-21,M,CGDUZ9099E,8003597524,Kanpur,Uttar Pradesh,Salaried,160663.48,636,2010-07-15
704546,Ashok Mishra,1981-06-17,M,PZQHB8806Z,6275283829,Bengaluru,Karnataka,Retired,74815.02,650,2018-03-10
704547,Jagan Sharma,1995-05-10,M,LSIQF6325P,7358386670,Chennai,Tamil Nadu,Salaried,72667.79,-1,2022-12-24
704548,Kumar Gupta,1992-08-15,M,TGBWG7964H,8088264873,Hyderabad,Telangana,Salaried,44201.26,687,2010-06-20
704549,Kalpana Saha,1991-10-17,F,WMFPG7447T,7944965024,Bengaluru,Karnataka,Salaried,73830.75,620,2010-08-11
704550,Chandran Sen,1989-09-20,M,JAHLE5305P,7495419697,Madurai,Tamil Nadu,Farmer,41665.14,686,2020-04-21
704551,Gayathri Dutta,1972-10-27,F,MDRGN6886E,8407653808,Coimbatore,Tamil Nadu,Salaried,66870.15,673,2016-08-15
704552,Naveen Bhat,2004-10-26,M,QXOAT5162B,7557811628,Nashik,Maharashtra,Business,461289.4,858,2017-05-14
704553,Sanjay Shah,1978-11-15,M,XTVVG5669K,8703458818,Mumbai,Maharashtra,Farmer,45973.19,776,2018-08-09
704554,Madhavi Pandey,1976-03-26,F,VYJCY2061P,8040373820,Coimbatore,Tamil Nadu,Self Employed,103211.35,688,2017-11-10
704555,Shanthi Sen,1995-01-24,F,HPHXK9189N,8009299335,Jaipur,Rajasthan,Salaried,149187.01,728,2015-07-07
704556,Naveen Roy,1958-08-09,M,KODCY5111I,7452038080,Chandigarh,Chandigarh,Business,191890.68,720,2010-11-11
704557,Abhishek Rana,1981-07-04,M,XKEUQ0211H,6149326293,Delhi,Delhi,Farmer,25578.81,559,2021-10-28
704558,Ravi Krishnan,2001-05-12,M,OHUAQ0098L,7961921638,Nashik,Maharashtra,Salaried,36362.01,769,2011-06-15
704559,Vani Murugan,1988-07-04,F,MRSVI1825P,9172345712,Lucknow,Uttar Pradesh,Salaried,148334.32,602,2019-02-19
704560,Yogesh Subramaniam,1975-08-06,M,CUPAT6730O,8628566089,Pune,Maharashtra,Self Employed,36642.59,738,2011-07-11
704561,Praveen Tiwari,1997-11-20,M,YJKCU6677O,7129977601,Bhubaneswar,Odisha,Salaried,134161.54,676,2017-10-18
704562,Dilip Sen,1996-06-12,M,KZCLC3792G,8691781113,Delhi,Delhi,Professional,115087.89,749,2018-02-17
704563,Prakash Jadhav,1957-05-27,M,FPTQJ4338T,6951051110,Chennai,Tamil Nadu,Salaried,20762.13,798,2018-06-17
704564,Gokul Bose,1993-11-01,M,XLFUA2116D,9977602440,Lucknow,Uttar Pradesh,Professional,145104.41,719,2012-09-02
704565,Suresh Pillai,1968-12-14,M,VAUJD5188U,9458927673,Hyderabad,Telangana,Salaried,108916.99,617,2014-02-04
704566,Sneha Saha,1962-05-03,F,FVOHD1414M,8550232866,Delhi,Delhi,Salaried,176525.16,633,2023-02-07
704567,Shankar Reddy,1982-06-02,M,EIYAL0675G,9434641097,Bhubaneswar,Odisha,Business,195424.14,717,2018-10-12
704568,Priya Iyer,1985-10-11,F,KGUXF3121F,8510443902,Bengaluru,Karnataka,Business,268159.74,623,2020-01-11
704569,Arun Menon,1977-11-20,M,WAVGT5836T,9055617309,Nashik,Maharashtra,Professional,115235.74,627,2012-09-24
704570,Senthil Thakur,1957-07-24,M,VKMRA9844N,9754987724,Jaipur,Rajasthan,Salaried,158366.31,652,2016-10-26
704571,Priya Bose,1965-03-11,F,BVAND4945M,6595094651,Mumbai,Maharashtra,Salaried,40861.71,629,2024-05-09
704572,Jagan Rajendran,1991-10-25,M,WFFDK8620Q,9963653980,Mumbai,Maharashtra,Self Employed,290926.18,713,2016-06-07
704573,Rohit Das,1992-06-20,M,DSZDT8714Y,7698769697,Ranchi,Jharkhand,Business,173399.47,620,2020-11-24
704574,Mahesh Desai,1960-08-03,M,BXKAO7616C,7934773953,Kochi,Kerala,Business,200740.81,672,2021-02-13
704575,Nithya Rao,1982-07-02,F,BFMUT8139P,9147008354,Mumbai,Maharashtra,Business,438028.86,594,2021-01-06
704576,Revathi Raman,1977-07-29,F,MHATN5125T,9777710559,Bengaluru,Karnataka,Salaried,108009.34,498,2012-11-17
704577,Anitha Jadhav,1994-08-11,F,NJBBD1525S,8791864945,Chennai,Tamil Nadu,Salaried,93588.67,739,2018-01-25
704578,Vijay Sen,1976-11-19,M,MGLJF4135Y,8017165360,Kolkata,West Bengal,Self Employed,126444.58,-1,2016-06-08
704579,Nitin Desai,1994-07-12,M,ABBSV8705H,8117841775,Ranchi,Jharkhand,Salaried,133413.84,756,2018-12-14
704580,Revathi Perumal,1964-05-02,F,QTSGI9105O,9787111372,Kolkata,West Bengal,Government Employee,51978.57,616,2015-10-31
704581,Ramesh Sen,1997-06-21,M,JEGPW2992Y,9095104668,Ahmedabad,Gujarat,Salaried,86070.56,740,2021-10-10
704582,Parvathi Rajendran,1990-07-22,F,GSXHP2812N,9467329627,Kanpur,Uttar Pradesh,Salaried,27616.83,-1,2014-05-24
704583,Manoj Ghosh,1971-06-05,M,ZKXTS5237J,9849599027,Kolkata,West Bengal,Salaried,111314.09,693,2025-02-27
704584,Sivakumar Chauhan,1965-05-13,M,GQMCD6102N,9830217453,Surat,Gujarat,Self Employed,213858.82,553,2022-03-24
704585,Uma Elumalai,1970-02-28,F,BJKQI6907O,7291580360,Mumbai,Maharashtra,Business,68613.61,776,2019-09-06
704586,Balaji Deshmukh,1970-10-19,M,IAJOV1313R,6674221133,Chennai,Tamil Nadu,Farmer,26712.18,474,2014-04-07
704587,Ramesh Kumar,1981-03-23,M,RQACB0965K,8698926135,Delhi,Delhi,Self Employed,260552.56,658,2023-06-21
704588,Senthil Jadhav,1988-12-22,M,VQONW5778X,9619583997,Nashik,Maharashtra,Business,95140.72,732,2019-01-28
704589,Janani Iyer,1990-04-07,F,CYRSR0273L,7960508917,Delhi,Delhi,Salaried,120389.59,559,2011-02-13
704590,Suresh Desai,1983-05-10,M,UQDMB9020C,8234100875,Chandigarh,Chandigarh,Business,281018.91,816,2015-11-11
704591,Yamuna Iyengar,1962-07-27,F,ITPYE2517L,8478466874,Ranchi,Jharkhand,Business,300479.08,608,2013-06-26
704592,Dinesh Kumar,1969-06-12,M,JFRWT8044I,9453591171,Chandigarh,Chandigarh,Salaried,86224.45,783,2016-04-10
704593,Meena Rana,1979-11-21,F,QSDEL8464G,6486093590,Patna,Bihar,Salaried,68295.18,646,2011-01-12
704594,Padma Tiwari,1981-11-08,F,DRYBO6425U,6397413617,Nashik,Maharashtra,Business,110782.35,730,2023-10-09
704595,Arjun Krishnan,2004-06-28,M,FRTGG8508B,9516739801,Bengaluru,Karnataka,Professional,429843.91,659,2022-03-22
704596,Selvi Roy,1982-05-26,F,BSDJU4850D,7946022904,Bengaluru,Karnataka,Self Employed,29551.7,890,2016-03-16
704597,Yamuna Desai,1978-09-02,F,KEYHG1020D,6708428455,Chandigarh,Chandigarh,Professional,214233.6,704,2023-01-06
704598,Tara Raman,1977-06-21,F,BQFQZ5841Y,8058733674,Kolkata,West Bengal,Salaried,51438.64,763,2020-08-26
704599,Prakash Nair,1989-04-05,M,ORZYJ8891Y,7592614488,Mumbai,Maharashtra,Salaried,67942.76,734,2019-05-26
704600,Uma Tiwari,1997-10-13,F,IIEAI0439J,9321089250,Kolkata,West Bengal,Government Employee,112948.35,684,2012-12-15
704601,Sangeetha Raman,1976-01-28,F,JZHBI7242Q,6071002349,Bengaluru,Karnataka,Self Employed,146861.06,642,2016-10-08
704602,Sangeetha Venkatesan,2001-10-07,F,HXZHM5568D,9734548344,Madurai,Tamil Nadu,Self Employed,226913.49,705,2023-02-05
704603,Dinesh Joshi,1968-05-23,M,SBTIL2254Q,7959586115,Patna,Bihar,Self Employed,228561.34,761,2012-01-18
704604,Kumar Rajendran,1989-12-25,M,QHTRW8267J,6743611409,Mumbai,Maharashtra,Self Employed,52132.36,753,2016-07-14
704605,Vinod Yadav,1956-08-30,M,OGWPS1809Q,7851227081,Chandigarh,Chandigarh,Government Employee,78808.64,719,2012-03-13
704606,Hema Dutta,1956-09-20,F,QLPWM3596H,9422655779,Patna,Bihar,Salaried,80045.95,655,2015-09-26
704607,Naveen Tiwari,1971-05-29,M,WYKBQ0673O,7975468544,Patna,Bihar,Self Employed,83659.45,735,2020-01-19
704608,Rohit Joshi,1963-10-07,M,DWALW5493P,7439016774,Bhubaneswar,Odisha,Salaried,47582.89,573,2019-06-04
704609,Sowmya Pillai,1988-11-21,F,JHKVN6618Z,9659982643,Bhubaneswar,Odisha,Self Employed,134958.02,666,2020-03-03
704610,Radha Gupta,1970-07-23,F,NZYBV4894L,7499295480,Jaipur,Rajasthan,Professional,237229.54,474,2022-08-16
704611,Suresh Sharma,1964-10-21,M,KLOLJ2318I,8378682820,Chandigarh,Chandigarh,Business,477129.28,603,2024-01-19
704612,Sivakumar Roy,1968-07-17,M,HBKLX7554U,6893163193,Chennai,Tamil Nadu,Farmer,13527.94,654,2016-04-24
704613,Oviya Subramaniam,1983-06-20,F,XGAFP0179L,6621028806,Chennai,Tamil Nadu,Salaried,40486.74,534,2016-01-27
704614,Chitra Venkatesan,1971-10-24,F,JZGZY7638G,7504496483,Chandigarh,Chandigarh,Salaried,164884.55,560,2016-02-08
704615,Mahesh Reddy,1997-10-19,M,UOFNJ3885B,6617848797,Madurai,Tamil Nadu,Salaried,122993.85,758,2014-08-30
704616,Nithya Sen,1998-12-27,F,GQGTO2687O,6939106202,Delhi,Delhi,Government Employee,142336.6,717,2019-06-29
704617,Uma Dutta,1986-01-06,F,KMESW1338Z,7674176158,Bhubaneswar,Odisha,Self Employed,133814.52,773,2023-11-24
704618,Gayathri Chelladurai,1981-09-23,F,OSWIH7348M,6557985078,Madurai,Tamil Nadu,Salaried,141754.87,781,2021-07-14
704619,Rajini Verma,1996-02-18,F,UWZQM5369P,6247004848,Coimbatore,Tamil Nadu,Retired,56975.42,731,2010-09-07
704620,Devi Pandey,1979-09-21,F,TEFIQ2580G,6917639734,Chennai,Tamil Nadu,Self Employed,51074.78,746,2011-11-28
704621,Divya Saha,1970-10-05,F,UMYQR7957O,6897043361,Kochi,Kerala,Business,82501.04,699,2017-03-12
704622,Mahesh Nair,1979-05-14,M,CNKGP7146E,7341708076,Bengaluru,Karnataka,Salaried,21851.78,793,2019-10-14
704623,Shanthi Iyengar,1978-03-05,F,AGIUC3367I,9132789298,Kochi,Kerala,Salaried,148452.36,526,2023-06-16
704624,Naveen Reddy,1963-03-06,M,KNGNW6159P,6609005711,Lucknow,Uttar Pradesh,Business,338587.44,654,2016-02-28
704625,Ashok Reddy,1996-11-23,M,HQOHF7219I,6485203216,Madurai,Tamil Nadu,Professional,269045.91,769,2023-03-24
704626,Naveen Reddy,1962-09-30,M,QQMGN6304Q,8021161350,Madurai,Tamil Nadu,Self Employed,251674.66,751,2022-04-10
704627,Vinod Ghosh,1958-03-26,M,QSUNT1673P,9248843422,Bengaluru,Karnataka,Salaried,165805.62,678,2018-09-20
704628,Ganesh Bhat,1967-09-12,M,WXHUP6003Q,6507456236,Bengaluru,Karnataka,Salaried,177956.55,640,2010-09-10
704629,Yamuna Kumar,1984-04-20,F,ADNZV1956E,6536921757,Nashik,Maharashtra,Salaried,90503.01,751,2022-09-05
704630,Nitin Naidu,1988-10-30,M,CJEYM1602M,9032962821,Mumbai,Maharashtra,Business,279942.37,655,2019-09-07
704631,Dinesh Menon,1982-01-27,M,UIURT9516S,6731217184,Mumbai,Maharashtra,Farmer,55253.39,565,2013-05-29
704632,Geetha Venkatesan,1993-10-07,F,ZPIIF9804S,9669651784,Nashik,Maharashtra,Salaried,49724.57,782,2012-10-22
704633,Meena Rao,1993-08-31,F,ATLGM3804Y,9588319934,Ranchi,Jharkhand,Farmer,45589.32,635,2022-02-24
704634,Ganesh Pandey,2004-03-08,M,QPKWP2270G,7527440503,Ranchi,Jharkhand,Salaried,27031.22,689,2024-11-19
704635,Oviya Patel,2004-10-19,F,ENCIQ0272L,6940099839,Bhubaneswar,Odisha,Self Employed,229288.28,517,2018-03-07
704636,Nandhini Gupta,1962-01-04,F,ARCNU0764D,9533068483,Surat,Gujarat,Salaried,167052.74,428,2017-12-06
704637,Anand Dutta,2002-05-07,M,CGCVQ3181Y,6865211447,Chennai,Tamil Nadu,Salaried,143728.47,714,2014-05-15
704638,Yamuna Murugan,1975-08-14,F,UGBNX5696V,6185825675,Ranchi,Jharkhand,Salaried,86669.41,-1,2021-04-08
704639,Selvi Dutta,1987-04-04,F,GKRRN1118S,8368753106,Jaipur,Rajasthan,Salaried,127788.42,829,2014-11-01
704640,Arun Jadhav,1998-05-01,M,UCKGJ2735O,6618521313,Nashik,Maharashtra,Self Employed,285733.49,455,2015-07-25
704641,Kiran Yadav,1986-09-09,F,ZYUQF4434Z,6806667757,Surat,Gujarat,Government Employee,62280.92,622,2010-05-05
704642,Revathi Das,1999-04-22,F,GPEER4486Q,9977401597,Kochi,Kerala,Self Employed,133101.34,-1,2020-08-31
704643,Yamuna Banerjee,2005-05-03,F,UZPLX6251G,6913534797,Madurai,Tamil Nadu,Salaried,166655.34,725,2017-07-03
704644,Rahul Reddy,2002-07-10,M,ZQWKW3515F,8475988682,Surat,Gujarat,Salaried,68875.46,689,2016-05-03
704645,Jagan Yadav,1995-09-21,M,JSZGQ7683N,7645187883,Delhi,Delhi,Salaried,60893.99,677,2019-05-14
704646,Esther Thakur,1994-09-04,F,GBLWC9846T,6957332090,Mumbai,Maharashtra,Salaried,147985.67,668,2014-02-04
704647,Anand Rao,1997-10-10,M,HZNHR9667Q,8906396391,Lucknow,Uttar Pradesh,Self Employed,25266.88,580,2021-12-04
704648,Nithya Ghosh,1971-08-23,F,QORIZ2292A,7424247432,Chandigarh,Chandigarh,Business,246604.75,776,2023-05-11
704649,Rajesh Nair,1971-11-16,M,IRDYS1197V,9526108802,Madurai,Tamil Nadu,Salaried,117121.7,763,2022-02-26
704650,Yogesh Reddy,1967-11-02,M,HLQBA3923I,6346309426,Bengaluru,Karnataka,Salaried,46975.27,706,2020-07-09
704651,Vikram Yadav,1997-12-06,M,OKABY3878E,7941300960,Nashik,Maharashtra,Salaried,103726.76,453,2015-03-07
704652,Nitin Gupta,1967-02-10,M,OMZSG6995G,6891078437,Jaipur,Rajasthan,Government Employee,101499.53,831,2016-03-16
704653,Meena Deshmukh,1972-04-29,F,CDIOZ9186Q,8321523826,Nashik,Maharashtra,Self Employed,46139.63,666,2020-12-17
704654,Chitra Nambiar,1999-05-03,F,ONJZQ9496U,8282441077,Kolkata,West Bengal,Salaried,53536.02,721,2017-01-26
704655,Sathish Balasubramanian,1963-06-02,M,PRUOS7969B,7152832196,Kolkata,West Bengal,Self Employed,217118.48,854,2012-04-24
704656,Ashok Mehta,1991-12-25,M,KNNIZ1023H,9334810436,Coimbatore,Tamil Nadu,Professional,90436.28,796,2010-11-25
704657,Deepak Verma,1970-01-17,M,SJRDH6356V,8077873310,Ranchi,Jharkhand,Self Employed,203075.24,663,2017-03-24
704658,Anitha Kumar,1959-08-29,F,EMHKZ1435H,6356025539,Lucknow,Uttar Pradesh,Farmer,38245.19,773,2010-11-12
704659,Suresh Ghosh,1961-12-14,M,GMXQZ5089S,6183473019,Ranchi,Jharkhand,Business,351691.32,728,2017-09-01
704660,Ramesh Verma,2002-03-07,M,VZQRN2926H,9364552781,Chandigarh,Chandigarh,Self Employed,202803.16,616,2016-09-20
704661,Indira Sharma,1981-02-08,F,FQFWB4901Q,8329303814,Ranchi,Jharkhand,Business,346445.16,684,2025-05-16
704662,Revathi Murugan,2000-07-01,F,AKINF1056Q,9183395675,Surat,Gujarat,Salaried,60230.63,503,2023-06-25
704663,Suresh Bose,1977-09-28,M,NRBSN1744D,8131451379,Patna,Bihar,Salaried,175144.98,522,2013-03-15
704664,Selvi Chowdhury,1958-12-12,F,KPITI9384J,6225094657,Kanpur,Uttar Pradesh,Professional,442319.33,690,2012-08-16
704665,Neha Joshi,1986-05-11,F,TNITQ6066C,7624799805,Madurai,Tamil Nadu,Salaried,51709.89,806,2011-04-30
704666,Chitra Iyer,1957-08-16,F,MIYVM1321T,9369580770,Kolkata,West Bengal,Salaried,179116.28,578,2011-03-28
704667,Sandeep Tiwari,1994-04-17,M,BOWIT3809L,7991616756,Coimbatore,Tamil Nadu,Business,34283.33,786,2022-03-13
704668,Usha Sen,1990-04-06,F,DLMAW0077X,8969440502,Jaipur,Rajasthan,Government Employee,61843.5,686,2011-10-06
704669,Chitra Kumar,1966-08-30,F,ZCCBV7013L,6352238072,Delhi,Delhi,Salaried,56176.63,843,2022-02-15
704670,Prakash Bhat,1974-11-24,M,EQQMP6297V,7124235874,Ahmedabad,Gujarat,Retired,46730.11,638,2019-03-21
704671,Kalpana Bhat,1994-08-24,F,NFPVI3669R,9106854596,Madurai,Tamil Nadu,Salaried,44806.96,900,2019-08-16
704672,Chandran Murugan,2000-03-30,M,FBROS5922K,8820411406,Bhubaneswar,Odisha,Salaried,63573.21,715,2021-08-16
704673,Hari Venkatesan,1960-03-24,M,NAWTH2714P,8533901810,Jaipur,Rajasthan,Self Employed,223813.09,650,2024-05-08
704674,Kumar Roy,1999-12-22,M,XIXCX5375A,6440274064,Coimbatore,Tamil Nadu,Retired,71292.87,696,2019-12-05
704675,Nithya Yadav,1965-03-17,F,PMKTN0354C,7211625291,Kolkata,West Bengal,Self Employed,181053.79,498,2014-03-20
704676,Chandran Venkatesan,2004-04-16,M,QVFGK9245Z,9660887727,Lucknow,Uttar Pradesh,Salaried,171669.87,705,2017-03-19
704677,Gayathri Bose,1994-10-04,F,CBCBM0990V,7819622581,Chennai,Tamil Nadu,Professional,355055.27,642,2018-01-12
704678,Divya Sen,1978-07-31,F,ATBAI2736Q,8335300534,Lucknow,Uttar Pradesh,Salaried,63473.21,720,2019-10-26
704679,Divya Kulkarni,1991-08-19,F,ULSXW5538U,6740037709,Kolkata,West Bengal,Self Employed,136874.66,641,2013-10-24
704680,Geetha Chelladurai,2002-05-02,F,XHOFA4609K,6195306146,Delhi,Delhi,Salaried,174315.23,413,2012-12-18
704681,Chandran Murugan,1959-10-20,M,XUKYM7755H,7091080472,Mumbai,Maharashtra,Self Employed,270302.4,424,2010-10-05
704682,Fathima Menon,1965-04-29,F,GSZBS7835H,7432003745,Jaipur,Rajasthan,Salaried,56347.75,609,2016-01-23
704683,Aishwarya Bhat,2003-07-12,F,HPVAT2488F,6518869581,Ranchi,Jharkhand,Salaried,176561.71,551,2011-04-20
704684,Swathi Subramaniam,1995-07-14,F,WXNOP0406E,7188431384,Chennai,Tamil Nadu,Salaried,161360.77,755,2024-06-01
704685,Nithya Sen,1984-06-09,F,VAAPU5646C,6077665346,Chennai,Tamil Nadu,Salaried,136791.04,568,2020-01-15
704686,Gayathri Bose,1987-06-16,F,CGZZJ8520P,8760760985,Chandigarh,Chandigarh,Self Employed,188245.49,713,2015-10-26
704687,Ashok Joshi,1958-01-26,M,IDLFE3153J,6234981326,Chennai,Tamil Nadu,Business,117010.85,655,2019-03-15
704688,Ravi Iyer,1969-05-20,M,ATWUZ4790E,7713894334,Surat,Gujarat,Government Employee,69864.15,818,2014-11-19
704689,Devi Naidu,1996-10-31,F,OLRAC5150G,9000005125,Mumbai,Maharashtra,Farmer,33498.12,679,2017-11-11
704690,Vidya Gupta,1979-03-07,F,BHJRT7364V,7802991530,Mumbai,Maharashtra,Salaried,43391.48,690,2015-04-29
704691,Kiran Ghosh,1990-12-04,F,EEXWZ1201W,6734839147,Hyderabad,Telangana,Salaried,45340.51,574,2015-05-30
704692,Gopal Jadhav,1990-04-17,M,TOQPL0691Z,6821856425,Mumbai,Maharashtra,Salaried,83611.61,706,2023-02-24
704693,Ajay Yadav,2001-11-23,M,YXMLL8228F,8438593327,Coimbatore,Tamil Nadu,Salaried,119262.63,734,2014-02-02
704694,Sivakumar Rao,1957-09-11,M,SLNHT1237Z,6598375138,Jaipur,Rajasthan,Salaried,139884.54,659,2011-10-06
704695,Gayathri Krishnan,2003-06-28,F,XVWJC7817A,8413419719,Bengaluru,Karnataka,Self Employed,33682.46,738,2010-05-16
704696,Prakash Mehta,1980-05-23,M,RKOBA4343Z,9695081988,Hyderabad,Telangana,Salaried,93574.66,571,2021-07-27
704697,Kumar Kulkarni,1971-05-18,M,IOWUF7561C,6971067733,Bhubaneswar,Odisha,Business,201245.77,649,2015-04-25
704698,Rajini Patel,2002-02-14,F,CBTGD4724T,7208480402,Chennai,Tamil Nadu,Farmer,29131.86,709,2021-06-27
704699,Vidya Chelladurai,1992-05-17,F,ADEFP4399H,8006385697,Bengaluru,Karnataka,Self Employed,217723.51,640,2016-04-01
704700,Swathi Reddy,1986-01-09,F,LBEKP5981O,9039984732,Delhi,Delhi,Business,482075.78,787,2011-08-15
704701,Arjun Thakur,1996-01-24,M,OQZDV2418K,8823392514,Hyderabad,Telangana,Government Employee,127997.92,731,2012-08-13
704702,Kumar Nair,1987-07-01,M,OLVJG7583N,9742405235,Madurai,Tamil Nadu,Retired,12891.3,611,2014-10-21
704703,Farooq Pillai,1958-07-13,M,MORLJ7690M,8087302144,Kolkata,West Bengal,Professional,430514.21,-1,2024-02-23
704704,Amit Rana,1993-07-30,M,FTLWA5618S,6236138077,Chennai,Tamil Nadu,Salaried,113705.85,581,2011-03-07
704705,Farooq Nair,1995-04-26,M,ENKCM0277G,7431408014,Patna,Bihar,Professional,397778.06,669,2019-10-17
704706,Prakash Subramaniam,1990-06-14,M,CLLQB7098D,6934449981,Ahmedabad,Gujarat,Salaried,74127.87,601,2011-01-01
704707,Balaji Subramaniam,1971-12-05,M,WYPJM2636B,9331139975,Hyderabad,Telangana,Salaried,83734.05,632,2024-12-10
704708,Sandeep Bhat,1976-10-03,M,JWOBI0010M,6503698147,Bhubaneswar,Odisha,Business,389065.99,563,2019-07-05
704709,Prakash Kulkarni,1986-03-17,M,NVPMO9084R,8725253668,Chandigarh,Chandigarh,Salaried,145467.03,744,2024-07-04
704710,Kavitha Verma,1995-04-01,F,VVBPH4851H,6849452320,Madurai,Tamil Nadu,Farmer,33813.52,686,2019-11-06
704711,Deepak Rao,2001-04-26,M,DWKDO0724V,8070906395,Mumbai,Maharashtra,Salaried,71965.05,699,2010-11-26
704712,Vinod Subramaniam,1971-03-27,M,SWNLK0593P,9550902653,Chennai,Tamil Nadu,Retired,25639.26,748,2016-07-31
704713,Kumar Sharma,1972-05-29,M,EJWRJ6812M,6931304897,Lucknow,Uttar Pradesh,Business,148450.83,451,2018-11-25
704714,Arun Kulkarni,1995-08-07,M,XWHDT0562B,7076417277,Hyderabad,Telangana,Business,100681.83,674,2021-10-28
704715,Karthik Balasubramanian,1965-12-25,M,CMXNK0722U,6529735532,Ahmedabad,Gujarat,Government Employee,75876.34,647,2024-01-04
704716,Dinesh Sen,1993-12-21,M,FOQFQ7463T,9189964253,Lucknow,Uttar Pradesh,Salaried,179681.8,735,2018-06-15
704717,Gayathri Chowdhury,1968-02-20,F,IKSEI7374Z,9606133840,Kanpur,Uttar Pradesh,Self Employed,171639.81,718,2010-03-25
704718,Uma Tiwari,1971-10-23,F,POACL9325D,8103093434,Ranchi,Jharkhand,Self Employed,241976.02,720,2016-02-14
704719,Usha Bose,1963-06-02,F,VFTJR8200D,7669312377,Bengaluru,Karnataka,Business,306094.32,794,2016-06-14
704720,Vikram Kumar,1981-02-07,M,XDPIV0918T,9941706365,Hyderabad,Telangana,Salaried,107264.25,492,2012-01-15
704721,Rahul Nambiar,1972-12-14,M,XZQZL9562F,8706094946,Pune,Maharashtra,Salaried,63919.12,569,2011-09-06
704722,Sathish Tiwari,2001-01-15,M,SGYYU6390O,9296437866,Bengaluru,Karnataka,Government Employee,57508.52,786,2014-11-11
704723,Naveen Deshmukh,1964-05-15,M,NGTQR2967I,8226365602,Bengaluru,Karnataka,Retired,36660.21,808,2025-03-17
704724,Sandeep Mukherjee,1960-02-10,M,JZENO9288U,7460636103,Delhi,Delhi,Salaried,157103.86,593,2023-05-28
704725,Vikram Verma,1979-07-31,M,RRUUH4021H,9172999530,Kanpur,Uttar Pradesh,Salaried,23556.4,777,2019-03-29
704726,Ravi Sen,1989-09-09,M,BMPZK3120P,6817530205,Mumbai,Maharashtra,Business,78716.18,753,2010-09-20
704727,Ganesh Sen,1998-02-24,M,CLDUK0386E,9979129031,Jaipur,Rajasthan,Salaried,176716.35,540,2010-09-27
704728,Dilip Deshmukh,1969-01-03,M,UYPNU9243I,6461617200,Chennai,Tamil Nadu,Salaried,116420.11,613,2013-08-09
704729,Dilip Mehta,1983-06-22,M,QKHRK9657R,6606406701,Delhi,Delhi,Salaried,18026.89,702,2020-10-25
704730,Dilip Kulkarni,1962-07-28,M,PJUAW1336F,6615351217,Surat,Gujarat,Salaried,163076.6,664,2011-08-11
704731,Gopal Subramaniam,1978-11-06,M,PITEU4571R,7076900183,Kanpur,Uttar Pradesh,Salaried,101550.9,842,2017-02-19
704732,Hari Krishnan,2001-12-22,M,SCZDC3248D,7886414354,Bhubaneswar,Odisha,Business,176087.35,728,2023-08-17
704733,Divya Iyengar,1979-01-05,F,QKXMF5149V,7287160094,Delhi,Delhi,Salaried,93168.55,756,2016-10-10
704734,Sunitha Balasubramanian,1956-10-21,F,PMXAI3227A,7957986501,Mumbai,Maharashtra,Salaried,53781.08,608,2016-01-31
704735,Padma Rao,1987-01-16,F,SMECS5255F,6124571558,Chennai,Tamil Nadu,Self Employed,99004.2,553,2021-05-23
704736,Swathi Reddy,1995-08-01,F,LOSRL9667T,7760237848,Nashik,Maharashtra,Salaried,120699.2,612,2010-01-01
704737,Ajay Sharma,2000-01-18,M,XFIPK5066C,8627116374,Coimbatore,Tamil Nadu,Self Employed,117740.52,804,2021-11-26
704738,Farooq Sen,1964-10-22,M,LSJSW3620H,7700149442,Patna,Bihar,Salaried,120183.41,846,2024-05-22
704739,Ravi Joshi,1996-07-30,M,WXMKX0635S,6184781059,Kanpur,Uttar Pradesh,Business,424052.29,593,2020-03-16
704740,Abhishek Deshmukh,1968-06-14,M,QEBFU7682L,9399437463,Kolkata,West Bengal,Business,451635.48,657,2010-04-23
704741,Suresh Saha,1995-04-14,M,NLZPJ1981E,7031061950,Pune,Maharashtra,Business,332103.14,433,2011-08-29
704742,Rajini Naidu,2002-11-22,F,MYWRQ0521T,7708266415,Ranchi,Jharkhand,Self Employed,45499.55,793,2016-06-06
704743,Karthik Saha,1997-12-28,M,JVPJD2349T,8995833602,Ahmedabad,Gujarat,Self Employed,219771.26,550,2015-01-30
704744,Abhishek Singh,1968-11-05,M,UOPDX5187R,6403183041,Bengaluru,Karnataka,Salaried,29361.14,755,2011-10-15
704745,Neha Kumar,1975-04-22,F,SPKKL9883N,8326509894,Bengaluru,Karnataka,Government Employee,125556.1,792,2018-12-09
704746,Vinod Tiwari,1966-12-10,M,NNYPG6968H,6352566633,Chennai,Tamil Nadu,Salaried,171869.48,543,2018-05-21
704747,Farooq Kulkarni,1962-01-30,M,NOUUR0095X,8987467958,Delhi,Delhi,Business,452216.59,587,2018-12-07
704748,Fathima Krishnan,1993-12-08,F,OJSZG4837C,9112506211,Delhi,Delhi,Salaried,102945.49,738,2013-07-02
704749,Dilip Iyer,1973-10-13,M,KDWRK4464M,7850176008,Mumbai,Maharashtra,Salaried,66965.74,800,2017-04-06
704750,Ganesh Tiwari,2003-10-15,M,HSVVY3874I,6963403591,Kanpur,Uttar Pradesh,Salaried,24903.02,620,2014-12-17
704751,Vijay Joshi,1982-11-19,M,JMLMS9090G,8307957779,Jaipur,Rajasthan,Business,232177.34,570,2010-04-23
704752,Nandhini Sharma,1978-05-04,F,MLEWZ0302S,7983193812,Kochi,Kerala,Business,152867.4,703,2014-10-09
704753,Shanthi Krishnan,1970-07-17,F,JMMXZ5215S,7558591065,Kochi,Kerala,Farmer,13544.97,790,2023-03-23
704754,Vidya Bhat,1974-10-11,F,VWZJX1169O,8103087256,Hyderabad,Telangana,Retired,47843.75,-1,2025-04-17
704755,Amit Chelladurai,2003-04-24,M,CQQTG9263V,8376187347,Chennai,Tamil Nadu,Farmer,46725.73,564,2018-05-03
704756,Divya Krishnan,1989-11-14,F,BGKWN7415Z,8236952004,Bhubaneswar,Odisha,Salaried,79272.47,595,2012-08-03
704757,Sunil Rajendran,1973-11-16,M,ICORG7411K,8507150974,Chennai,Tamil Nadu,Self Employed,141905.02,780,2019-03-22
704758,Sathish Bhat,1990-09-18,M,CGVZD1050L,6493816532,Pune,Maharashtra,Farmer,56238.25,689,2017-04-01
704759,Pooja Venkatesan,1993-05-06,F,CVHNO5055G,8993520543,Kolkata,West Bengal,Salaried,49591.66,591,2012-07-19
704760,Dinesh Jadhav,1970-10-04,M,MZHKV1063O,8350861904,Kochi,Kerala,Self Employed,149668.18,670,2012-11-16
704761,Prakash Roy,1998-02-04,M,ZOLNH8283T,8178379015,Bhubaneswar,Odisha,Professional,318302.96,715,2017-05-05
704762,Yamuna Perumal,1971-06-19,F,GJZPQ6367H,9416540806,Pune,Maharashtra,Salaried,54782.07,767,2024-09-14
704763,Revathi Kumar,1984-08-17,F,MAHOL0796V,6377631093,Ahmedabad,Gujarat,Professional,224383.16,698,2022-12-21
704764,Latha Naidu,1960-10-30,F,HDNWU1608J,8538671742,Kochi,Kerala,Farmer,13690.23,668,2024-09-22
704765,Gokul Jadhav,1998-11-09,M,WZLEW8051T,6003335267,Lucknow,Uttar Pradesh,Salaried,112951.92,-1,2018-03-08
704766,Senthil Dutta,1990-05-25,M,KIRKE4367X,9330014359,Bhubaneswar,Odisha,Government Employee,137004.78,509,2023-12-03
704767,Bhavya Desai,1980-08-04,F,UNQCH2053A,7738945907,Delhi,Delhi,Salaried,165170.67,721,2013-10-13
704768,Oviya Das,1973-08-16,F,WMBUE7492G,8649922527,Pune,Maharashtra,Business,345118.09,718,2012-01-19
704769,Padma Sharma,1957-10-27,F,XOTBW3495G,9234394723,Kolkata,West Bengal,Farmer,32566.98,689,2018-03-31
704770,Harish Thakur,1983-07-24,M,TQLDU4564U,8677460148,Jaipur,Rajasthan,Salaried,78814.85,671,2014-03-24
704771,Vani Pillai,1959-01-28,F,PIKWN4802W,6106442428,Kolkata,West Bengal,Self Employed,51038.03,681,2014-07-18
704772,Rekha Kulkarni,1997-01-23,F,OEPUL1389H,8038064065,Coimbatore,Tamil Nadu,Salaried,67046.65,760,2020-06-04
704773,Ajay Das,1976-08-19,M,KYVRI6702V,8195453902,Bengaluru,Karnataka,Self Employed,178909.65,634,2014-08-10
704774,Swathi Tiwari,1973-07-28,F,KWPYR5951H,8607313152,Nashik,Maharashtra,Business,217121.17,554,2018-12-30
704775,Sathish Krishnan,2001-03-20,M,WKOGU8550Q,9405244206,Jaipur,Rajasthan,Salaried,80966.02,755,2020-09-02
704776,Abhishek Venkatesan,2001-04-24,M,OYFIR1457D,6577485817,Mumbai,Maharashtra,Professional,168184.98,633,2018-05-07
704777,Ravi Rana,2002-03-21,M,MXKML0657D,6006044686,Nashik,Maharashtra,Business,225572.09,642,2016-05-08
704778,Yogesh Naidu,2003-02-15,M,HOTCW5567K,9388341161,Delhi,Delhi,Salaried,154687.11,710,2023-12-17
704779,Pankaj Shah,1980-01-21,M,XWVRI2232E,7527615986,Chandigarh,Chandigarh,Self Employed,81805.52,645,2023-05-29
704780,Vivek Banerjee,1966-01-24,M,XIVAI4371D,6313683873,Patna,Bihar,Salaried,31035.01,663,2021-10-21
704781,Deepak Banerjee,1987-07-08,M,MSLUY7759H,8840520308,Mumbai,Maharashtra,Business,149808.62,563,2012-02-12
704782,Sunil Elumalai,1997-05-25,M,IZVIS5222W,9414047766,Kanpur,Uttar Pradesh,Farmer,13820.55,793,2022-08-12
704783,Ramesh Sharma,1979-10-21,M,WCQYA5579T,9357220394,Bhubaneswar,Odisha,Self Employed,124014.78,542,2019-05-15
704784,Sunil Mukherjee,1991-01-21,M,GQVLS9378D,8466082819,Patna,Bihar,Salaried,42447.82,794,2023-09-21
704785,Deepak Singh,1990-11-13,M,ZNHOS5813L,6601030443,Madurai,Tamil Nadu,Self Employed,244812.65,548,2013-03-16
704786,Saranya Patel,1961-01-19,F,BIDXE1127G,7849938909,Mumbai,Maharashtra,Business,283590.88,601,2012-02-08
704787,Gopal Thakur,1960-08-03,M,TLCPD2682L,9640615164,Bengaluru,Karnataka,Salaried,97563.14,629,2018-03-18
704788,Ravi Desai,1980-08-07,M,ZOIDG3091N,7791874310,Chennai,Tamil Nadu,Business,427663.37,752,2012-05-01
704789,Farooq Gupta,1974-02-28,M,MQSTH2986T,6989956750,Bengaluru,Karnataka,Government Employee,141995.53,688,2013-12-07
704790,Sneha Rao,1998-07-25,F,EJILA9387L,6856611512,Surat,Gujarat,Salaried,148991.19,625,2020-06-24
704791,Farooq Nair,1958-06-12,M,TKMPY0990F,6717189532,Chandigarh,Chandigarh,Business,347647.45,-1,2017-03-13
704792,Bharath Gupta,1958-09-05,M,EHCPI2220L,6471996923,Kolkata,West Bengal,Salaried,178904.34,550,2021-05-28
704793,Ajay Patel,1988-03-30,M,HRSZH7091A,9800358549,Chennai,Tamil Nadu,Farmer,56122.4,764,2019-01-06
704794,Sowmya Krishnan,1964-12-31,F,WQINW9868P,6820711718,Kolkata,West Bengal,Retired,18087.93,672,2022-10-17
704795,Oviya Iyer,1977-08-18,F,YJOXI7860S,9482745487,Patna,Bihar,Salaried,91366.58,709,2012-10-25
704796,Dilip Yadav,1988-07-27,M,DYWZQ4571G,6146272613,Mumbai,Maharashtra,Salaried,37931.77,651,2019-02-22
704797,Tara Sen,1964-02-27,F,APFVX0602W,8509910937,Coimbatore,Tamil Nadu,Self Employed,211501.5,621,2014-10-25
704798,Harish Mishra,1990-09-24,M,PZCDH5850U,7472789644,Patna,Bihar,Self Employed,286347.06,732,2017-08-06
704799,Rajesh Kumar,1991-04-03,M,YVJVZ3860J,8843424403,Surat,Gujarat,Retired,62972.93,697,2019-06-18
704800,Sathish Saha,1982-08-22,M,RNQMZ7819O,6770834149,Surat,Gujarat,Salaried,83795.2,777,2016-11-21
704801,Sunil Naidu,1968-04-03,M,WOGGZ0450U,8487106703,Patna,Bihar,Salaried,26402.58,687,2014-08-21
704802,Gayathri Thakur,1969-02-18,F,LKHSC2909S,8821112477,Delhi,Delhi,Business,179983.35,534,2018-03-11
704803,Prakash Rao,1972-02-28,M,KEFKY8801Z,9681668686,Bhubaneswar,Odisha,Government Employee,101826.52,742,2023-06-24
704804,Vikram Chauhan,1979-10-18,M,JHESR6013J,8425158232,Delhi,Delhi,Business,311533.92,674,2013-08-28
704805,Karthik Perumal,1973-02-28,M,TXMNV3584L,6804273948,Ranchi,Jharkhand,Salaried,91479.29,647,2016-03-23
704806,Chandran Ghosh,1988-03-18,M,LZIWO9931U,9320305035,Delhi,Delhi,Retired,50109.61,374,2015-10-11
704807,Naveen Naidu,2003-01-23,M,FHQIG1826T,8229475840,Delhi,Delhi,Salaried,137722.67,587,2013-05-06
704808,Pankaj Subramaniam,1993-11-09,M,NKVHM9876I,7122848096,Madurai,Tamil Nadu,Salaried,56335.35,685,2013-03-24
704809,Gayathri Ghosh,1965-12-28,F,BIHSI3865N,7163989913,Patna,Bihar,Professional,279254.85,609,2013-02-03
704810,Manoj Mukherjee,2000-11-18,M,ZLFNM7539K,9785133854,Pune,Maharashtra,Salaried,158986.22,693,2021-06-08
704811,Janani Rana,2002-06-13,F,QALTT6242U,9186897317,Bhubaneswar,Odisha,Self Employed,246429.28,726,2014-01-03
704812,Divya Perumal,1957-08-08,F,IGDZP5799J,6644642607,Pune,Maharashtra,Salaried,160929.19,667,2023-01-01
704813,Sandeep Deshmukh,1980-05-11,M,PUDVE1103O,9754628906,Mumbai,Maharashtra,Salaried,150398.17,580,2014-05-21
704814,Balaji Saha,1967-05-03,M,ZCMBC2380H,7882798114,Surat,Gujarat,Self Employed,209158.64,710,2022-11-02
704815,Arjun Verma,1964-05-05,M,OKOOA6985S,9053552362,Jaipur,Rajasthan,Business,381931.49,-1,2023-02-16
704816,Rekha Mehta,1989-10-31,F,DHQXC5015E,6693664812,Ahmedabad,Gujarat,Salaried,141898.74,704,2012-03-08
704817,Amit Ghosh,1989-09-29,M,FWULT3095Y,6155997130,Chandigarh,Chandigarh,Self Employed,77675.86,645,2013-05-23
704818,Chandran Bhat,1975-07-13,M,WKBWK5292I,7427405210,Bengaluru,Karnataka,Salaried,70883.25,489,2010-11-24
704819,Lakshmi Kumar,1959-04-05,F,QNVKV3522Y,9329773232,Jaipur,Rajasthan,Government Employee,102140.99,551,2021-07-26
704820,Yogesh Sen,1966-10-25,M,DMHBV7616X,9114562739,Delhi,Delhi,Business,266595.32,745,2012-11-16
704821,Abhishek Saha,2000-10-20,M,MQJVJ5628V,8267603244,Bengaluru,Karnataka,Retired,47740.07,644,2025-03-21
704822,Amit Pillai,1958-01-16,M,ATDKI1383H,8014065987,Madurai,Tamil Nadu,Farmer,48630.03,498,2025-03-22
704823,Sneha Desai,2005-02-18,F,IGVBZ9504K,8203692511,Delhi,Delhi,Self Employed,218540.93,651,2012-07-24
704824,Priya Saha,1984-02-08,F,EZKTT6785B,6540818206,Patna,Bihar,Business,479263.88,-1,2021-01-19
704825,Anand Naidu,1987-04-09,M,LQKYB0219L,8145586561,Chennai,Tamil Nadu,Government Employee,46924.77,673,2022-12-13
704826,Manoj Pillai,1964-07-19,M,KYOPC8033F,6772104382,Lucknow,Uttar Pradesh,Government Employee,137178.55,729,2017-05-11
704827,Ramesh Menon,2001-11-06,M,YWNMI6445V,8790826943,Jaipur,Rajasthan,Salaried,114194.25,710,2023-10-26
704828,Radha Pandey,1999-02-08,F,QKPWW0817H,7730264253,Kolkata,West Bengal,Salaried,32606.99,704,2023-06-18
704829,Swathi Rana,1993-02-14,F,EJPWY3010K,7842220214,Ranchi,Jharkhand,Government Employee,64155.96,595,2019-05-16
704830,Gopal Thakur,1963-05-28,M,YLMVI6121K,8053685382,Nashik,Maharashtra,Business,133679.62,509,2012-07-05
704831,Saranya Iyer,1982-04-19,F,FWMRE3756E,7925133114,Delhi,Delhi,Farmer,28405.86,609,2024-11-28
704832,Yogesh Kumar,1963-10-15,M,JUFFI4274R,7360805045,Delhi,Delhi,Salaried,24479.54,798,2013-01-10
704833,Shankar Mukherjee,1969-01-22,M,NJUJY8057T,7494373603,Madurai,Tamil Nadu,Business,139658.63,524,2023-01-20
704834,Padma Nambiar,1965-02-26,F,BLOIP2289T,8473271211,Jaipur,Rajasthan,Salaried,43134.66,753,2019-11-11
704835,Gopal Chelladurai,1972-04-25,M,EQXUP7821X,7673882495,Kanpur,Uttar Pradesh,Business,132284.73,525,2023-03-02
704836,Oviya Chelladurai,1965-01-24,F,EHKAB3228X,9568594694,Mumbai,Maharashtra,Farmer,10079.02,543,2017-12-01
704837,Sivakumar Mishra,1969-07-27,M,TWBQT2451B,7545679990,Kolkata,West Bengal,Farmer,51449.94,677,2014-09-23
704838,Esther Kulkarni,2003-08-26,F,KIRBC5700K,9775343364,Chennai,Tamil Nadu,Salaried,179887.09,589,2019-07-03
704839,Anand Raman,1984-03-31,M,NRKYH7481Y,7076305022,Chennai,Tamil Nadu,Salaried,104747.13,644,2018-02-04
704840,Chandran Saha,1988-05-31,M,OLDLD3653K,7456664230,Delhi,Delhi,Self Employed,272122.43,557,2011-10-06
704841,Shankar Pillai,1978-11-15,M,RWOVU2988T,9537334535,Chennai,Tamil Nadu,Business,338506.85,679,2013-04-19
704842,Divya Mehta,1981-05-22,F,ICFUH7418N,7407841319,Nashik,Maharashtra,Salaried,179864.65,748,2021-03-23
704843,Geetha Naidu,1978-01-05,F,ZDQIC9924I,9869184775,Kolkata,West Bengal,Government Employee,78954.62,527,2025-03-09
704844,Rajini Sharma,1978-10-11,F,DPYFX3471E,7983111799,Ahmedabad,Gujarat,Salaried,71784.32,718,2010-02-04
704845,Pankaj Mehta,1968-03-10,M,KCTZC1081Z,7913114074,Mumbai,Maharashtra,Salaried,129298.08,702,2011-10-09
704846,Saranya Reddy,1997-01-13,F,MPGBH6136N,7738384820,Chennai,Tamil Nadu,Professional,327484.61,741,2023-06-29
704847,Sangeetha Sen,1972-01-04,F,ROXMJ3057A,8944342985,Ranchi,Jharkhand,Self Employed,33811.42,450,2020-10-13
704848,Uma Chowdhury,1975-07-03,F,AFDZE1693E,6109359209,Ranchi,Jharkhand,Salaried,166474.66,752,2013-06-27
704849,Rohit Desai,1970-06-07,M,EGALE3972G,6060415079,Pune,Maharashtra,Salaried,23815.43,556,2013-03-22
704850,Farooq Reddy,1994-10-04,M,TZQBM4009L,8541813706,Bengaluru,Karnataka,Self Employed,271681.12,642,2021-12-18
704851,Mani Chauhan,2004-10-14,M,UHWYH7997C,8364892558,Hyderabad,Telangana,Government Employee,47779.68,624,2010-07-21
704852,Arjun Reddy,1989-04-08,M,TKGYL5231L,8060203910,Delhi,Delhi,Salaried,46292.78,569,2024-04-14
704853,Ashok Naidu,1960-05-02,M,TMJSU1841B,8982355463,Delhi,Delhi,Business,326109.94,584,2023-11-20
704854,Rajesh Nair,2003-02-13,M,WHPZA3825U,8028447353,Kolkata,West Bengal,Self Employed,87412.65,597,2023-07-10
704855,Dilip Bhat,1993-03-17,M,XQYXJ4938T,6604425991,Chandigarh,Chandigarh,Business,202775.57,682,2016-09-15
704856,Abhishek Roy,2002-07-15,M,RJGIH4997D,7140228252,Bengaluru,Karnataka,Government Employee,22735.21,735,2014-12-02
704857,Nitin Sharma,1966-12-02,M,MGZZN8982K,6048903929,Hyderabad,Telangana,Salaried,107802.06,637,2014-07-11
704858,Vivek Deshmukh,1981-05-10,M,IVEOZ0662S,8288463946,Jaipur,Rajasthan,Business,93400.48,740,2014-10-10
704859,Ajay Krishnan,1979-06-21,M,ZMLLF1635W,9893639269,Jaipur,Rajasthan,Salaried,25588.64,680,2014-03-09
704860,Yamuna Sen,1989-01-29,F,WTVIB8241S,6676788252,Nashik,Maharashtra,Salaried,128172.06,775,2021-06-16
704861,Hari Chauhan,1965-03-12,M,TRECP4472H,6546885158,Coimbatore,Tamil Nadu,Professional,298634.89,540,2015-03-15
704862,Kiran Bose,2002-07-23,F,CYRAB3594F,6972830826,Delhi,Delhi,Self Employed,169494.85,679,2013-01-13
704863,Ashok Das,2004-08-15,M,FVCPS8736X,6201470360,Kolkata,West Bengal,Salaried,169867.86,661,2015-06-24
704864,Sneha Krishnan,2003-01-23,F,WJLTE6031J,9931386563,Bhubaneswar,Odisha,Professional,229946.42,678,2019-03-16
704865,Praveen Desai,1991-02-11,M,APEAV0962B,9958016434,Surat,Gujarat,Professional,449255.16,699,2018-04-21
704866,Mani Pandey,2003-08-11,M,IONDS3139M,6581892393,Madurai,Tamil Nadu,Salaried,179205.27,742,2012-03-09
704867,Amit Desai,1965-09-15,M,IETRX3941C,7114111224,Chennai,Tamil Nadu,Salaried,43869.24,679,2024-07-29
704868,Suresh Kulkarni,1997-09-09,M,DDYSF4624K,7363550545,Nashik,Maharashtra,Salaried,85275.13,714,2021-08-02
704869,Dilip Reddy,1974-09-14,M,UZGXE2477N,8061101045,Chennai,Tamil Nadu,Farmer,25089.84,638,2020-04-01
704870,Anitha Nambiar,1989-10-25,F,TNGVP2645F,9061026638,Delhi,Delhi,Business,57308.21,651,2014-11-13
704871,Gopal Perumal,1975-10-09,M,LJXZH7045G,8928091781,Mumbai,Maharashtra,Farmer,57278.95,606,2011-06-11
704872,Arjun Rajendran,1997-08-19,M,YFNPO9708G,8170897095,Coimbatore,Tamil Nadu,Retired,53966.69,767,2015-09-20
704873,Gokul Raman,1977-01-28,M,OMLMG0289V,6541242527,Kolkata,West Bengal,Salaried,74070.51,739,2021-03-16
704874,Amit Gupta,1979-10-15,M,TXOIC0267L,9904074155,Lucknow,Uttar Pradesh,Professional,40870.13,787,2018-01-16
704875,Hari Subramaniam,1978-04-10,M,WMBPT0361M,6612995281,Lucknow,Uttar Pradesh,Salaried,148561.62,621,2012-05-19
704876,Abhishek Balasubramanian,1983-03-28,M,UMXYK8400O,8962157322,Nashik,Maharashtra,Salaried,123583.23,648,2020-04-22
704877,Padma Iyengar,1970-11-25,F,HVMPC6062K,9747906199,Pune,Maharashtra,Salaried,33986.56,899,2023-05-15
704878,Sanjay Pandey,1975-03-26,M,LPCBK7829Q,6328705469,Patna,Bihar,Retired,76160.88,767,2013-11-17
704879,Mani Balasubramanian,1986-08-17,M,CLMGZ2580T,9520742555,Chennai,Tamil Nadu,Salaried,102845.61,528,2017-01-28
704880,Meena Rana,1983-10-24,F,XEEEK6436P,9258911322,Patna,Bihar,Salaried,103066.1,735,2024-11-05
704881,Kalpana Banerjee,1976-06-28,F,CBRUZ5338Z,8924888307,Mumbai,Maharashtra,Business,46633.54,698,2013-07-20
704882,Janani Kulkarni,1992-01-28,F,AADJY6859Z,8737372102,Kanpur,Uttar Pradesh,Self Employed,75623.72,633,2015-08-26
704883,Senthil Shah,2004-01-23,M,IIDOD0774L,6131235394,Patna,Bihar,Self Employed,60788.35,639,2015-07-28
704884,Ashok Kumar,1980-11-16,M,AIBIX3287M,7512259857,Madurai,Tamil Nadu,Salaried,70284.08,585,2016-12-04
704885,Tara Krishnan,1988-11-14,F,XCRLD1924Z,8697998501,Madurai,Tamil Nadu,Business,292682.02,615,2020-04-09
704886,Padma Saha,2002-01-12,F,SZIRO7933B,8477108203,Lucknow,Uttar Pradesh,Salaried,123414.04,592,2011-08-10
704887,Ashok Kulkarni,1961-06-17,M,XEDSY3281Y,7900126830,Ranchi,Jharkhand,Self Employed,281427.98,554,2012-11-03
704888,Anitha Krishnan,1977-07-15,F,WOCJT5839Q,9644053471,Patna,Bihar,Self Employed,190194.05,629,2015-04-26
704889,Amit Venkatesan,2000-12-03,M,FYIYF0039Q,9392473670,Bhubaneswar,Odisha,Business,125793.62,581,2013-03-12
704890,Tara Chelladurai,1962-02-08,F,QOGOK5060N,7778840936,Lucknow,Uttar Pradesh,Farmer,51382.43,733,2024-09-03
704891,Vani Raman,1984-05-23,F,YZQTX1912L,9874173663,Madurai,Tamil Nadu,Salaried,166662.69,763,2012-08-17
704892,Divya Nair,1956-08-16,F,ZTQOD0791C,9493486364,Patna,Bihar,Business,433603.53,650,2016-04-18
704893,Hari Deshmukh,1982-06-04,M,MVHOL3517N,7147946320,Surat,Gujarat,Self Employed,116263.1,633,2010-05-20
704894,Sivakumar Bhat,1957-07-20,M,PLCIV3724I,9712247201,Madurai,Tamil Nadu,Business,181416.59,725,2015-11-03
704895,Sandeep Thakur,1995-01-16,M,OAMYE3766T,9677817350,Kolkata,West Bengal,Professional,46672.95,654,2010-05-21
704896,Ravi Raman,1960-07-05,M,PWWLI3531N,8430775690,Mumbai,Maharashtra,Salaried,95264.93,856,2019-11-02
704897,Sowmya Reddy,1969-01-23,F,YPKNM3981T,8404416411,Delhi,Delhi,Salaried,177658.91,415,2012-03-27
704898,Ganesh Raman,2002-01-04,M,PUTDK4458G,9394550671,Kolkata,West Bengal,Government Employee,106993.46,443,2016-06-21
704899,Esther Murugan,1986-03-25,F,GTWXV1187I,8023887866,Chennai,Tamil Nadu,Farmer,40955.74,561,2012-10-02
704900,Abhishek Nair,2001-10-11,M,SKUEO0301O,8246955227,Kanpur,Uttar Pradesh,Business,51014.16,710,2012-01-06
704901,Yogesh Raman,1998-02-11,M,UTRHN6468U,6900073453,Kochi,Kerala,Self Employed,191021.6,739,2010-07-09
704902,Farooq Iyengar,1997-08-14,M,XWKEY7784J,7237540046,Chandigarh,Chandigarh,Salaried,99643.99,620,2016-04-12
704903,Meena Krishnan,1959-06-17,F,XPKZS2259B,8447499625,Delhi,Delhi,Salaried,120129.42,667,2013-03-13
704904,Chandran Sen,1974-02-25,M,RZSBL6126Q,8193101730,Hyderabad,Telangana,Professional,305278.18,638,2025-02-14
704905,Pooja Shah,1968-03-28,F,OFTKE8267U,7869104449,Chennai,Tamil Nadu,Self Employed,195259.59,712,2011-12-02
704906,Gopal Kulkarni,1961-01-25,M,IYIED8217R,8353596549,Kolkata,West Bengal,Business,413435.04,857,2017-04-27
704907,Sathish Joshi,1957-10-08,M,WXTSB8591Y,7067522992,Lucknow,Uttar Pradesh,Salaried,90016.73,450,2023-08-23
704908,Senthil Joshi,1967-02-05,M,JRITW1968D,8887947899,Bengaluru,Karnataka,Government Employee,69258.81,877,2010-06-24
704909,Bhavya Desai,1958-02-12,F,ZDIOX8954D,9672814988,Chennai,Tamil Nadu,Farmer,23242.41,766,2011-02-21
704910,Suresh Das,1958-08-29,M,NEQNP7607H,9122984770,Nashik,Maharashtra,Salaried,37762.56,637,2020-02-28
704911,Swathi Patel,1961-09-09,F,ZNJST5637Z,9249148822,Jaipur,Rajasthan,Salaried,53581.62,713,2019-08-14
704912,Prakash Iyengar,1971-12-19,M,OXDRP3397Z,8146447472,Chennai,Tamil Nadu,Farmer,36178.03,664,2017-02-05
704913,Arun Raman,1987-08-02,M,XNJRI5695V,8232560616,Surat,Gujarat,Salaried,119512.19,712,2018-06-28
704914,Sowmya Chauhan,1976-05-15,F,UVZTM0671F,9188959812,Bengaluru,Karnataka,Farmer,35037.0,711,2014-08-19
704915,Manoj Nambiar,1960-02-01,M,YXTVK7384C,6747328738,Mumbai,Maharashtra,Farmer,33763.37,740,2011-07-08
704916,Vinod Pillai,1999-01-29,M,GAPAK1821G,9846999076,Bengaluru,Karnataka,Government Employee,123431.88,571,2019-05-02
704917,Rekha Bose,1986-07-29,F,KVYSC2426N,7808669657,Madurai,Tamil Nadu,Salaried,53357.35,725,2025-01-20
704918,Vijay Deshmukh,2000-05-04,M,HRYOD4578V,8136219362,Bengaluru,Karnataka,Salaried,38887.74,604,2019-03-10
704919,Harish Shah,1979-07-17,M,KJUNO2592F,6877731998,Hyderabad,Telangana,Government Employee,141840.18,638,2019-05-03
704920,Yamuna Mehta,1975-11-17,F,ZOBOA9259Y,9940761470,Bhubaneswar,Odisha,Retired,52432.11,742,2023-12-28
704921,Naveen Kulkarni,1973-06-09,M,THJFF1349M,9328239681,Madurai,Tamil Nadu,Self Employed,185571.8,625,2023-02-04
704922,Anjali Shah,1988-03-14,F,ZTSLQ3664K,7780012995,Kolkata,West Bengal,Professional,107500.93,-1,2011-03-31
704923,Madhavi Tiwari,1980-02-02,F,JUGHM3242C,8474615168,Kanpur,Uttar Pradesh,Salaried,98272.25,696,2023-05-19
704924,Chitra Murugan,1996-08-15,F,ROBTN0869E,7456648990,Delhi,Delhi,Salaried,157947.99,698,2020-11-22
704925,Sneha Dutta,1974-01-09,F,CEXPQ4789C,7614170470,Ranchi,Jharkhand,Business,94496.99,677,2012-11-15
704926,Neha Kulkarni,1956-11-16,F,YIPNT0404O,9405019123,Bhubaneswar,Odisha,Professional,154764.93,551,2018-06-10
704927,Deepa Bose,1966-12-03,F,EDQEC1403D,9651389310,Hyderabad,Telangana,Self Employed,294984.58,713,2024-11-11
704928,Vikram Murugan,1996-06-13,M,JHBTQ9231F,8516867464,Hyderabad,Telangana,Salaried,162612.38,685,2013-12-06
704929,Chitra Kumar,1971-12-22,F,CGABA0892O,6632782002,Surat,Gujarat,Government Employee,129571.85,879,2020-06-03
704930,Deepak Murugan,1977-05-16,M,HXHFL7544K,8248319663,Jaipur,Rajasthan,Salaried,68525.74,569,2016-01-19
704931,Aishwarya Roy,1957-02-06,F,QGGFR6056C,9618550967,Kochi,Kerala,Salaried,80667.72,768,2018-07-12
704932,Radha Raman,1964-06-05,F,OMVSK3381H,9423062496,Chennai,Tamil Nadu,Self Employed,56326.97,628,2012-05-31
704933,Neha Bose,2003-05-01,F,KVXET8051W,7841384897,Nashik,Maharashtra,Farmer,10222.39,639,2018-04-01
704934,Neha Venkatesan,1983-09-21,F,ADMKN8814P,6307946007,Bengaluru,Karnataka,Salaried,97323.77,831,2011-10-21
704935,Aishwarya Tiwari,1966-04-14,F,IRWTW7139P,8758971510,Delhi,Delhi,Business,350388.83,655,2011-12-15
704936,Sathish Banerjee,1976-07-15,M,FVTPK8248L,9467580982,Hyderabad,Telangana,Retired,44329.96,744,2014-11-16
704937,Swathi Shah,1998-06-02,F,SLQID8518T,9710093369,Lucknow,Uttar Pradesh,Farmer,27694.9,680,2021-06-26
704938,Dinesh Reddy,1964-01-15,M,GVMDC5031W,6068110588,Bhubaneswar,Odisha,Government Employee,134568.65,582,2010-03-06
704939,Arjun Chauhan,1959-05-30,M,VRPDP4956G,6692841672,Hyderabad,Telangana,Salaried,57940.31,648,2010-09-11
704940,Balaji Venkatesan,1996-11-19,M,GENPZ2628G,9395882389,Ranchi,Jharkhand,Business,374284.18,627,2020-10-26
704941,Divya Yadav,1984-04-08,F,IXHGA4327M,7522992675,Kolkata,West Bengal,Retired,29615.18,647,2015-06-21
704942,Vikram Shah,1989-06-10,M,SLLFX7269Q,8044598105,Kanpur,Uttar Pradesh,Salaried,179475.72,846,2020-07-28
704943,Bharath Gupta,1977-10-09,M,WHHBD7851S,8101887998,Jaipur,Rajasthan,Professional,387892.1,713,2018-01-26
704944,Jagan Sen,2002-06-01,M,OWSFL6535E,7218120470,Bengaluru,Karnataka,Salaried,29994.14,504,2012-08-02
704945,Mani Kumar,2002-04-28,M,TDGGG0687W,8901067877,Patna,Bihar,Self Employed,214895.17,847,2020-12-10
704946,Ashok Krishnan,1991-10-17,M,JKAJM1460E,6443317308,Surat,Gujarat,Business,185273.05,705,2013-09-17
704947,Gopal Shah,1956-09-28,M,WXFMY1032X,7258736554,Kolkata,West Bengal,Business,303218.82,-1,2022-08-31
704948,Harish Bose,1968-05-25,M,HCMHE5356I,7131402709,Ahmedabad,Gujarat,Salaried,108612.77,754,2025-01-15
704949,Sathish Singh,1967-10-29,M,SHPPL0381Z,7911018287,Bengaluru,Karnataka,Farmer,53308.11,818,2020-06-17
704950,Gopal Perumal,2001-02-16,M,CHEFJ4315F,8660533559,Chandigarh,Chandigarh,Self Employed,264874.82,591,2018-04-26
704951,Gopal Mehta,1999-10-29,M,HIYRZ2554J,9977270014,Nashik,Maharashtra,Business,364426.58,701,2013-01-07
704952,Uma Murugan,2000-12-04,F,JYCZQ1980S,9404116106,Jaipur,Rajasthan,Self Employed,151073.06,-1,2017-07-30
704953,Radha Rajendran,1976-03-27,F,VDFGX7631V,9749642894,Madurai,Tamil Nadu,Self Employed,91145.79,655,2023-10-06
704954,Fathima Iyer,1982-04-17,F,MEBDU9574Y,6015361814,Delhi,Delhi,Business,376798.17,636,2023-07-23
704955,Nithya Chowdhury,1992-02-22,F,MUOIS6463Y,6058308641,Delhi,Delhi,Salaried,87691.76,640,2010-04-24
704956,Uma Mehta,1958-07-26,F,LXVUC9608J,6307238854,Chennai,Tamil Nadu,Business,294761.87,679,2010-03-15
704957,Dinesh Pillai,1987-10-21,M,DMJIQ3981T,6425113113,Kolkata,West Bengal,Self Employed,254870.36,780,2025-06-08
704958,Uma Pillai,1969-01-26,F,UGHHB4863J,7266276071,Chandigarh,Chandigarh,Salaried,41814.83,743,2011-02-13
704959,Vani Subramaniam,1977-02-26,F,UTTZR9345O,7075904500,Bengaluru,Karnataka,Salaried,85099.89,697,2018-07-08
704960,Farooq Chelladurai,1974-09-30,M,RNDPJ4522H,8034890269,Surat,Gujarat,Self Employed,291291.77,784,2014-03-10
704961,Senthil Das,1968-06-11,M,UMAPA2138R,7992673021,Ahmedabad,Gujarat,Salaried,131716.4,449,2019-05-29
704962,Devi Rao,1977-06-19,F,VKKRO8432S,8426843329,Kolkata,West Bengal,Government Employee,134113.59,673,2023-05-26
704963,Selvi Rana,1985-09-28,F,GRBSJ7059D,6310717236,Madurai,Tamil Nadu,Self Employed,204912.04,704,2025-06-30
704964,Abhishek Roy,1996-03-21,M,VEARK3439L,7434074325,Patna,Bihar,Salaried,76468.09,700,2012-04-05
704965,Vidya Pandey,1977-01-23,F,OURAZ3084H,9078272371,Mumbai,Maharashtra,Business,401475.63,805,2015-09-06
704966,Sathish Murugan,1983-10-13,M,FOPXM2524T,6850242322,Chennai,Tamil Nadu,Salaried,55351.04,686,2015-01-18
704967,Jagan Nambiar,1968-10-26,M,HKOVF4015N,8869105628,Chandigarh,Chandigarh,Salaried,84322.16,801,2015-10-10
704968,Radha Verma,1980-02-24,F,LCVRP2182U,6972916173,Mumbai,Maharashtra,Salaried,151101.57,653,2011-05-16
704969,Rekha Jadhav,1974-02-15,F,VKCDJ6282Z,9787098403,Lucknow,Uttar Pradesh,Self Employed,42458.9,736,2021-02-08
704970,Amit Bhat,2003-02-08,M,XDBEQ0067A,9706550952,Ranchi,Jharkhand,Self Employed,135181.51,681,2023-04-20
704971,Prakash Kumar,1997-01-14,M,LPTWO4966V,7035201617,Bhubaneswar,Odisha,Salaried,165824.62,647,2019-04-17
704972,Geetha Pandey,1980-08-05,F,YNBGY7005O,7107254587,Kolkata,West Bengal,Self Employed,187882.87,720,2015-01-03
704973,Oviya Sharma,1997-09-10,F,IVMKS0637F,6795789573,Bengaluru,Karnataka,Self Employed,226924.5,725,2022-05-08
704974,Indira Iyer,1963-02-03,F,LNLGQ1935H,8348869803,Lucknow,Uttar Pradesh,Salaried,119201.28,586,2019-10-17
704975,Vani Chowdhury,1985-01-12,F,GWGUC0057A,7554118749,Bhubaneswar,Odisha,Salaried,142203.57,761,2019-05-08
704976,Tara Rao,1986-12-28,F,MWGJT9451E,7429313254,Mumbai,Maharashtra,Salaried,105413.79,646,2011-06-28
704977,Shankar Balasubramanian,1998-06-04,M,UMAIU5314W,8234136645,Ahmedabad,Gujarat,Self Employed,37048.07,680,2012-10-12
704978,Sunitha Perumal,1970-09-13,F,YTOWW7331V,6047925532,Bengaluru,Karnataka,Business,495605.97,415,2013-01-19
704979,Manoj Verma,1984-12-20,M,NIOJO0102E,6644538665,Chennai,Tamil Nadu,Salaried,62469.93,668,2024-04-18
704980,Vijay Bhat,1991-10-08,M,KWMGU9367J,6233492581,Kolkata,West Bengal,Professional,355304.17,489,2017-12-03
704981,Radha Bhat,1966-05-30,F,SZPUJ3590Y,9051227961,Chennai,Tamil Nadu,Business,222824.64,753,2016-04-22
704982,Indira Patel,1962-09-18,F,ISGMA1019E,8017112717,Kolkata,West Bengal,Salaried,60123.06,597,2017-12-24
704983,Gopal Pillai,1976-08-07,M,LEPLI6140P,6994726795,Chandigarh,Chandigarh,Self Employed,39987.69,629,2010-08-12
704984,Sandeep Subramaniam,1982-07-18,M,WSBHB3443O,9934577433,Jaipur,Rajasthan,Professional,223117.76,654,2014-01-14
704985,Pooja Dutta,1963-10-15,F,ZGOEA6900F,9535208613,Kolkata,West Bengal,Government Employee,113929.91,544,2013-05-03
704986,Pooja Patel,1994-04-15,F,THDNE4869Y,7096192398,Kanpur,Uttar Pradesh,Government Employee,98955.53,673,2023-11-29
704987,Rajini Tiwari,1996-01-24,F,YVCUA1788F,9224435817,Jaipur,Rajasthan,Salaried,104877.34,554,2018-11-28
704988,Vidya Pandey,2001-07-18,F,XUBGA3427F,8299773349,Coimbatore,Tamil Nadu,Business,499792.1,651,2023-10-12
704989,Vivek Mehta,1974-10-03,M,DSIEA6319M,7644818488,Chennai,Tamil Nadu,Government Employee,114054.94,752,2023-07-30
704990,Radha Reddy,2000-06-18,F,PYVCV8690S,7574833517,Mumbai,Maharashtra,Salaried,78760.42,793,2018-09-29
704991,Vivek Murugan,2000-11-05,M,XISYN3148V,9053862904,Chandigarh,Chandigarh,Professional,277863.39,807,2014-05-05
704992,Rohit Mishra,1995-07-24,M,IBCCO3899T,9139859634,Chennai,Tamil Nadu,Salaried,95435.6,649,2015-01-15
704993,Geetha Nair,2004-07-23,F,ISLMA6491H,7367439008,Kolkata,West Bengal,Salaried,43530.87,580,2021-03-11
704994,Ajay Perumal,1980-01-29,M,NJHNT7036I,8756497863,Chandigarh,Chandigarh,Farmer,50445.96,717,2023-07-06
704995,Vinod Roy,1962-02-19,M,DOCHB4627I,8812921351,Delhi,Delhi,Government Employee,123395.73,819,2021-10-07
704996,Amit Saha,1993-07-09,M,GXKGX5235G,6742516873,Coimbatore,Tamil Nadu,Salaried,155057.37,587,2020-11-05
704997,Meena Yadav,2004-07-30,F,UCHYJ4555I,7424371708,Jaipur,Rajasthan,Self Employed,241298.47,799,2010-07-07
704998,Uma Rana,1997-01-21,F,ZDJAP2948H,9313071990,Madurai,Tamil Nadu,Salaried,131124.13,657,2013-01-20
704999,Dilip Venkatesan,1984-03-29,M,CGMQO7411N,6518407580,Kochi,Kerala,Salaried,70363.48,-1,2024-08-19
705000,Ganesh Iyengar,1989-01-08,M,BXCXF8088V,8197834637,Lucknow,Uttar Pradesh,Government Employee,82359.71,419,2023-02-03
