LOAN_ID,CIF_NO,PRODUCTFLAG,BRANCH_ID,EMPID,STATUS,DISBURSAL_DATE,EMI_END_DATE,AMOUNT_FIN,RATE_OF_INTEREST,DPD,EMI_OVERDUE,PRINCIPAL_OUTSTANDING
900001,700001,LAP,12,2086,CLOSED,2024-05-09,2029-09-09,13387300.0,12.43,0,0,0.0
900002,700002,MFI,23,2041,CLOSED,2019-04-28,2019-11-28,15500.0,19.0,0,0,0.0
900003,700003,CL,4,2090,CLOSED,2025-09-12,2027-02-12,49700.0,15.76,0,0,0.0
900004,700004,GL,13,2007,ACTIVE,2024-07-06,2025-01-06,1741800.0,9.87,27,1,296277.18
900005,700004,GL,12,2086,CLOSED,2018-09-27,2019-05-27,211900.0,10.3,0,0,0.0
900006,700005,MFI,18,2098,CLOSED,2025-07-25,2026-05-25,16900.0,20.85,0,0,0.0
900007,700005,CL,21,2113,CLOSED,2024-12-17,2025-11-17,15800.0,14.94,0,0,0.0
900008,700005,CL,18,2103,CLOSED,2019-12-09,2020-12-09,442500.0,15.2,0,0,0.0
900009,700006,EL,9,2057,ACTIVE,2023-08-11,2028-07-11,2195100.0,9.85,52,1,46704.67
900010,700006,HL,2,2106,ACTIVE,2018-08-22,2024-05-22,745000.0,9.09,14,2,27494.03
900011,700007,LAP,12,2017,ACTIVE,2021-07-31,2027-09-30,9352100.0,12.19,193,6,1044866.51
900012,700008,CL,2,2106,CLOSED,2020-03-04,2021-03-04,482400.0,15.34,0,0,0.0
900013,700008,PL,16,2027,ACTIVE,2019-06-08,2020-10-08,509500.0,16.05,196,6,203856.2
900014,700009,CL,2,2062,ACTIVE,2022-08-02,2023-12-02,67600.0,15.3,41,1,4638.24
900015,700010,PL,20,2031,ACTIVE,2022-05-21,2023-12-21,420500.0,19.53,203,6,146962.07
900016,700011,GL,21,2008,CLOSED,2024-08-04,2025-03-04,1575300.0,8.11,0,0,0.0
900017,700012,GL,25,2013,CLOSED,2023-09-16,2024-03-16,216700.0,8.66,0,0,0.0
900018,700012,GL,25,2013,ACTIVE,2020-04-28,2021-04-28,66000.0,8.3,304,10,55375.59
900019,700013,CL,7,2087,CLOSED,2021-05-29,2022-04-29,57600.0,15.58,0,0,0.0
900020,700014,EL,13,2007,CLOSED,2023-08-29,2028-07-29,954400.0,10.93,0,0,0.0
900021,700014,EL,24,2089,ACTIVE,2024-09-15,2028-03-15,372800.0,11.06,37,1,10646.95
900022,700015,GL,11,2075,CLOSED,2024-01-18,2024-09-18,223800.0,9.22,0,0,0.0
900023,700016,EL,4,2085,CLOSED,2022-10-14,2024-11-14,2320700.0,9.42,0,0,0.0
900024,700017,BL,14,2043,CLOSED,2024-04-11,2026-11-11,4953600.0,17.22,0,0,0.0
900025,700018,MFI,24,2063,ACTIVE,2024-08-31,2025-05-31,6600.0,21.67,21,1,786.92
900026,700019,AL,9,2006,ACTIVE,2022-07-28,2024-11-28,476100.0,12.18,23,2,38649.86
900027,700020,MFI,10,2101,CLOSED,2018-03-30,2019-01-30,22600.0,20.51,0,0,0.0
900028,700021,GL,8,2038,ACTIVE,2023-06-20,2024-05-20,1416400.0,8.82,317,10,1292299.13
900029,700021,PL,8,2070,ACTIVE,2022-12-06,2023-12-06,502900.0,15.76,31,1,44980.71
900030,700022,CL,17,2051,CLOSED,2025-10-05,2026-04-05,20100.0,14.6,0,0,0.0
900031,700022,CL,17,2058,CLOSED,2023-10-05,2024-08-05,37500.0,14.77,0,0,0.0
900032,700022,AL,16,2024,CLOSED,2024-11-08,2026-08-08,2129600.0,10.78,0,0,0.0
900033,700023,PL,22,2019,CLOSED,2020-02-23,2021-03-23,787200.0,18.86,0,0,0.0
900034,700024,EL,13,2054,ACTIVE,2021-09-16,2023-10-16,1651800.0,8.49,48,1,71812.18
900035,700025,GL,6,2053,ACTIVE,2018-04-24,2018-11-24,1557800.0,8.92,38,1,227517.59
900036,700026,GL,11,2064,ACTIVE,2025-04-05,2025-11-05,939400.0,9.89,40,1,137526.99
900037,700027,BL,16,2037,ACTIVE,2025-10-07,2027-09-07,3789600.0,17.81,365,12,2136618.92
900038,700027,AL,1,2020,ACTIVE,2024-07-02,2027-05-02,391300.0,11.45,54,1,13402.87
900039,700028,TWL,22,2019,CLOSED,2023-08-20,2025-06-20,32800.0,10.62,0,0,0.0
900040,700028,PL,10,2045,CLOSED,2024-11-01,2025-11-01,713000.0,11.98,0,0,0.0
900041,700029,MFI,19,2081,CLOSED,2023-04-12,2024-01-12,5300.0,21.25,0,0,0.0
900042,700029,EL,20,2056,CLOSED,2023-07-12,2027-03-12,86700.0,10.13,0,0,0.0
900043,700030,CL,17,2058,CLOSED,2020-10-10,2021-07-10,445100.0,16.79,0,0,0.0
900044,700030,AL,16,2037,ACTIVE,2021-03-26,2023-08-26,308800.0,11.86,17,1,12178.87
900045,700031,TWL,7,2087,CLOSED,2025-03-19,2027-03-19,250100.0,13.77,0,0,0.0
900046,700032,MFI,23,2041,CLOSED,2025-11-08,2026-07-08,39000.0,23.95,0,0,0.0
900047,700032,PL,23,2023,ACTIVE,2024-06-25,2025-10-25,405400.0,20.8,51,1,28732.7
900048,700032,CL,23,2023,CLOSED,2025-08-24,2026-10-24,287000.0,18.09,0,0,0.0
900049,700033,PL,7,2010,ACTIVE,2025-03-27,2026-06-27,616400.0,13.74,14,1,44448.49
900050,700033,BL,1,2020,CLOSED,2025-05-20,2029-02-20,1144200.0,16.02,0,0,0.0
900051,700034,MFI,14,2100,CLOSED,2024-04-22,2025-03-22,53600.0,21.37,0,0,0.0
900052,700035,MFI,16,2078,CLOSED,2018-10-09,2019-08-09,6300.0,22.14,0,0,0.0
900053,700036,GL,12,2096,ACTIVE,2022-12-01,2023-09-01,1058400.0,8.26,16,1,120852.55
900054,700037,PL,21,2036,CLOSED,2025-09-09,2027-09-09,301600.0,18.61,0,0,0.0
900055,700038,GL,1,2020,ACTIVE,2022-10-29,2023-10-29,1424800.0,10.06,45,1,124260.6
900056,700038,MFI,3,2084,CLOSED,2024-07-21,2025-06-21,5500.0,22.96,0,0,0.0
900057,700039,BL,1,2032,ACTIVE,2024-11-24,2029-10-24,488100.0,16.48,9,2,23761.28
900058,700040,CL,11,2039,CLOSED,2022-08-24,2023-12-24,72100.0,17.82,0,0,0.0
900059,700041,AL,21,2088,CLOSED,2018-09-27,2021-02-27,2648700.0,11.55,0,0,0.0
900060,700041,GL,22,2026,CLOSED,2025-02-08,2026-02-08,1090000.0,9.21,0,0,0.0
900061,700042,TWL,1,2004,CLOSED,2023-06-22,2024-06-22,101000.0,14.65,0,0,0.0
900062,700043,PL,21,2113,CLOSED,2019-08-31,2021-05-31,378000.0,12.89,0,0,0.0
900063,700044,PL,23,2069,ACTIVE,2025-03-23,2026-11-23,51800.0,12.46,34,1,2851.99
900064,700045,PL,18,2103,ACTIVE,2020-02-24,2022-01-24,62900.0,16.7,14,1,3170.47
900065,700046,GL,2,2104,CLOSED,2022-01-30,2022-10-30,980600.0,8.41,0,0,0.0
900066,700046,MFI,14,2043,CLOSED,2018-04-27,2018-11-27,18800.0,20.08,0,0,0.0
900067,700047,PL,9,2046,ACTIVE,2019-11-11,2020-11-11,124900.0,16.28,3,2,22244.0
900068,700048,PL,5,2102,CLOSED,2025-12-21,2027-07-21,104500.0,14.66,0,0,0.0
900069,700049,MFI,1,2049,CLOSED,2023-09-12,2024-06-12,10500.0,22.07,0,0,0.0
900070,700050,GL,22,2026,CLOSED,2020-12-02,2021-10-02,19400.0,10.46,0,0,0.0
900071,700051,TWL,23,2005,CLOSED,2025-12-10,2027-10-10,43000.0,15.29,0,0,0.0
900072,700052,BL,4,2085,CLOSED,2025-07-19,2026-09-19,763900.0,16.46,0,0,0.0
900073,700053,AL,22,2026,CLOSED,2024-06-04,2027-03-04,2042400.0,9.0,0,0,0.0
900074,700054,AL,16,2037,CLOSED,2024-11-24,2028-11-24,2567500.0,10.75,0,0,0.0
900075,700055,LAP,1,2049,CLOSED,2024-01-21,2026-10-21,2418200.0,11.8,0,0,0.0
900076,700056,AL,18,2040,CLOSED,2022-05-14,2024-10-14,376100.0,9.68,0,0,0.0
900077,700056,GL,7,2087,CLOSED,2024-01-31,2024-09-30,726600.0,7.47,0,0,0.0
900078,700057,TWL,14,2119,ACTIVE,2025-05-11,2026-10-11,199600.0,12.54,38,1,12742.87
900079,700058,GL,6,2092,ACTIVE,2025-02-14,2025-12-14,1023300.0,8.58,104,3,314680.76
900080,700058,BL,23,2023,CLOSED,2025-08-02,2030-03-02,1438200.0,16.84,0,0,0.0
900081,700058,BL,23,2069,ACTIVE,2024-12-03,2029-05-03,4757700.0,16.77,346,11,1293484.45
900082,700059,MFI,1,2032,CLOSED,2025-07-25,2026-05-25,64300.0,20.8,0,0,0.0
900083,700059,PL,4,2090,CLOSED,2020-11-15,2021-11-15,125200.0,15.59,0,0,0.0
900084,700060,LAP,5,2003,ACTIVE,2020-07-28,2022-10-28,7951900.0,11.15,48,1,331281.97
900085,700061,PL,12,2072,CLOSED,2024-03-11,2025-08-11,116500.0,16.7,0,0,0.0
900086,700062,BL,6,2053,CLOSED,2019-12-11,2023-11-11,2599700.0,18.74,0,0,0.0
900087,700063,CL,22,2093,CLOSED,2022-05-31,2023-03-31,256700.0,14.42,0,0,0.0
900088,700064,AL,20,2031,CLOSED,2024-01-17,2027-09-17,280100.0,10.86,0,0,0.0
900089,700065,HL,3,2110,CLOSED,2023-09-03,2030-07-03,1984200.0,8.75,0,0,0.0
900090,700066,LAP,3,2052,CLOSED,2023-05-20,2028-12-20,5381800.0,11.6,0,0,0.0
900091,700066,PL,18,2040,CLOSED,2019-09-10,2021-03-10,614900.0,17.04,0,0,0.0
900092,700067,AL,9,2001,ACTIVE,2024-12-05,2026-09-05,959400.0,12.31,39,1,50498.19
900093,700068,PL,1,2020,ACTIVE,2021-07-25,2022-09-25,536600.0,15.98,32,1,41710.85
900094,700069,GL,11,2039,ACTIVE,2025-09-06,2026-06-06,166000.0,7.86,51,1,18929.77
900095,700070,CL,11,2030,ACTIVE,2025-05-06,2025-12-06,27700.0,15.28,126,4,16128.31
900096,700071,BL,11,2064,CLOSED,2022-09-08,2024-09-08,1680900.0,18.08,0,0,0.0
900097,700072,BL,2,2118,CLOSED,2022-09-03,2026-02-03,2480800.0,18.48,0,0,0.0
900098,700073,TWL,8,2038,CLOSED,2024-04-04,2025-06-04,239400.0,14.41,0,0,0.0
900099,700074,TWL,11,2064,ACTIVE,2022-08-28,2024-01-28,250900.0,13.51,45,1,16117.42
900100,700074,BL,7,2018,ACTIVE,2024-01-16,2028-11-16,619200.0,17.19,62,2,30914.44
900101,700075,MFI,16,2027,CLOSED,2020-03-23,2020-12-23,79000.0,22.56,0,0,0.0
900102,700076,HL,14,2082,CLOSED,2023-09-02,2029-11-02,1672100.0,10.15,0,0,0.0
900103,700077,GL,3,2117,ACTIVE,2019-07-09,2020-03-09,1740700.0,7.9,45,1,222617.31
900104,700077,CL,1,2032,CLOSED,2021-05-11,2022-03-11,360400.0,13.28,0,0,0.0
900105,700078,CL,9,2006,CLOSED,2021-05-24,2022-08-24,25600.0,15.61,0,0,0.0
900106,700078,HL,16,2027,ACTIVE,2020-11-08,2026-08-08,8503700.0,9.46,32,1,159004.57
900107,700078,PL,14,2050,ACTIVE,2020-04-05,2021-05-05,353900.0,16.55,31,1,29516.12
900108,700078,GL,9,2001,ACTIVE,2021-08-28,2022-05-28,20400.0,9.22,42,2,4655.54
900109,700079,CL,18,2120,ACTIVE,2018-03-03,2018-10-03,355500.0,15.0,220,7,355500.0
900110,700079,TWL,16,2037,CLOSED,2021-12-19,2023-05-19,31800.0,12.89,0,0,0.0
900111,700080,AL,21,2113,CLOSED,2020-08-12,2024-08-12,225800.0,9.69,0,0,0.0
900112,700081,PL,17,2028,ACTIVE,2021-07-22,2023-01-22,752600.0,18.68,244,8,360414.42
900113,700082,MFI,14,2100,CLOSED,2022-02-24,2023-01-24,5600.0,18.95,0,0,0.0
900114,700083,TWL,6,2042,CLOSED,2025-05-06,2026-11-06,225300.0,13.49,0,0,0.0
900115,700083,MFI,6,2044,ACTIVE,2025-11-04,2026-10-04,6000.0,21.14,54,1,594.32
900116,700084,CL,23,2069,CLOSED,2025-12-19,2027-03-19,223100.0,14.73,0,0,0.0
900117,700084,PL,23,2023,CLOSED,2021-07-02,2023-03-02,387300.0,15.55,0,0,0.0
900118,700085,CL,4,2025,CLOSED,2024-10-12,2025-12-12,269300.0,14.1,0,0,0.0
900119,700086,TWL,7,2087,CLOSED,2024-07-10,2026-04-10,53700.0,13.34,0,0,0.0
900120,700086,AL,16,2027,ACTIVE,2019-12-31,2023-06-30,2276600.0,11.36,44,1,65327.28
900121,700086,AL,16,2027,CLOSED,2019-01-08,2021-12-08,293500.0,10.91,0,0,0.0
900122,700087,BL,14,2082,CLOSED,2024-01-12,2025-06-12,680300.0,19.41,0,0,0.0
900123,700087,PL,11,2075,CLOSED,2025-09-07,2027-09-07,376600.0,19.62,0,0,0.0
900124,700088,EL,18,2040,CLOSED,2025-09-24,2028-06-24,78400.0,9.33,0,0,0.0
900125,700088,BL,7,2079,CLOSED,2025-04-09,2029-10-09,4582000.0,16.44,0,0,0.0
900126,700089,PL,8,2038,CLOSED,2024-12-08,2026-12-08,123600.0,14.22,0,0,0.0
900127,700089,PL,3,2083,CLOSED,2020-02-03,2021-02-03,479100.0,14.32,0,0,0.0
900128,700089,PL,8,2070,CLOSED,2021-05-25,2022-10-25,517300.0,13.92,0,0,0.0
900129,700090,PL,20,2065,CLOSED,2024-12-18,2026-01-18,1075100.0,15.0,0,0,0.0
900130,700090,LAP,5,2003,CLOSED,2025-05-03,2032-05-03,926700.0,11.12,0,0,0.0
900131,700090,CL,6,2042,ACTIVE,2025-04-28,2026-05-28,20200.0,14.6,69,2,3318.09
900132,700091,PL,20,2080,CLOSED,2022-06-21,2023-10-21,1314000.0,18.07,0,0,0.0
900133,700091,PL,8,2034,ACTIVE,2022-11-28,2024-02-28,421900.0,17.95,321,10,291568.4
900134,700092,GL,3,2021,CLOSED,2024-05-03,2025-01-03,813500.0,9.01,0,0,0.0
900135,700093,CL,11,2030,ACTIVE,2022-03-28,2022-09-28,105300.0,15.82,184,6,105300.0
900136,700093,GL,11,2048,CLOSED,2023-05-23,2024-01-23,133900.0,9.23,0,0,0.0
900137,700094,PL,20,2031,CLOSED,2019-02-20,2020-10-20,602600.0,16.33,0,0,0.0
900138,700094,GL,24,2047,CLOSED,2025-10-28,2026-10-28,288600.0,9.09,0,0,0.0
900139,700095,EL,1,2004,CLOSED,2025-05-09,2029-10-09,2817000.0,9.13,0,0,0.0
900140,700096,AL,9,2006,ACTIVE,2020-09-10,2022-05-10,766900.0,9.98,35,1,41436.64
900141,700097,BL,14,2009,CLOSED,2021-07-24,2026-07-24,1776000.0,16.37,0,0,0.0
900142,700097,GL,14,2119,CLOSED,2021-03-15,2022-02-15,473700.0,8.51,0,0,0.0
900143,700098,CL,10,2071,ACTIVE,2018-11-12,2019-05-12,231200.0,14.49,27,1,39698.77
900144,700099,GL,4,2085,CLOSED,2023-03-10,2023-09-10,888500.0,8.31,0,0,0.0
900145,700100,GL,6,2092,ACTIVE,2024-03-04,2025-02-04,716300.0,8.74,270,9,590280.33
900146,700101,PL,23,2023,CLOSED,2025-09-14,2027-01-14,1371900.0,16.42,0,0,0.0
900147,700102,CL,19,2081,CLOSED,2025-08-27,2026-12-27,174100.0,16.04,0,0,0.0
900148,700102,PL,19,2081,CLOSED,2025-04-20,2026-07-20,1479000.0,17.64,0,0,0.0
900149,700102,PL,20,2080,CLOSED,2025-05-21,2026-06-21,1283200.0,17.23,0,0,0.0
900150,700103,PL,20,2065,CLOSED,2021-01-16,2022-06-16,1024700.0,16.12,0,0,0.0
900151,700104,EL,19,2002,CLOSED,2020-05-15,2023-01-15,215800.0,8.42,0,0,0.0
900152,700104,BL,19,2002,ACTIVE,2024-05-10,2027-07-10,3930300.0,14.41,229,7,863978.66
900153,700105,CL,15,2015,ACTIVE,2024-07-23,2025-09-23,316000.0,13.97,45,1,24308.6
900154,700106,AL,13,2094,ACTIVE,2018-10-05,2022-01-05,746300.0,11.28,47,1,22732.46
900155,700107,CL,6,2042,ACTIVE,2024-02-24,2024-11-24,38500.0,15.63,190,6,26161.54
900156,700108,HL,19,2081,ACTIVE,2022-08-30,2026-11-30,7753700.0,9.87,53,1,185235.01
900157,700109,EL,20,2056,CLOSED,2019-12-12,2022-01-12,1668300.0,9.75,0,0,0.0
900158,700109,CL,18,2040,ACTIVE,2018-08-10,2019-07-10,260500.0,14.51,142,4,98734.76
900159,700110,AL,23,2023,CLOSED,2025-02-09,2028-09-09,2206600.0,10.88,0,0,0.0
900160,700111,BL,7,2112,CLOSED,2023-04-03,2027-07-03,1184600.0,18.64,0,0,0.0
900161,700112,PL,21,2088,CLOSED,2025-11-05,2026-11-05,1034100.0,15.28,0,0,0.0
900162,700113,EL,22,2019,CLOSED,2024-05-23,2029-04-23,598600.0,10.29,0,0,0.0
900163,700113,EL,22,2026,CLOSED,2019-05-25,2021-11-25,1338800.0,10.52,0,0,0.0
900164,700114,MFI,21,2066,CLOSED,2024-11-14,2025-07-14,51600.0,19.38,0,0,0.0
900165,700114,PL,22,2026,ACTIVE,2023-07-17,2024-11-17,439900.0,13.17,40,1,29801.46
900166,700115,PL,20,2080,ACTIVE,2025-06-12,2026-11-12,1275300.0,15.95,365,12,929444.97
900167,700115,PL,6,2042,ACTIVE,2024-10-09,2025-12-09,228800.0,15.44,25,1,17735.41
900168,700116,AL,2,2105,ACTIVE,2023-09-22,2027-02-22,243000.0,9.84,90,3,20668.78
900169,700117,CL,6,2092,ACTIVE,2019-01-25,2019-08-25,318600.0,15.37,46,1,47270.35
900170,700118,AL,23,2041,CLOSED,2022-08-31,2025-04-30,2361500.0,11.44,0,0,0.0
900171,700118,BL,9,2006,ACTIVE,2021-03-01,2024-01-01,231800.0,17.49,310,10,80362.27
900172,700119,EL,18,2103,ACTIVE,2019-06-22,2024-03-22,1369200.0,9.88,54,1,29947.25
900173,700120,TWL,4,2025,CLOSED,2025-01-16,2026-08-16,188100.0,11.46,0,0,0.0
900174,700120,GL,5,2099,CLOSED,2025-09-25,2026-04-25,1179500.0,7.98,0,0,0.0
900175,700121,TWL,4,2090,ACTIVE,2021-04-16,2022-08-16,246700.0,12.47,44,1,16642.91
900176,700121,GL,4,2085,CLOSED,2024-08-09,2025-02-09,73200.0,8.23,0,0,0.0
900177,700122,BL,9,2006,CLOSED,2021-12-28,2026-09-28,2447600.0,18.71,0,0,0.0
900178,700123,PL,14,2050,ACTIVE,2022-08-23,2023-08-23,142600.0,18.85,60,2,25656.54
900179,700123,MFI,14,2043,ACTIVE,2021-12-27,2022-10-27,31800.0,22.78,33,1,3455.78
900180,700123,EL,14,2100,ACTIVE,2020-04-10,2023-06-10,589900.0,11.21,254,8,142069.59
900181,700124,LAP,8,2038,CLOSED,2023-07-12,2030-05-12,1006600.0,10.96,0,0,0.0
900182,700124,PL,12,2017,ACTIVE,2021-12-19,2023-04-19,867800.0,15.32,279,9,509701.22
900183,700125,GL,13,2007,CLOSED,2020-07-12,2021-04-12,242300.0,9.11,0,0,0.0
900184,700125,PL,13,2054,CLOSED,2019-05-27,2020-06-27,1103100.0,15.8,0,0,0.0
900185,700125,PL,23,2069,CLOSED,2023-01-13,2024-09-13,383900.0,15.78,0,0,0.0
900186,700126,GL,15,2073,ACTIVE,2020-07-04,2021-02-04,97800.0,9.47,210,7,97800.0
900187,700126,CL,24,2089,CLOSED,2025-01-29,2025-07-29,198400.0,15.34,0,0,0.0
900188,700127,HL,8,2038,ACTIVE,2024-04-17,2028-07-17,1166200.0,10.08,48,1,27972.85
900189,700127,PL,8,2038,CLOSED,2023-05-06,2024-06-06,345600.0,17.54,0,0,0.0
900190,700127,GL,8,2076,CLOSED,2024-09-12,2025-03-12,920600.0,9.52,0,0,0.0
900191,700128,PL,23,2023,CLOSED,2019-10-16,2021-05-16,596100.0,18.88,0,0,0.0
900192,700128,MFI,23,2069,CLOSED,2021-07-22,2022-07-22,64200.0,23.0,0,0,0.0
900193,700129,MFI,3,2083,ACTIVE,2021-01-26,2021-10-26,32700.0,18.63,39,2,7663.4
900194,700129,BL,19,2116,CLOSED,2025-08-03,2028-01-03,915600.0,14.88,0,0,0.0
900195,700130,AL,25,2068,CLOSED,2023-03-06,2027-02-06,1345400.0,10.97,0,0,0.0
900196,700130,TWL,21,2008,ACTIVE,2023-02-17,2024-05-17,201700.0,13.79,40,1,14548.62
900197,700131,TWL,1,2049,CLOSED,2018-09-15,2020-03-15,231700.0,14.25,0,0,0.0
900198,700132,PL,8,2070,ACTIVE,2022-12-29,2024-01-29,1141100.0,14.75,344,11,977122.72
900199,700132,BL,8,2038,CLOSED,2025-02-03,2029-05-03,2291900.0,16.35,0,0,0.0
900200,700133,GL,16,2024,CLOSED,2025-06-18,2025-12-18,1553600.0,9.08,0,0,0.0
900201,700133,GL,16,2024,ACTIVE,2024-05-20,2025-01-20,530700.0,9.08,1,1,68100.86
900202,700134,CL,3,2097,CLOSED,2023-07-31,2024-02-29,365500.0,15.4,0,0,0.0
900203,700134,GL,3,2084,CLOSED,2025-09-06,2026-07-06,188300.0,9.27,0,0,0.0
900204,700135,MFI,12,2033,CLOSED,2023-06-23,2024-02-23,65900.0,20.27,0,0,0.0
900205,700136,LAP,21,2008,CLOSED,2018-06-02,2023-07-02,562100.0,11.02,0,0,0.0
900206,700136,AL,22,2026,CLOSED,2025-07-15,2027-10-15,445000.0,10.29,0,0,0.0
900207,700136,PL,21,2113,ACTIVE,2019-12-10,2020-12-10,1143700.0,15.19,19,2,202803.2
900208,700137,GL,23,2023,CLOSED,2024-05-22,2025-03-22,376700.0,8.56,0,0,0.0
900209,700138,EL,13,2107,CLOSED,2019-04-26,2022-06-26,1649800.0,9.0,0,0,0.0
900210,700139,BL,14,2009,CLOSED,2024-03-13,2028-02-13,132400.0,16.52,0,0,0.0
900211,700139,AL,14,2100,CLOSED,2021-04-15,2023-11-15,2520900.0,10.97,0,0,0.0
900212,700140,BL,22,2022,CLOSED,2018-12-16,2022-06-16,468700.0,18.03,0,0,0.0
900213,700141,PL,18,2103,CLOSED,2019-12-06,2021-10-06,82700.0,16.76,0,0,0.0
900214,700141,AL,15,2073,CLOSED,2023-11-26,2026-05-26,1146000.0,11.22,0,0,0.0
900215,700142,AL,22,2093,CLOSED,2021-06-16,2025-05-16,1999500.0,11.16,0,0,0.0
900216,700143,EL,10,2071,ACTIVE,2023-08-27,2028-07-27,285200.0,10.03,33,1,6092.21
900217,700144,CL,6,2092,ACTIVE,2024-11-27,2025-06-27,30200.0,16.33,11,2,8922.07
900218,700145,AL,12,2086,CLOSED,2022-03-10,2026-02-10,730500.0,12.58,0,0,0.0
900219,700146,TWL,6,2044,ACTIVE,2023-09-26,2025-08-26,120100.0,12.76,40,1,5851.63
900220,700146,PL,5,2035,CLOSED,2019-11-28,2021-01-28,158200.0,15.94,0,0,0.0
900221,700146,PL,6,2044,CLOSED,2023-01-11,2024-08-11,50700.0,16.1,0,0,0.0
900222,700147,BL,7,2112,CLOSED,2023-08-25,2026-07-25,1535600.0,18.98,0,0,0.0
900223,700147,PL,7,2018,CLOSED,2024-07-12,2026-04-12,722800.0,18.63,0,0,0.0
900224,700148,TWL,13,2054,CLOSED,2022-04-02,2023-08-02,123700.0,15.51,0,0,0.0
900225,700149,AL,6,2044,CLOSED,2025-02-15,2027-07-15,1023100.0,10.71,0,0,0.0
900226,700150,AL,14,2082,CLOSED,2022-11-15,2026-09-15,1825200.0,11.4,0,0,0.0
900227,700151,EL,15,2074,CLOSED,2023-05-19,2026-09-19,1447400.0,9.6,0,0,0.0
900228,700152,CL,16,2027,CLOSED,2025-09-06,2026-12-06,36800.0,16.0,0,0,0.0
900229,700152,PL,1,2020,CLOSED,2025-12-13,2027-01-13,52800.0,16.82,0,0,0.0
900230,700153,BL,7,2087,CLOSED,2019-11-09,2021-05-09,3897600.0,18.51,0,0,0.0
900231,700153,GL,7,2112,ACTIVE,2020-09-10,2021-06-10,1490800.0,10.07,50,1,171235.09
900232,700154,GL,16,2027,CLOSED,2022-08-25,2023-04-25,442500.0,9.94,0,0,0.0
900233,700155,GL,15,2015,ACTIVE,2020-08-09,2021-05-09,1309800.0,9.99,23,2,299570.18
900234,700156,PL,22,2019,CLOSED,2022-07-30,2023-12-30,571100.0,18.67,0,0,0.0
900235,700156,GL,21,2008,CLOSED,2022-01-07,2022-10-07,621200.0,9.91,0,0,0.0
900236,700157,PL,19,2111,CLOSED,2020-12-14,2021-12-14,629400.0,16.86,0,0,0.0
900237,700157,GL,8,2076,CLOSED,2024-12-22,2025-09-22,1124400.0,9.62,0,0,0.0
900238,700158,MFI,21,2036,ACTIVE,2025-12-07,2026-07-07,5200.0,21.6,40,1,783.2
900239,700158,AL,24,2089,ACTIVE,2023-07-20,2025-11-20,538800.0,11.4,51,1,21799.12
900240,700159,GL,13,2094,ACTIVE,2021-03-20,2021-09-20,697200.0,9.51,33,1,118505.15
900241,700159,GL,1,2049,ACTIVE,2022-04-11,2023-02-11,1534800.0,9.78,15,2,317006.35
900242,700160,GL,1,2020,ACTIVE,2024-02-12,2025-02-12,122200.0,9.28,47,1,10620.31
900243,700161,GL,17,2060,ACTIVE,2022-10-08,2023-08-08,572600.0,10.24,281,9,517504.54
900244,700161,EL,18,2040,CLOSED,2021-05-05,2025-12-05,1068300.0,10.99,0,0,0.0
900245,700161,EL,16,2024,ACTIVE,2022-06-08,2025-03-08,1330200.0,11.38,45,1,46691.4
900246,700162,PL,16,2027,CLOSED,2018-02-21,2019-10-21,1423600.0,15.88,0,0,0.0
900247,700163,PL,25,2013,ACTIVE,2018-08-17,2020-08-17,514900.0,19.66,32,1,25699.76
900248,700164,CL,8,2034,CLOSED,2023-11-22,2024-05-22,360900.0,15.38,0,0,0.0
900249,700165,MFI,10,2101,CLOSED,2023-03-01,2023-11-01,41100.0,20.24,0,0,0.0
900250,700166,CL,25,2013,CLOSED,2022-01-16,2023-03-16,118500.0,13.51,0,0,0.0
900251,700166,AL,14,2100,ACTIVE,2025-01-04,2026-05-04,1658500.0,9.91,41,1,110172.21
900252,700167,CL,11,2064,CLOSED,2018-03-04,2018-12-04,45000.0,13.15,0,0,0.0
900253,700167,GL,24,2089,ACTIVE,2018-05-03,2019-02-03,44200.0,7.61,65,2,10040.68
900254,700168,CL,14,2043,ACTIVE,2024-05-03,2025-06-03,191500.0,16.91,285,9,136241.9
900255,700168,TWL,23,2005,CLOSED,2024-07-13,2026-03-13,105900.0,14.91,0,0,0.0
900256,700169,BL,2,2059,CLOSED,2025-06-19,2026-10-19,3548000.0,15.97,0,0,0.0
900257,700170,LAP,6,2042,ACTIVE,2024-12-12,2028-10-12,13690300.0,10.26,79,2,713283.35
900258,700171,MFI,16,2078,CLOSED,2021-03-30,2021-10-30,38200.0,20.02,0,0,0.0
900259,700171,GL,14,2082,CLOSED,2025-05-15,2025-11-15,1952500.0,8.2,0,0,0.0
900260,700172,LAP,19,2116,CLOSED,2024-10-05,2030-08-05,761300.0,12.23,0,0,0.0
900261,700172,BL,19,2116,CLOSED,2025-03-20,2028-02-20,2842500.0,17.98,0,0,0.0
900262,700173,AL,3,2110,CLOSED,2020-09-18,2024-08-18,500600.0,10.64,0,0,0.0
900263,700173,PL,4,2085,ACTIVE,2025-03-06,2026-07-06,170900.0,15.07,174,5,57115.18
900264,700174,AL,23,2023,CLOSED,2021-11-26,2024-07-26,544000.0,9.69,0,0,0.0
900265,700175,PL,3,2110,CLOSED,2025-02-06,2026-08-06,868500.0,18.89,0,0,0.0
900266,700175,CL,1,2032,CLOSED,2021-11-24,2022-08-24,104900.0,16.89,0,0,0.0
900267,700176,MFI,23,2069,CLOSED,2023-08-31,2024-04-30,17900.0,20.27,0,0,0.0
900268,700177,MFI,1,2032,ACTIVE,2024-08-25,2025-05-25,90200.0,19.61,143,4,41717.12
900269,700178,TWL,18,2040,CLOSED,2025-03-20,2026-09-20,162500.0,13.66,0,0,0.0
900270,700179,TWL,23,2069,CLOSED,2022-09-01,2023-09-01,165800.0,12.12,0,0,0.0
900271,700180,AL,21,2008,ACTIVE,2021-09-24,2025-01-24,446800.0,11.78,31,1,13428.42
900272,700181,TWL,18,2040,CLOSED,2023-06-09,2025-04-09,174000.0,14.35,0,0,0.0
900273,700181,AL,15,2073,ACTIVE,2024-06-11,2026-05-11,770200.0,11.41,127,4,146267.82
900274,700182,PL,7,2010,CLOSED,2025-07-20,2027-03-20,1001200.0,17.92,0,0,0.0
900275,700183,TWL,20,2065,CLOSED,2025-02-17,2026-12-17,122800.0,12.7,0,0,0.0
900276,700183,GL,19,2002,CLOSED,2022-11-02,2023-10-02,1489900.0,8.7,0,0,0.0
900277,700183,CL,20,2031,ACTIVE,2023-09-29,2024-07-29,500000.0,14.85,121,4,207407.44
900278,700184,PL,3,2052,ACTIVE,2023-12-22,2025-10-22,497900.0,16.48,7,1,26019.19
900279,700184,MFI,3,2097,ACTIVE,2021-07-16,2022-04-16,36500.0,21.06,33,1,4343.45
900280,700184,CL,10,2045,CLOSED,2022-04-30,2022-10-30,118400.0,15.31,0,0,0.0
900281,700184,TWL,1,2032,CLOSED,2024-11-07,2026-09-07,252200.0,13.23,0,0,0.0
900282,700185,CL,5,2014,CLOSED,2025-06-27,2026-10-27,56500.0,13.86,0,0,0.0
900283,700186,EL,4,2091,CLOSED,2024-11-02,2027-09-02,2891200.0,10.95,0,0,0.0
900284,700187,CL,11,2030,CLOSED,2024-12-15,2026-06-15,158000.0,15.35,0,0,0.0
900285,700187,TWL,20,2080,CLOSED,2024-08-10,2026-07-10,113100.0,13.47,0,0,0.0
900286,700187,GL,16,2024,ACTIVE,2025-01-13,2025-07-13,535900.0,8.83,14,1,90961.67
900287,700188,MFI,15,2015,CLOSED,2025-01-10,2025-12-10,76900.0,19.94,0,0,0.0
900288,700188,BL,16,2037,CLOSED,2025-02-23,2027-01-23,1628600.0,15.65,0,0,0.0
900289,700189,PL,5,2003,CLOSED,2025-01-25,2026-11-25,71200.0,14.66,0,0,0.0
900290,700189,AL,10,2045,CLOSED,2024-06-04,2027-11-04,2843800.0,10.59,0,0,0.0
900291,700190,EL,8,2034,CLOSED,2019-12-20,2022-03-20,168100.0,11.11,0,0,0.0
900292,700191,HL,1,2020,ACTIVE,2018-06-08,2025-04-08,6460800.0,8.88,203,6,616224.78
900293,700191,GL,13,2094,CLOSED,2025-11-12,2026-11-12,1533600.0,8.6,0,0,0.0
900294,700191,PL,13,2029,CLOSED,2018-05-26,2019-07-26,1365800.0,14.91,0,0,0.0
900295,700192,MFI,4,2115,CLOSED,2023-02-28,2023-10-28,11000.0,21.65,0,0,0.0
900296,700193,MFI,5,2099,CLOSED,2023-01-05,2023-11-05,65500.0,20.68,0,0,0.0
900297,700193,CL,5,2035,CLOSED,2024-08-03,2025-04-03,259300.0,14.76,0,0,0.0
900298,700193,CL,6,2044,CLOSED,2018-04-28,2019-05-28,413300.0,14.49,0,0,0.0
900299,700194,PL,11,2048,CLOSED,2025-07-24,2027-05-24,918000.0,15.65,0,0,0.0
900300,700195,TWL,5,2003,CLOSED,2025-06-27,2026-11-27,278900.0,11.79,0,0,0.0
900301,700196,AL,3,2117,CLOSED,2020-04-17,2023-09-17,110800.0,10.81,0,0,0.0
900302,700196,CL,1,2049,CLOSED,2024-10-11,2025-07-11,12400.0,14.98,0,0,0.0
900303,700197,TWL,4,2090,CLOSED,2024-03-27,2025-11-27,36900.0,15.2,0,0,0.0
900304,700197,CL,3,2097,CLOSED,2020-02-29,2021-05-29,493300.0,17.72,0,0,0.0
900305,700198,EL,17,2060,ACTIVE,2023-04-07,2026-05-07,2736700.0,11.01,306,10,833027.75
900306,700198,BL,2,2062,CLOSED,2022-01-11,2024-08-11,3556800.0,18.73,0,0,0.0
900307,700198,HL,18,2103,CLOSED,2024-12-29,2028-06-29,5748900.0,10.68,0,0,0.0
900308,700199,GL,10,2045,ACTIVE,2023-12-08,2024-08-08,1971400.0,8.19,78,2,502951.96
900309,700199,CL,3,2084,CLOSED,2024-09-30,2025-07-30,124900.0,14.31,0,0,0.0
900310,700199,TWL,19,2002,CLOSED,2023-06-18,2025-04-18,71000.0,12.42,0,0,0.0
900311,700199,EL,20,2031,ACTIVE,2025-08-14,2030-01-14,2116400.0,9.61,108,3,145153.44
900312,700200,TWL,21,2088,ACTIVE,2019-12-02,2021-12-02,56900.0,13.39,42,2,5341.56
900313,700200,CL,4,2025,CLOSED,2022-06-27,2023-04-27,310100.0,15.47,0,0,0.0
900314,700200,PL,21,2066,CLOSED,2024-07-23,2026-01-23,199300.0,16.58,0,0,0.0
900315,700201,MFI,5,2003,ACTIVE,2024-11-23,2025-09-23,60100.0,19.55,34,1,6456.38
900316,700201,CL,6,2044,ACTIVE,2024-06-12,2025-05-12,16900.0,13.68,30,1,1624.91
900317,700201,PL,5,2099,CLOSED,2024-04-29,2025-12-29,358800.0,13.53,0,0,0.0
900318,700202,AL,15,2015,CLOSED,2023-05-26,2025-12-26,813300.0,10.95,0,0,0.0
900319,700202,PL,8,2076,CLOSED,2025-03-22,2026-07-22,1416000.0,15.16,0,0,0.0
900320,700203,LAP,3,2067,ACTIVE,2025-07-13,2030-11-13,4968600.0,12.3,95,3,312314.05
900321,700203,AL,2,2118,CLOSED,2025-04-23,2026-04-23,1461800.0,11.36,0,0,0.0
900322,700204,GL,25,2013,CLOSED,2022-05-28,2023-04-28,1583700.0,7.89,0,0,0.0
900323,700205,CL,9,2046,ACTIVE,2023-11-03,2024-12-03,22100.0,15.83,48,1,1836.86
900324,700206,PL,2,2104,CLOSED,2022-04-20,2023-12-20,764600.0,19.93,0,0,0.0
900325,700207,MFI,6,2044,CLOSED,2023-01-11,2024-01-11,16400.0,18.16,0,0,0.0
900326,700208,EL,24,2016,CLOSED,2025-06-22,2029-11-22,2509500.0,11.43,0,0,0.0
900327,700209,CL,25,2011,CLOSED,2025-04-08,2026-09-08,32700.0,14.45,0,0,0.0
900328,700210,GL,24,2063,CLOSED,2025-12-08,2026-09-08,1424900.0,7.9,0,0,0.0
900329,700211,EL,18,2103,CLOSED,2024-09-01,2026-09-01,1743000.0,10.06,0,0,0.0
900330,700212,TWL,16,2037,ACTIVE,2023-08-15,2025-04-15,74400.0,15.01,256,8,31995.26
900331,700213,AL,4,2090,ACTIVE,2024-01-03,2025-01-03,623800.0,9.92,9,1,54369.27
900332,700213,PL,2,2106,CLOSED,2024-10-26,2026-09-26,403800.0,13.8,0,0,0.0
900333,700214,AL,8,2034,CLOSED,2025-10-19,2028-02-19,2953800.0,12.28,0,0,0.0
900334,700215,HL,23,2023,CLOSED,2025-10-05,2028-12-05,1562300.0,10.58,0,0,0.0
900335,700216,EL,13,2054,ACTIVE,2020-11-12,2023-04-12,100500.0,9.94,78,2,7729.17
900336,700217,TWL,6,2053,ACTIVE,2025-04-23,2026-08-23,262600.0,12.25,43,1,17692.16
900337,700218,LAP,10,2095,CLOSED,2019-12-11,2025-10-11,10167400.0,10.9,0,0,0.0
900338,700218,PL,9,2046,ACTIVE,2020-05-19,2021-06-19,398300.0,15.35,249,8,252842.67
900339,700219,CL,24,2063,CLOSED,2024-11-06,2026-01-06,273200.0,16.55,0,0,0.0
900340,700219,PL,5,2102,CLOSED,2025-06-14,2027-02-14,72000.0,18.55,0,0,0.0
900341,700220,PL,25,2013,CLOSED,2021-04-23,2022-11-23,60100.0,14.16,0,0,0.0
900342,700220,PL,25,2068,ACTIVE,2019-01-07,2020-06-07,944300.0,14.07,4,3,180522.55
900343,700221,BL,12,2096,CLOSED,2025-03-28,2029-03-28,444100.0,17.38,0,0,0.0
900344,700221,AL,5,2014,ACTIVE,2024-11-19,2027-10-19,337000.0,11.43,11,1,11260.65
900345,700221,GL,13,2007,CLOSED,2020-07-07,2021-02-07,59600.0,9.31,0,0,0.0
900346,700222,CL,21,2008,ACTIVE,2023-11-01,2025-02-01,32000.0,15.15,38,2,4622.49
900347,700223,HL,24,2089,CLOSED,2019-01-18,2024-02-18,938000.0,10.28,0,0,0.0
900348,700223,AL,24,2016,ACTIVE,2020-05-06,2023-06-06,662900.0,11.74,313,10,203307.27
900349,700224,GL,2,2105,CLOSED,2025-03-10,2025-10-10,420800.0,9.16,0,0,0.0
900350,700225,GL,20,2056,CLOSED,2020-10-29,2021-10-29,267000.0,8.4,0,0,0.0
900351,700226,GL,15,2015,CLOSED,2021-11-09,2022-07-09,19000.0,8.88,0,0,0.0
900352,700227,GL,8,2038,CLOSED,2019-09-26,2020-05-26,1124400.0,8.7,0,0,0.0
900353,700228,PL,3,2021,CLOSED,2019-12-31,2020-12-31,304400.0,17.18,0,0,0.0
900354,700228,PL,14,2009,ACTIVE,2021-08-09,2023-01-09,163800.0,17.07,114,3,31835.82
900355,700229,BL,4,2090,ACTIVE,2025-02-06,2027-03-06,1392100.0,17.56,17,1,65926.43
900356,700230,CL,24,2063,ACTIVE,2019-05-29,2020-02-29,328600.0,14.78,45,1,38324.25
900357,700231,PL,24,2089,CLOSED,2018-07-19,2020-04-19,784700.0,16.23,0,0,0.0
900358,700232,GL,1,2004,CLOSED,2022-06-27,2023-01-27,1995100.0,8.64,0,0,0.0
900359,700233,PL,22,2019,CLOSED,2025-10-23,2027-01-23,823200.0,15.92,0,0,0.0
900360,700233,HL,19,2116,CLOSED,2025-05-27,2031-12-27,2044800.0,9.59,0,0,0.0
900361,700234,BL,24,2063,ACTIVE,2020-10-13,2025-07-13,3839200.0,14.8,10,1,93031.36
900362,700234,EL,16,2027,CLOSED,2022-10-19,2026-11-19,1538900.0,8.68,0,0,0.0
900363,700235,PL,16,2078,CLOSED,2019-01-23,2020-05-23,1020400.0,16.66,0,0,0.0
900364,700236,MFI,7,2079,CLOSED,2020-11-13,2021-07-13,66100.0,21.3,0,0,0.0
900365,700237,TWL,8,2076,ACTIVE,2025-05-24,2026-07-24,87300.0,14.85,40,1,6746.39
900366,700237,MFI,8,2038,CLOSED,2025-07-23,2026-06-23,90900.0,22.85,0,0,0.0
900367,700238,LAP,15,2012,ACTIVE,2021-06-29,2023-10-29,14742900.0,12.07,54,1,600736.19
900368,700238,BL,3,2052,ACTIVE,2022-12-01,2025-04-01,3050100.0,18.29,15,1,132619.13
900369,700239,EL,18,2077,CLOSED,2025-01-30,2029-01-30,979100.0,10.17,0,0,0.0
900370,700240,PL,7,2079,ACTIVE,2025-04-06,2026-04-06,279100.0,14.6,42,2,49374.0
900371,700241,EL,2,2104,ACTIVE,2024-12-10,2027-05-10,1867100.0,10.25,35,1,72340.97
900372,700241,PL,21,2036,ACTIVE,2022-09-19,2023-10-19,64500.0,17.35,126,4,21142.68
900373,700242,CL,6,2044,ACTIVE,2021-10-07,2022-06-07,154600.0,14.88,33,1,20168.74
900374,700243,TWL,6,2053,CLOSED,2025-09-12,2027-03-12,66300.0,12.21,0,0,0.0
900375,700243,PL,5,2035,ACTIVE,2023-12-23,2025-11-23,283500.0,14.67,343,11,145475.91
900376,700244,EL,11,2075,CLOSED,2019-02-24,2022-05-24,673900.0,10.1,0,0,0.0
900377,700244,CL,9,2006,ACTIVE,2024-01-18,2025-06-18,164800.0,14.96,32,1,10684.51
900378,700244,TWL,11,2048,CLOSED,2025-01-03,2026-04-03,293600.0,13.0,0,0,0.0
900379,700245,AL,21,2066,ACTIVE,2024-09-29,2027-02-28,1502400.0,11.08,33,1,58747.11
900380,700245,AL,3,2084,CLOSED,2023-10-29,2026-07-29,2531100.0,11.61,0,0,0.0
900381,700246,BL,20,2056,ACTIVE,2019-11-07,2020-11-07,208000.0,15.86,28,1,18612.25
900382,700247,BL,21,2008,CLOSED,2025-03-12,2026-12-12,3598200.0,16.82,0,0,0.0
900383,700247,EL,21,2088,CLOSED,2024-12-13,2027-02-13,2932000.0,9.77,0,0,0.0
900384,700248,TWL,23,2041,ACTIVE,2021-04-07,2022-09-07,95700.0,12.44,40,1,6105.78
900385,700248,PL,4,2085,ACTIVE,2024-09-15,2025-10-15,1262200.0,15.18,234,7,705209.13
900386,700248,MFI,15,2012,CLOSED,2018-05-13,2018-11-13,5200.0,20.59,0,0,0.0
900387,700249,PL,23,2023,ACTIVE,2018-11-14,2020-10-14,525100.0,13.41,33,1,25729.09
900388,700250,HL,2,2105,CLOSED,2020-10-29,2027-10-29,979400.0,8.63,0,0,0.0
900389,700251,AL,2,2108,ACTIVE,2024-04-12,2028-01-12,2350400.0,11.08,41,1,63482.59
900390,700252,MFI,15,2012,ACTIVE,2024-06-05,2025-06-05,55100.0,21.45,43,2,10015.62
900391,700253,PL,4,2085,ACTIVE,2025-06-12,2027-01-12,812200.0,15.54,122,4,187865.23
900392,700254,MFI,12,2017,CLOSED,2022-12-18,2023-12-18,84600.0,22.76,0,0,0.0
900393,700254,PL,21,2008,CLOSED,2023-03-12,2025-01-12,292800.0,18.63,0,0,0.0
900394,700255,BL,24,2089,CLOSED,2024-03-04,2025-10-04,3580400.0,17.46,0,0,0.0
900395,700255,HL,3,2097,CLOSED,2023-11-02,2029-09-02,4168800.0,9.76,0,0,0.0
900396,700256,PL,17,2051,CLOSED,2021-11-27,2022-11-27,1375700.0,18.95,0,0,0.0
900397,700256,EL,15,2012,CLOSED,2021-07-26,2025-06-26,1500700.0,10.8,0,0,0.0
900398,700256,CL,16,2024,ACTIVE,2024-02-16,2025-04-16,209700.0,17.05,34,1,16390.6
900399,700257,GL,9,2046,ACTIVE,2018-03-20,2019-01-20,22700.0,10.66,70,2,4702.01
900400,700258,CL,23,2005,CLOSED,2023-05-11,2024-09-11,140400.0,13.19,0,0,0.0
900401,700258,CL,23,2069,CLOSED,2018-04-06,2018-11-06,64000.0,13.64,0,0,0.0
900402,700258,PL,23,2069,CLOSED,2020-09-09,2022-06-09,1179200.0,13.58,0,0,0.0
900403,700259,MFI,18,2098,CLOSED,2025-01-02,2025-12-02,54000.0,22.56,0,0,0.0
900404,700260,TWL,22,2093,CLOSED,2024-02-26,2026-01-26,78100.0,13.34,0,0,0.0
900405,700261,PL,25,2068,CLOSED,2022-05-05,2023-07-05,52700.0,14.31,0,0,0.0
900406,700261,EL,25,2013,CLOSED,2024-04-25,2028-03-25,238500.0,9.28,0,0,0.0
900407,700261,CL,25,2061,CLOSED,2022-02-23,2023-06-23,228200.0,14.38,0,0,0.0
900408,700262,CL,20,2080,CLOSED,2021-04-03,2022-10-03,65900.0,16.36,0,0,0.0
900409,700262,PL,18,2040,CLOSED,2022-07-01,2024-01-01,56700.0,18.57,0,0,0.0
900410,700262,PL,14,2100,CLOSED,2022-08-05,2023-10-05,924200.0,18.49,0,0,0.0
900411,700263,EL,5,2099,ACTIVE,2024-08-20,2026-08-20,81600.0,8.9,35,1,3696.71
900412,700263,EL,12,2017,ACTIVE,2025-08-31,2030-06-30,2844400.0,9.05,5,1,60273.82
900413,700264,AL,21,2113,ACTIVE,2024-07-20,2027-12-20,353300.0,11.31,53,1,10331.63
900414,700264,TWL,21,2113,CLOSED,2021-08-15,2023-05-15,30900.0,13.79,0,0,0.0
900415,700264,CL,22,2022,CLOSED,2025-01-17,2026-07-17,153400.0,15.74,0,0,0.0
900416,700265,GL,20,2065,CLOSED,2025-09-03,2026-06-03,795300.0,9.25,0,0,0.0
900417,700266,BL,20,2080,CLOSED,2025-06-15,2026-10-15,1544500.0,19.05,0,0,0.0
900418,700266,GL,20,2080,CLOSED,2024-10-21,2025-10-21,1522400.0,9.84,0,0,0.0
900419,700266,CL,16,2078,ACTIVE,2022-08-29,2023-10-29,201400.0,16.79,49,1,15720.77
900420,700267,CL,22,2093,ACTIVE,2023-12-20,2025-05-20,344000.0,16.56,34,3,66672.3
900421,700267,AL,22,2019,ACTIVE,2019-08-28,2021-06-28,1287300.0,12.18,26,2,129199.34
900422,700268,AL,19,2116,ACTIVE,2025-06-05,2027-05-05,808600.0,11.01,40,2,77248.81
900423,700269,BL,10,2095,ACTIVE,2020-07-06,2025-06-06,181500.0,17.61,1,1,4552.21
900424,700270,GL,6,2092,CLOSED,2025-02-14,2025-08-14,953500.0,9.09,0,0,0.0
900425,700270,MFI,3,2052,CLOSED,2024-12-08,2025-11-08,27200.0,21.35,0,0,0.0
900426,700271,TWL,20,2065,CLOSED,2020-08-19,2021-09-19,112200.0,12.63,0,0,0.0
900427,700271,TWL,3,2067,CLOSED,2021-12-08,2023-07-08,126200.0,12.34,0,0,0.0
900428,700272,GL,24,2063,ACTIVE,2025-09-06,2026-04-06,1492900.0,8.98,29,1,218071.05
900429,700273,PL,10,2045,ACTIVE,2020-10-04,2022-09-04,675700.0,13.72,20,1,33197.23
900430,700274,MFI,9,2046,ACTIVE,2018-06-06,2019-03-06,98100.0,21.59,60,2,23180.26
900431,700275,EL,19,2109,CLOSED,2025-10-31,2029-10-31,320800.0,10.42,0,0,0.0
900432,700275,TWL,19,2002,ACTIVE,2024-10-10,2026-07-10,269500.0,14.12,54,1,14389.78
900433,700276,CL,10,2045,ACTIVE,2024-10-01,2025-10-01,436000.0,14.9,25,1,38849.67
900434,700276,AL,20,2031,ACTIVE,2024-01-31,2025-09-30,151600.0,10.76,312,10,79180.98
900435,700277,LAP,11,2064,CLOSED,2025-09-12,2027-10-12,8386800.0,10.63,0,0,0.0
900436,700278,PL,13,2029,CLOSED,2018-05-09,2019-11-09,1212400.0,13.25,0,0,0.0
900437,700279,CL,1,2020,ACTIVE,2022-01-15,2023-06-15,293200.0,14.18,21,3,56085.44
900438,700280,GL,13,2094,ACTIVE,2021-05-24,2022-03-24,25000.0,10.32,307,10,25000.0
900439,700281,TWL,22,2022,ACTIVE,2021-02-12,2022-08-12,204300.0,12.42,38,2,24614.26
900440,700281,EL,9,2046,CLOSED,2023-12-26,2028-03-26,457600.0,9.4,0,0,0.0
900441,700282,GL,20,2056,CLOSED,2024-04-28,2025-02-28,1312500.0,8.02,0,0,0.0
900442,700283,CL,22,2019,ACTIVE,2023-07-30,2024-03-30,95500.0,14.71,115,3,36907.56
900443,700283,CL,10,2095,ACTIVE,2024-11-16,2025-10-16,42300.0,14.84,7,2,8122.28
900444,700284,TWL,18,2120,CLOSED,2024-06-10,2026-04-10,165600.0,13.85,0,0,0.0
900445,700285,GL,25,2013,CLOSED,2022-05-15,2023-05-15,13700.0,8.57,0,0,0.0
900446,700286,PL,25,2061,CLOSED,2020-06-08,2022-05-08,51800.0,19.0,0,0,0.0
900447,700287,TWL,23,2041,CLOSED,2023-07-05,2025-01-05,64300.0,14.96,0,0,0.0
900448,700288,MFI,21,2036,CLOSED,2025-11-03,2026-09-03,39800.0,21.47,0,0,0.0
900449,700288,TWL,16,2027,CLOSED,2019-11-17,2021-05-17,30100.0,13.67,0,0,0.0
900450,700288,GL,19,2116,CLOSED,2024-10-07,2025-08-07,1623100.0,9.22,0,0,0.0
900451,700288,MFI,25,2011,CLOSED,2023-07-09,2024-04-09,34400.0,21.57,0,0,0.0
900452,700289,GL,11,2048,CLOSED,2019-01-24,2019-12-24,19000.0,8.52,0,0,0.0
900453,700290,BL,8,2038,ACTIVE,2018-05-13,2022-10-13,2096700.0,16.97,45,1,55699.41
900454,700290,PL,17,2060,ACTIVE,2025-03-17,2026-05-17,878100.0,15.88,283,9,582871.21
900455,700290,PL,8,2114,CLOSED,2018-10-18,2020-06-18,625400.0,16.12,0,0,0.0
900456,700291,GL,7,2112,CLOSED,2023-11-29,2024-05-29,672000.0,8.04,0,0,0.0
900457,700292,AL,19,2109,CLOSED,2022-10-10,2026-07-10,1489000.0,10.7,0,0,0.0
900458,700292,PL,25,2011,ACTIVE,2025-05-12,2027-04-12,51200.0,15.1,39,1,2545.59
900459,700293,MFI,4,2025,CLOSED,2019-08-27,2020-03-27,89100.0,21.75,0,0,0.0
900460,700293,BL,4,2025,CLOSED,2024-01-04,2026-02-04,501400.0,18.2,0,0,0.0
900461,700294,EL,20,2056,ACTIVE,2021-05-31,2026-05-31,2515500.0,9.57,112,3,156250.04
900462,700295,AL,12,2086,ACTIVE,2020-10-03,2022-06-03,1311800.0,11.77,248,8,555625.66
900463,700296,BL,5,2035,CLOSED,2024-08-17,2027-05-17,1381600.0,15.68,0,0,0.0
900464,700297,GL,21,2036,CLOSED,2024-01-09,2025-01-09,670100.0,9.34,0,0,0.0
900465,700297,BL,22,2022,ACTIVE,2024-08-15,2027-05-15,2137700.0,17.86,139,4,317904.85
900466,700298,GL,23,2069,CLOSED,2020-06-13,2021-01-13,648700.0,9.24,0,0,0.0
900467,700298,EL,23,2069,CLOSED,2025-05-06,2029-06-06,1264400.0,10.41,0,0,0.0
900468,700299,CL,23,2069,ACTIVE,2022-08-13,2023-03-13,416700.0,18.05,47,1,62227.66
900469,700299,PL,23,2041,ACTIVE,2019-01-25,2020-11-25,62800.0,21.02,42,1,3404.79
900470,700300,GL,1,2032,CLOSED,2018-03-08,2018-10-08,959500.0,8.12,0,0,0.0
900471,700301,CL,24,2063,ACTIVE,2021-02-14,2022-02-14,108300.0,15.82,33,3,28691.0
900472,700302,GL,25,2068,ACTIVE,2025-12-29,2026-08-29,1733100.0,10.57,13,1,223345.02
900473,700302,PL,25,2013,CLOSED,2025-06-12,2027-01-12,90300.0,20.57,0,0,0.0
900474,700303,BL,13,2094,CLOSED,2025-04-02,2028-06-02,2947900.0,19.32,0,0,0.0
900475,700304,GL,4,2025,CLOSED,2024-11-24,2025-05-24,762500.0,9.25,0,0,0.0
900476,700305,GL,10,2071,ACTIVE,2025-11-02,2026-09-02,424000.0,8.23,32,1,43715.94
900477,700305,BL,10,2071,ACTIVE,2025-09-15,2026-10-15,3080200.0,16.22,41,1,256491.55
900478,700305,PL,21,2113,ACTIVE,2023-11-12,2025-01-12,1173700.0,14.14,282,9,776434.64
900479,700306,HL,3,2021,CLOSED,2025-09-22,2031-05-22,655700.0,9.58,0,0,0.0
900480,700307,PL,7,2087,CLOSED,2021-11-24,2023-06-24,1146200.0,14.9,0,0,0.0
900481,700307,BL,24,2047,CLOSED,2020-12-10,2024-01-10,3570600.0,16.69,0,0,0.0
900482,700308,PL,24,2016,ACTIVE,2023-01-27,2024-07-27,149300.0,18.4,44,1,9410.4
900483,700309,BL,7,2079,CLOSED,2022-10-12,2024-09-12,1829000.0,18.92,0,0,0.0
900484,700310,PL,6,2053,CLOSED,2022-06-22,2024-06-22,1032500.0,14.42,0,0,0.0
900485,700311,EL,23,2041,CLOSED,2019-06-30,2024-03-30,51200.0,9.56,0,0,0.0
900486,700311,MFI,6,2053,ACTIVE,2022-10-26,2023-04-26,91400.0,20.6,4,1,15888.82
900487,700312,PL,24,2016,CLOSED,2024-08-12,2026-06-12,794600.0,15.92,0,0,0.0
900488,700312,CL,18,2120,ACTIVE,2022-06-23,2023-06-23,154700.0,15.38,64,2,27452.54
900489,700313,TWL,9,2001,CLOSED,2024-01-09,2025-03-09,206600.0,11.27,0,0,0.0
900490,700313,PL,10,2101,ACTIVE,2018-05-30,2019-10-30,285100.0,13.3,82,2,36379.28
900491,700314,GL,13,2094,CLOSED,2025-02-18,2025-09-18,105600.0,9.95,0,0,0.0
900492,700314,AL,21,2113,ACTIVE,2023-04-19,2026-01-19,1080600.0,11.48,40,1,37977.62
900493,700315,LAP,15,2074,ACTIVE,2025-09-30,2032-01-30,1476800.0,11.43,27,1,27136.09
900494,700316,BL,25,2013,CLOSED,2025-10-31,2026-11-30,2815900.0,15.5,0,0,0.0
900495,700317,CL,17,2051,CLOSED,2020-09-02,2021-05-02,64400.0,12.82,0,0,0.0
900496,700318,PL,25,2013,ACTIVE,2023-10-30,2024-10-30,75300.0,15.77,13,1,6735.33
900497,700318,PL,25,2068,CLOSED,2025-09-25,2027-04-25,362600.0,15.97,0,0,0.0
900498,700319,BL,10,2071,CLOSED,2022-05-03,2026-05-03,1269100.0,14.95,0,0,0.0
900499,700320,EL,21,2036,ACTIVE,2025-05-17,2029-06-17,2898000.0,10.68,13,1,72586.01
900500,700320,PL,10,2071,CLOSED,2023-11-24,2025-04-24,1171900.0,17.2,0,0,0.0
900501,700321,GL,14,2082,ACTIVE,2022-10-22,2023-09-22,1769600.0,8.47,36,2,332011.79
900502,700322,GL,24,2047,CLOSED,2024-01-06,2024-09-06,1135100.0,9.19,0,0,0.0
900503,700322,PL,13,2107,CLOSED,2024-08-04,2026-07-04,1045400.0,16.14,0,0,0.0
900504,700323,MFI,14,2100,CLOSED,2023-06-09,2024-02-09,13400.0,23.17,0,0,0.0
900505,700324,GL,9,2046,ACTIVE,2018-04-12,2018-10-12,643800.0,8.85,54,1,109280.7
900506,700324,EL,9,2006,CLOSED,2022-05-02,2025-11-02,1393900.0,9.95,0,0,0.0
900507,700325,EL,12,2017,CLOSED,2019-12-21,2024-01-21,486800.0,9.28,0,0,0.0
900508,700326,CL,16,2024,ACTIVE,2024-05-10,2025-05-10,202600.0,14.98,30,2,35895.31
900509,700326,MFI,16,2024,ACTIVE,2022-08-02,2023-02-02,80900.0,21.44,15,2,27927.21
900510,700327,MFI,14,2009,ACTIVE,2022-11-10,2023-05-10,83400.0,21.42,35,1,14521.99
900511,700328,PL,15,2073,CLOSED,2020-03-27,2021-11-27,1180000.0,12.99,0,0,0.0
900512,700329,GL,7,2079,CLOSED,2024-07-17,2025-02-17,1463900.0,9.73,0,0,0.0
900513,700330,EL,24,2089,ACTIVE,2019-01-29,2022-11-29,1905600.0,10.87,18,1,50382.81
900514,700331,EL,10,2071,ACTIVE,2025-05-07,2029-04-07,2159600.0,10.52,97,3,165868.49
900515,700331,BL,21,2066,CLOSED,2025-06-11,2029-10-11,3439100.0,17.89,0,0,0.0
900516,700332,TWL,7,2010,CLOSED,2025-05-04,2027-05-04,114000.0,14.63,0,0,0.0
900517,700333,GL,12,2086,CLOSED,2021-01-01,2022-01-01,767700.0,7.94,0,0,0.0
900518,700333,CL,21,2008,ACTIVE,2019-06-29,2020-04-29,284600.0,13.33,275,9,257533.84
900519,700334,TWL,23,2041,ACTIVE,2023-09-16,2025-05-16,249000.0,12.43,12,1,13706.28
900520,700334,BL,23,2005,ACTIVE,2021-10-07,2023-02-07,4747300.0,16.5,51,1,328056.0
900521,700335,HL,23,2005,CLOSED,2025-07-20,2031-06-20,5926000.0,10.37,0,0,0.0
900522,700335,TWL,7,2010,CLOSED,2025-06-20,2026-07-20,92000.0,14.13,0,0,0.0
900523,700335,GL,8,2114,CLOSED,2025-05-28,2025-11-28,407100.0,9.89,0,0,0.0
900524,700336,BL,19,2111,ACTIVE,2021-08-02,2025-04-02,2170400.0,17.6,11,2,131680.66
900525,700337,LAP,18,2103,CLOSED,2019-10-26,2023-02-26,3239500.0,9.0,0,0,0.0
900526,700338,CL,22,2026,CLOSED,2023-12-24,2024-09-24,341200.0,15.68,0,0,0.0
900527,700339,MFI,5,2003,CLOSED,2025-03-04,2026-02-04,43800.0,21.78,0,0,0.0
900528,700339,PL,5,2014,CLOSED,2021-06-22,2023-02-22,1156400.0,17.55,0,0,0.0
900529,700340,CL,10,2071,CLOSED,2019-08-25,2020-06-25,490400.0,14.82,0,0,0.0
900530,700340,AL,10,2095,ACTIVE,2022-08-26,2023-09-26,2824600.0,10.45,26,1,228759.28
900531,700341,TWL,23,2023,CLOSED,2018-08-25,2020-06-25,138100.0,12.34,0,0,0.0
900532,700341,GL,23,2041,CLOSED,2018-02-07,2019-02-07,616400.0,8.19,0,0,0.0
900533,700342,EL,11,2039,CLOSED,2018-06-26,2022-11-26,2999800.0,9.48,0,0,0.0
900534,700342,CL,3,2052,CLOSED,2018-09-23,2019-06-23,488600.0,15.08,0,0,0.0
900535,700343,GL,12,2072,ACTIVE,2019-04-01,2019-11-01,1267900.0,9.43,31,1,185409.6
900536,700344,PL,21,2008,CLOSED,2025-01-20,2026-06-20,199200.0,18.57,0,0,0.0
900537,700344,MFI,5,2102,CLOSED,2021-10-31,2022-10-31,16100.0,22.65,0,0,0.0
900538,700345,GL,19,2111,CLOSED,2021-11-15,2022-05-15,1663400.0,8.69,0,0,0.0
900539,700345,AL,19,2081,CLOSED,2020-01-13,2022-06-13,2595100.0,10.59,0,0,0.0
900540,700346,AL,7,2079,CLOSED,2021-01-02,2023-03-02,169400.0,11.17,0,0,0.0
900541,700346,GL,7,2018,CLOSED,2022-01-24,2022-11-24,284500.0,9.21,0,0,0.0
900542,700347,MFI,11,2064,CLOSED,2025-10-20,2026-06-20,98400.0,23.09,0,0,0.0
900543,700347,TWL,11,2030,ACTIVE,2024-07-11,2026-05-11,50100.0,15.22,1,2,5149.95
900544,700348,PL,16,2027,CLOSED,2021-12-29,2023-02-28,370100.0,13.78,0,0,0.0
900545,700348,BL,18,2120,CLOSED,2018-04-08,2021-05-08,4844400.0,15.77,0,0,0.0
900546,700349,CL,21,2088,ACTIVE,2021-06-26,2022-08-26,462600.0,14.31,98,3,105691.3
900547,700349,MFI,22,2026,CLOSED,2025-02-02,2025-09-02,64200.0,20.13,0,0,0.0
900548,700350,TWL,9,2006,ACTIVE,2025-11-02,2027-01-02,34900.0,13.62,13,2,5329.59
900549,700351,CL,14,2082,CLOSED,2022-11-03,2024-04-03,10700.0,15.57,0,0,0.0
900550,700351,GL,6,2053,CLOSED,2022-12-21,2023-06-21,1186200.0,9.17,0,0,0.0
900551,700351,MFI,18,2040,CLOSED,2023-04-27,2023-11-27,30800.0,21.16,0,0,0.0
900552,700352,AL,16,2078,ACTIVE,2020-03-20,2023-06-20,2843900.0,10.8,315,10,826436.76
900553,700353,GL,8,2114,ACTIVE,2021-06-07,2022-03-07,1444600.0,9.32,38,1,165523.02
900554,700354,TWL,14,2100,CLOSED,2022-03-11,2024-02-11,34800.0,14.63,0,0,0.0
900555,700355,TWL,1,2049,ACTIVE,2021-07-24,2022-07-24,205600.0,12.41,8,1,18119.38
900556,700356,GL,1,2004,ACTIVE,2024-12-15,2025-12-15,1562500.0,9.83,30,3,405080.58
900557,700357,PL,18,2077,CLOSED,2023-10-24,2024-12-24,894400.0,15.21,0,0,0.0
900558,700358,LAP,18,2040,CLOSED,2022-10-26,2029-09-26,7228300.0,12.47,0,0,0.0
900559,700359,CL,19,2109,ACTIVE,2025-08-16,2026-07-16,66900.0,14.97,9,1,6465.78
900560,700360,TWL,14,2043,CLOSED,2020-10-01,2022-09-01,94600.0,13.15,0,0,0.0
900561,700361,GL,3,2021,CLOSED,2024-08-16,2025-04-16,211800.0,7.53,0,0,0.0
900562,700361,CL,10,2045,CLOSED,2024-04-12,2025-02-12,498500.0,12.81,0,0,0.0
900563,700362,BL,20,2031,CLOSED,2023-08-20,2026-09-20,164300.0,18.16,0,0,0.0
900564,700363,HL,2,2106,CLOSED,2022-08-16,2029-04-16,8327400.0,10.18,0,0,0.0
900565,700363,CL,4,2090,CLOSED,2021-05-30,2022-07-30,37600.0,16.71,0,0,0.0
900566,700364,AL,21,2088,CLOSED,2020-08-23,2022-04-23,1949000.0,11.7,0,0,0.0
900567,700365,MFI,21,2088,CLOSED,2018-01-13,2018-07-13,9500.0,22.22,0,0,0.0
900568,700365,PL,4,2085,CLOSED,2021-02-11,2022-04-11,820400.0,18.45,0,0,0.0
900569,700366,EL,19,2002,CLOSED,2025-12-10,2028-01-10,1749800.0,10.56,0,0,0.0
900570,700367,GL,19,2116,CLOSED,2019-11-21,2020-11-21,385300.0,8.34,0,0,0.0
900571,700368,TWL,7,2079,CLOSED,2022-08-03,2024-03-03,80500.0,12.0,0,0,0.0
900572,700368,GL,10,2101,CLOSED,2022-02-26,2022-12-26,1632400.0,8.27,0,0,0.0
900573,700369,BL,13,2054,ACTIVE,2020-03-24,2021-06-24,3661000.0,15.08,23,1,265975.65
900574,700370,AL,10,2101,ACTIVE,2021-12-07,2023-01-07,1056800.0,11.31,43,1,85946.12
900575,700370,TWL,9,2046,CLOSED,2020-06-08,2022-04-08,78200.0,14.28,0,0,0.0
900576,700370,CL,10,2095,CLOSED,2022-07-29,2023-07-29,93200.0,16.29,0,0,0.0
900577,700371,TWL,1,2049,CLOSED,2025-10-11,2026-10-11,152800.0,10.0,0,0,0.0
900578,700372,EL,11,2030,CLOSED,2018-06-29,2021-04-29,1940700.0,8.53,0,0,0.0
900579,700372,EL,11,2075,ACTIVE,2025-06-12,2029-08-12,2512000.0,8.46,1,1,59370.46
900580,700373,MFI,19,2111,ACTIVE,2020-12-12,2021-07-12,5600.0,21.44,220,7,5600.0
900581,700373,AL,19,2111,CLOSED,2024-09-30,2027-06-30,1047900.0,11.05,0,0,0.0
900582,700373,TWL,17,2051,CLOSED,2025-06-11,2026-12-11,76800.0,13.24,0,0,0.0
900583,700374,EL,13,2094,CLOSED,2023-09-09,2025-12-09,173700.0,11.48,0,0,0.0
900584,700375,MFI,20,2056,CLOSED,2025-05-13,2026-02-13,9300.0,21.11,0,0,0.0
900585,700376,TWL,4,2090,CLOSED,2022-05-18,2024-04-18,41800.0,12.78,0,0,0.0
900586,700376,GL,13,2054,ACTIVE,2025-08-30,2026-03-30,685000.0,9.08,104,3,298002.73
900587,700377,GL,22,2093,ACTIVE,2023-11-11,2024-06-11,1687700.0,10.44,54,1,247410.48
900588,700378,GL,11,2064,ACTIVE,2022-06-28,2023-06-28,1605900.0,8.77,49,1,139249.42
900589,700378,PL,15,2015,CLOSED,2025-02-18,2027-01-18,834800.0,15.92,0,0,0.0
900590,700379,EL,25,2013,CLOSED,2025-07-06,2027-10-06,391600.0,10.12,0,0,0.0
900591,700379,GL,18,2120,CLOSED,2022-07-13,2023-01-13,152400.0,9.27,0,0,0.0
900592,700379,GL,17,2028,CLOSED,2019-05-16,2020-01-16,306300.0,9.37,0,0,0.0
900593,700380,PL,18,2098,ACTIVE,2022-04-25,2024-02-25,607700.0,17.45,44,1,32009.6
900594,700381,PL,19,2109,CLOSED,2024-04-05,2025-08-05,198100.0,14.89,0,0,0.0
900595,700382,TWL,23,2005,ACTIVE,2025-10-12,2027-03-12,62600.0,11.63,274,9,34417.0
900596,700382,PL,23,2005,CLOSED,2024-04-26,2025-08-26,540200.0,13.8,0,0,0.0
900597,700383,BL,18,2120,ACTIVE,2022-10-15,2024-04-15,849400.0,17.62,210,7,357025.34
900598,700384,AL,12,2096,ACTIVE,2024-04-17,2026-09-17,1838000.0,11.0,74,2,142960.56
900599,700385,LAP,1,2049,ACTIVE,2021-03-27,2026-02-27,11547500.0,11.95,21,2,511863.37
900600,700385,CL,15,2074,CLOSED,2025-09-25,2026-10-25,235600.0,16.1,0,0,0.0
900601,700385,PL,2,2105,CLOSED,2025-06-20,2027-01-20,215500.0,17.07,0,0,0.0
900602,700385,GL,2,2104,CLOSED,2024-11-25,2025-07-25,15900.0,9.55,0,0,0.0
900603,700386,MFI,21,2066,CLOSED,2025-09-22,2026-08-22,26000.0,21.94,0,0,0.0
900604,700387,MFI,24,2016,ACTIVE,2025-03-21,2026-03-21,24700.0,21.09,14,1,2261.24
900605,700387,PL,3,2052,ACTIVE,2020-09-30,2021-09-30,1132000.0,15.65,95,3,299708.64
900606,700388,LAP,15,2074,ACTIVE,2022-09-19,2029-01-19,10989100.0,10.61,354,11,2079167.67
900607,700389,CL,16,2078,CLOSED,2023-02-03,2024-08-03,294500.0,16.08,0,0,0.0
900608,700389,PL,20,2065,ACTIVE,2025-11-07,2027-08-07,117900.0,17.42,51,1,6460.02
900609,700390,CL,21,2113,CLOSED,2023-04-24,2023-10-24,244000.0,18.14,0,0,0.0
900610,700391,PL,5,2102,ACTIVE,2025-12-02,2027-09-02,436400.0,15.07,111,3,69558.52
900611,700391,PL,6,2042,CLOSED,2022-05-20,2024-03-20,696500.0,15.04,0,0,0.0
900612,700392,EL,10,2101,ACTIVE,2024-02-02,2029-02-02,372900.0,10.95,5,1,8025.22
900613,700392,BL,5,2003,CLOSED,2021-05-26,2026-02-26,495600.0,19.08,0,0,0.0
900614,700393,CL,23,2041,CLOSED,2024-12-25,2025-07-25,17400.0,14.75,0,0,0.0
900615,700393,MFI,23,2069,CLOSED,2025-06-03,2026-04-03,42800.0,20.92,0,0,0.0
900616,700394,HL,23,2069,CLOSED,2025-11-11,2029-05-11,5441900.0,8.69,0,0,0.0
900617,700395,MFI,6,2092,ACTIVE,2018-07-25,2019-07-25,87400.0,20.91,307,10,74061.95
900618,700396,GL,10,2101,ACTIVE,2022-09-04,2023-07-04,301000.0,9.67,227,7,213222.77
900619,700397,EL,1,2004,ACTIVE,2019-03-25,2024-03-25,2938300.0,11.09,14,1,63431.51
900620,700398,CL,4,2091,CLOSED,2023-09-08,2025-01-08,78400.0,13.52,0,0,0.0
900621,700399,CL,18,2120,ACTIVE,2024-01-06,2024-11-06,238500.0,15.35,301,10,238500.0
900622,700399,TWL,17,2058,CLOSED,2025-07-16,2026-12-16,61600.0,13.19,0,0,0.0
900623,700400,GL,13,2094,CLOSED,2024-08-26,2025-08-26,16200.0,8.28,0,0,0.0
900624,700401,BL,13,2107,ACTIVE,2020-02-11,2022-01-11,1459500.0,15.95,19,2,145232.28
900625,700402,PL,8,2034,ACTIVE,2023-03-18,2024-06-18,662800.0,16.12,25,1,48432.4
900626,700403,CL,19,2109,CLOSED,2025-10-10,2026-06-10,55400.0,15.33,0,0,0.0
900627,700404,CL,4,2090,CLOSED,2021-03-01,2022-02-01,357000.0,16.24,0,0,0.0
900628,700404,PL,2,2059,CLOSED,2018-11-16,2020-02-16,239900.0,17.85,0,0,0.0
900629,700404,PL,4,2025,CLOSED,2019-07-03,2020-12-03,1417600.0,17.82,0,0,0.0
900630,700405,MFI,10,2095,ACTIVE,2019-04-13,2020-01-13,67200.0,24.82,289,9,67200.0
900631,700406,MFI,14,2009,CLOSED,2020-11-12,2021-11-12,16900.0,23.03,0,0,0.0
900632,700407,PL,16,2027,ACTIVE,2025-05-26,2026-11-26,484000.0,16.14,336,11,309469.9
900633,700407,GL,17,2055,ACTIVE,2023-02-27,2023-10-27,1306400.0,9.11,214,7,1147389.8
900634,700407,AL,25,2061,CLOSED,2025-12-19,2027-03-19,750500.0,11.02,0,0,0.0
900635,700408,GL,20,2056,ACTIVE,2019-12-18,2020-12-18,856700.0,9.21,196,6,438173.38
900636,700408,PL,19,2116,ACTIVE,2021-07-02,2022-10-02,1393100.0,16.34,34,1,101921.55
900637,700409,TWL,15,2015,CLOSED,2020-04-07,2021-08-07,259100.0,12.68,0,0,0.0
900638,700410,MFI,21,2066,CLOSED,2024-06-29,2025-04-29,48400.0,21.04,0,0,0.0
900639,700410,EL,17,2055,CLOSED,2024-07-17,2028-01-17,1665100.0,10.28,0,0,0.0
900640,700411,MFI,10,2095,CLOSED,2023-02-23,2023-09-23,9300.0,21.16,0,0,0.0
900641,700411,AL,9,2006,CLOSED,2021-11-01,2024-01-01,137200.0,11.01,0,0,0.0
900642,700412,PL,4,2091,CLOSED,2024-06-23,2026-03-23,72200.0,14.53,0,0,0.0
900643,700412,PL,3,2021,CLOSED,2024-11-25,2026-09-25,911000.0,14.53,0,0,0.0
900644,700413,GL,15,2073,CLOSED,2022-09-20,2023-06-20,1320300.0,9.44,0,0,0.0
900645,700413,EL,21,2113,ACTIVE,2023-03-06,2027-12-06,50700.0,10.51,44,1,1123.86
900646,700414,AL,20,2065,ACTIVE,2023-04-04,2024-04-04,143500.0,10.93,47,1,12563.65
900647,700414,GL,8,2070,CLOSED,2023-03-12,2023-10-12,123200.0,8.9,0,0,0.0
900648,700415,LAP,3,2117,ACTIVE,2022-04-21,2028-03-21,2664400.0,13.13,123,4,210867.8
900649,700415,PL,11,2048,ACTIVE,2018-06-21,2020-01-21,220200.0,19.14,365,12,146661.42
900650,700416,CL,25,2061,CLOSED,2019-01-23,2019-12-23,319000.0,13.98,0,0,0.0
900651,700417,PL,8,2070,ACTIVE,2024-11-01,2026-11-01,1457700.0,16.12,37,1,70509.95
900652,700418,AL,19,2002,ACTIVE,2020-07-24,2024-02-24,1036800.0,10.44,33,2,57263.2
900653,700419,BL,1,2049,ACTIVE,2025-06-27,2027-10-27,683800.0,15.07,22,1,28756.58
900654,700420,CL,9,2001,CLOSED,2023-06-25,2024-03-25,122900.0,13.93,0,0,0.0
900655,700420,PL,9,2001,CLOSED,2021-01-26,2022-10-26,1010500.0,13.94,0,0,0.0
900656,700421,AL,11,2064,ACTIVE,2022-10-10,2026-07-10,241800.0,10.76,92,3,19314.13
900657,700422,TWL,5,2014,CLOSED,2023-12-08,2025-01-08,30700.0,12.1,0,0,0.0
900658,700423,CL,17,2055,ACTIVE,2025-10-27,2026-07-27,290300.0,16.92,28,1,34091.33
900659,700424,PL,21,2008,CLOSED,2022-03-23,2023-12-23,432700.0,14.92,0,0,0.0
900660,700425,GL,17,2028,CLOSED,2022-11-17,2023-11-17,1815900.0,8.8,0,0,0.0
900661,700426,PL,22,2026,CLOSED,2021-07-30,2023-06-30,1210900.0,19.4,0,0,0.0
900662,700426,CL,7,2079,ACTIVE,2021-02-23,2021-10-23,350800.0,17.33,1,1,46081.86
900663,700426,GL,17,2051,CLOSED,2023-03-30,2023-09-30,848300.0,10.22,0,0,0.0
900664,700427,CL,2,2104,CLOSED,2021-12-25,2023-04-25,373500.0,13.15,0,0,0.0
900665,700427,BL,3,2052,ACTIVE,2023-05-12,2025-07-12,4335200.0,15.24,55,1,194357.95
900666,700427,CL,2,2104,CLOSED,2020-11-09,2021-09-09,390400.0,13.3,0,0,0.0
900667,700428,TWL,13,2029,CLOSED,2019-09-24,2021-09-24,87900.0,14.18,0,0,0.0
900668,700428,MFI,15,2012,CLOSED,2022-03-16,2022-09-16,5100.0,21.73,0,0,0.0
900669,700429,TWL,10,2045,CLOSED,2021-08-18,2022-10-18,32900.0,12.24,0,0,0.0
900670,700429,PL,10,2101,CLOSED,2019-05-28,2020-10-28,1292500.0,14.39,0,0,0.0
900671,700430,GL,7,2112,ACTIVE,2024-07-02,2025-06-02,1870000.0,8.99,33,1,176414.9
900672,700430,CL,7,2010,ACTIVE,2019-12-27,2020-09-27,35200.0,15.63,76,2,8180.27
900673,700431,PL,14,2050,CLOSED,2021-09-03,2022-12-03,801900.0,13.91,0,0,0.0
900674,700431,HL,25,2013,ACTIVE,2025-03-07,2029-03-07,6688300.0,9.06,34,1,165380.62
900675,700432,GL,14,2043,CLOSED,2023-10-26,2024-10-26,609200.0,7.84,0,0,0.0
900676,700433,AL,12,2033,ACTIVE,2024-11-22,2027-08-22,1757500.0,11.72,201,6,362842.5
900677,700433,PL,24,2047,ACTIVE,2024-01-23,2026-01-23,503300.0,17.9,365,12,273947.72
900678,700434,BL,24,2047,CLOSED,2019-06-11,2024-01-11,110400.0,18.97,0,0,0.0
900679,700434,PL,24,2089,ACTIVE,2025-07-05,2026-07-05,1168700.0,18.93,286,9,896770.74
900680,700435,LAP,11,2075,CLOSED,2024-12-21,2031-12-21,533400.0,11.58,0,0,0.0
900681,700435,PL,11,2030,ACTIVE,2025-01-18,2026-03-18,53200.0,16.04,46,1,4136.61
900682,700436,LAP,14,2043,CLOSED,2025-06-03,2031-09-03,3227700.0,10.78,0,0,0.0
900683,700437,TWL,1,2032,ACTIVE,2020-12-24,2022-02-24,206100.0,13.34,23,1,15802.54
900684,700438,HL,14,2082,ACTIVE,2025-09-28,2030-07-28,3582300.0,9.89,102,3,230038.49
900685,700438,PL,17,2060,ACTIVE,2025-10-11,2027-10-11,1407100.0,17.13,41,1,68677.76
900686,700439,MFI,7,2087,ACTIVE,2025-05-12,2026-02-12,7800.0,20.39,287,9,7800.0
900687,700439,AL,11,2039,ACTIVE,2025-11-14,2029-11-14,2091800.0,10.42,197,6,311328.26
900688,700440,GL,24,2063,CLOSED,2025-09-26,2026-05-26,818100.0,10.94,0,0,0.0
900689,700441,PL,25,2068,CLOSED,2021-07-04,2022-10-04,1161000.0,17.19,0,0,0.0
900690,700442,PL,2,2104,CLOSED,2022-01-23,2023-09-23,268200.0,18.59,0,0,0.0
900691,700443,GL,15,2073,CLOSED,2023-07-19,2024-07-19,131800.0,8.57,0,0,0.0
900692,700443,PL,21,2113,CLOSED,2022-02-21,2023-07-21,571200.0,15.53,0,0,0.0
900693,700444,PL,3,2052,CLOSED,2023-04-19,2024-09-19,666900.0,17.42,0,0,0.0
900694,700445,HL,13,2029,CLOSED,2025-12-15,2032-02-15,8714900.0,10.16,0,0,0.0
900695,700445,HL,13,2094,CLOSED,2024-04-01,2028-11-01,9913900.0,10.43,0,0,0.0
900696,700446,GL,25,2061,CLOSED,2021-06-26,2022-01-26,613800.0,10.27,0,0,0.0
900697,700446,PL,25,2068,CLOSED,2018-03-09,2019-04-09,394200.0,19.08,0,0,0.0
900698,700447,TWL,3,2067,CLOSED,2025-11-24,2027-11-24,264800.0,13.34,0,0,0.0
900699,700448,PL,22,2022,CLOSED,2024-09-07,2026-03-07,1045300.0,18.92,0,0,0.0
900700,700448,TWL,24,2063,CLOSED,2025-12-27,2027-06-27,189600.0,14.92,0,0,0.0
900701,700448,EL,6,2044,ACTIVE,2021-01-27,2024-02-27,176800.0,11.37,321,10,54017.03
900702,700448,PL,21,2036,CLOSED,2023-02-07,2024-08-07,806700.0,18.86,0,0,0.0
900703,700449,AL,4,2085,CLOSED,2024-03-23,2028-01-23,805800.0,11.09,0,0,0.0
900704,700450,EL,1,2049,CLOSED,2024-01-13,2027-01-13,2041200.0,10.53,0,0,0.0
900705,700450,EL,9,2057,CLOSED,2021-10-05,2024-07-05,2331400.0,10.63,0,0,0.0
900706,700451,BL,25,2068,ACTIVE,2022-04-30,2026-07-30,760600.0,17.34,228,7,140054.24
900707,700452,PL,10,2045,ACTIVE,2023-03-03,2024-08-03,125900.0,17.29,37,2,16449.32
900708,700453,CL,14,2100,ACTIVE,2023-11-02,2025-05-02,30900.0,13.9,313,10,17953.75
900709,700454,EL,3,2083,CLOSED,2018-03-20,2020-08-20,2048700.0,10.27,0,0,0.0
900710,700454,CL,15,2073,ACTIVE,2023-06-04,2024-06-04,289700.0,15.39,64,2,51411.23
900711,700455,EL,11,2075,ACTIVE,2022-03-21,2025-05-21,1127200.0,9.47,52,1,34179.16
900712,700456,AL,11,2030,CLOSED,2025-11-26,2027-05-26,174300.0,10.73,0,0,0.0
900713,700457,GL,13,2107,CLOSED,2025-09-10,2026-08-10,40000.0,9.8,0,0,0.0
900714,700458,AL,22,2022,CLOSED,2022-04-14,2024-08-14,962800.0,10.5,0,0,0.0
900715,700459,MFI,6,2053,CLOSED,2020-04-18,2020-10-18,87200.0,20.69,0,0,0.0
900716,700459,CL,24,2089,CLOSED,2019-12-03,2020-11-03,413700.0,14.39,0,0,0.0
900717,700460,PL,16,2037,CLOSED,2023-12-06,2025-05-06,189400.0,15.17,0,0,0.0
900718,700460,BL,1,2004,ACTIVE,2019-07-13,2023-06-13,2323800.0,16.64,38,1,66697.42
900719,700461,MFI,9,2001,CLOSED,2024-12-06,2025-12-06,40200.0,21.44,0,0,0.0
900720,700462,LAP,19,2116,CLOSED,2023-10-21,2029-12-21,14942300.0,11.98,0,0,0.0
900721,700462,AL,19,2109,CLOSED,2025-03-15,2026-11-15,141500.0,11.39,0,0,0.0
900722,700463,MFI,6,2042,CLOSED,2020-04-19,2020-10-19,88100.0,20.26,0,0,0.0
900723,700464,AL,8,2076,ACTIVE,2021-01-07,2024-07-07,1507300.0,9.06,19,1,41697.74
900724,700465,TWL,18,2103,CLOSED,2018-02-22,2019-04-22,211700.0,14.5,0,0,0.0
900725,700465,MFI,18,2040,CLOSED,2022-02-11,2022-12-11,57800.0,23.06,0,0,0.0
900726,700466,GL,5,2035,ACTIVE,2023-09-12,2024-08-12,33200.0,9.57,137,4,12409.65
900727,700467,AL,14,2100,ACTIVE,2024-02-26,2025-02-26,1497700.0,10.57,10,1,130915.85
900728,700468,MFI,3,2110,CLOSED,2023-10-22,2024-08-22,86600.0,21.29,0,0,0.0
900729,700469,CL,13,2094,CLOSED,2019-03-01,2020-01-01,233200.0,14.21,0,0,0.0
900730,700469,TWL,19,2002,CLOSED,2019-03-27,2020-07-27,196700.0,12.34,0,0,0.0
900731,700470,CL,5,2099,ACTIVE,2021-05-24,2021-11-24,42000.0,14.52,12,3,21378.82
900732,700471,PL,8,2114,CLOSED,2019-07-31,2020-08-31,822600.0,13.57,0,0,0.0
900733,700472,CL,8,2070,CLOSED,2023-04-03,2024-08-03,49700.0,18.9,0,0,0.0
900734,700472,GL,8,2114,CLOSED,2025-07-15,2026-03-15,228100.0,11.17,0,0,0.0
900735,700473,MFI,24,2016,CLOSED,2023-12-15,2024-10-15,36000.0,21.93,0,0,0.0
900736,700473,PL,25,2013,CLOSED,2025-10-21,2027-04-21,1109500.0,17.14,0,0,0.0
900737,700473,CL,12,2033,CLOSED,2023-01-17,2024-06-17,88000.0,16.13,0,0,0.0
900738,700474,GL,1,2020,ACTIVE,2025-05-30,2026-03-30,1781000.0,9.42,34,1,184431.86
900739,700475,AL,7,2079,ACTIVE,2025-10-22,2028-01-22,382600.0,11.0,7,1,15914.85
900740,700475,TWL,3,2117,CLOSED,2024-04-08,2025-06-08,233500.0,13.34,0,0,0.0
900741,700476,AL,1,2004,CLOSED,2021-12-01,2025-07-01,1866000.0,11.4,0,0,0.0
900742,700477,AL,19,2081,ACTIVE,2025-03-10,2026-08-10,489200.0,11.24,13,1,30972.5
900743,700477,GL,19,2116,CLOSED,2023-05-19,2024-05-19,522900.0,9.64,0,0,0.0
900744,700478,PL,15,2073,ACTIVE,2022-08-13,2024-07-13,283600.0,14.67,26,1,14048.06
900745,700479,PL,3,2117,CLOSED,2024-12-22,2026-07-22,1333900.0,12.12,0,0,0.0
900746,700480,TWL,22,2026,ACTIVE,2023-12-05,2025-01-05,30100.0,16.37,34,1,2508.26
900747,700480,GL,7,2018,CLOSED,2022-05-23,2022-12-23,419700.0,11.31,0,0,0.0
900748,700480,CL,21,2088,CLOSED,2025-08-16,2026-03-16,175200.0,18.49,0,0,0.0
900749,700480,TWL,11,2048,ACTIVE,2023-02-14,2024-03-14,161900.0,16.79,152,5,65751.87
900750,700481,CL,13,2054,CLOSED,2025-06-29,2026-09-29,252900.0,15.21,0,0,0.0
900751,700482,PL,8,2070,ACTIVE,2019-08-15,2021-01-15,915600.0,15.09,31,1,59410.19
900752,700483,TWL,4,2091,CLOSED,2025-08-28,2027-07-28,106500.0,13.32,0,0,0.0
900753,700484,PL,11,2039,CLOSED,2023-01-21,2024-10-21,1229500.0,18.75,0,0,0.0
900754,700484,PL,11,2039,CLOSED,2022-05-04,2023-08-04,132200.0,18.77,0,0,0.0
900755,700485,CL,12,2033,CLOSED,2022-03-06,2022-11-06,138000.0,15.34,0,0,0.0
900756,700486,CL,12,2086,ACTIVE,2024-08-16,2025-03-16,117700.0,16.9,215,7,117700.0
900757,700486,AL,13,2094,ACTIVE,2024-08-17,2026-08-17,1117700.0,11.92,35,1,52055.19
900758,700487,TWL,3,2117,CLOSED,2025-09-14,2026-10-14,105200.0,14.1,0,0,0.0
900759,700488,PL,15,2012,CLOSED,2020-06-07,2022-02-07,544900.0,14.28,0,0,0.0
900760,700488,HL,21,2088,ACTIVE,2021-05-28,2028-05-28,7733300.0,9.28,282,9,1087238.66
900761,700489,CL,20,2080,CLOSED,2022-09-29,2023-08-29,135000.0,13.42,0,0,0.0
900762,700490,BL,19,2081,ACTIVE,2022-09-18,2026-11-18,3201800.0,16.98,105,3,261869.12
900763,700491,AL,13,2107,CLOSED,2019-03-24,2021-06-24,262100.0,11.63,0,0,0.0
900764,700491,CL,16,2024,CLOSED,2023-12-01,2024-12-01,256500.0,15.89,0,0,0.0
900765,700492,AL,15,2074,ACTIVE,2025-03-10,2026-03-10,2230200.0,10.73,45,1,195083.64
900766,700493,CL,19,2111,CLOSED,2023-05-23,2024-11-23,20400.0,15.29,0,0,0.0
900767,700493,GL,20,2056,ACTIVE,2022-11-21,2023-09-21,113300.0,9.16,271,9,102353.76
900768,700494,PL,14,2082,CLOSED,2024-09-16,2025-10-16,311200.0,15.01,0,0,0.0
900769,700494,MFI,25,2013,ACTIVE,2022-01-05,2022-09-05,50200.0,20.16,259,8,50200.0
900770,700495,CL,24,2047,CLOSED,2025-05-31,2026-06-30,68900.0,14.95,0,0,0.0
900771,700496,MFI,17,2058,ACTIVE,2022-12-25,2023-09-25,88200.0,21.91,34,1,10524.08
900772,700496,TWL,17,2060,CLOSED,2023-10-18,2025-04-18,94900.0,13.72,0,0,0.0
900773,700497,PL,24,2063,CLOSED,2022-09-19,2024-02-19,112400.0,15.44,0,0,0.0
900774,700498,GL,25,2011,CLOSED,2019-06-14,2020-02-14,1800600.0,9.91,0,0,0.0
900775,700498,TWL,25,2061,ACTIVE,2020-03-16,2021-12-16,35900.0,14.43,307,10,18219.9
900776,700499,MFI,25,2013,CLOSED,2019-04-19,2020-02-19,16700.0,20.14,0,0,0.0
900777,700499,AL,12,2072,CLOSED,2021-06-05,2022-09-05,2387900.0,10.45,0,0,0.0
900778,700500,EL,4,2091,CLOSED,2022-09-01,2024-12-01,635000.0,8.87,0,0,0.0
900779,700501,LAP,8,2076,CLOSED,2024-07-19,2027-09-19,1383000.0,12.59,0,0,0.0
900780,700501,MFI,23,2005,CLOSED,2024-04-30,2025-03-30,17500.0,22.33,0,0,0.0
900781,700502,CL,20,2080,CLOSED,2024-04-23,2025-01-23,52400.0,14.71,0,0,0.0
900782,700503,PL,13,2107,ACTIVE,2025-02-27,2026-12-27,351300.0,18.11,301,10,174072.3
900783,700504,MFI,19,2116,ACTIVE,2025-03-08,2025-09-08,25600.0,19.54,27,1,4440.79
900784,700504,GL,19,2081,CLOSED,2025-06-11,2026-06-11,1647400.0,8.08,0,0,0.0
900785,700505,BL,6,2092,CLOSED,2025-03-06,2027-04-06,2117500.0,15.82,0,0,0.0
900786,700506,GL,11,2064,CLOSED,2019-12-23,2020-06-23,1319000.0,8.83,0,0,0.0
900787,700506,BL,11,2075,ACTIVE,2023-01-14,2026-05-14,655700.0,17.48,35,1,21432.96
900788,700506,GL,19,2109,CLOSED,2020-12-20,2021-07-20,1667500.0,9.33,0,0,0.0
900789,700507,TWL,17,2051,CLOSED,2022-03-26,2023-04-26,59700.0,12.07,0,0,0.0
900790,700508,GL,18,2098,CLOSED,2018-04-06,2019-01-06,176400.0,9.53,0,0,0.0
900791,700508,CL,16,2037,CLOSED,2021-07-29,2022-09-29,254400.0,15.44,0,0,0.0
900792,700509,AL,18,2098,CLOSED,2024-03-31,2027-11-30,218600.0,11.31,0,0,0.0
900793,700510,TWL,6,2044,CLOSED,2024-11-11,2026-02-11,55800.0,13.73,0,0,0.0
900794,700511,CL,8,2038,CLOSED,2018-08-27,2020-01-27,383300.0,15.2,0,0,0.0
900795,700511,TWL,19,2111,CLOSED,2021-05-26,2022-07-26,59500.0,13.47,0,0,0.0
900796,700512,LAP,7,2018,CLOSED,2018-08-27,2025-03-27,12410300.0,11.54,0,0,0.0
900797,700513,BL,18,2077,CLOSED,2025-04-11,2028-06-11,1880800.0,16.86,0,0,0.0
900798,700514,PL,23,2041,CLOSED,2021-05-10,2022-05-10,262200.0,17.04,0,0,0.0
900799,700514,TWL,23,2023,CLOSED,2019-04-05,2021-03-05,270000.0,14.01,0,0,0.0
900800,700515,MFI,17,2055,CLOSED,2021-05-15,2022-01-15,29300.0,19.96,0,0,0.0
900801,700516,HL,23,2005,CLOSED,2024-05-07,2029-01-07,1921400.0,9.03,0,0,0.0
900802,700516,MFI,20,2080,CLOSED,2024-03-02,2024-09-02,67600.0,19.63,0,0,0.0
900803,700516,PL,23,2069,CLOSED,2025-09-22,2027-06-22,132000.0,13.67,0,0,0.0
900804,700517,LAP,11,2064,CLOSED,2023-07-16,2029-04-16,963900.0,11.64,0,0,0.0
900805,700518,PL,4,2090,CLOSED,2018-12-25,2020-03-25,1080300.0,18.84,0,0,0.0
900806,700518,GL,5,2099,CLOSED,2023-09-18,2024-06-18,239200.0,10.05,0,0,0.0
900807,700518,PL,9,2046,ACTIVE,2020-10-21,2022-09-21,1498200.0,19.11,34,1,77079.28
900808,700519,HL,11,2048,CLOSED,2023-07-26,2029-10-26,6309500.0,9.27,0,0,0.0
900809,700519,CL,4,2085,ACTIVE,2021-04-21,2021-12-21,96300.0,14.35,5,2,24940.25
900810,700520,AL,14,2100,ACTIVE,2021-07-28,2022-07-28,300300.0,10.23,26,1,26209.84
900811,700521,HL,14,2082,CLOSED,2025-10-24,2032-06-24,1293700.0,9.89,0,0,0.0
900812,700521,TWL,14,2050,CLOSED,2025-12-02,2027-09-02,178300.0,13.41,0,0,0.0
900813,700522,MFI,9,2006,ACTIVE,2024-02-01,2025-02-01,49500.0,22.84,9,1,4566.05
900814,700522,GL,9,2006,CLOSED,2025-02-26,2025-11-26,741700.0,10.15,0,0,0.0
900815,700522,AL,10,2095,CLOSED,2023-03-23,2025-09-23,1394000.0,12.21,0,0,0.0
900816,700523,PL,23,2023,CLOSED,2021-12-26,2023-06-26,252400.0,15.45,0,0,0.0
900817,700524,PL,4,2115,ACTIVE,2018-02-17,2019-12-17,398100.0,12.82,155,5,98816.71
900818,700525,PL,19,2109,CLOSED,2024-11-27,2026-07-27,680400.0,20.02,0,0,0.0
900819,700525,GL,4,2085,ACTIVE,2025-08-13,2026-05-13,440100.0,10.14,287,9,440100.0
900820,700525,AL,1,2032,CLOSED,2023-12-14,2025-12-14,2437600.0,12.48,0,0,0.0
900821,700525,BL,3,2083,ACTIVE,2024-08-15,2027-04-15,2935900.0,19.68,102,3,344588.59
900822,700526,PL,11,2064,CLOSED,2023-04-07,2025-04-07,424200.0,18.76,0,0,0.0
900823,700526,GL,11,2048,CLOSED,2024-08-26,2025-02-26,1006800.0,9.85,0,0,0.0
900824,700526,PL,11,2064,CLOSED,2024-07-06,2025-10-06,1217900.0,18.8,0,0,0.0
900825,700526,PL,11,2064,ACTIVE,2021-02-21,2022-03-21,756500.0,18.59,71,2,126447.49
900826,700527,EL,12,2033,ACTIVE,2025-05-24,2029-02-24,2099300.0,9.27,122,4,217411.75
900827,700528,PL,13,2107,CLOSED,2021-08-16,2022-12-16,228900.0,16.78,0,0,0.0
900828,700528,EL,10,2095,ACTIVE,2018-07-23,2023-04-23,2091400.0,10.0,123,4,181179.87
900829,700529,EL,1,2032,ACTIVE,2025-05-13,2027-08-13,87800.0,10.64,24,1,3638.68
900830,700529,HL,9,2001,ACTIVE,2025-09-09,2030-02-09,8371900.0,9.94,52,1,194197.3
900831,700530,CL,19,2109,CLOSED,2025-11-21,2027-05-21,126600.0,14.52,0,0,0.0
900832,700531,MFI,14,2100,ACTIVE,2025-08-12,2026-03-12,85100.0,22.8,100,3,37848.16
900833,700532,EL,12,2072,ACTIVE,2024-05-27,2027-01-27,1381800.0,9.6,361,12,559849.57
900834,700532,PL,4,2091,ACTIVE,2024-01-24,2025-08-24,582300.0,15.46,55,1,34305.29
900835,700533,HL,11,2030,CLOSED,2025-10-29,2032-07-29,2291800.0,8.51,0,0,0.0
900836,700534,AL,10,2095,ACTIVE,2024-07-18,2025-07-18,159900.0,10.71,348,11,147216.5
900837,700534,CL,10,2071,CLOSED,2020-03-09,2020-10-09,380700.0,14.61,0,0,0.0
900838,700535,PL,25,2011,ACTIVE,2024-11-29,2026-02-28,1412700.0,18.05,44,2,207129.92
900839,700535,TWL,25,2011,CLOSED,2025-01-20,2026-01-20,129500.0,14.25,0,0,0.0
900840,700536,TWL,13,2094,CLOSED,2023-11-14,2025-04-14,298400.0,15.58,0,0,0.0
900841,700537,EL,8,2038,ACTIVE,2025-09-09,2029-08-09,2241500.0,10.99,11,1,58369.95
900842,700538,BL,10,2101,CLOSED,2018-01-16,2019-12-16,3406600.0,19.21,0,0,0.0
900843,700539,CL,25,2061,ACTIVE,2025-08-19,2026-03-19,28300.0,16.82,41,2,8369.0
900844,700539,CL,25,2011,ACTIVE,2023-07-04,2024-07-04,99100.0,16.5,6,1,8892.62
900845,700539,MFI,12,2096,CLOSED,2024-03-16,2025-02-16,77000.0,22.95,0,0,0.0
900846,700540,BL,22,2093,ACTIVE,2023-08-17,2025-10-17,2548800.0,19.01,36,1,118488.01
900847,700540,EL,24,2063,ACTIVE,2024-07-11,2028-04-11,262000.0,10.74,25,3,20920.89
900848,700541,PL,16,2024,ACTIVE,2021-04-08,2022-06-08,1134700.0,12.71,171,5,424590.53
900849,700542,BL,5,2014,ACTIVE,2019-03-31,2021-02-28,3301200.0,17.67,66,2,333122.33
900850,700543,CL,3,2067,CLOSED,2024-11-22,2026-05-22,327700.0,16.6,0,0,0.0
900851,700544,PL,2,2118,ACTIVE,2021-09-11,2023-01-11,55500.0,18.44,138,4,15169.14
900852,700545,PL,3,2083,ACTIVE,2022-02-05,2023-03-05,667600.0,18.4,24,2,111496.02
900853,700545,PL,2,2105,CLOSED,2018-06-07,2019-11-07,622200.0,18.5,0,0,0.0
900854,700546,EL,20,2065,ACTIVE,2018-09-21,2021-09-21,452300.0,10.89,53,1,14651.21
900855,700546,GL,19,2081,ACTIVE,2020-01-24,2020-09-24,402300.0,9.74,204,6,304150.81
900856,700547,TWL,22,2093,ACTIVE,2024-03-27,2025-07-27,76800.0,13.24,98,3,15445.43
900857,700547,CL,10,2045,CLOSED,2022-11-03,2024-05-03,121100.0,15.68,0,0,0.0
900858,700548,GL,25,2011,ACTIVE,2023-03-24,2024-01-24,266800.0,10.12,28,2,55167.34
900859,700548,PL,2,2106,ACTIVE,2020-03-16,2022-01-16,1313000.0,18.81,124,4,273305.45
900860,700549,TWL,21,2008,CLOSED,2019-04-06,2020-09-06,35100.0,11.17,0,0,0.0
900861,700549,PL,5,2003,CLOSED,2020-11-13,2022-03-13,295300.0,12.69,0,0,0.0
900862,700550,PL,20,2031,CLOSED,2024-04-14,2025-11-14,121700.0,17.72,0,0,0.0
900863,700550,MFI,20,2065,CLOSED,2025-07-12,2026-04-12,34900.0,22.01,0,0,0.0
900864,700551,EL,15,2012,CLOSED,2024-03-25,2026-09-25,1488100.0,10.56,0,0,0.0
900865,700552,GL,16,2037,CLOSED,2020-09-03,2021-08-03,1919200.0,8.93,0,0,0.0
900866,700552,AL,18,2077,CLOSED,2020-11-08,2024-04-08,1002500.0,10.4,0,0,0.0
900867,700552,GL,17,2028,CLOSED,2021-02-26,2022-01-26,531400.0,8.46,0,0,0.0
900868,700553,EL,10,2045,CLOSED,2018-01-01,2020-07-01,1519100.0,8.91,0,0,0.0
900869,700554,MFI,14,2119,CLOSED,2023-07-04,2024-04-04,22900.0,19.5,0,0,0.0
900870,700555,EL,22,2019,CLOSED,2025-08-22,2029-07-22,496600.0,10.27,0,0,0.0
900871,700555,CL,22,2093,ACTIVE,2025-06-08,2026-03-08,12200.0,15.85,160,5,6955.21
900872,700555,AL,22,2019,CLOSED,2025-07-12,2029-05-12,1922700.0,11.06,0,0,0.0
900873,700556,CL,10,2045,CLOSED,2020-02-28,2021-05-28,163700.0,14.68,0,0,0.0
900874,700557,PL,5,2014,CLOSED,2025-10-24,2027-02-24,303300.0,15.39,0,0,0.0
900875,700557,EL,6,2042,CLOSED,2024-07-31,2026-08-31,2438200.0,9.81,0,0,0.0
900876,700557,BL,6,2044,CLOSED,2023-08-25,2024-09-25,1458300.0,16.87,0,0,0.0
900877,700558,HL,21,2008,CLOSED,2019-10-12,2023-02-12,6947700.0,9.15,0,0,0.0
900878,700559,AL,9,2057,CLOSED,2019-11-02,2022-08-02,334200.0,10.83,0,0,0.0
900879,700559,MFI,10,2095,CLOSED,2020-01-27,2020-08-27,99700.0,20.8,0,0,0.0
900880,700560,HL,22,2026,CLOSED,2025-01-02,2031-09-02,6213000.0,9.98,0,0,0.0
900881,700560,BL,1,2049,CLOSED,2024-11-15,2028-09-15,4431200.0,18.21,0,0,0.0
900882,700561,EL,19,2116,CLOSED,2019-03-19,2023-12-19,424900.0,11.18,0,0,0.0
900883,700561,AL,19,2116,CLOSED,2021-05-31,2023-10-31,167000.0,12.11,0,0,0.0
900884,700562,GL,8,2034,ACTIVE,2024-03-13,2024-12-13,1940800.0,9.03,15,1,222167.35
900885,700563,LAP,21,2008,CLOSED,2025-08-27,2027-12-27,4383300.0,12.38,0,0,0.0
900886,700563,PL,21,2066,ACTIVE,2024-03-06,2025-07-06,601200.0,18.38,17,1,42009.23
900887,700564,TWL,15,2015,ACTIVE,2021-03-18,2022-06-18,149500.0,11.49,282,9,92251.12
900888,700564,MFI,17,2060,ACTIVE,2022-10-10,2023-09-10,66200.0,19.41,32,1,6512.52
900889,700565,AL,1,2004,ACTIVE,2025-04-27,2027-10-27,1385700.0,10.68,313,10,503377.0
900890,700566,PL,2,2059,CLOSED,2020-02-15,2021-09-15,1352500.0,18.04,0,0,0.0
900891,700566,CL,2,2118,CLOSED,2023-03-29,2023-12-29,263900.0,16.58,0,0,0.0
900892,700567,AL,17,2028,CLOSED,2020-05-23,2023-11-23,2042600.0,11.08,0,0,0.0
900893,700567,PL,15,2015,CLOSED,2024-01-06,2025-11-06,1383100.0,16.65,0,0,0.0
900894,700568,EL,5,2003,ACTIVE,2024-09-11,2027-10-11,2653100.0,10.28,16,1,83259.75
900895,700569,GL,17,2060,CLOSED,2023-09-18,2024-06-18,1293300.0,9.11,0,0,0.0
900896,700570,LAP,6,2042,CLOSED,2021-12-11,2023-12-11,1472500.0,10.36,0,0,0.0
900897,700571,CL,1,2049,CLOSED,2018-11-24,2020-03-24,306000.0,16.75,0,0,0.0
900898,700572,GL,13,2094,CLOSED,2024-02-21,2024-10-21,26500.0,10.63,0,0,0.0
900899,700572,LAP,13,2054,CLOSED,2021-09-08,2025-03-08,761600.0,13.05,0,0,0.0
900900,700573,PL,19,2111,CLOSED,2019-08-22,2020-12-22,82200.0,15.39,0,0,0.0
900901,700573,PL,18,2103,CLOSED,2023-08-06,2024-11-06,1131700.0,15.41,0,0,0.0
900902,700574,EL,25,2061,CLOSED,2024-12-30,2028-09-30,1627900.0,9.85,0,0,0.0
900903,700574,GL,25,2013,ACTIVE,2022-07-17,2023-04-17,91800.0,9.19,197,6,61897.62
900904,700575,MFI,17,2028,ACTIVE,2020-08-29,2021-07-29,32400.0,20.88,14,1,3206.01
900905,700576,BL,15,2012,ACTIVE,2025-04-10,2027-05-10,1912500.0,16.38,82,2,177967.28
900906,700576,CL,8,2076,CLOSED,2021-11-29,2022-05-29,252000.0,14.8,0,0,0.0
900907,700577,AL,4,2025,CLOSED,2021-02-24,2022-02-24,898400.0,10.83,0,0,0.0
900908,700578,PL,13,2094,ACTIVE,2025-05-11,2027-05-11,1433700.0,14.55,23,1,68380.06
900909,700578,TWL,13,2029,ACTIVE,2024-10-08,2026-05-08,229400.0,11.85,294,9,114006.96
900910,700578,HL,13,2007,CLOSED,2025-02-16,2030-11-16,5410500.0,9.32,0,0,0.0
900911,700579,AL,13,2029,CLOSED,2025-07-11,2026-12-11,1491400.0,11.37,0,0,0.0
900912,700580,TWL,8,2076,CLOSED,2020-12-31,2022-01-31,129400.0,12.75,0,0,0.0
900913,700581,CL,16,2024,ACTIVE,2020-03-05,2020-11-05,461000.0,15.93,31,1,60319.58
900914,700582,EL,25,2011,CLOSED,2018-10-29,2022-12-29,248400.0,11.04,0,0,0.0
900915,700583,PL,4,2115,CLOSED,2024-11-16,2026-07-16,1302100.0,15.0,0,0,0.0
900916,700584,GL,7,2087,CLOSED,2023-08-09,2024-07-09,1632200.0,8.44,0,0,0.0
900917,700585,AL,9,2057,CLOSED,2025-01-30,2028-08-30,2825400.0,12.33,0,0,0.0
900918,700586,GL,3,2117,ACTIVE,2020-09-13,2021-04-13,290000.0,10.05,43,2,84591.84
900919,700586,EL,18,2120,ACTIVE,2019-09-22,2023-04-22,1950700.0,11.01,365,12,623467.37
900920,700586,MFI,8,2114,CLOSED,2019-02-10,2019-10-10,22400.0,22.4,0,0,0.0
900921,700587,PL,22,2022,CLOSED,2020-10-12,2021-12-12,570800.0,15.58,0,0,0.0
900922,700587,AL,22,2026,ACTIVE,2022-10-12,2024-10-12,955100.0,10.91,81,2,87751.97
900923,700588,PL,10,2045,CLOSED,2023-09-13,2025-05-13,233100.0,13.68,0,0,0.0
900924,700588,PL,9,2006,CLOSED,2023-03-19,2025-03-19,1162500.0,13.71,0,0,0.0
900925,700589,MFI,23,2023,CLOSED,2025-11-23,2026-07-23,97300.0,21.65,0,0,0.0
900926,700589,PL,3,2084,CLOSED,2025-09-22,2027-09-22,1465300.0,17.12,0,0,0.0
900927,700589,HL,11,2048,CLOSED,2025-06-12,2031-09-12,503600.0,9.77,0,0,0.0
900928,700590,BL,10,2101,ACTIVE,2018-08-26,2020-09-26,177400.0,17.12,40,1,8367.12
900929,700591,CL,7,2018,CLOSED,2024-08-09,2025-03-09,66100.0,16.7,0,0,0.0
900930,700592,MFI,18,2077,CLOSED,2018-03-11,2018-12-11,27400.0,18.17,0,0,0.0
900931,700592,EL,18,2098,ACTIVE,2018-04-16,2021-05-16,2315900.0,8.21,33,1,70577.96
900932,700592,BL,11,2048,ACTIVE,2024-06-09,2025-08-09,4894500.0,14.0,272,9,3236953.93
900933,700593,CL,12,2033,ACTIVE,2025-12-26,2027-06-26,451600.0,14.46,18,1,27724.26
900934,700593,MFI,22,2022,CLOSED,2018-07-17,2019-01-17,88500.0,20.25,0,0,0.0
900935,700594,GL,2,2104,ACTIVE,2021-02-02,2021-09-02,686900.0,8.23,175,5,493984.77
900936,700594,PL,1,2020,CLOSED,2025-06-21,2026-09-21,617400.0,14.39,0,0,0.0
900937,700594,PL,4,2091,CLOSED,2024-06-13,2025-09-13,876400.0,14.09,0,0,0.0
900938,700594,BL,2,2104,ACTIVE,2023-10-16,2025-09-16,1864700.0,15.75,15,1,93229.03
900939,700594,GL,20,2080,CLOSED,2023-07-03,2024-03-03,1529900.0,8.11,0,0,0.0
900940,700595,PL,15,2074,CLOSED,2021-02-05,2022-04-05,1026600.0,14.36,0,0,0.0
900941,700595,CL,15,2073,CLOSED,2023-03-27,2023-10-27,261800.0,14.35,0,0,0.0
900942,700595,AL,10,2095,CLOSED,2021-06-29,2023-02-28,627700.0,10.57,0,0,0.0
900943,700596,LAP,8,2070,ACTIVE,2019-12-02,2025-10-02,8002400.0,10.45,41,1,151841.8
900944,700596,TWL,8,2034,CLOSED,2024-08-12,2025-09-12,85000.0,12.16,0,0,0.0
900945,700597,CL,22,2022,CLOSED,2023-06-10,2024-03-10,107700.0,16.67,0,0,0.0
900946,700597,EL,21,2066,CLOSED,2018-04-07,2020-08-07,362300.0,10.91,0,0,0.0
900947,700598,MFI,20,2080,CLOSED,2025-03-22,2025-12-22,21200.0,20.39,0,0,0.0
900948,700599,PL,17,2060,CLOSED,2024-03-11,2025-12-11,431300.0,18.56,0,0,0.0
900949,700599,TWL,15,2012,CLOSED,2025-03-09,2026-09-09,194800.0,15.03,0,0,0.0
900950,700600,MFI,10,2095,ACTIVE,2018-11-07,2019-09-07,45600.0,21.44,40,1,4931.88
900951,700600,PL,10,2045,CLOSED,2021-04-06,2022-10-06,185300.0,16.4,0,0,0.0
900952,700601,TWL,23,2005,CLOSED,2019-01-26,2020-12-26,38900.0,11.96,0,0,0.0
900953,700602,GL,7,2079,CLOSED,2025-11-27,2026-06-27,891300.0,8.78,0,0,0.0
900954,700602,GL,7,2010,CLOSED,2023-07-09,2024-03-09,1211100.0,8.61,0,0,0.0
900955,700603,AL,22,2093,ACTIVE,2021-10-05,2023-12-05,771100.0,9.86,32,1,32790.13
900956,700603,BL,22,2019,CLOSED,2021-10-12,2026-06-12,764000.0,15.71,0,0,0.0
900957,700603,PL,21,2066,CLOSED,2019-05-23,2021-02-23,1136400.0,13.35,0,0,0.0
900958,700604,CL,8,2070,CLOSED,2023-12-26,2024-06-26,170300.0,15.77,0,0,0.0
900959,700605,LAP,10,2045,ACTIVE,2025-05-11,2029-02-11,12897300.0,11.87,44,2,702565.45
900960,700605,MFI,11,2030,ACTIVE,2019-09-14,2020-07-14,5700.0,21.74,12,1,617.14
900961,700606,GL,25,2011,ACTIVE,2019-03-22,2019-12-22,1564500.0,8.23,214,7,1225102.47
900962,700607,MFI,19,2081,CLOSED,2024-06-30,2025-02-28,36000.0,19.5,0,0,0.0
900963,700608,CL,18,2077,ACTIVE,2020-10-20,2021-07-20,326500.0,14.92,66,2,75725.21
900964,700608,PL,15,2015,ACTIVE,2025-12-19,2027-01-19,494400.0,15.86,24,1,41098.42
900965,700609,GL,9,2057,CLOSED,2023-08-09,2024-03-09,748200.0,9.4,0,0,0.0
900966,700609,TWL,19,2109,CLOSED,2024-05-19,2025-11-19,42600.0,13.72,0,0,0.0
900967,700610,BL,15,2012,CLOSED,2021-01-02,2022-03-02,1843300.0,17.37,0,0,0.0
900968,700610,BL,15,2074,CLOSED,2021-09-27,2024-09-27,3273300.0,17.13,0,0,0.0
900969,700610,AL,16,2024,ACTIVE,2023-08-31,2027-07-31,328700.0,11.07,199,6,50268.58
900970,700611,BL,6,2042,ACTIVE,2025-03-29,2027-05-29,394200.0,17.94,351,11,185465.23
900971,700612,GL,12,2017,CLOSED,2020-01-27,2021-01-27,1809100.0,7.43,0,0,0.0
900972,700612,TWL,12,2096,CLOSED,2019-08-02,2021-08-02,269300.0,10.72,0,0,0.0
900973,700612,TWL,13,2054,ACTIVE,2022-04-23,2024-01-23,181900.0,10.58,35,1,9443.27
900974,700613,GL,8,2070,CLOSED,2024-10-04,2025-08-04,1106000.0,8.19,0,0,0.0
900975,700614,MFI,18,2077,ACTIVE,2024-05-06,2025-05-06,90700.0,19.36,34,1,8241.23
900976,700614,AL,1,2020,CLOSED,2024-02-27,2027-11-27,2618300.0,9.92,0,0,0.0
900977,700615,GL,7,2018,CLOSED,2025-12-22,2026-12-22,152700.0,8.91,0,0,0.0
900978,700615,PL,7,2112,CLOSED,2022-11-01,2024-10-01,1228400.0,15.26,0,0,0.0
900979,700616,EL,5,2035,CLOSED,2019-12-13,2023-06-13,1894000.0,10.64,0,0,0.0
900980,700617,HL,22,2019,CLOSED,2024-02-05,2029-05-05,8481100.0,8.85,0,0,0.0
900981,700617,TWL,21,2066,ACTIVE,2024-10-29,2025-12-29,162200.0,11.84,46,1,12339.54
900982,700618,AL,9,2001,CLOSED,2020-03-21,2021-08-21,2944300.0,9.54,0,0,0.0
900983,700618,AL,9,2006,ACTIVE,2024-09-29,2026-12-29,734800.0,9.9,345,11,319154.94
900984,700619,CL,18,2077,ACTIVE,2023-07-23,2024-06-23,209800.0,14.51,70,2,40237.07
900985,700619,GL,14,2043,CLOSED,2022-06-17,2023-04-17,168300.0,8.54,0,0,0.0
900986,700620,GL,4,2090,ACTIVE,2019-02-05,2019-12-05,384200.0,9.05,319,10,384200.0
900987,700621,GL,13,2029,CLOSED,2024-04-18,2024-11-18,617500.0,8.09,0,0,0.0
900988,700621,EL,10,2095,CLOSED,2023-10-28,2028-06-28,2697700.0,9.02,0,0,0.0
900989,700622,GL,20,2056,CLOSED,2021-09-25,2022-07-25,1794200.0,9.09,0,0,0.0
900990,700623,PL,15,2015,CLOSED,2021-06-16,2022-10-16,1342300.0,14.2,0,0,0.0
900991,700623,TWL,16,2078,CLOSED,2019-06-05,2021-03-05,52100.0,12.08,0,0,0.0
900992,700624,MFI,14,2082,ACTIVE,2019-03-02,2019-09-02,53100.0,21.79,174,5,44643.32
900993,700624,CL,14,2100,ACTIVE,2024-09-14,2025-05-14,130100.0,16.05,264,8,130100.0
900994,700625,MFI,17,2058,CLOSED,2024-01-07,2025-01-07,63200.0,23.03,0,0,0.0
900995,700625,PL,4,2115,CLOSED,2020-12-24,2022-08-24,1281100.0,18.62,0,0,0.0
900996,700625,MFI,17,2058,ACTIVE,2021-06-09,2021-12-09,41000.0,22.85,12,1,7159.57
900997,700625,GL,20,2031,ACTIVE,2025-12-30,2026-12-30,500100.0,10.06,164,5,214479.29
900998,700626,PL,8,2070,CLOSED,2022-03-04,2023-04-04,69200.0,17.95,0,0,0.0
900999,700627,MFI,5,2003,CLOSED,2024-11-06,2025-10-06,41400.0,20.55,0,0,0.0
901000,700627,GL,6,2042,CLOSED,2025-10-31,2026-04-30,31900.0,8.76,0,0,0.0
901001,700628,AL,8,2038,ACTIVE,2022-06-04,2024-07-04,928500.0,10.62,283,9,358041.45
901002,700629,HL,14,2050,CLOSED,2021-06-21,2026-12-21,3135300.0,8.62,0,0,0.0
901003,700629,PL,21,2088,ACTIVE,2021-05-14,2023-05-14,443300.0,11.86,351,11,216195.22
901004,700630,PL,3,2021,ACTIVE,2020-02-05,2021-07-05,1009700.0,16.81,37,1,66231.95
901005,700630,PL,5,2014,ACTIVE,2025-04-12,2026-11-12,1303600.0,16.77,44,2,153960.32
901006,700631,PL,19,2109,CLOSED,2018-03-08,2019-07-08,1492200.0,15.65,0,0,0.0
901007,700632,TWL,22,2019,CLOSED,2025-12-02,2027-11-02,265900.0,14.5,0,0,0.0
901008,700633,PL,20,2080,CLOSED,2021-12-17,2023-04-17,1282100.0,19.61,0,0,0.0
901009,700633,EL,11,2030,CLOSED,2019-01-07,2021-11-07,1003000.0,11.61,0,0,0.0
901010,700634,PL,23,2023,CLOSED,2024-01-28,2025-05-28,441200.0,19.73,0,0,0.0
901011,700635,PL,19,2002,ACTIVE,2025-06-16,2027-04-16,103900.0,14.81,7,1,5355.66
901012,700636,AL,23,2041,ACTIVE,2019-11-18,2021-08-18,168400.0,11.82,40,1,8829.31
901013,700636,MFI,23,2041,CLOSED,2025-08-04,2026-08-04,5400.0,22.6,0,0,0.0
901014,700637,GL,2,2118,CLOSED,2024-02-20,2025-01-20,88000.0,7.86,0,0,0.0
901015,700637,MFI,3,2110,CLOSED,2020-03-02,2020-12-02,69100.0,19.88,0,0,0.0
901016,700638,MFI,2,2118,ACTIVE,2020-03-14,2020-09-14,85300.0,19.27,30,2,29343.92
901017,700639,PL,18,2077,CLOSED,2022-11-26,2024-08-26,135600.0,16.74,0,0,0.0
901018,700639,HL,16,2037,CLOSED,2018-07-13,2024-07-13,4798500.0,9.45,0,0,0.0
901019,700640,CL,15,2012,ACTIVE,2023-11-01,2024-12-01,11000.0,16.54,102,3,2714.9
901020,700641,HL,23,2069,CLOSED,2024-03-19,2028-11-19,854400.0,8.68,0,0,0.0
901021,700641,EL,23,2023,CLOSED,2025-12-16,2028-05-16,305100.0,8.9,0,0,0.0
901022,700642,EL,3,2083,CLOSED,2022-11-30,2026-11-30,1685900.0,9.89,0,0,0.0
901023,700642,BL,1,2020,CLOSED,2023-11-29,2028-09-29,3587200.0,16.62,0,0,0.0
901024,700643,PL,25,2011,ACTIVE,2018-07-13,2019-12-13,1298000.0,13.6,134,4,328149.42
901025,700643,TWL,25,2011,CLOSED,2018-01-04,2019-11-04,77200.0,11.68,0,0,0.0
901026,700644,TWL,11,2064,ACTIVE,2022-09-15,2023-12-15,55300.0,13.63,24,2,7925.68
901027,700644,CL,11,2064,CLOSED,2024-03-31,2024-12-31,14200.0,15.34,0,0,0.0
901028,700644,PL,11,2030,ACTIVE,2023-12-01,2025-01-01,70900.0,16.59,8,1,5914.36
901029,700644,GL,19,2116,CLOSED,2020-01-06,2020-08-06,244600.0,9.27,0,0,0.0
901030,700645,GL,18,2103,ACTIVE,2024-05-15,2025-02-15,1434800.0,8.21,16,1,163804.67
901031,700645,BL,16,2078,CLOSED,2024-09-19,2026-12-19,4531400.0,15.72,0,0,0.0
901032,700646,MFI,14,2100,CLOSED,2020-12-28,2021-08-28,5000.0,22.42,0,0,0.0
901033,700647,MFI,12,2033,CLOSED,2023-02-17,2023-11-17,95800.0,20.04,0,0,0.0
901034,700648,CL,19,2002,ACTIVE,2025-09-07,2026-04-07,29000.0,15.83,36,1,4307.5
901035,700648,PL,19,2002,CLOSED,2025-07-14,2027-02-14,122500.0,16.9,0,0,0.0
901036,700648,AL,20,2031,ACTIVE,2025-08-08,2028-12-08,107200.0,11.13,18,3,9483.77
901037,700649,TWL,16,2027,ACTIVE,2023-06-27,2024-08-27,100900.0,13.44,17,2,15395.17
901038,700650,MFI,24,2063,CLOSED,2019-03-25,2019-12-25,48900.0,20.52,0,0,0.0
901039,700651,EL,21,2008,ACTIVE,2025-05-21,2027-12-21,2872900.0,10.04,53,1,104720.27
901040,700652,EL,4,2091,CLOSED,2024-10-02,2027-08-02,547500.0,9.82,0,0,0.0
901041,700653,GL,11,2039,CLOSED,2020-09-27,2021-07-27,247900.0,8.6,0,0,0.0
901042,700654,GL,9,2006,ACTIVE,2020-07-10,2021-03-10,1475200.0,8.27,9,1,188862.94
901043,700655,PL,13,2107,ACTIVE,2025-08-17,2027-08-17,327000.0,18.6,322,10,151029.21
901044,700656,EL,3,2021,ACTIVE,2023-12-23,2027-07-23,1296400.0,10.92,30,1,36236.66
901045,700657,LAP,19,2111,CLOSED,2020-03-14,2023-05-14,14666500.0,10.78,0,0,0.0
901046,700658,EL,24,2047,ACTIVE,2023-02-23,2027-01-23,744700.0,11.07,20,2,38661.99
901047,700658,PL,24,2047,CLOSED,2022-09-04,2023-10-04,704900.0,19.03,0,0,0.0
901048,700659,LAP,21,2066,ACTIVE,2025-09-02,2029-04-02,14454900.0,10.42,188,6,2353493.59
901049,700660,TWL,16,2037,CLOSED,2018-06-26,2019-06-26,269900.0,13.89,0,0,0.0
901050,700661,GL,10,2101,CLOSED,2022-01-10,2022-12-10,1609800.0,8.42,0,0,0.0
901051,700662,GL,20,2065,CLOSED,2019-08-11,2020-07-11,50200.0,9.7,0,0,0.0
901052,700663,TWL,15,2074,ACTIVE,2018-07-25,2019-12-25,273400.0,11.25,11,1,17310.76
901053,700664,LAP,23,2005,CLOSED,2024-11-22,2028-10-22,9439000.0,11.44,0,0,0.0
901054,700664,MFI,23,2023,ACTIVE,2022-12-28,2023-12-28,5300.0,21.16,272,9,4077.33
901055,700665,AL,10,2071,ACTIVE,2019-12-07,2021-12-07,855900.0,11.03,40,1,39540.13
901056,700666,HL,2,2118,ACTIVE,2025-06-19,2029-12-19,1532800.0,8.56,42,1,34059.22
901057,700667,BL,11,2048,ACTIVE,2020-09-14,2022-04-14,1768700.0,17.22,32,2,209515.67
901058,700668,EL,13,2029,ACTIVE,2022-03-01,2027-01-01,2543200.0,9.26,49,1,54138.73
901059,700668,EL,12,2033,ACTIVE,2022-10-13,2026-12-13,698700.0,9.73,365,12,194250.66
901060,700669,PL,7,2018,CLOSED,2025-04-08,2026-05-08,639100.0,17.93,0,0,0.0
901061,700670,MFI,23,2005,ACTIVE,2024-02-10,2024-09-10,50500.0,21.67,38,1,7607.35
901062,700670,GL,3,2097,CLOSED,2019-08-29,2020-08-29,535800.0,9.33,0,0,0.0
901063,700670,GL,23,2023,ACTIVE,2022-01-23,2022-08-23,327900.0,9.1,180,6,282112.08
901064,700671,CL,9,2046,CLOSED,2018-05-25,2019-02-25,232200.0,17.08,0,0,0.0
901065,700672,MFI,17,2028,CLOSED,2025-04-19,2026-01-19,72600.0,23.0,0,0,0.0
901066,700673,BL,1,2032,CLOSED,2019-08-08,2022-04-08,4536200.0,17.55,0,0,0.0
901067,700674,EL,2,2062,CLOSED,2024-01-07,2028-08-07,512700.0,9.21,0,0,0.0
901068,700675,PL,22,2093,CLOSED,2024-06-15,2026-05-15,506800.0,15.78,0,0,0.0
901069,700676,BL,2,2062,ACTIVE,2018-08-16,2021-05-16,2949800.0,16.01,41,2,217812.02
901070,700676,LAP,19,2111,ACTIVE,2021-03-09,2023-03-09,3647900.0,10.58,9,1,167830.58
901071,700677,EL,9,2001,CLOSED,2022-08-04,2027-01-04,2683800.0,11.02,0,0,0.0
901072,700678,CL,1,2049,ACTIVE,2019-10-19,2021-02-19,135900.0,16.35,305,10,88351.66
901073,700679,TWL,17,2051,CLOSED,2024-11-25,2026-09-25,34500.0,13.62,0,0,0.0
901074,700679,HL,17,2055,CLOSED,2023-03-14,2028-02-14,4493100.0,9.89,0,0,0.0
901075,700679,MFI,16,2078,CLOSED,2022-12-22,2023-11-22,32200.0,21.85,0,0,0.0
901076,700680,BL,1,2004,CLOSED,2024-08-22,2029-02-22,2562300.0,16.39,0,0,0.0
901077,700681,EL,4,2091,CLOSED,2019-11-05,2022-03-05,1142600.0,9.57,0,0,0.0
901078,700681,CL,1,2049,CLOSED,2020-06-10,2021-04-10,268400.0,14.41,0,0,0.0
901079,700681,MFI,1,2020,CLOSED,2024-08-03,2025-05-03,52400.0,20.46,0,0,0.0
901080,700682,AL,22,2019,CLOSED,2024-05-15,2026-04-15,234600.0,10.65,0,0,0.0
901081,700682,TWL,21,2008,ACTIVE,2025-11-14,2026-11-14,180800.0,12.92,42,1,15969.84
901082,700682,MFI,16,2078,CLOSED,2022-10-13,2023-10-13,45800.0,20.79,0,0,0.0
901083,700682,GL,5,2014,ACTIVE,2021-06-18,2022-02-18,1166200.0,9.14,1,1,149675.64
901084,700683,BL,25,2068,CLOSED,2022-06-07,2024-08-07,1205000.0,16.41,0,0,0.0
901085,700684,GL,13,2094,ACTIVE,2023-12-10,2024-09-10,920600.0,9.09,48,1,105403.63
901086,700684,PL,19,2116,CLOSED,2025-03-22,2026-11-22,81500.0,16.07,0,0,0.0
901087,700685,CL,6,2044,ACTIVE,2023-04-18,2024-10-18,30200.0,14.96,9,2,3697.62
901088,700685,PL,6,2044,CLOSED,2021-12-28,2023-05-28,1388900.0,16.22,0,0,0.0
901089,700686,AL,11,2039,CLOSED,2022-11-10,2026-06-10,459900.0,9.79,0,0,0.0
901090,700687,TWL,19,2109,CLOSED,2020-03-24,2021-12-24,71300.0,13.65,0,0,0.0
901091,700687,AL,9,2046,ACTIVE,2020-03-13,2024-03-13,321400.0,11.29,44,1,8274.24
901092,700687,GL,19,2116,ACTIVE,2025-08-21,2026-03-21,854200.0,9.25,217,7,854200.0
901093,700688,GL,6,2042,ACTIVE,2025-09-01,2026-03-01,1780300.0,8.62,31,1,302051.38
901094,700689,CL,23,2023,ACTIVE,2025-04-25,2026-04-25,120800.0,13.11,35,1,10679.09
901095,700689,BL,23,2005,CLOSED,2023-11-26,2027-06-26,2937700.0,15.2,0,0,0.0
901096,700690,GL,24,2089,CLOSED,2024-01-08,2024-10-08,1287900.0,8.8,0,0,0.0
901097,700691,PL,2,2108,CLOSED,2024-08-08,2026-02-08,715800.0,14.65,0,0,0.0
901098,700691,CL,1,2020,ACTIVE,2025-06-21,2026-07-21,334000.0,14.04,55,1,27523.42
901099,700692,PL,6,2092,ACTIVE,2024-07-11,2025-09-11,245400.0,17.43,39,2,38161.97
901100,700692,EL,5,2035,ACTIVE,2023-04-08,2025-04-08,900600.0,10.55,98,3,123188.94
901101,700693,TWL,14,2043,CLOSED,2022-10-05,2023-10-05,297300.0,10.86,0,0,0.0
901102,700694,MFI,21,2113,CLOSED,2024-09-07,2025-03-07,83600.0,23.63,0,0,0.0
901103,700694,GL,1,2049,ACTIVE,2025-06-02,2026-02-02,766200.0,10.93,101,3,293857.03
901104,700694,CL,4,2025,ACTIVE,2024-11-11,2025-10-11,14100.0,18.22,29,1,1380.56
901105,700695,PL,11,2048,CLOSED,2023-07-19,2024-11-19,981800.0,18.93,0,0,0.0
901106,700695,TWL,19,2111,CLOSED,2019-12-15,2020-12-15,162400.0,14.84,0,0,0.0
901107,700696,GL,3,2110,CLOSED,2022-03-21,2023-03-21,1211100.0,9.66,0,0,0.0
901108,700696,GL,25,2068,ACTIVE,2021-06-12,2022-05-12,499600.0,9.57,38,1,47243.44
901109,700697,CL,22,2026,CLOSED,2025-03-30,2026-06-30,11600.0,16.3,0,0,0.0
901110,700697,BL,22,2093,CLOSED,2025-10-21,2027-08-21,4163600.0,18.13,0,0,0.0
901111,700698,LAP,1,2032,CLOSED,2021-12-18,2025-06-18,3422800.0,9.58,0,0,0.0
901112,700699,EL,16,2027,ACTIVE,2019-02-27,2021-03-27,730300.0,9.7,351,11,339498.71
901113,700700,AL,2,2108,CLOSED,2020-01-28,2023-11-28,1705300.0,10.91,0,0,0.0
901114,700701,BL,12,2096,ACTIVE,2024-08-04,2028-11-04,784000.0,18.4,26,1,21934.2
901115,700701,CL,25,2011,ACTIVE,2025-06-21,2026-11-21,321200.0,16.83,106,3,62345.65
901116,700702,EL,19,2111,ACTIVE,2021-12-22,2025-07-22,1850000.0,9.44,160,5,248488.99
901117,700703,GL,5,2014,CLOSED,2023-01-17,2023-07-17,1485700.0,8.61,0,0,0.0
901118,700704,GL,4,2090,CLOSED,2021-03-20,2021-12-20,587800.0,9.74,0,0,0.0
901119,700705,TWL,19,2002,CLOSED,2022-08-12,2024-07-12,30000.0,15.14,0,0,0.0
901120,700705,MFI,20,2031,CLOSED,2024-10-11,2025-06-11,34000.0,22.85,0,0,0.0
901121,700705,GL,20,2031,CLOSED,2019-05-17,2019-11-17,206700.0,9.86,0,0,0.0
901122,700706,GL,4,2085,ACTIVE,2024-06-19,2025-03-19,892700.0,9.91,45,1,102483.13
901123,700706,GL,1,2049,CLOSED,2023-01-30,2023-08-30,439100.0,9.62,0,0,0.0
901124,700707,LAP,24,2089,CLOSED,2023-07-18,2028-03-18,8785500.0,11.36,0,0,0.0
901125,700708,GL,3,2021,CLOSED,2022-01-27,2023-01-27,1529100.0,8.52,0,0,0.0
901126,700708,EL,14,2043,ACTIVE,2022-04-18,2025-03-18,572000.0,9.59,53,1,18650.63
901127,700709,EL,21,2113,CLOSED,2022-10-31,2025-09-30,1491300.0,9.67,0,0,0.0
901128,700709,AL,9,2001,CLOSED,2020-05-27,2022-04-27,788600.0,10.65,0,0,0.0
901129,700710,EL,1,2020,CLOSED,2024-10-29,2027-11-29,1746000.0,10.26,0,0,0.0
901130,700711,MFI,3,2110,ACTIVE,2025-08-27,2026-08-27,99900.0,23.22,49,1,9230.23
901131,700712,AL,6,2092,CLOSED,2025-07-13,2028-09-13,2835700.0,10.69,0,0,0.0
901132,700713,PL,16,2024,ACTIVE,2022-12-28,2024-06-28,290800.0,18.32,43,1,18319.43
901133,700713,GL,16,2037,ACTIVE,2025-12-25,2026-12-25,731200.0,9.58,24,2,126762.71
901134,700714,PL,11,2030,CLOSED,2023-01-21,2025-01-21,443000.0,15.88,0,0,0.0
901135,700714,GL,11,2064,CLOSED,2022-07-07,2023-02-07,792500.0,8.89,0,0,0.0
901136,700715,AL,14,2100,CLOSED,2019-07-25,2022-11-25,476600.0,10.43,0,0,0.0
901137,700715,PL,14,2100,CLOSED,2018-08-19,2020-07-19,399600.0,15.22,0,0,0.0
901138,700715,LAP,15,2073,CLOSED,2025-08-02,2031-02-02,1248500.0,10.85,0,0,0.0
901139,700716,EL,13,2029,ACTIVE,2021-12-12,2024-02-12,1588400.0,10.31,33,1,67847.7
901140,700717,LAP,22,2026,ACTIVE,2023-05-25,2028-03-25,4776500.0,12.35,235,7,737738.06
901141,700718,TWL,2,2106,ACTIVE,2023-07-25,2024-08-25,39000.0,12.11,5,1,3184.05
901142,700719,LAP,2,2105,CLOSED,2021-11-19,2026-08-19,10151300.0,11.17,0,0,0.0
901143,700719,MFI,14,2119,ACTIVE,2024-11-27,2025-08-27,92700.0,20.67,259,8,83089.48
901144,700720,TWL,16,2037,CLOSED,2025-06-30,2026-11-30,249100.0,14.13,0,0,0.0
901145,700720,MFI,6,2042,CLOSED,2025-02-02,2026-02-02,75700.0,21.94,0,0,0.0
901146,700721,MFI,19,2116,ACTIVE,2024-09-25,2025-07-25,41900.0,24.93,14,1,4588.2
901147,700722,AL,2,2105,CLOSED,2022-12-03,2026-03-03,2785600.0,11.17,0,0,0.0
901148,700723,PL,20,2056,ACTIVE,2023-05-21,2024-05-21,766800.0,14.98,31,1,68349.61
901149,700723,MFI,19,2081,ACTIVE,2024-01-22,2024-07-22,19900.0,20.12,17,1,3456.05
901150,700724,CL,6,2042,ACTIVE,2023-03-16,2024-09-16,319700.0,13.68,53,1,19523.8
901151,700724,MFI,4,2085,ACTIVE,2025-08-22,2026-08-22,14900.0,19.7,253,8,10253.09
901152,700724,TWL,10,2101,ACTIVE,2024-08-12,2025-08-12,107900.0,11.95,319,10,90795.74
901153,700725,LAP,13,2054,CLOSED,2022-07-26,2027-04-26,10990100.0,12.03,0,0,0.0
901154,700725,GL,2,2108,CLOSED,2023-10-01,2024-07-01,518500.0,9.65,0,0,0.0
901155,700725,GL,12,2086,ACTIVE,2019-10-17,2020-08-17,693500.0,9.37,38,1,71802.38
901156,700726,EL,8,2034,ACTIVE,2025-11-29,2029-06-29,1799500.0,10.3,62,2,99167.42
901157,700727,MFI,11,2039,ACTIVE,2019-03-23,2019-10-23,41600.0,21.67,225,7,41600.0
901158,700728,TWL,11,2048,CLOSED,2021-07-23,2022-11-23,32400.0,12.1,0,0,0.0
901159,700729,PL,2,2108,ACTIVE,2020-11-17,2022-09-17,894200.0,18.47,283,9,402414.22
901160,700730,TWL,4,2091,CLOSED,2025-05-31,2027-04-30,53000.0,13.14,0,0,0.0
901161,700730,PL,10,2095,ACTIVE,2025-04-03,2027-02-03,856100.0,16.42,27,3,132345.32
901162,700731,PL,23,2069,CLOSED,2024-06-04,2026-03-04,400200.0,18.14,0,0,0.0
901163,700732,LAP,21,2088,ACTIVE,2023-12-04,2030-06-04,12368800.0,10.99,13,1,220574.82
901164,700732,GL,3,2110,ACTIVE,2023-11-15,2024-05-15,465000.0,8.75,20,2,157257.59
901165,700732,BL,4,2091,ACTIVE,2024-01-09,2026-09-09,4601600.0,16.84,204,6,1025942.4
901166,700733,CL,1,2020,ACTIVE,2025-04-05,2026-07-05,33300.0,17.23,155,5,11899.94
901167,700734,TWL,20,2031,CLOSED,2019-11-23,2021-02-23,30500.0,12.64,0,0,0.0
901168,700735,BL,25,2013,CLOSED,2021-05-23,2025-09-23,3528400.0,17.99,0,0,0.0
901169,700736,LAP,4,2085,CLOSED,2024-03-07,2028-08-07,10046100.0,11.39,0,0,0.0
901170,700736,AL,1,2004,CLOSED,2025-05-17,2027-09-17,120800.0,11.25,0,0,0.0
901171,700736,CL,11,2030,CLOSED,2020-09-19,2021-09-19,75700.0,15.29,0,0,0.0
901172,700737,AL,15,2074,CLOSED,2024-06-06,2025-11-06,100200.0,10.53,0,0,0.0
901173,700737,BL,18,2077,ACTIVE,2018-03-11,2020-06-11,373900.0,16.42,365,12,183184.03
901174,700737,AL,11,2064,CLOSED,2019-05-03,2022-06-03,930100.0,10.26,0,0,0.0
901175,700738,MFI,8,2076,ACTIVE,2021-10-08,2022-10-08,17400.0,19.53,193,6,9121.03
901176,700738,BL,13,2054,CLOSED,2024-02-21,2026-09-21,3830500.0,15.35,0,0,0.0
901177,700739,AL,13,2107,ACTIVE,2019-02-24,2022-05-24,141700.0,12.23,2,1,4376.76
901178,700739,PL,12,2096,CLOSED,2023-01-22,2024-08-22,951600.0,19.34,0,0,0.0
901179,700739,PL,12,2033,ACTIVE,2024-01-27,2025-08-27,1358400.0,19.72,51,1,82462.17
901180,700740,HL,24,2063,ACTIVE,2018-01-06,2024-06-06,9580700.0,9.04,194,6,961119.77
901181,700741,GL,17,2051,CLOSED,2018-11-20,2019-05-20,977800.0,8.26,0,0,0.0
901182,700741,AL,14,2119,CLOSED,2021-03-21,2023-07-21,2756100.0,10.39,0,0,0.0
901183,700742,PL,1,2049,ACTIVE,2022-07-23,2024-03-23,59100.0,16.46,43,1,3352.94
901184,700743,EL,9,2057,CLOSED,2024-09-21,2027-08-21,84000.0,8.52,0,0,0.0
901185,700743,GL,8,2114,ACTIVE,2024-12-11,2025-08-11,249100.0,7.55,71,2,63451.61
901186,700743,EL,2,2118,CLOSED,2024-12-07,2028-01-07,1429800.0,8.78,0,0,0.0
901187,700744,PL,17,2028,CLOSED,2025-02-11,2026-12-11,636700.0,15.58,0,0,0.0
901188,700745,HL,6,2044,CLOSED,2018-03-30,2022-03-30,2401300.0,10.53,0,0,0.0
901189,700746,MFI,9,2006,CLOSED,2024-05-19,2025-03-19,95800.0,19.5,0,0,0.0
901190,700746,TWL,20,2080,CLOSED,2024-01-17,2025-08-17,77000.0,11.31,0,0,0.0
901191,700747,CL,5,2035,CLOSED,2025-04-09,2026-09-09,396000.0,15.61,0,0,0.0
901192,700748,PL,22,2022,CLOSED,2021-07-01,2022-09-01,227100.0,17.61,0,0,0.0
901193,700749,PL,15,2015,ACTIVE,2025-03-12,2026-09-12,778300.0,13.72,10,2,94548.47
901194,700749,AL,22,2093,ACTIVE,2019-01-12,2022-05-12,2390500.0,9.83,50,1,69758.18
901195,700750,EL,21,2113,ACTIVE,2025-10-10,2028-11-10,1642800.0,8.06,44,1,49957.98
901196,700751,MFI,4,2085,CLOSED,2022-05-26,2023-02-26,16600.0,20.2,0,0,0.0
901197,700752,EL,12,2072,ACTIVE,2018-12-30,2022-05-30,1283600.0,9.1,8,1,36268.67
901198,700752,LAP,12,2096,ACTIVE,2018-09-26,2023-06-26,8006800.0,10.18,38,2,351011.87
901199,700753,PL,4,2085,CLOSED,2023-11-09,2025-03-09,884900.0,16.74,0,0,0.0
901200,700754,MFI,8,2076,CLOSED,2024-08-29,2025-02-28,26700.0,22.92,0,0,0.0
901201,700755,PL,15,2012,CLOSED,2025-09-02,2027-01-02,618100.0,16.62,0,0,0.0
901202,700755,BL,17,2051,CLOSED,2023-07-10,2027-08-10,2940600.0,17.43,0,0,0.0
901203,700756,AL,21,2008,CLOSED,2022-12-22,2025-02-22,543700.0,9.68,0,0,0.0
901204,700756,MFI,21,2113,CLOSED,2019-01-13,2019-12-13,96700.0,19.03,0,0,0.0
901205,700756,GL,18,2077,CLOSED,2024-12-21,2025-10-21,1675200.0,7.82,0,0,0.0
901206,700757,EL,17,2055,ACTIVE,2025-04-11,2028-12-11,2556400.0,11.12,50,1,70360.44
901207,700758,LAP,15,2073,CLOSED,2025-08-25,2030-03-25,12850100.0,11.83,0,0,0.0
901208,700758,LAP,16,2037,CLOSED,2022-08-12,2026-03-12,9642000.0,11.74,0,0,0.0
901209,700759,AL,9,2006,ACTIVE,2025-11-25,2027-07-25,2528400.0,12.54,157,5,682203.47
901210,700759,PL,10,2101,CLOSED,2025-04-10,2027-02-10,418600.0,20.2,0,0,0.0
901211,700760,PL,6,2044,CLOSED,2020-04-21,2021-12-21,281500.0,15.56,0,0,0.0
901212,700761,PL,14,2043,ACTIVE,2025-10-29,2026-11-29,1428400.0,14.32,103,3,349445.86
901213,700761,EL,14,2050,CLOSED,2025-11-02,2029-09-02,90000.0,9.22,0,0,0.0
901214,700762,HL,1,2032,ACTIVE,2025-05-26,2032-04-26,758500.0,10.61,46,1,12823.46
901215,700763,AL,9,2006,CLOSED,2023-07-19,2026-07-19,225800.0,11.25,0,0,0.0
901216,700763,EL,10,2095,ACTIVE,2025-03-03,2027-08-03,1837300.0,9.97,13,2,141346.81
901217,700764,TWL,10,2095,ACTIVE,2025-07-25,2026-12-25,233000.0,11.62,187,6,86626.69
901218,700764,PL,17,2028,CLOSED,2025-01-09,2027-01-09,69100.0,13.2,0,0,0.0
901219,700765,TWL,8,2070,CLOSED,2024-05-05,2026-04-05,271200.0,13.22,0,0,0.0
901220,700766,GL,19,2116,CLOSED,2020-02-16,2020-08-16,594600.0,10.0,0,0,0.0
901221,700767,GL,17,2055,CLOSED,2019-02-03,2019-10-03,370100.0,10.26,0,0,0.0
901222,700768,GL,6,2044,CLOSED,2023-04-21,2024-04-21,1281400.0,10.58,0,0,0.0
901223,700769,CL,14,2082,CLOSED,2018-05-28,2019-07-28,343600.0,13.88,0,0,0.0
901224,700770,GL,8,2076,CLOSED,2025-05-05,2026-01-05,317400.0,9.55,0,0,0.0
901225,700771,PL,25,2011,ACTIVE,2022-12-31,2024-02-29,702800.0,13.79,53,1,54012.98
901226,700772,MFI,10,2071,CLOSED,2025-11-22,2026-07-22,91000.0,20.13,0,0,0.0
901227,700772,BL,14,2119,CLOSED,2024-03-23,2027-11-23,821100.0,16.22,0,0,0.0
901228,700772,PL,14,2050,ACTIVE,2024-08-24,2026-04-24,949300.0,14.04,42,1,52891.83
901229,700773,GL,18,2103,ACTIVE,2019-12-01,2020-12-01,1574100.0,9.65,294,9,1194643.11
901230,700773,GL,22,2093,CLOSED,2020-01-29,2020-09-29,474700.0,9.6,0,0,0.0
901231,700774,TWL,4,2115,CLOSED,2019-10-31,2021-09-30,30600.0,13.94,0,0,0.0
901232,700774,TWL,23,2005,ACTIVE,2023-05-17,2024-05-17,94100.0,13.69,293,9,71761.91
901233,700775,GL,12,2017,CLOSED,2023-02-05,2024-02-05,271400.0,8.01,0,0,0.0
901234,700776,EL,24,2047,CLOSED,2024-05-27,2029-03-27,2993100.0,9.7,0,0,0.0
901235,700777,AL,14,2050,CLOSED,2022-08-05,2025-10-05,1679000.0,10.87,0,0,0.0
901236,700777,AL,22,2093,CLOSED,2018-02-12,2019-05-12,537000.0,10.51,0,0,0.0
901237,700777,AL,17,2028,ACTIVE,2025-05-20,2027-01-20,2505200.0,10.64,323,10,1307851.31
901238,700778,GL,4,2115,CLOSED,2025-10-09,2026-06-09,30700.0,10.0,0,0,0.0
901239,700779,PL,16,2037,CLOSED,2025-12-26,2027-09-26,212700.0,14.11,0,0,0.0
901240,700779,CL,16,2027,CLOSED,2021-01-09,2022-02-09,92800.0,13.66,0,0,0.0
901241,700780,EL,2,2104,ACTIVE,2025-11-07,2030-03-07,2987900.0,10.47,16,1,71102.31
901242,700781,CL,11,2030,CLOSED,2018-01-16,2018-08-16,362500.0,17.79,0,0,0.0
901243,700781,HL,6,2053,CLOSED,2021-03-06,2025-07-06,1488400.0,11.03,0,0,0.0
901244,700782,TWL,10,2045,CLOSED,2018-07-02,2020-03-02,135100.0,13.91,0,0,0.0
901245,700783,PL,23,2069,ACTIVE,2022-09-07,2024-05-07,502300.0,15.04,27,2,56044.89
901246,700784,CL,20,2080,ACTIVE,2025-01-05,2025-08-05,89700.0,12.44,22,1,13214.14
901247,700785,GL,15,2012,ACTIVE,2021-01-28,2021-09-28,1350400.0,9.12,44,1,173306.82
901248,700786,GL,7,2010,CLOSED,2025-10-07,2026-09-07,1768800.0,9.91,0,0,0.0
901249,700786,MFI,7,2079,ACTIVE,2024-11-01,2025-11-01,9900.0,22.96,278,9,7631.92
901250,700787,MFI,25,2061,CLOSED,2022-08-22,2023-03-22,59800.0,18.67,0,0,0.0
901251,700787,EL,25,2061,ACTIVE,2022-03-16,2026-05-16,787500.0,8.0,5,2,36776.87
901252,700788,BL,19,2109,ACTIVE,2019-02-27,2021-07-27,622000.0,16.88,30,1,25903.69
901253,700789,BL,5,2102,ACTIVE,2023-04-26,2024-04-26,4544900.0,17.47,49,1,409568.25
901254,700790,GL,11,2064,ACTIVE,2022-10-09,2023-05-09,368900.0,9.93,14,1,54011.8
901255,700791,MFI,12,2086,CLOSED,2019-10-27,2020-10-27,34500.0,22.59,0,0,0.0
901256,700792,TWL,8,2034,CLOSED,2022-06-18,2023-11-18,71100.0,14.57,0,0,0.0
901257,700793,MFI,16,2024,ACTIVE,2025-12-29,2026-06-29,8100.0,22.71,14,1,1414.06
901258,700793,PL,23,2023,ACTIVE,2024-10-06,2026-01-06,1291000.0,18.83,332,11,975653.36
901259,700794,TWL,11,2064,CLOSED,2024-03-05,2025-12-05,63700.0,11.34,0,0,0.0
901260,700794,EL,9,2057,ACTIVE,2022-07-20,2026-05-20,973700.0,8.85,37,1,24854.45
901261,700795,EL,1,2032,ACTIVE,2024-02-23,2026-12-23,1410500.0,10.08,321,10,457248.31
901262,700795,TWL,23,2005,CLOSED,2025-12-12,2027-11-12,60800.0,13.13,0,0,0.0
901263,700795,AL,24,2089,ACTIVE,2024-01-26,2026-03-26,2595500.0,11.4,141,4,441987.58
901264,700795,CL,23,2023,ACTIVE,2023-09-01,2024-07-01,168300.0,15.36,106,3,52756.01
901265,700795,MFI,23,2069,CLOSED,2025-05-10,2025-11-10,69600.0,21.2,0,0,0.0
901266,700796,CL,22,2022,ACTIVE,2019-08-16,2020-06-16,470000.0,15.86,35,1,49825.25
901267,700796,GL,8,2076,CLOSED,2024-02-19,2025-01-19,99400.0,9.42,0,0,0.0
901268,700796,PL,22,2019,CLOSED,2019-02-03,2020-06-03,1306500.0,16.93,0,0,0.0
901269,700797,TWL,8,2038,ACTIVE,2019-04-10,2021-01-10,79000.0,13.48,11,1,4196.9
901270,700797,CL,9,2057,ACTIVE,2021-03-13,2022-08-13,430000.0,15.49,37,1,27972.01
901271,700798,HL,16,2024,CLOSED,2023-08-12,2030-02-12,6068000.0,8.62,0,0,0.0
901272,700799,TWL,2,2106,CLOSED,2021-07-28,2023-05-28,64100.0,13.9,0,0,0.0
901273,700799,CL,19,2081,ACTIVE,2019-12-09,2021-03-09,347500.0,15.86,33,1,25356.03
901274,700800,BL,24,2063,ACTIVE,2021-11-19,2025-01-19,3235200.0,16.34,2,2,214841.86
901275,700801,PL,2,2108,ACTIVE,2024-08-29,2026-06-29,399600.0,15.73,91,3,61460.8
901276,700801,MFI,2,2104,CLOSED,2022-09-07,2023-06-07,50600.0,20.54,0,0,0.0
901277,700802,MFI,25,2011,CLOSED,2021-08-12,2022-02-12,68100.0,20.62,0,0,0.0
901278,700803,TWL,9,2046,CLOSED,2022-12-03,2024-11-03,259800.0,14.13,0,0,0.0
901279,700804,GL,10,2101,CLOSED,2019-07-28,2020-06-28,513100.0,8.68,0,0,0.0
901280,700805,BL,9,2006,CLOSED,2024-12-06,2029-06-06,2460900.0,14.92,0,0,0.0
901281,700806,AL,23,2069,ACTIVE,2024-01-02,2025-04-02,241800.0,11.0,5,1,17169.9
901282,700807,TWL,13,2094,CLOSED,2023-11-29,2025-11-29,39600.0,14.39,0,0,0.0
901283,700807,GL,13,2054,CLOSED,2024-06-22,2024-12-22,145400.0,9.86,0,0,0.0
901284,700807,AL,13,2029,CLOSED,2025-08-12,2028-04-12,387700.0,11.58,0,0,0.0
901285,700808,MFI,19,2002,CLOSED,2024-09-28,2025-04-28,70600.0,22.56,0,0,0.0
901286,700808,TWL,11,2030,ACTIVE,2025-10-16,2027-03-16,36700.0,14.8,48,1,2376.96
901287,700809,AL,6,2044,ACTIVE,2020-04-18,2021-04-18,125600.0,12.06,170,5,54170.54
901288,700810,MFI,23,2023,ACTIVE,2020-10-09,2021-07-09,56100.0,21.01,249,8,50290.58
901289,700811,GL,1,2020,CLOSED,2024-11-29,2025-11-29,997500.0,9.06,0,0,0.0
901290,700811,MFI,1,2032,CLOSED,2025-03-01,2025-12-01,6100.0,21.61,0,0,0.0
901291,700812,CL,14,2009,CLOSED,2018-09-06,2019-08-06,320900.0,14.93,0,0,0.0
901292,700813,EL,4,2025,ACTIVE,2019-09-03,2022-07-03,161400.0,9.9,4,1,5418.64
901293,700813,BL,3,2067,ACTIVE,2025-07-02,2027-05-02,4999200.0,16.96,10,1,262274.34
901294,700814,BL,15,2012,ACTIVE,2023-04-23,2026-03-23,559400.0,18.72,282,9,173917.95
901295,700815,EL,13,2054,CLOSED,2023-12-30,2026-05-30,265800.0,9.44,0,0,0.0
901296,700815,GL,24,2016,CLOSED,2024-06-25,2025-04-25,1052800.0,8.6,0,0,0.0
901297,700816,MFI,23,2023,ACTIVE,2018-12-15,2019-08-15,6200.0,20.75,243,8,6200.0
901298,700817,BL,16,2024,ACTIVE,2024-11-19,2027-10-19,1535800.0,17.12,30,2,109744.42
901299,700817,MFI,18,2103,CLOSED,2025-06-18,2025-12-18,31100.0,21.44,0,0,0.0
901300,700818,TWL,19,2111,ACTIVE,2019-01-10,2020-07-10,88100.0,12.95,203,6,31276.95
901301,700819,MFI,7,2018,CLOSED,2023-04-08,2024-01-08,22300.0,19.84,0,0,0.0
901302,700820,CL,2,2105,CLOSED,2020-12-11,2021-11-11,47600.0,14.87,0,0,0.0
901303,700821,GL,17,2060,CLOSED,2025-04-06,2026-03-06,546000.0,10.27,0,0,0.0
901304,700822,AL,22,2026,CLOSED,2024-08-17,2025-11-17,468200.0,11.48,0,0,0.0
901305,700822,CL,9,2057,CLOSED,2020-03-17,2020-12-17,54200.0,16.16,0,0,0.0
901306,700822,MFI,14,2119,CLOSED,2019-10-30,2020-04-30,53300.0,22.0,0,0,0.0
901307,700823,TWL,20,2031,ACTIVE,2021-08-27,2022-12-27,48600.0,11.74,13,1,3264.3
901308,700823,CL,19,2109,ACTIVE,2024-01-24,2025-01-24,96800.0,13.35,35,1,8566.51
901309,700824,PL,20,2065,CLOSED,2023-01-06,2024-07-06,53500.0,16.83,0,0,0.0
901310,700825,CL,18,2120,ACTIVE,2020-06-18,2020-12-18,350700.0,15.96,34,1,60397.51
901311,700826,GL,18,2098,CLOSED,2023-04-20,2023-10-20,192900.0,9.96,0,0,0.0
901312,700827,PL,6,2042,CLOSED,2025-01-09,2026-07-09,391000.0,16.27,0,0,0.0
901313,700827,TWL,8,2038,CLOSED,2023-09-30,2025-07-30,200000.0,12.81,0,0,0.0
901314,700827,PL,6,2042,ACTIVE,2025-10-25,2026-10-25,891700.0,15.85,15,2,158535.0
901315,700828,EL,8,2038,CLOSED,2023-11-01,2028-09-01,2138900.0,10.54,0,0,0.0
901316,700828,EL,15,2074,ACTIVE,2022-03-15,2025-01-15,68000.0,10.54,44,1,2301.96
901317,700829,TWL,5,2035,CLOSED,2022-01-26,2023-11-26,138300.0,14.02,0,0,0.0
901318,700830,BL,11,2075,ACTIVE,2022-02-05,2027-01-05,1076100.0,16.7,339,11,272207.26
901319,700831,CL,16,2024,CLOSED,2018-11-03,2020-03-03,327100.0,15.1,0,0,0.0
901320,700832,AL,9,2046,ACTIVE,2018-02-16,2020-03-16,172300.0,10.08,36,2,15148.4
901321,700833,GL,18,2040,ACTIVE,2022-11-01,2023-06-01,141900.0,8.65,71,2,41273.44
901322,700834,CL,2,2062,CLOSED,2021-05-31,2021-11-30,162200.0,15.53,0,0,0.0
901323,700834,MFI,1,2020,ACTIVE,2022-03-02,2022-09-02,26900.0,21.7,194,6,26900.0
901324,700835,AL,25,2068,CLOSED,2024-05-19,2027-03-19,183700.0,11.37,0,0,0.0
901325,700835,AL,2,2108,CLOSED,2025-01-29,2027-09-29,2791800.0,11.29,0,0,0.0
901326,700836,CL,1,2032,CLOSED,2023-04-13,2024-07-13,271300.0,15.51,0,0,0.0
901327,700836,CL,3,2052,ACTIVE,2021-05-07,2022-06-07,492500.0,15.44,38,2,81197.47
901328,700837,CL,22,2026,CLOSED,2020-09-28,2021-11-28,448200.0,14.47,0,0,0.0
901329,700837,GL,22,2093,ACTIVE,2020-03-31,2021-02-28,240700.0,8.15,162,5,111633.02
901330,700838,AL,10,2095,CLOSED,2025-02-02,2026-08-02,1714700.0,11.18,0,0,0.0
901331,700838,HL,3,2083,ACTIVE,2025-03-10,2029-07-10,756900.0,9.65,36,1,17725.69
901332,700839,PL,5,2035,ACTIVE,2024-11-19,2026-10-19,1192900.0,16.9,164,5,292905.06
901333,700839,PL,6,2053,CLOSED,2025-02-13,2026-04-13,189700.0,16.81,0,0,0.0
901334,700839,TWL,6,2044,ACTIVE,2024-04-15,2025-06-15,87100.0,13.57,48,1,6686.32
901335,700840,PL,8,2034,CLOSED,2022-09-10,2024-05-10,243000.0,14.23,0,0,0.0
901336,700840,PL,8,2076,ACTIVE,2021-11-11,2023-02-11,595700.0,14.14,13,2,85602.52
901337,700840,TWL,8,2038,CLOSED,2020-07-05,2021-09-05,262700.0,12.07,0,0,0.0
901338,700841,PL,12,2033,CLOSED,2021-07-12,2023-05-12,452300.0,15.89,0,0,0.0
901339,700841,GL,2,2062,CLOSED,2021-11-29,2022-06-29,368100.0,8.63,0,0,0.0
901340,700842,PL,19,2081,ACTIVE,2023-11-24,2025-09-24,415300.0,16.79,242,8,165883.78
901341,700842,GL,20,2065,CLOSED,2024-03-27,2024-11-27,1724000.0,9.34,0,0,0.0
901342,700843,AL,2,2118,CLOSED,2020-01-26,2022-09-26,516700.0,12.33,0,0,0.0
901343,700844,LAP,11,2075,CLOSED,2025-12-31,2031-05-31,14380700.0,10.95,0,0,0.0
901344,700845,TWL,24,2047,ACTIVE,2024-05-16,2025-11-16,287100.0,12.97,295,9,150489.04
901345,700846,GL,3,2110,CLOSED,2021-11-08,2022-10-08,83200.0,8.81,0,0,0.0
901346,700847,GL,9,2057,ACTIVE,2020-01-23,2021-01-23,93600.0,9.5,44,2,16221.47
901347,700848,PL,8,2114,CLOSED,2025-10-29,2026-10-29,62100.0,17.8,0,0,0.0
901348,700848,GL,18,2103,CLOSED,2024-04-02,2024-12-02,100100.0,9.34,0,0,0.0
901349,700849,CL,19,2002,CLOSED,2021-10-03,2023-02-03,123300.0,15.39,0,0,0.0
901350,700850,AL,18,2103,CLOSED,2019-08-29,2022-07-29,1769000.0,11.94,0,0,0.0
901351,700851,EL,22,2093,ACTIVE,2022-01-22,2024-06-22,1839300.0,9.82,42,1,70924.88
901352,700851,PL,22,2022,ACTIVE,2023-05-25,2024-12-25,71600.0,15.32,47,1,4214.02
901353,700852,BL,19,2116,ACTIVE,2020-05-02,2024-02-02,2457900.0,18.6,34,1,75106.87
901354,700852,CL,9,2001,ACTIVE,2023-11-12,2025-02-12,58000.0,16.57,188,6,24640.32
901355,700853,PL,20,2031,ACTIVE,2023-03-10,2024-04-10,1446000.0,16.33,50,1,120473.27
901356,700854,HL,4,2085,ACTIVE,2025-05-11,2031-03-11,4151200.0,9.63,13,1,77123.48
901357,700854,CL,1,2032,ACTIVE,2024-04-03,2024-11-03,458600.0,15.24,10,1,68020.55
901358,700855,AL,21,2036,ACTIVE,2021-11-03,2024-10-03,1095200.0,11.27,16,2,72696.2
901359,700855,TWL,21,2066,CLOSED,2020-08-22,2022-01-22,57600.0,13.69,0,0,0.0
901360,700855,PL,22,2093,CLOSED,2021-02-20,2022-11-20,63700.0,17.17,0,0,0.0
901361,700856,PL,14,2050,CLOSED,2022-09-25,2024-04-25,676800.0,15.56,0,0,0.0
901362,700857,GL,16,2027,ACTIVE,2018-11-01,2019-07-01,1710700.0,8.68,46,1,219270.38
901363,700857,MFI,12,2096,CLOSED,2025-06-04,2026-04-04,8200.0,20.74,0,0,0.0
901364,700858,CL,18,2040,CLOSED,2023-12-13,2025-06-13,152000.0,16.14,0,0,0.0
901365,700859,HL,17,2028,CLOSED,2023-02-04,2028-11-04,2374400.0,9.3,0,0,0.0
901366,700859,PL,25,2013,ACTIVE,2022-12-07,2024-04-07,465500.0,14.6,46,1,31806.46
901367,700860,GL,22,2026,ACTIVE,2021-04-23,2022-01-23,21100.0,8.29,33,1,2409.52
901368,700860,GL,24,2047,CLOSED,2020-09-21,2021-05-21,1571000.0,8.28,0,0,0.0
901369,700860,EL,6,2044,CLOSED,2018-03-04,2022-02-04,62500.0,9.41,0,0,0.0
901370,700861,GL,7,2018,ACTIVE,2020-06-17,2021-04-17,1344200.0,8.4,16,1,138678.57
901371,700862,TWL,12,2033,CLOSED,2022-10-19,2024-08-19,40300.0,13.32,0,0,0.0
901372,700863,EL,7,2079,CLOSED,2022-09-05,2026-12-05,50400.0,9.8,0,0,0.0
901373,700863,EL,7,2079,CLOSED,2025-12-23,2030-10-23,972400.0,9.96,0,0,0.0
901374,700864,PL,11,2064,CLOSED,2024-07-11,2025-07-11,642800.0,18.68,0,0,0.0
901375,700864,GL,11,2075,CLOSED,2024-04-09,2024-10-09,1744600.0,9.54,0,0,0.0
901376,700864,PL,11,2039,CLOSED,2024-12-08,2026-09-08,114600.0,18.14,0,0,0.0
901377,700865,LAP,20,2080,CLOSED,2023-03-19,2028-12-19,998400.0,10.72,0,0,0.0
901378,700866,TWL,9,2006,ACTIVE,2022-12-16,2024-05-16,257200.0,15.61,68,2,33272.74
901379,700867,GL,6,2092,CLOSED,2019-11-09,2020-06-09,542100.0,9.01,0,0,0.0
901380,700867,TWL,6,2044,CLOSED,2019-05-03,2020-10-03,42300.0,13.82,0,0,0.0
901381,700867,AL,6,2092,ACTIVE,2020-05-17,2022-05-17,725400.0,11.27,45,1,33584.91
901382,700868,HL,6,2044,CLOSED,2020-09-08,2027-05-08,928400.0,9.7,0,0,0.0
901383,700869,BL,1,2049,CLOSED,2018-09-10,2021-03-10,2032100.0,15.74,0,0,0.0
901384,700870,EL,21,2088,CLOSED,2022-02-03,2024-09-03,2954100.0,11.13,0,0,0.0
901385,700870,GL,10,2095,CLOSED,2022-05-28,2023-02-28,1959100.0,10.13,0,0,0.0
901386,700870,GL,21,2113,ACTIVE,2021-10-25,2022-04-25,68900.0,9.89,74,2,23344.7
901387,700871,BL,23,2041,CLOSED,2025-04-24,2027-05-24,2155900.0,16.83,0,0,0.0
901388,700871,AL,23,2041,ACTIVE,2025-12-04,2028-02-04,1005500.0,10.77,45,1,43145.86
901389,700872,TWL,5,2102,CLOSED,2018-02-17,2019-09-17,81000.0,14.51,0,0,0.0
901390,700873,AL,5,2035,ACTIVE,2024-06-19,2027-07-19,764600.0,11.76,48,1,24497.25
901391,700874,GL,18,2103,CLOSED,2019-11-10,2020-07-10,1376300.0,9.74,0,0,0.0
901392,700875,MFI,7,2018,CLOSED,2018-02-05,2018-11-05,5000.0,20.72,0,0,0.0
901393,700876,PL,6,2092,CLOSED,2024-03-12,2025-11-12,672800.0,15.85,0,0,0.0
901394,700877,TWL,20,2056,CLOSED,2020-07-17,2021-12-17,192800.0,13.2,0,0,0.0
901395,700878,BL,3,2052,ACTIVE,2021-05-24,2025-12-24,3265900.0,18.66,343,11,891306.56
901396,700878,TWL,16,2027,CLOSED,2025-06-24,2027-04-24,34300.0,14.56,0,0,0.0
901397,700879,PL,9,2001,CLOSED,2025-08-16,2026-12-16,96000.0,17.59,0,0,0.0
901398,700879,MFI,10,2071,CLOSED,2024-08-18,2025-03-18,21300.0,22.21,0,0,0.0
901399,700880,PL,23,2041,CLOSED,2021-07-28,2022-11-28,839200.0,16.21,0,0,0.0
901400,700881,MFI,4,2091,CLOSED,2024-10-20,2025-10-20,5300.0,19.86,0,0,0.0
901401,700882,BL,2,2106,CLOSED,2023-02-26,2026-01-26,3882800.0,18.75,0,0,0.0
901402,700883,AL,23,2005,CLOSED,2024-08-18,2026-02-18,1624300.0,10.67,0,0,0.0
901403,700884,BL,22,2093,CLOSED,2025-10-12,2030-10-12,2384700.0,14.83,0,0,0.0
901404,700884,BL,13,2094,CLOSED,2024-08-22,2027-01-22,1473600.0,15.32,0,0,0.0
901405,700885,PL,5,2003,ACTIVE,2020-11-20,2021-12-20,844200.0,15.12,126,4,274535.6
901406,700885,EL,5,2014,ACTIVE,2024-06-24,2028-03-24,51500.0,9.31,15,1,1349.74
901407,700886,PL,17,2058,CLOSED,2020-08-08,2022-02-08,219300.0,16.98,0,0,0.0
901408,700886,GL,19,2111,CLOSED,2022-01-09,2023-01-09,955800.0,9.46,0,0,0.0
901409,700887,GL,2,2104,CLOSED,2025-05-30,2026-03-30,108300.0,8.11,0,0,0.0
901410,700888,AL,9,2046,ACTIVE,2024-09-06,2026-10-06,840000.0,11.59,306,10,360387.98
901411,700888,AL,10,2095,ACTIVE,2019-08-25,2021-05-25,1961600.0,11.31,285,9,888188.11
901412,700889,HL,20,2056,CLOSED,2024-10-17,2030-12-17,7351300.0,9.79,0,0,0.0
901413,700890,TWL,2,2108,ACTIVE,2023-07-13,2025-06-13,53100.0,11.08,77,2,5075.82
901414,700890,CL,4,2091,CLOSED,2021-12-12,2023-03-12,23900.0,12.98,0,0,0.0
901415,700891,CL,20,2031,CLOSED,2023-11-03,2025-04-03,448300.0,12.84,0,0,0.0
901416,700891,BL,5,2003,CLOSED,2022-08-06,2026-01-06,3742600.0,14.96,0,0,0.0
901417,700892,EL,20,2065,CLOSED,2024-03-02,2027-12-02,2766000.0,11.16,0,0,0.0
901418,700893,MFI,18,2040,CLOSED,2025-02-05,2025-11-05,56100.0,20.13,0,0,0.0
901419,700893,GL,6,2092,ACTIVE,2020-05-16,2020-11-16,27800.0,8.22,35,1,4712.77
901420,700893,BL,15,2073,CLOSED,2022-02-21,2023-12-21,4786200.0,16.09,0,0,0.0
901421,700894,CL,21,2036,CLOSED,2024-10-25,2025-10-25,28500.0,12.44,0,0,0.0
901422,700894,GL,21,2036,ACTIVE,2025-10-09,2026-09-09,1659800.0,7.57,283,9,1366494.95
901423,700894,PL,21,2008,ACTIVE,2025-01-18,2026-05-18,644300.0,11.76,30,1,43280.73
901424,700895,TWL,21,2036,ACTIVE,2025-06-02,2027-01-02,271500.0,14.06,123,4,62254.57
901425,700895,CL,22,2019,CLOSED,2025-07-24,2026-09-24,99800.0,15.56,0,0,0.0
901426,700896,PL,7,2112,ACTIVE,2023-05-30,2024-09-30,593900.0,15.41,20,3,120783.41
901427,700897,EL,8,2034,CLOSED,2020-01-24,2023-09-24,147300.0,8.55,0,0,0.0
901428,700897,BL,19,2081,ACTIVE,2024-05-03,2025-06-03,479900.0,15.31,19,1,39788.16
901429,700898,MFI,7,2010,ACTIVE,2023-10-22,2024-07-22,74100.0,22.87,23,1,8868.62
901430,700898,BL,22,2019,CLOSED,2025-05-23,2030-05-23,1297700.0,18.53,0,0,0.0
901431,700898,PL,22,2093,CLOSED,2024-12-05,2026-10-05,849200.0,19.0,0,0,0.0
901432,700899,AL,4,2090,ACTIVE,2025-12-18,2028-09-18,111800.0,11.02,52,1,3906.65
901433,700900,BL,20,2065,CLOSED,2022-07-24,2026-02-24,4816900.0,16.8,0,0,0.0
901434,700901,LAP,8,2114,CLOSED,2022-05-19,2029-05-19,7283100.0,11.27,0,0,0.0
901435,700901,CL,20,2056,ACTIVE,2023-05-05,2024-07-05,193600.0,15.05,44,2,29767.69
901436,700902,BL,6,2042,CLOSED,2022-01-05,2026-01-05,3023200.0,19.58,0,0,0.0
901437,700902,EL,17,2060,ACTIVE,2023-12-22,2026-08-22,1993800.0,11.38,20,1,71848.97
901438,700903,PL,17,2051,CLOSED,2021-04-14,2022-06-14,291700.0,15.17,0,0,0.0
901439,700904,PL,23,2069,ACTIVE,2019-11-17,2021-09-17,1289800.0,16.65,4,1,67495.96
901440,700904,PL,9,2001,CLOSED,2023-11-06,2024-11-06,1224100.0,16.28,0,0,0.0
901441,700904,GL,10,2071,CLOSED,2021-06-18,2021-12-18,1580100.0,9.19,0,0,0.0
901442,700905,PL,2,2059,ACTIVE,2019-03-09,2020-09-09,440300.0,14.23,36,2,53661.09
901443,700905,EL,2,2062,ACTIVE,2023-08-24,2026-07-24,2039700.0,9.4,34,1,66337.45
901444,700906,GL,4,2025,ACTIVE,2023-12-11,2024-07-11,631400.0,7.56,21,1,91908.29
901445,700907,GL,5,2099,CLOSED,2024-10-31,2025-07-31,1851900.0,8.65,0,0,0.0
901446,700908,PL,11,2075,CLOSED,2018-05-30,2019-08-30,234700.0,16.61,0,0,0.0
901447,700909,PL,17,2058,CLOSED,2020-05-23,2021-05-23,761100.0,15.01,0,0,0.0
901448,700910,CL,15,2012,ACTIVE,2018-03-23,2019-03-23,78500.0,14.6,5,3,20705.54
901449,700910,AL,17,2051,ACTIVE,2020-11-18,2023-03-18,118300.0,10.84,12,3,14145.99
901450,700911,AL,24,2063,ACTIVE,2023-11-27,2025-11-27,199800.0,10.35,323,10,88278.98
901451,700912,AL,9,2057,CLOSED,2025-12-15,2027-08-15,372700.0,11.79,0,0,0.0
901452,700912,TWL,6,2042,ACTIVE,2025-05-12,2027-02-12,67000.0,14.69,18,1,3593.52
901453,700913,AL,3,2117,ACTIVE,2021-04-23,2023-10-23,2231900.0,11.84,319,10,818086.92
901454,700914,MFI,15,2012,ACTIVE,2025-11-23,2026-06-23,53300.0,23.42,38,1,8062.83
901455,700915,GL,4,2085,CLOSED,2025-05-21,2026-02-21,608000.0,8.22,0,0,0.0
901456,700916,PL,25,2061,CLOSED,2023-04-22,2024-04-22,179200.0,18.82,0,0,0.0
901457,700916,AL,25,2011,ACTIVE,2021-10-24,2023-11-24,383800.0,12.15,154,5,84680.79
901458,700916,BL,1,2004,CLOSED,2024-10-05,2029-06-05,926600.0,18.82,0,0,0.0
901459,700917,MFI,10,2071,CLOSED,2024-04-10,2024-12-10,8900.0,21.09,0,0,0.0
901460,700918,CL,2,2106,CLOSED,2019-05-14,2020-05-14,40800.0,15.94,0,0,0.0
901461,700919,TWL,11,2039,ACTIVE,2025-07-27,2026-08-27,54700.0,14.24,365,12,50783.65
901462,700919,AL,13,2094,CLOSED,2020-11-28,2023-04-28,2278500.0,11.47,0,0,0.0
901463,700919,GL,9,2046,CLOSED,2022-03-18,2022-10-18,530200.0,9.4,0,0,0.0
901464,700920,PL,24,2089,CLOSED,2020-06-26,2022-03-26,91300.0,16.92,0,0,0.0
901465,700921,PL,15,2015,CLOSED,2022-05-20,2024-01-20,1369800.0,17.75,0,0,0.0
901466,700922,EL,18,2098,CLOSED,2025-03-13,2028-08-13,438100.0,9.88,0,0,0.0
901467,700923,EL,23,2023,ACTIVE,2022-11-03,2025-12-03,1036500.0,10.59,61,2,65053.33
901468,700924,PL,16,2037,CLOSED,2023-08-09,2025-05-09,615000.0,12.98,0,0,0.0
901469,700924,GL,16,2037,ACTIVE,2025-07-11,2026-04-11,59200.0,7.73,113,3,20114.65
901470,700925,HL,6,2053,CLOSED,2024-09-13,2031-03-13,3629000.0,9.38,0,0,0.0
901471,700925,CL,16,2037,ACTIVE,2024-10-29,2025-04-29,71700.0,14.75,49,1,12317.92
901472,700925,PL,15,2012,CLOSED,2022-03-25,2023-08-25,189800.0,15.21,0,0,0.0
901473,700926,GL,23,2041,ACTIVE,2019-07-07,2020-05-07,98100.0,9.56,21,2,20247.64
901474,700927,CL,5,2102,CLOSED,2021-03-20,2022-07-20,145800.0,16.07,0,0,0.0
901475,700928,PL,4,2025,CLOSED,2018-08-18,2019-08-18,57800.0,13.64,0,0,0.0
901476,700928,PL,16,2027,ACTIVE,2018-07-16,2019-08-16,339700.0,13.73,54,1,27951.42
901477,700929,GL,23,2023,CLOSED,2020-10-01,2021-06-01,742100.0,8.33,0,0,0.0
901478,700929,EL,23,2005,CLOSED,2019-05-13,2022-04-13,221700.0,9.5,0,0,0.0
901479,700930,AL,4,2115,ACTIVE,2022-05-10,2025-06-10,1942200.0,10.85,21,1,61440.15
901480,700931,BL,15,2015,CLOSED,2025-08-21,2028-05-21,4930900.0,18.63,0,0,0.0
901481,700932,CL,7,2018,ACTIVE,2025-12-31,2026-11-30,360900.0,14.27,25,2,69156.25
901482,700933,PL,12,2096,ACTIVE,2025-08-14,2026-11-14,908400.0,12.59,54,1,65083.9
901483,700933,BL,12,2017,CLOSED,2024-02-03,2026-04-03,476200.0,15.33,0,0,0.0
901484,700933,BL,13,2054,CLOSED,2024-02-24,2028-08-24,739300.0,15.14,0,0,0.0
901485,700934,TWL,9,2006,CLOSED,2023-11-18,2025-10-18,230100.0,14.8,0,0,0.0
901486,700935,EL,2,2118,CLOSED,2023-07-20,2028-03-20,1515000.0,10.8,0,0,0.0
901487,700936,MFI,6,2092,CLOSED,2023-11-17,2024-06-17,17400.0,23.01,0,0,0.0
901488,700936,PL,7,2112,ACTIVE,2025-03-04,2027-01-04,1248300.0,19.33,51,1,66763.15
901489,700937,GL,20,2080,CLOSED,2021-09-03,2022-04-03,910300.0,8.65,0,0,0.0
901490,700937,TWL,19,2081,ACTIVE,2024-07-21,2026-03-21,84200.0,12.63,29,2,9235.29
901491,700937,GL,20,2080,ACTIVE,2020-04-07,2020-11-07,83800.0,8.54,212,7,83800.0
901492,700938,CL,5,2014,CLOSED,2018-05-09,2019-03-09,61300.0,15.44,0,0,0.0
901493,700939,MFI,8,2034,CLOSED,2021-07-05,2022-05-05,45300.0,21.82,0,0,0.0
901494,700939,CL,9,2001,CLOSED,2018-03-19,2019-01-19,148400.0,16.17,0,0,0.0
901495,700940,TWL,17,2060,ACTIVE,2024-09-17,2026-08-17,103000.0,13.92,167,5,24771.16
901496,700940,TWL,4,2091,CLOSED,2019-08-24,2021-08-24,154400.0,14.26,0,0,0.0
901497,700941,BL,7,2112,CLOSED,2018-07-24,2019-11-24,4688200.0,16.41,0,0,0.0
901498,700941,EL,7,2079,CLOSED,2019-02-26,2022-04-26,1457000.0,9.2,0,0,0.0
901499,700941,CL,7,2079,ACTIVE,2020-12-21,2022-06-21,24400.0,14.19,204,6,8713.27
901500,700942,BL,9,2057,CLOSED,2020-03-23,2024-06-23,119500.0,17.24,0,0,0.0
901501,700942,GL,10,2071,CLOSED,2021-01-13,2021-07-13,1723500.0,8.99,0,0,0.0
901502,700943,TWL,13,2107,CLOSED,2022-12-12,2024-03-12,51200.0,13.91,0,0,0.0
901503,700943,TWL,12,2096,CLOSED,2022-11-02,2023-11-02,83700.0,13.92,0,0,0.0
901504,700944,PL,3,2097,CLOSED,2021-09-02,2023-05-02,644900.0,13.28,0,0,0.0
901505,700945,PL,13,2094,CLOSED,2024-04-28,2025-08-28,1378000.0,17.99,0,0,0.0
901506,700945,HL,15,2074,CLOSED,2023-02-06,2027-04-06,1443700.0,9.93,0,0,0.0
901507,700946,PL,13,2029,CLOSED,2023-02-13,2025-01-13,362900.0,18.73,0,0,0.0
901508,700946,TWL,13,2054,ACTIVE,2021-04-28,2022-06-28,159700.0,14.9,17,2,24537.69
901509,700947,EL,16,2078,ACTIVE,2025-11-17,2030-01-17,912600.0,10.91,39,1,22589.82
901510,700947,TWL,18,2098,CLOSED,2024-09-08,2025-11-08,194000.0,14.92,0,0,0.0
901511,700948,PL,22,2022,ACTIVE,2020-09-19,2022-05-19,602800.0,11.0,30,1,32823.87
901512,700949,MFI,18,2098,CLOSED,2023-06-11,2024-05-11,40400.0,21.75,0,0,0.0
901513,700949,GL,5,2099,ACTIVE,2023-05-16,2024-04-16,1893100.0,8.91,26,3,531669.95
901514,700950,PL,7,2010,ACTIVE,2018-04-11,2019-05-11,623000.0,17.09,40,1,52093.75
901515,700950,GL,7,2087,CLOSED,2023-08-08,2024-02-08,1663800.0,9.06,0,0,0.0
901516,700951,HL,6,2042,CLOSED,2025-03-25,2031-06-25,4903300.0,10.12,0,0,0.0
901517,700951,MFI,5,2003,ACTIVE,2024-03-26,2025-02-26,57500.0,21.71,35,2,11315.29
901518,700952,BL,12,2033,ACTIVE,2020-05-16,2025-02-16,3191100.0,17.1,272,9,689246.2
901519,700953,PL,16,2037,CLOSED,2025-04-05,2026-06-05,61400.0,14.47,0,0,0.0
901520,700953,PL,18,2120,ACTIVE,2025-04-25,2026-12-25,987800.0,14.23,115,3,163416.17
901521,700954,CL,13,2029,CLOSED,2018-10-09,2019-12-09,224000.0,14.33,0,0,0.0
901522,700955,CL,21,2008,CLOSED,2024-07-15,2026-01-15,171000.0,14.09,0,0,0.0
901523,700955,PL,5,2003,CLOSED,2025-04-17,2026-09-17,1061200.0,14.75,0,0,0.0
901524,700956,PL,20,2080,CLOSED,2024-11-29,2026-03-29,592400.0,16.61,0,0,0.0
901525,700957,PL,6,2053,CLOSED,2025-06-04,2026-09-04,1232400.0,19.13,0,0,0.0
901526,700957,EL,5,2099,CLOSED,2020-11-08,2025-06-08,1509800.0,10.97,0,0,0.0
901527,700958,MFI,20,2056,CLOSED,2025-03-16,2025-09-16,54300.0,20.88,0,0,0.0
901528,700959,PL,6,2053,CLOSED,2021-02-13,2022-04-13,1354300.0,12.77,0,0,0.0
901529,700960,TWL,22,2019,CLOSED,2019-12-20,2021-10-20,103900.0,11.65,0,0,0.0
901530,700961,LAP,12,2096,ACTIVE,2023-04-13,2028-09-13,10027800.0,11.32,75,2,408371.44
901531,700962,PL,9,2046,CLOSED,2022-04-19,2023-06-19,472500.0,14.62,0,0,0.0
901532,700962,EL,11,2039,ACTIVE,2019-04-09,2024-02-09,2681800.0,9.08,8,2,113303.95
901533,700962,TWL,11,2048,ACTIVE,2022-11-08,2023-11-08,38200.0,12.2,160,5,16481.91
901534,700962,TWL,2,2062,ACTIVE,2021-12-12,2023-12-12,53700.0,12.12,365,12,28466.99
901535,700963,EL,16,2078,CLOSED,2025-10-13,2028-05-13,1938100.0,10.07,0,0,0.0
901536,700963,TWL,13,2094,CLOSED,2025-08-06,2027-03-06,255900.0,13.46,0,0,0.0
901537,700964,CL,19,2109,ACTIVE,2024-01-30,2025-06-30,389900.0,15.43,53,1,25353.83
901538,700964,BL,20,2031,CLOSED,2025-06-20,2026-09-20,2084300.0,17.15,0,0,0.0
901539,700964,PL,1,2049,CLOSED,2023-02-05,2024-11-05,504900.0,16.26,0,0,0.0
901540,700965,AL,13,2054,CLOSED,2023-08-13,2027-08-13,1328400.0,12.14,0,0,0.0
901541,700966,GL,7,2087,CLOSED,2023-03-16,2023-11-16,1092000.0,9.4,0,0,0.0
901542,700966,GL,7,2010,CLOSED,2022-09-24,2023-08-24,1581800.0,9.46,0,0,0.0
901543,700967,GL,7,2112,CLOSED,2024-03-05,2025-03-05,492400.0,8.54,0,0,0.0
901544,700967,CL,7,2018,ACTIVE,2024-02-01,2024-12-01,188200.0,14.78,24,1,19873.53
901545,700967,TWL,9,2006,CLOSED,2025-11-22,2027-09-22,33900.0,13.13,0,0,0.0
901546,700967,CL,7,2087,CLOSED,2025-08-15,2026-11-15,442900.0,14.93,0,0,0.0
901547,700968,BL,9,2001,CLOSED,2021-01-28,2025-03-28,4482500.0,17.51,0,0,0.0
901548,700969,EL,11,2064,ACTIVE,2025-02-28,2028-10-28,1767200.0,11.15,303,10,466959.16
901549,700969,GL,7,2087,CLOSED,2025-06-03,2026-06-03,177200.0,9.77,0,0,0.0
901550,700970,LAP,7,2112,CLOSED,2024-09-06,2027-03-06,11456400.0,10.57,0,0,0.0
901551,700970,MFI,7,2079,CLOSED,2019-11-12,2020-05-12,21700.0,20.26,0,0,0.0
901552,700970,MFI,7,2010,ACTIVE,2021-08-01,2022-06-01,41300.0,19.9,137,4,17339.15
901553,700971,PL,2,2106,CLOSED,2025-01-04,2026-11-04,848600.0,12.37,0,0,0.0
901554,700972,AL,6,2092,CLOSED,2023-01-11,2026-03-11,2865000.0,9.89,0,0,0.0
901555,700973,BL,23,2005,ACTIVE,2019-05-21,2021-07-21,1906800.0,17.36,318,10,818628.14
901556,700974,BL,1,2004,CLOSED,2022-09-25,2027-05-25,2632400.0,18.12,0,0,0.0
901557,700974,EL,9,2046,CLOSED,2025-10-23,2028-10-23,144000.0,10.58,0,0,0.0
901558,700974,PL,20,2031,CLOSED,2020-03-09,2021-05-09,716700.0,17.47,0,0,0.0
901559,700975,AL,9,2057,CLOSED,2025-09-28,2027-07-28,1342200.0,11.42,0,0,0.0
901560,700975,EL,5,2003,CLOSED,2025-09-01,2030-03-01,2274300.0,10.41,0,0,0.0
901561,700976,BL,6,2053,CLOSED,2019-11-22,2023-10-22,268200.0,18.25,0,0,0.0
901562,700977,PL,12,2072,ACTIVE,2020-10-10,2022-03-10,303100.0,15.8,49,1,19755.72
901563,700977,AL,19,2116,CLOSED,2023-03-08,2025-08-08,718300.0,11.16,0,0,0.0
901564,700978,MFI,16,2027,CLOSED,2019-09-27,2020-06-27,82800.0,20.55,0,0,0.0
901565,700979,GL,7,2087,ACTIVE,2022-09-09,2023-03-09,1370700.0,8.64,77,2,463471.24
901566,700980,PL,13,2107,CLOSED,2020-04-26,2022-02-26,406100.0,15.79,0,0,0.0
901567,700980,GL,2,2059,ACTIVE,2021-05-19,2022-01-19,422200.0,9.0,45,1,54165.44
901568,700981,GL,4,2090,ACTIVE,2022-04-09,2023-03-09,1940600.0,9.04,228,7,1253391.8
901569,700981,EL,14,2009,CLOSED,2023-01-06,2026-09-06,1996600.0,10.05,0,0,0.0
901570,700981,TWL,4,2025,CLOSED,2025-05-10,2027-05-10,184400.0,12.91,0,0,0.0
901571,700982,PL,21,2088,CLOSED,2022-06-10,2023-11-10,57100.0,16.09,0,0,0.0
901572,700982,MFI,22,2022,CLOSED,2025-09-17,2026-06-17,81400.0,21.18,0,0,0.0
901573,700982,PL,3,2117,ACTIVE,2020-03-14,2021-09-14,74200.0,16.14,20,1,4606.9
901574,700983,PL,7,2112,CLOSED,2020-07-11,2022-01-11,947800.0,17.81,0,0,0.0
901575,700984,HL,21,2008,CLOSED,2021-06-27,2024-07-27,6165200.0,8.56,0,0,0.0
901576,700985,PL,3,2084,CLOSED,2018-09-22,2019-12-22,1348400.0,14.11,0,0,0.0
901577,700985,GL,2,2059,ACTIVE,2021-05-26,2022-02-26,421900.0,8.24,95,3,143530.15
901578,700985,MFI,3,2083,CLOSED,2025-05-30,2026-02-28,5800.0,19.45,0,0,0.0
901579,700986,PL,15,2074,ACTIVE,2024-03-27,2025-04-27,140200.0,17.86,21,1,11766.25
901580,700986,MFI,19,2116,CLOSED,2024-09-13,2025-08-13,55500.0,22.17,0,0,0.0
901581,700987,PL,3,2110,CLOSED,2025-09-14,2027-04-14,1448000.0,17.8,0,0,0.0
901582,700987,AL,15,2073,CLOSED,2025-02-28,2026-09-28,692400.0,11.74,0,0,0.0
901583,700988,GL,7,2087,CLOSED,2024-03-05,2024-12-05,1064400.0,9.33,0,0,0.0
901584,700989,TWL,14,2082,CLOSED,2025-05-07,2027-05-07,75100.0,13.13,0,0,0.0
901585,700989,BL,14,2100,CLOSED,2023-02-24,2026-10-24,109600.0,16.74,0,0,0.0
901586,700990,GL,21,2066,CLOSED,2024-09-25,2025-03-25,1341500.0,7.65,0,0,0.0
901587,700990,CL,21,2088,CLOSED,2023-04-29,2024-04-29,241400.0,13.62,0,0,0.0
901588,700991,AL,19,2116,CLOSED,2021-03-02,2023-04-02,1122600.0,10.26,0,0,0.0
901589,700992,TWL,3,2067,ACTIVE,2025-04-14,2026-05-14,222100.0,11.54,39,2,35993.37
901590,700993,AL,17,2060,ACTIVE,2022-09-17,2026-09-17,126100.0,9.8,40,2,6295.03
901591,700994,CL,16,2027,CLOSED,2023-02-27,2024-08-27,431500.0,13.41,0,0,0.0
901592,700995,MFI,11,2048,CLOSED,2021-05-01,2022-04-01,10000.0,19.85,0,0,0.0
901593,700995,EL,11,2039,CLOSED,2018-07-15,2022-11-15,1527900.0,9.41,0,0,0.0
901594,700996,EL,20,2056,CLOSED,2023-12-15,2027-12-15,2344800.0,9.54,0,0,0.0
901595,700997,CL,12,2072,CLOSED,2023-10-04,2025-02-04,363800.0,15.3,0,0,0.0
901596,700998,AL,12,2033,CLOSED,2025-04-13,2026-05-13,799800.0,12.26,0,0,0.0
901597,700999,HL,11,2048,ACTIVE,2025-06-05,2029-10-05,1416200.0,10.84,215,7,231321.08
901598,700999,AL,11,2039,CLOSED,2025-10-21,2027-07-21,254600.0,12.2,0,0,0.0
901599,700999,BL,21,2008,CLOSED,2024-03-07,2028-07-07,207400.0,19.52,0,0,0.0
901600,701000,EL,6,2053,CLOSED,2022-08-24,2026-07-24,2310600.0,10.13,0,0,0.0
901601,701001,PL,20,2080,ACTIVE,2019-11-10,2021-10-10,994900.0,12.42,19,1,48331.4
901602,701001,BL,12,2017,ACTIVE,2018-01-24,2021-10-24,4921400.0,14.83,303,10,1339629.11
901603,701002,MFI,17,2055,ACTIVE,2020-10-15,2021-09-15,69100.0,21.57,6,1,6856.18
901604,701003,PL,6,2092,CLOSED,2022-03-27,2023-11-27,121600.0,17.0,0,0,0.0
901605,701004,AL,11,2030,ACTIVE,2024-10-28,2027-07-28,138900.0,9.92,54,1,4786.98
901606,701005,LAP,15,2015,CLOSED,2024-11-02,2030-02-02,2170700.0,11.45,0,0,0.0
901607,701005,PL,21,2008,CLOSED,2023-10-12,2025-09-12,209300.0,15.82,0,0,0.0
901608,701005,MFI,12,2096,ACTIVE,2025-07-17,2026-05-17,73800.0,21.08,195,6,45812.32
901609,701006,PL,22,2026,CLOSED,2021-12-14,2023-06-14,73000.0,16.7,0,0,0.0
901610,701006,AL,17,2060,ACTIVE,2023-03-23,2025-11-23,2743800.0,11.16,42,1,98612.4
901611,701006,TWL,15,2015,CLOSED,2023-11-23,2025-11-23,42400.0,13.72,0,0,0.0
901612,701007,MFI,11,2064,ACTIVE,2024-08-22,2025-03-22,98100.0,18.9,55,1,14679.77
901613,701008,PL,2,2106,CLOSED,2022-07-23,2023-07-23,330800.0,14.7,0,0,0.0
901614,701009,HL,25,2061,ACTIVE,2018-01-05,2022-01-05,6586800.0,8.84,34,1,162217.83
901615,701009,HL,25,2013,CLOSED,2020-08-10,2027-07-10,6509200.0,9.07,0,0,0.0
901616,701010,PL,4,2091,CLOSED,2025-11-13,2027-07-13,738900.0,17.36,0,0,0.0
901617,701010,TWL,2,2118,CLOSED,2025-07-09,2026-10-09,295600.0,13.55,0,0,0.0
901618,701011,TWL,15,2012,CLOSED,2024-07-10,2026-04-10,38600.0,12.2,0,0,0.0
901619,701011,HL,17,2058,CLOSED,2022-07-03,2028-08-03,1503800.0,9.32,0,0,0.0
901620,701012,AL,1,2004,CLOSED,2019-11-11,2022-12-11,358400.0,10.62,0,0,0.0
901621,701012,PL,2,2108,ACTIVE,2018-06-05,2019-06-05,1481400.0,15.47,6,1,132331.46
901622,701013,BL,7,2087,CLOSED,2025-11-22,2029-12-22,757400.0,16.31,0,0,0.0
901623,701013,MFI,7,2018,ACTIVE,2025-11-18,2026-08-18,26600.0,20.19,274,9,26600.0
901624,701014,PL,12,2072,ACTIVE,2025-04-24,2026-08-24,642000.0,13.39,112,3,129214.33
901625,701015,MFI,13,2107,ACTIVE,2020-08-18,2021-05-18,7500.0,19.67,114,3,2622.88
901626,701015,PL,13,2007,CLOSED,2021-06-23,2022-10-23,713200.0,13.62,0,0,0.0
901627,701016,GL,13,2029,ACTIVE,2023-11-27,2024-06-27,1207500.0,9.01,42,1,176395.07
901628,701017,EL,15,2074,ACTIVE,2025-12-29,2029-02-28,2234200.0,9.42,94,3,201512.24
901629,701017,EL,11,2048,CLOSED,2021-04-09,2025-11-09,2370900.0,9.33,0,0,0.0
901630,701017,GL,17,2055,CLOSED,2020-08-22,2021-06-22,1537300.0,8.52,0,0,0.0
901631,701018,TWL,11,2039,CLOSED,2019-04-23,2020-07-23,299300.0,14.57,0,0,0.0
901632,701019,GL,19,2081,CLOSED,2022-11-29,2023-09-29,745000.0,10.2,0,0,0.0
901633,701019,AL,11,2064,ACTIVE,2023-08-30,2025-12-30,115300.0,11.9,33,1,4689.72
901634,701020,BL,8,2114,ACTIVE,2023-09-23,2028-08-23,3796200.0,16.25,173,5,450749.23
901635,701020,AL,5,2099,CLOSED,2023-01-27,2026-10-27,2852400.0,10.57,0,0,0.0
901636,701021,GL,13,2007,ACTIVE,2020-01-26,2020-07-26,529800.0,8.31,194,6,529800.0
901637,701021,GL,13,2054,CLOSED,2018-03-18,2019-02-18,70000.0,8.5,0,0,0.0
901638,701022,CL,21,2036,ACTIVE,2019-11-04,2020-06-04,22200.0,15.42,60,2,6546.59
901639,701023,EL,1,2032,ACTIVE,2025-03-03,2028-12-03,1444300.0,10.82,309,10,373132.56
901640,701024,GL,19,2111,ACTIVE,2018-11-26,2019-09-26,1963000.0,8.69,30,3,603842.55
901641,701025,PL,24,2047,ACTIVE,2021-07-06,2023-06-06,417300.0,18.25,31,2,42307.53
901642,701026,EL,8,2070,CLOSED,2020-10-20,2023-07-20,2832100.0,9.64,0,0,0.0
901643,701026,BL,5,2014,CLOSED,2025-07-08,2028-06-08,306200.0,16.56,0,0,0.0
901644,701027,GL,2,2062,ACTIVE,2023-02-08,2024-02-08,222700.0,8.7,35,1,19304.52
901645,701027,PL,4,2091,ACTIVE,2018-11-24,2020-04-24,241800.0,15.18,171,5,76555.96
901646,701028,LAP,4,2085,ACTIVE,2022-04-14,2028-08-14,1407600.0,12.26,9,1,26452.47
901647,701029,BL,19,2111,ACTIVE,2023-03-06,2024-10-06,2956200.0,16.74,19,1,175743.6
901648,701029,HL,19,2116,ACTIVE,2020-12-18,2025-05-18,7495600.0,9.56,203,6,1015107.23
901649,701030,CL,3,2021,CLOSED,2024-05-02,2024-11-02,147000.0,13.6,0,0,0.0
901650,701031,BL,8,2038,CLOSED,2023-11-08,2028-07-08,2487300.0,15.63,0,0,0.0
901651,701032,AL,23,2069,CLOSED,2025-03-05,2026-06-05,1881500.0,12.15,0,0,0.0
901652,701033,GL,3,2084,ACTIVE,2021-10-07,2022-07-07,125900.0,8.1,282,9,125900.0
901653,701033,EL,4,2091,ACTIVE,2024-04-12,2027-04-12,502100.0,9.32,274,9,138923.27
901654,701033,CL,4,2115,CLOSED,2021-12-15,2022-07-15,54700.0,13.86,0,0,0.0
901655,701034,PL,22,2019,ACTIVE,2022-02-16,2023-04-16,519600.0,16.45,37,2,80427.64
901656,701035,PL,21,2113,CLOSED,2024-03-13,2025-05-13,826800.0,16.91,0,0,0.0
901657,701036,CL,22,2019,CLOSED,2020-09-10,2021-07-10,438600.0,16.62,0,0,0.0
901658,701036,GL,21,2113,CLOSED,2022-12-05,2023-08-05,1915600.0,9.83,0,0,0.0
901659,701037,AL,9,2006,CLOSED,2019-01-18,2020-12-18,298800.0,11.03,0,0,0.0
901660,701038,EL,1,2032,CLOSED,2023-04-27,2027-11-27,647600.0,9.66,0,0,0.0
901661,701038,AL,19,2116,CLOSED,2022-08-21,2026-08-21,242600.0,10.72,0,0,0.0
901662,701039,PL,5,2003,CLOSED,2022-08-06,2024-03-06,473800.0,11.16,0,0,0.0
901663,701040,TWL,18,2077,CLOSED,2023-11-29,2025-01-29,52300.0,11.56,0,0,0.0
901664,701041,PL,10,2071,CLOSED,2020-02-04,2021-12-04,759400.0,12.84,0,0,0.0
901665,701041,AL,14,2050,CLOSED,2020-11-05,2024-09-05,333900.0,9.87,0,0,0.0
901666,701042,HL,23,2023,ACTIVE,2025-04-30,2031-12-30,7939200.0,8.5,203,6,763020.19
901667,701043,GL,1,2020,ACTIVE,2018-07-11,2019-05-11,375800.0,10.3,302,10,375800.0
901668,701043,CL,3,2110,CLOSED,2019-10-19,2020-07-19,19300.0,16.96,0,0,0.0
901669,701044,PL,25,2011,CLOSED,2020-03-03,2021-08-03,82300.0,16.39,0,0,0.0
901670,701045,CL,15,2073,ACTIVE,2020-11-10,2021-10-10,301100.0,15.6,292,9,249487.79
901671,701046,PL,16,2078,CLOSED,2024-04-23,2026-04-23,295900.0,13.61,0,0,0.0
901672,701046,TWL,21,2036,CLOSED,2022-12-29,2024-12-29,134900.0,11.48,0,0,0.0
901673,701047,CL,11,2048,CLOSED,2025-07-27,2026-02-27,320500.0,13.17,0,0,0.0
901674,701048,BL,8,2076,CLOSED,2021-04-27,2025-10-27,1754000.0,17.62,0,0,0.0
901675,701049,BL,14,2009,ACTIVE,2021-10-08,2022-12-08,1756200.0,17.09,94,3,406133.39
901676,701049,CL,14,2119,CLOSED,2023-09-26,2024-12-26,316500.0,14.76,0,0,0.0
901677,701049,PL,14,2043,CLOSED,2022-12-01,2024-01-01,86500.0,15.69,0,0,0.0
901678,701050,LAP,20,2031,CLOSED,2023-05-16,2030-04-16,8547600.0,10.95,0,0,0.0
901679,701051,AL,12,2096,CLOSED,2021-01-02,2024-02-02,502200.0,11.25,0,0,0.0
901680,701052,GL,10,2045,CLOSED,2020-12-23,2021-06-23,512700.0,9.62,0,0,0.0
901681,701052,CL,10,2045,ACTIVE,2020-11-10,2021-10-10,247900.0,15.89,1,1,24047.69
901682,701052,PL,25,2068,CLOSED,2024-03-13,2025-09-13,1290300.0,17.02,0,0,0.0
901683,701053,AL,1,2032,CLOSED,2025-04-23,2029-04-23,182100.0,11.32,0,0,0.0
901684,701054,MFI,24,2063,ACTIVE,2024-10-22,2025-07-22,69600.0,19.84,39,1,8250.19
901685,701055,EL,21,2113,ACTIVE,2023-06-04,2026-12-04,1396100.0,10.84,71,2,79110.66
901686,701056,MFI,6,2044,CLOSED,2023-03-01,2023-09-01,52600.0,19.63,0,0,0.0
901687,701056,PL,23,2041,ACTIVE,2022-11-17,2024-05-17,712000.0,13.6,365,12,490521.7
901688,701057,HL,14,2082,ACTIVE,2018-08-28,2025-06-28,7639400.0,9.65,43,1,126574.82
901689,701058,LAP,9,2046,ACTIVE,2024-10-17,2027-03-17,5594300.0,10.57,43,2,433142.14
901690,701058,PL,10,2045,ACTIVE,2021-02-16,2022-05-16,817800.0,14.56,21,2,117774.04
901691,701059,EL,22,2022,ACTIVE,2025-06-26,2028-11-26,1464000.0,11.27,26,1,42785.67
901692,701060,CL,4,2025,CLOSED,2025-04-19,2025-12-19,195300.0,13.03,0,0,0.0
901693,701060,BL,4,2090,CLOSED,2024-07-18,2026-03-18,870500.0,15.27,0,0,0.0
901694,701061,CL,5,2014,CLOSED,2022-08-27,2023-11-27,190900.0,15.76,0,0,0.0
901695,701061,PL,6,2044,ACTIVE,2024-02-28,2026-01-28,178600.0,17.47,127,4,35473.82
901696,701062,AL,7,2079,ACTIVE,2025-01-22,2028-05-22,2710000.0,11.49,32,1,81093.74
901697,701062,AL,7,2018,ACTIVE,2024-05-10,2027-03-10,1816600.0,11.77,31,1,62478.95
901698,701063,EL,4,2090,ACTIVE,2020-01-29,2023-03-29,1306600.0,9.54,50,1,39659.23
901699,701063,BL,1,2004,CLOSED,2021-04-08,2023-12-08,3217500.0,16.29,0,0,0.0
901700,701064,CL,1,2032,ACTIVE,2020-02-10,2021-03-10,323400.0,16.18,10,1,26924.72
901701,701065,GL,4,2085,CLOSED,2024-06-23,2024-12-23,299200.0,9.45,0,0,0.0
901702,701065,PL,3,2117,ACTIVE,2023-12-29,2025-08-29,450900.0,17.44,29,1,25767.85
901703,701065,AL,4,2090,ACTIVE,2022-06-27,2023-06-27,539400.0,11.41,16,1,47326.29
901704,701066,HL,23,2069,ACTIVE,2025-12-26,2030-06-26,6803000.0,9.4,8,1,153780.38
901705,701067,AL,5,2014,CLOSED,2024-01-13,2025-09-13,2599000.0,11.02,0,0,0.0
901706,701068,PL,12,2033,CLOSED,2023-06-04,2024-06-04,1469400.0,18.44,0,0,0.0
901707,701069,GL,8,2070,CLOSED,2025-02-17,2026-02-17,998400.0,9.36,0,0,0.0
901708,701070,AL,6,2042,CLOSED,2018-10-15,2020-09-15,2167100.0,10.64,0,0,0.0
901709,701071,LAP,8,2038,ACTIVE,2020-07-22,2023-03-22,13703500.0,9.92,184,6,2851688.45
901710,701072,GL,7,2018,CLOSED,2021-10-19,2022-05-19,729200.0,10.22,0,0,0.0
901711,701072,BL,3,2083,CLOSED,2024-08-26,2026-02-26,619700.0,19.61,0,0,0.0
901712,701073,HL,18,2077,CLOSED,2021-10-20,2028-09-20,1346800.0,8.87,0,0,0.0
901713,701073,AL,17,2058,CLOSED,2021-06-28,2025-06-28,2843100.0,9.72,0,0,0.0
901714,701073,MFI,18,2120,CLOSED,2018-03-22,2018-09-22,59000.0,19.68,0,0,0.0
901715,701074,TWL,3,2067,CLOSED,2020-08-23,2021-11-23,67500.0,11.99,0,0,0.0
901716,701075,GL,9,2006,ACTIVE,2025-04-19,2026-03-19,10100.0,9.63,30,2,1903.02
901717,701075,GL,1,2020,ACTIVE,2023-05-24,2024-03-24,45300.0,9.98,307,10,45300.0
901718,701076,MFI,7,2010,CLOSED,2024-07-16,2025-04-16,57600.0,22.96,0,0,0.0
901719,701077,PL,17,2028,CLOSED,2023-08-12,2024-10-12,1186500.0,14.89,0,0,0.0
901720,701077,MFI,6,2053,ACTIVE,2022-05-12,2022-11-12,91100.0,20.76,32,1,15841.76
901721,701078,PL,1,2032,ACTIVE,2024-04-02,2025-07-02,1492000.0,16.7,50,1,109375.34
901722,701078,GL,4,2090,CLOSED,2022-07-05,2023-07-05,1611200.0,8.96,0,0,0.0
901723,701078,EL,2,2104,CLOSED,2021-07-17,2026-03-17,1433000.0,9.96,0,0,0.0
901724,701078,TWL,16,2078,ACTIVE,2018-12-01,2020-05-01,112300.0,13.61,51,1,7218.57
901725,701079,EL,15,2073,ACTIVE,2022-05-14,2025-02-14,211400.0,10.1,235,7,49852.63
901726,701080,MFI,19,2002,CLOSED,2025-06-28,2026-02-28,27300.0,20.1,0,0,0.0
901727,701081,GL,1,2020,CLOSED,2024-01-11,2024-11-11,1730900.0,9.07,0,0,0.0
901728,701082,CL,8,2076,CLOSED,2024-04-01,2025-09-01,11700.0,14.62,0,0,0.0
901729,701083,CL,5,2099,ACTIVE,2023-03-12,2023-10-12,73400.0,14.2,31,2,21591.75
901730,701083,EL,12,2033,CLOSED,2024-06-29,2029-03-29,1002000.0,9.74,0,0,0.0
901731,701084,PL,15,2074,CLOSED,2019-10-08,2021-07-08,207000.0,14.32,0,0,0.0
901732,701085,PL,22,2022,ACTIVE,2020-06-24,2022-01-24,852500.0,12.26,290,9,424358.22
901733,701086,HL,2,2118,CLOSED,2023-10-20,2029-12-20,3440000.0,8.56,0,0,0.0
901734,701086,EL,14,2119,CLOSED,2022-02-04,2026-02-04,157300.0,8.55,0,0,0.0
901735,701086,TWL,14,2050,CLOSED,2021-04-18,2022-10-18,31600.0,10.85,0,0,0.0
901736,701087,BL,11,2030,CLOSED,2021-02-05,2025-07-05,1023200.0,16.9,0,0,0.0
901737,701088,GL,6,2092,CLOSED,2018-10-19,2019-07-19,1576900.0,9.34,0,0,0.0
901738,701089,CL,4,2085,ACTIVE,2022-09-10,2023-05-10,38200.0,12.2,15,3,14688.43
901739,701090,HL,23,2023,ACTIVE,2019-03-17,2024-10-17,4329400.0,9.34,52,1,82527.49
901740,701091,CL,7,2112,ACTIVE,2022-08-01,2024-01-01,275000.0,14.56,7,2,35354.68
901741,701092,GL,24,2089,CLOSED,2022-08-18,2023-03-18,816900.0,10.0,0,0,0.0
901742,701092,GL,24,2063,CLOSED,2024-01-12,2025-01-12,91100.0,9.67,0,0,0.0
901743,701093,LAP,2,2104,CLOSED,2023-04-13,2026-01-13,10081300.0,10.82,0,0,0.0
901744,701093,AL,2,2118,ACTIVE,2020-10-31,2023-02-28,1569200.0,10.22,39,4,247615.7
901745,701094,EL,25,2013,CLOSED,2024-08-12,2028-05-12,232100.0,10.31,0,0,0.0
901746,701095,AL,24,2016,CLOSED,2025-06-30,2027-08-30,102400.0,11.48,0,0,0.0
901747,701096,LAP,24,2016,ACTIVE,2019-12-22,2026-08-22,3671200.0,12.69,286,9,582861.56
901748,701096,BL,24,2063,ACTIVE,2022-12-05,2026-11-05,2111500.0,18.91,307,10,587258.43
901749,701096,LAP,5,2099,CLOSED,2021-02-09,2025-05-09,11051300.0,12.27,0,0,0.0
901750,701097,GL,20,2056,CLOSED,2024-06-06,2025-02-06,702100.0,9.5,0,0,0.0
901751,701098,GL,18,2098,ACTIVE,2023-04-02,2024-04-02,1127200.0,8.62,108,3,290940.53
901752,701098,GL,25,2013,CLOSED,2019-12-30,2020-06-30,31300.0,9.03,0,0,0.0
901753,701099,TWL,8,2076,CLOSED,2025-12-25,2027-12-25,95400.0,14.7,0,0,0.0
901754,701100,EL,10,2095,ACTIVE,2020-08-08,2024-08-08,1147300.0,11.06,37,1,29414.9
901755,701101,HL,11,2064,CLOSED,2019-10-15,2024-06-15,995200.0,10.09,0,0,0.0
901756,701101,PL,7,2112,CLOSED,2025-03-18,2026-04-18,1312400.0,17.56,0,0,0.0
901757,701102,TWL,16,2027,CLOSED,2021-03-03,2022-04-03,155700.0,13.11,0,0,0.0
901758,701102,MFI,8,2034,CLOSED,2020-11-22,2021-11-22,5000.0,21.31,0,0,0.0
901759,701103,EL,7,2079,CLOSED,2022-03-07,2026-12-07,116300.0,11.18,0,0,0.0
901760,701103,CL,7,2087,CLOSED,2021-07-15,2022-10-15,203800.0,16.94,0,0,0.0
901761,701103,MFI,1,2020,CLOSED,2022-10-28,2023-04-28,74800.0,22.72,0,0,0.0
901762,701103,TWL,7,2087,CLOSED,2022-02-21,2024-02-21,201500.0,14.52,0,0,0.0
901763,701104,HL,17,2055,ACTIVE,2021-03-17,2024-09-17,6841500.0,10.5,81,2,385645.68
901764,701105,TWL,25,2011,CLOSED,2024-06-03,2025-09-03,138400.0,14.29,0,0,0.0
901765,701105,MFI,25,2013,ACTIVE,2024-01-24,2024-10-24,22800.0,21.85,8,1,2719.99
901766,701106,PL,18,2040,CLOSED,2022-12-13,2024-09-13,365600.0,19.02,0,0,0.0
901767,701106,LAP,18,2103,ACTIVE,2025-10-21,2030-09-21,9345400.0,12.4,42,2,418205.83
901768,701107,GL,18,2120,CLOSED,2023-11-25,2024-11-25,185000.0,8.71,0,0,0.0
901769,701108,CL,23,2005,CLOSED,2023-07-21,2024-07-21,85300.0,16.12,0,0,0.0
901770,701109,AL,11,2048,CLOSED,2019-06-20,2023-06-20,2285200.0,10.32,0,0,0.0
901771,701110,AL,19,2111,CLOSED,2023-04-26,2025-02-26,352400.0,9.95,0,0,0.0
901772,701111,BL,17,2060,ACTIVE,2025-04-22,2028-12-22,474000.0,18.72,3,1,14740.27
901773,701111,PL,16,2024,CLOSED,2021-03-23,2022-04-23,504000.0,18.55,0,0,0.0
901774,701111,MFI,21,2088,CLOSED,2018-01-25,2018-12-25,62500.0,22.3,0,0,0.0
901775,701112,PL,2,2059,ACTIVE,2021-05-16,2023-01-16,540900.0,15.77,25,1,30529.78
901776,701112,AL,6,2053,CLOSED,2019-10-03,2020-10-03,105900.0,11.1,0,0,0.0
901777,701112,GL,5,2035,ACTIVE,2019-07-31,2020-05-31,571600.0,8.9,61,2,117723.7
901778,701113,PL,22,2026,CLOSED,2020-04-26,2021-04-26,955600.0,16.9,0,0,0.0
901779,701113,MFI,22,2022,CLOSED,2020-12-30,2021-08-30,24300.0,21.94,0,0,0.0
901780,701114,TWL,21,2036,ACTIVE,2018-06-27,2020-05-27,143000.0,14.67,1,2,14081.39
901781,701114,BL,21,2036,ACTIVE,2021-01-14,2022-05-14,3962100.0,18.27,36,3,817639.17
901782,701115,PL,17,2051,ACTIVE,2025-06-04,2027-03-04,254300.0,16.69,37,1,13854.66
901783,701115,AL,8,2070,CLOSED,2025-10-06,2028-07-06,829600.0,11.03,0,0,0.0
901784,701116,GL,3,2067,ACTIVE,2023-01-28,2023-12-28,1636100.0,9.23,41,1,154499.83
901785,701116,AL,2,2105,ACTIVE,2024-03-21,2026-05-21,2517500.0,10.98,108,3,321815.79
901786,701117,GL,22,2093,ACTIVE,2020-02-16,2020-08-16,1778600.0,8.59,35,1,301744.38
901787,701117,CL,6,2044,CLOSED,2022-01-05,2023-02-05,10100.0,14.24,0,0,0.0
901788,701117,PL,6,2092,ACTIVE,2024-02-16,2025-07-16,217900.0,14.71,92,3,41803.94
901789,701118,PL,11,2064,CLOSED,2021-05-12,2022-09-12,494600.0,13.88,0,0,0.0
901790,701118,CL,11,2075,CLOSED,2022-04-11,2022-12-11,112100.0,14.04,0,0,0.0
901791,701119,PL,25,2068,CLOSED,2023-02-04,2024-05-04,137200.0,18.22,0,0,0.0
901792,701120,GL,14,2050,ACTIVE,2018-09-15,2019-07-15,413800.0,9.48,30,1,42860.58
901793,701120,PL,8,2034,ACTIVE,2025-06-12,2027-01-12,50800.0,16.9,254,8,23043.83
901794,701120,MFI,11,2064,CLOSED,2019-06-14,2019-12-14,45800.0,21.86,0,0,0.0
901795,701120,PL,6,2042,CLOSED,2019-10-17,2020-12-17,117000.0,16.9,0,0,0.0
901796,701121,GL,11,2030,ACTIVE,2020-12-08,2021-06-08,1168800.0,8.44,36,1,198229.12
901797,701122,CL,3,2097,CLOSED,2021-10-09,2022-06-09,12500.0,13.77,0,0,0.0
901798,701123,TWL,4,2085,ACTIVE,2023-04-30,2024-11-30,55500.0,16.41,44,1,3291.75
901799,701123,GL,1,2004,ACTIVE,2022-04-28,2023-04-28,1948100.0,10.66,142,4,672469.56
901800,701124,AL,23,2023,CLOSED,2022-11-27,2024-07-27,2867000.0,9.93,0,0,0.0
901801,701124,PL,23,2023,CLOSED,2023-08-22,2024-09-22,202900.0,13.64,0,0,0.0
901802,701125,BL,9,2046,CLOSED,2022-05-31,2026-06-30,3018500.0,17.02,0,0,0.0
901803,701126,PL,8,2038,ACTIVE,2018-09-02,2019-11-02,759700.0,13.05,49,1,58161.39
901804,701127,TWL,1,2020,CLOSED,2025-08-22,2027-02-22,255100.0,13.87,0,0,0.0
901805,701128,PL,7,2079,CLOSED,2019-11-15,2021-10-15,399600.0,17.49,0,0,0.0
901806,701128,PL,7,2087,CLOSED,2020-07-29,2021-10-29,1320200.0,17.62,0,0,0.0
901807,701129,AL,14,2100,ACTIVE,2024-08-25,2026-09-25,648900.0,10.69,263,8,223495.68
901808,701130,TWL,21,2066,CLOSED,2019-05-14,2020-10-14,168300.0,11.84,0,0,0.0
901809,701130,GL,22,2093,CLOSED,2023-03-28,2023-12-28,647500.0,8.26,0,0,0.0
901810,701131,EL,20,2065,ACTIVE,2022-07-01,2026-10-01,1272700.0,10.0,8,1,30480.6
901811,701131,AL,1,2049,ACTIVE,2019-07-19,2023-02-19,882700.0,10.74,9,2,48984.09
901812,701132,GL,18,2120,CLOSED,2022-07-14,2023-03-14,1348700.0,10.6,0,0,0.0
901813,701133,MFI,8,2114,CLOSED,2022-12-18,2023-09-18,20400.0,19.99,0,0,0.0
901814,701133,MFI,7,2112,CLOSED,2025-10-10,2026-05-10,42000.0,19.98,0,0,0.0
901815,701134,LAP,7,2087,ACTIVE,2024-10-09,2028-12-09,2478900.0,12.91,282,9,549289.96
901816,701134,PL,7,2018,CLOSED,2024-08-08,2026-05-08,494700.0,19.54,0,0,0.0
901817,701135,GL,15,2073,CLOSED,2018-06-09,2019-01-09,74500.0,9.96,0,0,0.0
901818,701135,BL,20,2080,CLOSED,2019-11-24,2024-04-24,4917500.0,18.6,0,0,0.0
901819,701136,MFI,12,2017,ACTIVE,2025-12-18,2026-07-18,79700.0,22.58,5,1,12032.24
901820,701136,PL,13,2094,ACTIVE,2025-08-26,2027-03-26,1054300.0,18.27,16,2,125761.07
901821,701137,GL,11,2048,ACTIVE,2025-08-06,2026-03-06,1255700.0,10.33,183,6,1080893.98
901822,701137,PL,11,2030,CLOSED,2024-06-07,2025-07-07,736700.0,19.8,0,0,0.0
901823,701138,HL,5,2099,CLOSED,2019-03-26,2023-07-26,8803200.0,10.14,0,0,0.0
901824,701139,TWL,7,2018,ACTIVE,2022-10-06,2024-06-06,79600.0,14.92,42,1,4464.39
901825,701140,PL,21,2008,ACTIVE,2019-09-30,2021-02-28,1314000.0,17.88,48,1,86774.69
901826,701140,HL,18,2120,ACTIVE,2023-04-17,2027-05-17,558400.0,10.19,49,1,13860.66
901827,701141,MFI,19,2081,CLOSED,2023-10-07,2024-08-07,78800.0,21.68,0,0,0.0
901828,701142,LAP,6,2053,CLOSED,2023-07-21,2027-11-21,1662100.0,11.62,0,0,0.0
901829,701143,TWL,21,2066,ACTIVE,2023-03-23,2024-10-23,149600.0,13.25,221,7,58777.33
901830,701143,CL,1,2004,CLOSED,2022-02-16,2022-12-16,94700.0,15.31,0,0,0.0
901831,701144,AL,5,2102,CLOSED,2022-01-09,2025-03-09,1819700.0,11.85,0,0,0.0
901832,701145,CL,13,2054,CLOSED,2022-09-18,2024-01-18,173500.0,15.1,0,0,0.0
901833,701145,CL,12,2033,CLOSED,2024-10-30,2025-06-30,210100.0,15.31,0,0,0.0
901834,701146,PL,19,2002,CLOSED,2018-07-27,2019-09-27,145400.0,13.99,0,0,0.0
901835,701146,GL,15,2074,CLOSED,2019-11-20,2020-08-20,1401700.0,8.36,0,0,0.0
901836,701147,GL,20,2031,CLOSED,2025-11-05,2026-09-05,1762200.0,8.02,0,0,0.0
901837,701147,PL,11,2064,CLOSED,2024-05-21,2026-03-21,546900.0,14.21,0,0,0.0
901838,701148,AL,11,2039,CLOSED,2022-10-08,2026-10-08,2202600.0,10.66,0,0,0.0
901839,701148,PL,5,2099,ACTIVE,2020-05-27,2021-06-27,205100.0,15.51,39,1,17020.99
901840,701149,PL,3,2021,CLOSED,2021-10-30,2023-08-30,1013400.0,14.85,0,0,0.0
901841,701150,GL,4,2025,ACTIVE,2025-01-09,2025-11-09,774500.0,8.13,28,2,159111.62
901842,701150,BL,5,2035,ACTIVE,2024-11-06,2025-11-06,4222500.0,15.97,99,3,1119231.82
901843,701150,PL,6,2044,ACTIVE,2023-01-16,2024-08-16,84800.0,14.21,274,9,42534.93
901844,701151,TWL,18,2098,ACTIVE,2025-11-08,2027-02-08,185900.0,11.38,201,6,77531.99
901845,701151,PL,17,2028,CLOSED,2025-09-22,2027-09-22,1446900.0,13.37,0,0,0.0
901846,701152,GL,12,2033,CLOSED,2025-03-17,2026-03-17,153600.0,7.34,0,0,0.0
901847,701152,PL,9,2046,CLOSED,2025-01-07,2026-08-07,1234100.0,12.63,0,0,0.0
901848,701153,MFI,4,2090,ACTIVE,2022-03-30,2022-09-30,5600.0,22.72,81,2,1937.11
901849,701153,CL,12,2072,CLOSED,2021-12-13,2023-02-13,249000.0,16.61,0,0,0.0
901850,701154,PL,5,2014,CLOSED,2024-12-04,2026-09-04,504200.0,16.8,0,0,0.0
901851,701154,CL,6,2044,CLOSED,2020-07-25,2021-07-25,182400.0,15.65,0,0,0.0
901852,701154,CL,17,2051,CLOSED,2022-02-17,2023-07-17,413000.0,15.24,0,0,0.0
901853,701154,PL,5,2003,ACTIVE,2023-01-13,2024-10-13,356800.0,16.44,12,2,38540.04
901854,701155,PL,3,2021,CLOSED,2023-06-14,2025-01-14,955700.0,16.29,0,0,0.0
901855,701155,CL,4,2090,ACTIVE,2022-05-28,2023-07-28,29700.0,15.18,32,3,6811.48
901856,701156,PL,21,2008,CLOSED,2021-02-28,2022-04-28,1009000.0,12.93,0,0,0.0
901857,701157,AL,4,2091,ACTIVE,2023-04-22,2024-05-22,540300.0,9.54,3,2,86785.84
901858,701157,CL,14,2050,ACTIVE,2022-04-29,2023-10-29,349200.0,13.19,142,4,83642.87
901859,701158,CL,4,2090,ACTIVE,2019-03-01,2019-10-01,176400.0,12.99,234,7,176400.0
901860,701158,EL,1,2032,CLOSED,2025-11-24,2029-06-24,888300.0,8.87,0,0,0.0
901861,701159,PL,15,2073,CLOSED,2023-05-01,2025-03-01,579500.0,20.9,0,0,0.0
901862,701160,PL,23,2023,CLOSED,2022-09-18,2024-01-18,90200.0,16.16,0,0,0.0
901863,701160,AL,23,2005,ACTIVE,2022-03-22,2025-04-22,2762300.0,11.35,35,1,87997.17
901864,701161,TWL,6,2053,ACTIVE,2024-09-09,2026-07-09,81700.0,17.02,26,1,4288.35
901865,701162,GL,20,2056,CLOSED,2024-10-15,2025-04-15,354000.0,8.55,0,0,0.0
901866,701162,TWL,19,2116,CLOSED,2021-12-11,2023-05-11,128500.0,12.43,0,0,0.0
901867,701162,PL,19,2002,CLOSED,2021-09-24,2023-08-24,1280100.0,14.37,0,0,0.0
901868,701162,CL,19,2002,CLOSED,2023-09-09,2025-03-09,130500.0,14.34,0,0,0.0
901869,701163,PL,19,2109,CLOSED,2019-09-18,2021-08-18,1036300.0,15.72,0,0,0.0
901870,701164,GL,3,2110,ACTIVE,2021-09-22,2022-07-22,1844600.0,8.63,255,8,1486178.13
901871,701164,AL,1,2032,CLOSED,2021-09-28,2025-08-28,289700.0,11.08,0,0,0.0
901872,701165,BL,5,2035,CLOSED,2025-07-16,2027-06-16,341400.0,16.99,0,0,0.0
901873,701166,TWL,22,2022,CLOSED,2021-04-17,2022-05-17,94100.0,11.35,0,0,0.0
901874,701167,BL,4,2025,CLOSED,2024-07-28,2027-01-28,2842400.0,17.44,0,0,0.0
901875,701167,PL,3,2110,CLOSED,2025-06-05,2027-03-05,734000.0,16.59,0,0,0.0
901876,701168,PL,17,2028,CLOSED,2022-08-27,2024-08-27,997700.0,13.72,0,0,0.0
901877,701169,EL,21,2088,CLOSED,2022-08-02,2026-04-02,531200.0,9.73,0,0,0.0
901878,701170,HL,19,2111,CLOSED,2020-04-13,2027-04-13,5103400.0,9.08,0,0,0.0
901879,701171,TWL,23,2023,ACTIVE,2021-07-17,2022-09-17,34700.0,12.65,71,2,5274.42
901880,701171,CL,23,2069,CLOSED,2023-12-19,2024-12-19,50800.0,14.64,0,0,0.0
901881,701171,GL,23,2069,CLOSED,2023-07-25,2024-07-25,718900.0,8.85,0,0,0.0
901882,701172,PL,15,2074,ACTIVE,2025-01-17,2026-06-17,625400.0,15.96,248,8,311824.15
901883,701172,EL,15,2012,ACTIVE,2025-04-30,2029-10-30,2799000.0,9.75,313,10,614602.38
901884,701172,TWL,8,2038,CLOSED,2023-03-22,2024-11-22,296600.0,13.16,0,0,0.0
901885,701172,MFI,16,2027,CLOSED,2025-11-24,2026-05-24,23000.0,20.7,0,0,0.0
901886,701172,GL,15,2012,ACTIVE,2023-12-18,2024-07-18,344500.0,8.65,78,2,100202.24
901887,701173,GL,5,2102,ACTIVE,2023-02-07,2023-09-07,895000.0,9.59,131,4,517526.47
901888,701174,MFI,18,2040,CLOSED,2023-12-28,2024-09-28,71000.0,20.29,0,0,0.0
901889,701174,PL,24,2089,CLOSED,2024-06-24,2025-11-24,432600.0,14.33,0,0,0.0
901890,701174,TWL,24,2047,ACTIVE,2023-06-13,2025-02-13,60000.0,12.28,308,10,31525.88
901891,701175,PL,2,2108,CLOSED,2025-09-30,2027-03-30,996900.0,14.68,0,0,0.0
901892,701176,BL,23,2023,CLOSED,2025-03-22,2026-05-22,3475900.0,17.06,0,0,0.0
901893,701176,MFI,9,2006,CLOSED,2025-07-27,2026-05-27,16500.0,21.19,0,0,0.0
901894,701177,BL,13,2007,CLOSED,2024-08-19,2029-08-19,175000.0,16.24,0,0,0.0
901895,701177,BL,12,2017,CLOSED,2025-04-07,2029-12-07,1214200.0,15.95,0,0,0.0
901896,701177,AL,21,2113,CLOSED,2023-11-28,2025-08-28,2953400.0,10.5,0,0,0.0
901897,701178,AL,23,2041,ACTIVE,2025-11-27,2028-12-27,2422000.0,10.12,33,1,75836.35
901898,701179,HL,22,2022,CLOSED,2025-10-06,2030-05-06,2141300.0,10.28,0,0,0.0
901899,701179,EL,11,2039,CLOSED,2025-06-26,2027-09-26,465700.0,10.92,0,0,0.0
901900,701180,GL,4,2090,ACTIVE,2019-10-01,2020-10-01,1487000.0,9.25,352,11,1368249.49
901901,701180,AL,21,2088,ACTIVE,2020-05-16,2021-09-16,295000.0,10.86,46,1,19709.37
901902,701181,LAP,5,2014,ACTIVE,2020-07-30,2025-12-30,4027800.0,11.9,21,1,83536.12
901903,701182,TWL,3,2110,ACTIVE,2022-04-30,2023-10-30,37400.0,13.92,46,1,2287.69
901904,701183,EL,25,2068,CLOSED,2022-07-24,2026-10-24,115900.0,9.5,0,0,0.0
901905,701183,AL,25,2011,CLOSED,2023-07-12,2025-03-12,1484000.0,10.86,0,0,0.0
901906,701184,MFI,13,2107,CLOSED,2023-07-23,2024-03-23,28100.0,21.99,0,0,0.0
901907,701185,CL,9,2006,CLOSED,2019-06-07,2020-04-07,302600.0,15.83,0,0,0.0
901908,701185,GL,9,2006,CLOSED,2024-10-17,2025-10-17,569700.0,9.35,0,0,0.0
901909,701186,AL,10,2071,CLOSED,2019-10-18,2023-04-18,313300.0,10.73,0,0,0.0
901910,701186,MFI,7,2087,CLOSED,2025-09-13,2026-09-13,39800.0,20.96,0,0,0.0
901911,701186,LAP,9,2006,CLOSED,2022-12-07,2025-11-07,964700.0,11.08,0,0,0.0
901912,701187,BL,4,2091,CLOSED,2023-11-05,2026-01-05,834200.0,16.41,0,0,0.0
901913,701188,PL,12,2086,ACTIVE,2020-09-09,2022-01-09,868500.0,15.13,7,1,59530.14
901914,701189,AL,6,2092,ACTIVE,2022-02-27,2023-10-27,1680800.0,9.02,164,5,444086.3
901915,701190,AL,12,2017,ACTIVE,2020-09-12,2023-02-12,2888900.0,11.4,284,9,982678.85
901916,701191,AL,1,2049,ACTIVE,2018-08-12,2021-01-12,1901800.0,10.72,32,1,74069.57
901917,701192,EL,7,2112,CLOSED,2025-09-17,2027-12-17,1568100.0,10.69,0,0,0.0
901918,701193,AL,19,2081,CLOSED,2025-07-24,2027-03-24,2264300.0,10.24,0,0,0.0
901919,701194,CL,8,2114,ACTIVE,2024-08-25,2025-05-25,414800.0,13.66,278,9,414800.0
901920,701194,GL,14,2009,CLOSED,2023-05-04,2023-11-04,126300.0,8.29,0,0,0.0
901921,701195,BL,7,2010,CLOSED,2024-04-20,2027-12-20,3093500.0,15.27,0,0,0.0
901922,701196,PL,13,2107,CLOSED,2024-11-18,2026-05-18,56700.0,17.36,0,0,0.0
901923,701197,PL,18,2103,CLOSED,2019-01-23,2020-02-23,312200.0,16.41,0,0,0.0
901924,701198,HL,14,2050,ACTIVE,2022-08-02,2026-05-02,4514100.0,8.96,35,2,234329.26
901925,701198,CL,14,2100,CLOSED,2024-12-10,2026-02-10,327200.0,13.63,0,0,0.0
901926,701198,BL,14,2050,CLOSED,2025-12-17,2029-06-17,2436700.0,15.77,0,0,0.0
901927,701199,PL,21,2088,CLOSED,2025-08-05,2027-01-05,172300.0,16.28,0,0,0.0
901928,701199,EL,17,2051,CLOSED,2025-04-27,2029-12-27,2077500.0,10.17,0,0,0.0
901929,701199,EL,21,2008,CLOSED,2025-06-08,2029-03-08,810900.0,10.12,0,0,0.0
901930,701200,MFI,1,2049,CLOSED,2023-10-04,2024-06-04,15300.0,19.63,0,0,0.0
901931,701200,CL,3,2110,CLOSED,2020-03-25,2021-07-25,476500.0,13.62,0,0,0.0
901932,701201,BL,5,2102,ACTIVE,2022-07-25,2024-10-25,791800.0,18.8,1,1,35631.86
901933,701201,MFI,12,2072,CLOSED,2025-08-27,2026-08-27,36400.0,23.06,0,0,0.0
901934,701202,GL,10,2071,CLOSED,2021-11-03,2022-05-03,1322200.0,9.62,0,0,0.0
901935,701203,LAP,23,2023,CLOSED,2025-01-25,2027-06-25,9561900.0,10.06,0,0,0.0
901936,701204,TWL,19,2109,ACTIVE,2018-11-13,2020-07-13,279900.0,11.54,221,7,104113.41
901937,701204,GL,20,2031,CLOSED,2024-04-17,2025-04-17,1065900.0,8.14,0,0,0.0
901938,701205,GL,20,2080,ACTIVE,2025-07-21,2026-02-21,1711000.0,8.52,24,1,249646.96
901939,701206,GL,20,2056,ACTIVE,2024-07-28,2025-01-28,677600.0,9.58,170,5,566899.72
901940,701206,PL,20,2065,ACTIVE,2021-06-23,2023-01-23,245000.0,17.37,17,2,29050.96
901941,701207,LAP,17,2060,CLOSED,2025-03-06,2028-12-06,6940800.0,11.61,0,0,0.0
901942,701208,MFI,6,2092,ACTIVE,2025-12-20,2026-12-20,9100.0,21.1,37,3,2456.43
901943,701208,GL,22,2019,ACTIVE,2024-03-27,2024-09-27,99100.0,8.9,95,3,50099.19
901944,701209,MFI,13,2029,CLOSED,2024-02-18,2024-12-18,40100.0,20.84,0,0,0.0
901945,701210,PL,1,2004,CLOSED,2023-06-28,2025-02-28,281500.0,16.17,0,0,0.0
901946,701211,AL,24,2016,ACTIVE,2018-10-08,2022-10-08,2699800.0,10.84,15,2,137273.46
901947,701212,PL,13,2029,CLOSED,2022-02-28,2023-09-28,625500.0,15.63,0,0,0.0
901948,701212,GL,12,2017,ACTIVE,2024-12-23,2025-12-23,1649700.0,8.94,55,1,143156.29
901949,701213,AL,2,2105,CLOSED,2025-07-11,2027-07-11,2115200.0,9.94,0,0,0.0
901950,701213,EL,3,2097,CLOSED,2022-01-16,2027-01-16,253400.0,8.83,0,0,0.0
901951,701214,GL,14,2082,CLOSED,2020-06-19,2021-02-19,1935200.0,10.55,0,0,0.0
901952,701214,PL,14,2050,ACTIVE,2018-06-14,2020-03-14,424300.0,20.16,144,4,92658.09
901953,701215,GL,8,2038,ACTIVE,2018-05-22,2019-05-22,542800.0,9.86,55,1,47296.79
901954,701216,MFI,16,2027,CLOSED,2024-06-01,2024-12-01,5700.0,23.19,0,0,0.0
901955,701217,AL,3,2110,CLOSED,2018-11-09,2021-02-09,200900.0,11.52,0,0,0.0
901956,701218,TWL,20,2065,ACTIVE,2023-07-02,2025-05-02,292300.0,15.11,183,6,87854.44
901957,701218,MFI,20,2031,CLOSED,2023-03-18,2023-10-18,30200.0,23.04,0,0,0.0
901958,701219,GL,10,2101,CLOSED,2025-05-27,2026-05-27,264200.0,8.7,0,0,0.0
901959,701220,BL,12,2096,ACTIVE,2025-12-27,2028-03-27,3315700.0,16.99,38,1,146549.95
901960,701221,PL,25,2068,CLOSED,2025-02-21,2027-02-21,1434300.0,18.92,0,0,0.0
901961,701221,HL,17,2051,CLOSED,2025-12-02,2030-08-02,9027900.0,10.33,0,0,0.0
901962,701222,AL,16,2027,CLOSED,2023-10-21,2026-10-21,2741900.0,11.08,0,0,0.0
901963,701222,AL,17,2055,CLOSED,2022-01-12,2023-01-12,104200.0,11.01,0,0,0.0
901964,701223,GL,20,2065,CLOSED,2022-05-19,2023-01-19,895600.0,9.61,0,0,0.0
901965,701224,MFI,10,2095,CLOSED,2022-08-15,2023-04-15,16300.0,22.8,0,0,0.0
901966,701224,TWL,9,2001,ACTIVE,2023-03-27,2024-03-27,99700.0,14.74,41,2,17647.24
901967,701225,TWL,22,2026,CLOSED,2024-06-29,2026-06-29,137000.0,12.98,0,0,0.0
901968,701226,MFI,7,2079,CLOSED,2024-03-29,2024-09-29,10200.0,20.8,0,0,0.0
901969,701227,MFI,12,2033,CLOSED,2025-11-12,2026-09-12,15400.0,20.42,0,0,0.0
901970,701228,EL,12,2096,ACTIVE,2022-12-20,2025-04-20,1981800.0,10.32,12,1,79262.78
901971,701228,EL,17,2028,CLOSED,2019-08-28,2022-08-28,161000.0,10.37,0,0,0.0
901972,701229,PL,9,2001,CLOSED,2023-05-31,2025-01-31,807300.0,14.56,0,0,0.0
901973,701229,GL,9,2006,ACTIVE,2024-10-23,2025-10-23,599200.0,8.57,12,3,154630.67
901974,701230,CL,7,2018,CLOSED,2024-11-19,2025-07-19,355900.0,16.83,0,0,0.0
901975,701231,LAP,13,2107,CLOSED,2025-06-01,2030-05-01,7571500.0,9.94,0,0,0.0
901976,701231,EL,13,2007,ACTIVE,2025-11-02,2027-12-02,1060000.0,8.99,321,10,447865.67
901977,701232,PL,2,2059,CLOSED,2022-12-26,2024-10-26,1371500.0,22.49,0,0,0.0
901978,701233,PL,6,2044,ACTIVE,2025-09-02,2027-08-02,813200.0,16.94,30,1,41073.41
901979,701234,GL,12,2017,CLOSED,2022-06-12,2022-12-12,270400.0,9.74,0,0,0.0
901980,701235,EL,1,2004,ACTIVE,2021-04-23,2025-10-23,436200.0,9.49,13,2,19679.05
901981,701235,AL,24,2016,CLOSED,2021-09-26,2023-06-26,516100.0,10.26,0,0,0.0
901982,701235,AL,24,2089,CLOSED,2024-12-23,2025-12-23,2239700.0,10.22,0,0,0.0
901983,701236,CL,10,2095,CLOSED,2022-03-26,2023-04-26,45200.0,16.67,0,0,0.0
901984,701236,EL,8,2070,CLOSED,2021-05-07,2024-11-07,495200.0,10.73,0,0,0.0
901985,701236,TWL,24,2047,ACTIVE,2024-06-23,2025-08-23,99200.0,15.08,43,1,7675.15
901986,701236,MFI,24,2047,CLOSED,2024-04-06,2024-11-06,12100.0,22.77,0,0,0.0
901987,701237,MFI,8,2070,CLOSED,2024-12-01,2025-11-01,90800.0,22.82,0,0,0.0
901988,701238,PL,14,2043,CLOSED,2024-04-18,2025-12-18,974100.0,19.07,0,0,0.0
901989,701239,BL,12,2033,CLOSED,2023-03-21,2027-06-21,3562600.0,14.7,0,0,0.0
901990,701239,AL,12,2017,CLOSED,2024-10-08,2028-05-08,941900.0,9.21,0,0,0.0
901991,701240,EL,3,2110,CLOSED,2023-07-26,2026-11-26,1526900.0,10.96,0,0,0.0
901992,701241,PL,15,2074,ACTIVE,2018-05-30,2019-06-30,1092600.0,12.04,10,1,89172.13
901993,701241,EL,8,2038,CLOSED,2025-01-28,2028-02-28,210900.0,8.34,0,0,0.0
901994,701242,GL,6,2042,CLOSED,2025-11-06,2026-07-06,391800.0,8.32,0,0,0.0
901995,701242,PL,6,2092,ACTIVE,2023-08-21,2025-07-21,1340300.0,15.02,124,4,261468.6
901996,701243,GL,18,2103,CLOSED,2025-11-04,2026-07-04,123300.0,8.84,0,0,0.0
901997,701243,PL,14,2100,CLOSED,2025-10-10,2026-12-10,705500.0,16.17,0,0,0.0
901998,701244,PL,9,2006,CLOSED,2023-11-28,2025-07-28,280900.0,15.19,0,0,0.0
901999,701244,GL,2,2104,ACTIVE,2023-11-22,2024-09-22,20800.0,8.61,253,8,16758.11
902000,701244,BL,17,2028,ACTIVE,2022-10-16,2024-06-16,1538300.0,16.78,244,8,666982.36
902001,701245,CL,14,2119,CLOSED,2022-09-01,2024-03-01,64500.0,12.33,0,0,0.0
902002,701245,PL,8,2076,ACTIVE,2020-08-13,2022-03-13,472000.0,11.59,25,3,80374.23
902003,701245,GL,20,2080,CLOSED,2025-05-20,2026-01-20,80800.0,7.47,0,0,0.0
902004,701246,TWL,6,2044,CLOSED,2024-06-11,2026-06-11,224300.0,11.84,0,0,0.0
902005,701247,MFI,1,2020,CLOSED,2024-03-05,2024-12-05,12800.0,24.15,0,0,0.0
902006,701247,PL,1,2032,ACTIVE,2025-07-25,2026-07-25,554200.0,20.58,21,1,50623.81
902007,701247,TWL,1,2004,CLOSED,2023-06-24,2024-11-24,109100.0,16.06,0,0,0.0
902008,701248,PL,10,2045,CLOSED,2020-03-14,2021-04-14,1088800.0,13.4,0,0,0.0
902009,701249,CL,11,2039,ACTIVE,2020-09-24,2021-12-24,352900.0,14.82,35,1,25601.46
902010,701250,PL,11,2075,CLOSED,2023-06-13,2025-01-13,1075800.0,19.13,0,0,0.0
902011,701251,MFI,13,2107,CLOSED,2021-11-11,2022-10-11,6800.0,20.34,0,0,0.0
902012,701252,LAP,15,2015,CLOSED,2024-06-17,2029-05-17,563400.0,12.63,0,0,0.0
902013,701253,CL,25,2061,ACTIVE,2018-07-26,2019-02-26,207600.0,14.82,19,2,61145.34
902014,701254,CL,17,2058,CLOSED,2021-03-26,2021-11-26,393300.0,14.96,0,0,0.0
902015,701255,GL,11,2075,CLOSED,2023-08-01,2024-05-01,54900.0,9.54,0,0,0.0
902016,701256,EL,20,2031,ACTIVE,2019-07-16,2023-04-16,2611400.0,9.24,31,1,68359.01
902017,701257,LAP,10,2101,CLOSED,2025-10-12,2031-12-12,5711900.0,12.42,0,0,0.0
902018,701258,CL,25,2013,CLOSED,2020-10-17,2021-08-17,98400.0,14.53,0,0,0.0
902019,701258,TWL,25,2011,ACTIVE,2020-10-20,2022-02-20,206400.0,12.84,26,1,13955.14
902020,701258,BL,25,2068,ACTIVE,2023-04-10,2027-05-10,2203300.0,16.75,51,1,61524.35
902021,701259,TWL,24,2063,CLOSED,2024-03-03,2025-11-03,77000.0,13.5,0,0,0.0
902022,701260,TWL,10,2095,ACTIVE,2020-10-26,2022-03-26,93500.0,13.02,43,1,5987.56
902023,701260,PL,8,2038,CLOSED,2024-06-23,2025-12-23,1224500.0,16.35,0,0,0.0
902024,701261,GL,7,2010,CLOSED,2023-03-15,2024-02-15,383900.0,7.59,0,0,0.0
902025,701262,GL,6,2092,ACTIVE,2023-02-02,2023-11-02,1860300.0,8.77,183,6,1253695.86
902026,701263,BL,3,2117,CLOSED,2024-07-22,2028-11-22,609600.0,18.63,0,0,0.0
902027,701263,CL,10,2071,ACTIVE,2022-12-07,2023-08-07,176600.0,16.3,41,1,23131.37
902028,701264,CL,19,2109,CLOSED,2024-03-14,2024-11-14,97700.0,15.15,0,0,0.0
902029,701265,TWL,16,2078,ACTIVE,2025-08-08,2027-07-08,77900.0,13.89,40,1,3832.87
902030,701266,PL,22,2026,ACTIVE,2020-01-29,2021-07-29,195700.0,15.81,303,10,114383.18
902031,701267,CL,16,2024,ACTIVE,2025-12-04,2026-08-04,239600.0,15.03,42,1,31270.9
902032,701268,PL,22,2022,CLOSED,2019-01-07,2021-02-07,438000.0,15.57,0,0,0.0
902033,701268,BL,24,2047,CLOSED,2021-05-15,2026-01-15,254800.0,16.97,0,0,0.0
902034,701268,PL,23,2041,CLOSED,2024-05-15,2025-07-15,954200.0,15.52,0,0,0.0
902035,701269,AL,11,2048,CLOSED,2024-01-22,2027-05-22,1159100.0,11.1,0,0,0.0
902036,701269,PL,11,2064,CLOSED,2024-09-12,2026-09-12,649200.0,16.09,0,0,0.0
902037,701269,BL,11,2064,CLOSED,2023-02-14,2028-01-14,268200.0,17.04,0,0,0.0
902038,701270,PL,6,2092,ACTIVE,2023-05-01,2025-03-01,376900.0,17.13,240,8,150819.67
902039,701271,GL,25,2068,CLOSED,2020-03-02,2020-10-02,1817900.0,8.81,0,0,0.0
902040,701271,PL,25,2061,CLOSED,2025-06-18,2026-09-18,72000.0,15.35,0,0,0.0
902041,701272,PL,24,2063,CLOSED,2025-08-05,2026-09-05,1293000.0,14.08,0,0,0.0
902042,701273,PL,17,2060,CLOSED,2025-06-21,2027-05-21,667600.0,17.13,0,0,0.0
902043,701274,HL,13,2007,ACTIVE,2025-12-03,2030-09-03,3484200.0,9.74,10,1,75979.49
902044,701274,CL,13,2107,ACTIVE,2025-11-16,2027-02-16,400400.0,15.23,17,1,29113.8
902045,701275,GL,20,2031,CLOSED,2025-07-27,2026-07-27,321000.0,8.89,0,0,0.0
902046,701275,TWL,20,2080,ACTIVE,2024-10-15,2026-09-15,245300.0,12.71,201,6,69827.22
902047,701275,TWL,17,2058,CLOSED,2025-08-27,2027-03-27,294600.0,12.93,0,0,0.0
902048,701276,GL,18,2120,CLOSED,2018-12-29,2019-09-29,613100.0,7.88,0,0,0.0
902049,701276,PL,7,2112,ACTIVE,2020-09-27,2022-04-27,900500.0,13.58,6,1,52346.78
902050,701277,MFI,21,2036,CLOSED,2024-02-19,2024-12-19,73100.0,19.43,0,0,0.0
902051,701277,GL,3,2084,CLOSED,2025-09-01,2026-07-01,1429500.0,8.17,0,0,0.0
902052,701278,AL,2,2106,CLOSED,2024-10-17,2026-09-17,169300.0,11.46,0,0,0.0
902053,701278,LAP,4,2090,ACTIVE,2023-02-26,2030-02-26,7863700.0,11.81,32,2,272013.93
902054,701279,HL,20,2031,ACTIVE,2019-11-12,2026-02-12,9298600.0,9.52,45,1,163680.52
902055,701280,TWL,19,2081,CLOSED,2023-05-31,2025-05-31,276000.0,15.12,0,0,0.0
902056,701280,PL,1,2032,CLOSED,2023-06-29,2025-05-29,726700.0,18.94,0,0,0.0
902057,701281,MFI,7,2112,CLOSED,2025-01-09,2026-01-09,53300.0,22.0,0,0,0.0
902058,701282,CL,20,2080,ACTIVE,2024-04-21,2025-02-21,387700.0,15.04,24,2,81450.48
902059,701282,GL,20,2080,ACTIVE,2025-05-02,2026-04-02,1609500.0,8.72,40,1,151672.48
902060,701283,BL,25,2013,CLOSED,2022-05-22,2024-10-22,378900.0,16.03,0,0,0.0
902061,701283,CL,25,2068,CLOSED,2022-04-01,2023-02-01,141400.0,14.25,0,0,0.0
902062,701283,PL,25,2061,CLOSED,2020-01-09,2021-10-09,424300.0,14.71,0,0,0.0
902063,701284,GL,23,2069,ACTIVE,2025-12-05,2026-12-05,919100.0,8.09,180,6,468811.95
902064,701285,PL,16,2024,CLOSED,2023-08-26,2025-02-26,59100.0,16.92,0,0,0.0
902065,701286,PL,22,2093,CLOSED,2023-11-24,2024-12-24,122600.0,18.55,0,0,0.0
902066,701286,AL,21,2088,ACTIVE,2024-12-30,2027-12-30,268800.0,12.11,96,3,26293.93
902067,701287,EL,18,2103,ACTIVE,2020-04-05,2023-11-05,54700.0,9.73,139,4,5926.64
902068,701287,GL,15,2073,CLOSED,2018-10-01,2019-08-01,947700.0,8.62,0,0,0.0
902069,701288,PL,9,2057,CLOSED,2021-12-28,2023-12-28,78200.0,16.16,0,0,0.0
902070,701288,EL,9,2006,CLOSED,2020-09-09,2025-01-09,596200.0,10.28,0,0,0.0
902071,701289,CL,22,2093,ACTIVE,2022-09-19,2023-09-19,153300.0,14.28,365,12,153300.0
902072,701289,PL,12,2033,ACTIVE,2023-11-15,2025-09-15,1165900.0,14.98,11,1,60182.06
902073,701289,PL,13,2054,CLOSED,2020-10-14,2022-10-14,57100.0,14.93,0,0,0.0
902074,701290,PL,5,2014,CLOSED,2025-11-02,2026-11-02,301700.0,15.62,0,0,0.0
902075,701291,AL,6,2044,CLOSED,2022-01-24,2025-11-24,1300900.0,10.11,0,0,0.0
902076,701291,LAP,5,2102,ACTIVE,2025-02-21,2030-02-21,13679700.0,10.46,46,1,291220.64
902077,701291,CL,6,2042,CLOSED,2019-11-28,2020-05-28,186600.0,14.02,0,0,0.0
902078,701292,BL,13,2007,CLOSED,2025-02-13,2028-02-13,1434700.0,16.1,0,0,0.0
902079,701292,MFI,22,2022,CLOSED,2021-11-05,2022-06-05,14100.0,20.23,0,0,0.0
902080,701293,MFI,10,2095,CLOSED,2024-11-09,2025-08-09,9000.0,19.79,0,0,0.0
902081,701294,MFI,10,2071,CLOSED,2025-05-23,2025-11-23,76200.0,21.68,0,0,0.0
902082,701295,AL,1,2049,ACTIVE,2024-12-29,2027-01-29,139100.0,10.16,291,9,53483.84
902083,701295,EL,3,2052,CLOSED,2023-10-20,2027-03-20,498400.0,9.05,0,0,0.0
902084,701296,GL,12,2033,CLOSED,2025-06-28,2026-03-28,441700.0,9.05,0,0,0.0
902085,701297,PL,13,2107,CLOSED,2022-05-21,2024-02-21,1143900.0,15.58,0,0,0.0
902086,701298,TWL,11,2064,ACTIVE,2022-11-26,2023-12-26,37100.0,14.67,217,7,20703.28
902087,701298,TWL,11,2064,ACTIVE,2021-10-22,2023-02-22,111700.0,14.73,16,1,7638.1
902088,701299,EL,19,2111,CLOSED,2022-04-04,2026-11-04,2796100.0,8.33,0,0,0.0
902089,701299,BL,20,2031,CLOSED,2019-05-31,2024-05-31,998700.0,14.58,0,0,0.0
902090,701299,PL,19,2111,CLOSED,2023-04-27,2024-09-27,1481800.0,12.4,0,0,0.0
902091,701299,AL,17,2060,ACTIVE,2023-06-23,2026-01-23,1444600.0,9.67,183,6,308340.31
902092,701300,MFI,14,2119,CLOSED,2024-11-03,2025-11-03,24800.0,20.39,0,0,0.0
902093,701300,AL,24,2063,CLOSED,2021-06-15,2023-02-15,313600.0,10.64,0,0,0.0
902094,701300,AL,21,2113,CLOSED,2019-06-02,2022-01-02,675600.0,10.59,0,0,0.0
902095,701301,GL,7,2112,CLOSED,2025-07-10,2026-02-10,355400.0,9.97,0,0,0.0
902096,701302,BL,2,2105,CLOSED,2020-01-05,2021-02-05,4717300.0,15.01,0,0,0.0
902097,701303,BL,25,2061,ACTIVE,2023-08-01,2025-10-01,4917900.0,15.59,26,1,221231.27
902098,701304,GL,12,2086,CLOSED,2021-06-30,2022-02-28,1966000.0,7.91,0,0,0.0
902099,701305,EL,18,2098,ACTIVE,2022-10-13,2026-11-13,2262800.0,9.68,12,3,165589.88
902100,701305,PL,2,2062,ACTIVE,2021-01-07,2022-06-07,1466300.0,15.57,282,9,816180.33
902101,701306,PL,24,2063,CLOSED,2021-07-09,2023-05-09,55000.0,15.07,0,0,0.0
902102,701307,GL,6,2042,ACTIVE,2024-06-24,2025-03-24,1089400.0,9.09,1,2,248522.86
902103,701307,CL,22,2093,ACTIVE,2022-04-08,2022-12-08,373200.0,15.4,137,4,191357.9
902104,701308,HL,12,2086,ACTIVE,2024-11-10,2027-12-10,5816300.0,10.27,16,1,182501.82
902105,701308,EL,12,2096,CLOSED,2025-09-24,2027-10-24,632800.0,10.66,0,0,0.0
902106,701309,BL,3,2097,ACTIVE,2025-01-14,2028-01-14,2339900.0,15.34,40,1,80474.8
902107,701309,BL,3,2067,CLOSED,2024-08-03,2025-12-03,157700.0,15.26,0,0,0.0
902108,701309,EL,2,2118,CLOSED,2020-07-12,2024-10-12,1616000.0,8.63,0,0,0.0
902109,701310,CL,21,2088,CLOSED,2020-12-19,2021-10-19,32200.0,17.07,0,0,0.0
902110,701310,GL,18,2077,ACTIVE,2018-07-03,2019-06-03,933600.0,10.23,210,7,604151.22
902111,701310,AL,23,2023,ACTIVE,2021-11-15,2024-02-15,729400.0,12.27,183,6,179823.51
902112,701311,CL,19,2002,ACTIVE,2025-11-14,2027-05-14,29800.0,15.72,188,6,10718.32
902113,701311,PL,20,2065,CLOSED,2021-04-30,2022-06-30,488900.0,16.69,0,0,0.0
902114,701312,PL,13,2094,ACTIVE,2022-05-25,2023-12-25,1032700.0,16.94,13,1,61479.81
902115,701312,PL,18,2098,ACTIVE,2022-06-20,2024-04-20,1248700.0,17.09,51,1,65580.43
902116,701312,PL,12,2033,CLOSED,2021-12-16,2023-06-16,530900.0,17.17,0,0,0.0
902117,701313,BL,24,2089,CLOSED,2025-12-12,2027-01-12,166300.0,17.67,0,0,0.0
902118,701314,CL,4,2090,CLOSED,2024-01-18,2025-02-18,422800.0,12.79,0,0,0.0
902119,701314,AL,3,2067,CLOSED,2024-12-14,2028-08-14,799400.0,9.44,0,0,0.0
902120,701315,HL,19,2081,ACTIVE,2025-09-06,2030-01-06,855900.0,9.16,21,1,19852.23
902121,701315,GL,4,2091,CLOSED,2025-12-10,2026-11-10,1544300.0,7.97,0,0,0.0
902122,701316,GL,10,2101,ACTIVE,2022-01-29,2023-01-29,74200.0,9.24,79,2,12845.76
902123,701317,LAP,19,2002,CLOSED,2023-06-09,2029-08-09,6740600.0,12.38,0,0,0.0
902124,701318,PL,22,2026,ACTIVE,2018-06-12,2020-04-12,647800.0,16.28,38,1,33797.27
902125,701318,GL,22,2026,CLOSED,2022-02-20,2022-09-20,919600.0,8.75,0,0,0.0
902126,701318,PL,21,2113,ACTIVE,2020-06-08,2022-05-08,1424700.0,16.35,19,2,142232.52
902127,701319,AL,7,2087,ACTIVE,2025-08-11,2027-07-11,1177100.0,10.39,46,1,56177.26
902128,701320,MFI,7,2087,CLOSED,2024-04-19,2024-10-19,8400.0,19.94,0,0,0.0
902129,701320,EL,7,2087,CLOSED,2024-07-27,2028-10-27,236900.0,8.97,0,0,0.0
902130,701321,GL,5,2014,ACTIVE,2020-01-29,2021-01-29,45500.0,10.35,301,10,38238.53
902131,701322,PL,24,2016,CLOSED,2023-03-06,2024-12-06,817000.0,13.88,0,0,0.0
902132,701323,PL,4,2115,CLOSED,2025-03-05,2026-10-05,571800.0,16.58,0,0,0.0
902133,701324,GL,5,2035,CLOSED,2025-05-07,2026-03-07,1228600.0,9.75,0,0,0.0
902134,701325,CL,8,2034,CLOSED,2025-10-17,2027-04-17,222700.0,15.71,0,0,0.0
902135,701326,BL,6,2092,CLOSED,2020-10-27,2023-04-27,1797300.0,16.29,0,0,0.0
902136,701327,TWL,4,2091,ACTIVE,2024-03-16,2025-09-16,49000.0,10.88,3,2,5845.76
902137,701328,GL,17,2058,ACTIVE,2025-11-23,2026-06-23,1703300.0,9.03,54,1,248835.18
902138,701329,AL,7,2087,ACTIVE,2019-08-06,2022-12-06,2534500.0,10.21,49,1,74388.77
902139,701330,BL,17,2058,CLOSED,2019-10-05,2023-03-05,4875100.0,17.86,0,0,0.0
902140,701330,CL,19,2109,CLOSED,2020-07-02,2021-04-02,346600.0,16.24,0,0,0.0
902141,701331,PL,11,2030,CLOSED,2019-10-03,2021-08-03,1154700.0,15.06,0,0,0.0
902142,701332,AL,4,2091,ACTIVE,2024-05-28,2025-05-28,2586400.0,10.41,23,2,449895.59
902143,701332,MFI,15,2015,CLOSED,2021-10-17,2022-05-17,96400.0,20.21,0,0,0.0
902144,701333,EL,10,2095,CLOSED,2022-04-28,2024-05-28,2615700.0,10.84,0,0,0.0
902145,701333,BL,5,2035,ACTIVE,2022-06-23,2027-02-23,1587800.0,19.01,43,2,83951.55
902146,701334,AL,20,2080,ACTIVE,2018-10-07,2021-06-07,2407700.0,11.19,199,6,507537.29
902147,701334,BL,20,2065,CLOSED,2025-04-06,2028-12-06,610900.0,17.6,0,0,0.0
902148,701334,HL,20,2065,CLOSED,2020-06-27,2026-03-27,6194900.0,9.96,0,0,0.0
902149,701335,PL,7,2079,CLOSED,2025-12-24,2027-06-24,482600.0,14.11,0,0,0.0
902150,701336,GL,11,2048,CLOSED,2021-01-26,2021-12-26,1139300.0,10.36,0,0,0.0
902151,701337,GL,15,2015,CLOSED,2021-12-02,2022-07-02,212200.0,8.99,0,0,0.0
902152,701337,EL,16,2037,CLOSED,2020-01-16,2024-08-16,944300.0,10.48,0,0,0.0
902153,701338,TWL,17,2060,CLOSED,2023-04-22,2025-03-22,66900.0,12.24,0,0,0.0
902154,701338,EL,17,2058,CLOSED,2023-09-12,2028-03-12,2316400.0,9.32,0,0,0.0
902155,701339,PL,7,2018,ACTIVE,2025-01-09,2026-05-09,263500.0,18.81,13,1,18458.89
902156,701340,PL,1,2032,ACTIVE,2018-11-27,2020-01-27,999900.0,19.24,54,1,79038.35
902157,701341,LAP,25,2061,CLOSED,2025-04-28,2032-02-28,10918700.0,11.48,0,0,0.0
902158,701342,GL,3,2083,CLOSED,2021-10-19,2022-06-19,1134800.0,9.14,0,0,0.0
902159,701343,GL,12,2017,CLOSED,2020-07-10,2021-04-10,1076600.0,10.09,0,0,0.0
902160,701343,TWL,13,2107,CLOSED,2018-02-14,2019-06-14,36700.0,14.86,0,0,0.0
902161,701343,PL,7,2010,CLOSED,2018-02-17,2019-03-17,95600.0,18.53,0,0,0.0
902162,701344,EL,19,2002,CLOSED,2022-02-24,2024-10-24,2919100.0,9.12,0,0,0.0
902163,701345,AL,5,2035,ACTIVE,2021-10-20,2025-05-20,2927600.0,12.02,45,1,83296.31
902164,701345,LAP,19,2109,ACTIVE,2023-08-12,2027-12-12,2335500.0,12.48,34,1,57774.12
902165,701346,TWL,2,2104,CLOSED,2019-01-28,2020-12-28,54400.0,11.62,0,0,0.0
902166,701347,CL,7,2087,CLOSED,2024-06-17,2024-12-17,97500.0,14.69,0,0,0.0
902167,701347,TWL,4,2091,CLOSED,2022-06-06,2023-07-06,92300.0,12.57,0,0,0.0
902168,701348,MFI,23,2005,CLOSED,2023-11-02,2024-09-02,78400.0,19.52,0,0,0.0
902169,701348,EL,23,2023,CLOSED,2019-05-31,2023-05-31,1342000.0,8.79,0,0,0.0
902170,701349,BL,5,2102,CLOSED,2024-04-08,2028-10-08,480400.0,15.67,0,0,0.0
902171,701350,CL,16,2027,ACTIVE,2023-03-09,2023-11-09,295600.0,14.93,32,1,38568.72
902172,701351,PL,15,2015,CLOSED,2019-03-17,2021-02-17,320500.0,14.71,0,0,0.0
902173,701352,CL,20,2031,ACTIVE,2021-01-08,2022-03-08,29100.0,17.22,46,1,2276.51
902174,701353,AL,9,2006,ACTIVE,2025-11-08,2028-12-08,1303100.0,11.71,10,1,41721.32
902175,701353,PL,14,2050,CLOSED,2020-07-25,2021-09-25,835000.0,18.54,0,0,0.0
902176,701354,PL,19,2116,CLOSED,2023-01-15,2024-08-15,1444100.0,18.29,0,0,0.0
902177,701354,LAP,19,2116,CLOSED,2023-05-20,2030-03-20,4711300.0,12.43,0,0,0.0
902178,701355,PL,13,2007,ACTIVE,2018-09-20,2019-10-20,166000.0,16.77,33,2,27527.68
902179,701356,PL,7,2087,CLOSED,2025-05-13,2026-09-13,727200.0,14.2,0,0,0.0
902180,701357,CL,3,2097,CLOSED,2019-08-15,2020-05-15,262000.0,17.41,0,0,0.0
902181,701358,AL,4,2025,CLOSED,2025-09-30,2027-03-30,2035700.0,10.89,0,0,0.0
902182,701359,GL,18,2077,CLOSED,2025-02-28,2025-12-28,332200.0,10.23,0,0,0.0
902183,701359,TWL,15,2073,CLOSED,2024-12-27,2025-12-27,198000.0,14.7,0,0,0.0
902184,701360,GL,21,2088,CLOSED,2019-10-05,2020-09-05,39900.0,10.14,0,0,0.0
902185,701361,CL,16,2024,CLOSED,2022-04-23,2023-03-23,107500.0,13.02,0,0,0.0
902186,701362,PL,6,2044,ACTIVE,2021-01-08,2022-05-08,703700.0,15.74,42,1,48409.46
902187,701363,MFI,15,2074,CLOSED,2025-06-03,2026-05-03,80500.0,18.89,0,0,0.0
902188,701363,TWL,7,2087,ACTIVE,2025-06-01,2026-11-01,40200.0,10.76,227,7,17294.71
902189,701363,GL,18,2077,CLOSED,2024-05-09,2024-11-09,61300.0,7.86,0,0,0.0
902190,701364,BL,17,2060,ACTIVE,2022-05-28,2025-11-28,387600.0,15.66,294,9,101667.01
902191,701365,CL,6,2044,CLOSED,2018-12-31,2019-09-30,413100.0,16.0,0,0,0.0
902192,701365,BL,2,2118,CLOSED,2020-05-08,2023-12-08,2996800.0,17.98,0,0,0.0
902193,701366,LAP,5,2102,CLOSED,2021-01-25,2024-12-25,7331600.0,12.86,0,0,0.0
902194,701366,AL,5,2102,CLOSED,2021-04-18,2024-04-18,2202700.0,12.01,0,0,0.0
902195,701367,GL,17,2028,ACTIVE,2019-02-03,2019-12-03,923700.0,10.36,23,2,191146.28
902196,701367,HL,15,2073,ACTIVE,2020-06-10,2023-07-10,2923200.0,10.99,11,2,184469.15
902197,701367,PL,16,2078,ACTIVE,2024-06-04,2025-09-04,58200.0,19.52,48,1,4333.42
902198,701368,HL,3,2052,CLOSED,2025-08-15,2031-03-15,6198100.0,8.43,0,0,0.0
902199,701369,PL,3,2117,CLOSED,2022-07-08,2024-07-08,961400.0,17.01,0,0,0.0
902200,701370,EL,2,2062,CLOSED,2022-09-26,2025-12-26,1750000.0,10.94,0,0,0.0
902201,701371,PL,17,2055,CLOSED,2025-03-30,2026-03-30,581000.0,14.87,0,0,0.0
902202,701372,AL,14,2119,CLOSED,2025-04-04,2028-04-04,2324200.0,10.96,0,0,0.0
902203,701373,GL,2,2062,CLOSED,2025-04-26,2026-01-26,98200.0,9.68,0,0,0.0
902204,701374,BL,12,2017,ACTIVE,2019-11-03,2022-12-03,3888900.0,17.32,198,6,778572.68
902205,701374,GL,3,2021,CLOSED,2024-12-07,2025-11-07,695200.0,9.02,0,0,0.0
902206,701375,AL,9,2046,CLOSED,2018-09-04,2019-11-04,949200.0,10.85,0,0,0.0
902207,701376,GL,21,2036,CLOSED,2025-09-19,2026-05-19,1970100.0,9.03,0,0,0.0
902208,701377,PL,11,2039,CLOSED,2020-08-10,2022-08-10,1180700.0,19.07,0,0,0.0
902209,701378,PL,16,2027,CLOSED,2023-12-21,2025-10-21,1314700.0,14.72,0,0,0.0
902210,701379,MFI,11,2030,CLOSED,2021-08-26,2022-05-26,12000.0,21.23,0,0,0.0
902211,701380,PL,2,2062,ACTIVE,2020-11-16,2022-07-16,462000.0,16.83,41,1,26282.98
902212,701380,TWL,3,2067,CLOSED,2019-12-13,2021-08-13,297600.0,13.39,0,0,0.0
902213,701381,PL,18,2077,ACTIVE,2023-11-16,2025-09-16,289700.0,14.78,34,2,29676.92
902214,701381,CL,13,2007,CLOSED,2024-02-06,2025-03-06,103400.0,14.42,0,0,0.0
902215,701382,AL,12,2017,ACTIVE,2020-09-07,2024-04-07,2971300.0,11.82,63,2,167714.65
902216,701383,TWL,7,2079,CLOSED,2023-06-09,2024-07-09,135800.0,12.94,0,0,0.0
902217,701384,GL,15,2012,ACTIVE,2025-05-29,2025-12-29,549300.0,8.0,66,2,159558.46
902218,701384,PL,19,2111,ACTIVE,2024-11-30,2026-08-30,486300.0,13.96,11,2,51567.65
902219,701385,AL,13,2094,ACTIVE,2019-02-09,2022-05-09,1502700.0,11.11,222,7,310944.93
902220,701386,GL,4,2085,ACTIVE,2023-05-21,2024-01-21,1227500.0,8.97,42,1,157466.53
902221,701386,TWL,1,2049,CLOSED,2023-11-25,2025-05-25,154800.0,13.12,0,0,0.0
902222,701386,AL,4,2115,ACTIVE,2020-03-21,2023-10-21,2091900.0,10.95,7,2,116472.39
902223,701387,CL,24,2016,CLOSED,2024-03-21,2025-06-21,71400.0,16.42,0,0,0.0
902224,701388,LAP,13,2107,CLOSED,2025-03-19,2031-07-19,5185700.0,10.08,0,0,0.0
902225,701388,MFI,17,2051,CLOSED,2018-01-07,2018-10-07,55200.0,19.41,0,0,0.0
902226,701389,MFI,20,2031,ACTIVE,2022-07-22,2023-05-22,34900.0,23.13,5,4,14764.06
902227,701389,EL,19,2081,CLOSED,2025-12-07,2030-11-07,2071100.0,11.23,0,0,0.0
902228,701390,PL,17,2058,ACTIVE,2024-05-14,2026-02-14,488300.0,15.5,53,1,26356.88
902229,701390,PL,18,2077,CLOSED,2023-12-08,2025-05-08,50500.0,15.43,0,0,0.0
902230,701391,TWL,18,2120,ACTIVE,2019-02-16,2020-12-16,288700.0,14.23,41,1,14810.41
902231,701392,TWL,1,2032,ACTIVE,2023-05-08,2024-08-08,31000.0,12.55,156,5,10875.29
902232,701393,CL,17,2060,ACTIVE,2022-10-17,2024-01-17,52500.0,13.87,227,7,25627.68
902233,701394,TWL,6,2042,ACTIVE,2018-11-29,2020-05-29,72700.0,15.21,16,1,4485.71
902234,701395,EL,17,2060,ACTIVE,2025-08-06,2029-11-06,2876700.0,9.97,76,2,137144.75
902235,701395,GL,15,2012,CLOSED,2024-03-15,2025-03-15,1162100.0,9.21,0,0,0.0
902236,701396,CL,20,2031,CLOSED,2024-03-04,2025-02-04,24100.0,17.11,0,0,0.0
902237,701397,PL,22,2022,CLOSED,2023-10-13,2025-05-13,1029200.0,18.76,0,0,0.0
902238,701397,PL,13,2094,CLOSED,2025-09-08,2027-07-08,333300.0,19.03,0,0,0.0
902239,701398,GL,16,2078,CLOSED,2019-12-05,2020-12-05,214000.0,7.8,0,0,0.0
902240,701399,PL,1,2004,CLOSED,2025-09-17,2027-09-17,55000.0,17.14,0,0,0.0
902241,701400,MFI,21,2036,CLOSED,2018-04-21,2018-12-21,47800.0,23.07,0,0,0.0
902242,701401,GL,6,2044,CLOSED,2022-09-30,2023-04-30,382700.0,9.35,0,0,0.0
902243,701401,EL,15,2074,CLOSED,2024-02-03,2027-05-03,1955700.0,10.44,0,0,0.0
902244,701402,TWL,18,2040,CLOSED,2023-09-10,2025-08-10,284400.0,11.49,0,0,0.0
902245,701403,PL,15,2073,CLOSED,2019-03-30,2020-10-30,395900.0,12.74,0,0,0.0
902246,701403,LAP,18,2040,CLOSED,2023-11-23,2030-03-23,14685500.0,10.01,0,0,0.0
902247,701404,GL,21,2036,ACTIVE,2025-02-07,2025-11-07,1336500.0,7.86,42,1,152407.44
902248,701405,GL,25,2068,ACTIVE,2020-10-19,2021-05-19,1767800.0,9.33,39,1,258448.33
902249,701406,GL,24,2047,ACTIVE,2024-07-31,2025-07-31,791600.0,9.03,24,1,68720.48
902250,701406,GL,24,2016,ACTIVE,2019-06-11,2020-03-11,1469600.0,8.99,181,6,990660.21
902251,701406,HL,14,2119,ACTIVE,2019-11-03,2023-07-03,6084800.0,9.59,244,8,1270470.28
902252,701407,CL,15,2073,CLOSED,2024-04-08,2025-06-08,384800.0,12.83,0,0,0.0
902253,701408,AL,3,2021,ACTIVE,2024-06-08,2026-04-08,446200.0,11.61,22,3,66551.34
902254,701409,GL,20,2056,ACTIVE,2021-06-08,2022-06-08,1967600.0,9.35,45,1,171056.23
902255,701409,BL,6,2053,ACTIVE,2023-10-23,2026-12-23,281600.0,17.43,23,1,9556.38
902256,701410,BL,7,2010,CLOSED,2025-06-08,2027-10-08,4471600.0,18.29,0,0,0.0
902257,701410,LAP,5,2035,ACTIVE,2024-08-16,2027-02-16,1470400.0,11.97,315,10,539504.99
902258,701411,LAP,9,2006,CLOSED,2023-12-02,2029-10-02,13662300.0,12.35,0,0,0.0
902259,701412,GL,24,2063,CLOSED,2023-10-01,2024-09-01,1122800.0,9.86,0,0,0.0
902260,701413,CL,4,2090,ACTIVE,2023-07-12,2024-05-12,191500.0,13.78,6,1,20148.82
902261,701413,TWL,2,2104,CLOSED,2021-11-21,2023-06-21,85800.0,11.33,0,0,0.0
902262,701414,GL,8,2076,CLOSED,2018-11-01,2019-11-01,1512700.0,8.28,0,0,0.0
902263,701414,PL,23,2023,CLOSED,2019-07-31,2021-04-30,1003100.0,14.94,0,0,0.0
902264,701414,PL,8,2114,ACTIVE,2024-08-16,2026-04-16,1244600.0,14.75,335,11,721963.0
902265,701414,LAP,9,2001,ACTIVE,2020-05-24,2026-04-24,8145200.0,10.9,46,1,154759.75
902266,701415,HL,23,2041,CLOSED,2024-12-12,2031-04-12,1194800.0,9.36,0,0,0.0
902267,701416,GL,20,2065,CLOSED,2018-11-24,2019-11-24,1222500.0,8.51,0,0,0.0
902268,701417,TWL,4,2091,CLOSED,2025-07-01,2026-10-01,243500.0,11.99,0,0,0.0
902269,701417,MFI,2,2108,CLOSED,2022-03-10,2023-03-10,18100.0,19.65,0,0,0.0
902270,701418,GL,5,2035,ACTIVE,2024-07-07,2025-03-07,488800.0,7.76,24,1,62487.3
902271,701418,MFI,6,2092,ACTIVE,2024-01-10,2024-10-10,7200.0,19.23,68,2,1690.18
902272,701419,GL,17,2060,ACTIVE,2024-04-21,2025-04-21,284700.0,8.99,365,12,284700.0
902273,701420,CL,15,2074,CLOSED,2020-10-27,2021-09-27,387300.0,15.45,0,0,0.0
902274,701421,HL,6,2053,ACTIVE,2024-12-16,2028-04-16,1635900.0,10.29,5,2,95736.83
902275,701422,GL,23,2023,CLOSED,2021-03-25,2021-11-25,1565100.0,8.18,0,0,0.0
902276,701423,EL,23,2069,CLOSED,2022-11-08,2027-02-08,239000.0,11.24,0,0,0.0
902277,701423,EL,23,2005,CLOSED,2020-09-22,2025-01-22,726600.0,11.11,0,0,0.0
902278,701423,AL,9,2006,CLOSED,2018-09-06,2020-02-06,104200.0,12.03,0,0,0.0
902279,701424,CL,16,2078,CLOSED,2024-07-08,2025-02-08,56700.0,15.7,0,0,0.0
902280,701425,GL,14,2050,CLOSED,2025-09-20,2026-05-20,590200.0,10.32,0,0,0.0
902281,701425,GL,14,2050,CLOSED,2022-10-03,2023-06-03,288800.0,10.07,0,0,0.0
902282,701426,TWL,6,2053,CLOSED,2018-10-03,2019-10-03,69500.0,13.64,0,0,0.0
902283,701427,PL,9,2046,CLOSED,2023-10-30,2025-03-30,61100.0,16.06,0,0,0.0
902284,701428,LAP,15,2015,ACTIVE,2023-03-25,2030-02-25,7467600.0,10.66,334,11,1331170.49
902285,701429,TWL,10,2071,ACTIVE,2024-12-09,2026-09-09,178900.0,11.51,17,1,9356.71
902286,701430,MFI,24,2047,ACTIVE,2023-03-16,2024-03-16,95200.0,22.05,40,1,8751.66
902287,701431,CL,22,2026,CLOSED,2021-07-30,2022-02-28,11400.0,16.11,0,0,0.0
902288,701431,AL,22,2093,CLOSED,2022-04-05,2025-06-05,277900.0,11.82,0,0,0.0
902289,701432,AL,6,2044,CLOSED,2025-06-18,2029-05-18,1214300.0,11.38,0,0,0.0
902290,701433,LAP,12,2017,CLOSED,2024-07-13,2030-09-13,9087600.0,12.75,0,0,0.0
902291,701434,LAP,1,2020,CLOSED,2018-01-23,2021-09-23,5586900.0,11.69,0,0,0.0
902292,701435,CL,17,2060,CLOSED,2024-07-02,2025-02-02,151000.0,14.23,0,0,0.0
902293,701435,PL,18,2103,ACTIVE,2024-11-30,2026-01-30,406700.0,14.98,306,10,297614.88
902294,701436,GL,17,2055,ACTIVE,2025-01-14,2025-09-14,1179500.0,8.95,33,1,151300.32
902295,701437,TWL,23,2005,ACTIVE,2024-09-11,2026-02-11,76800.0,15.21,41,1,4987.08
902296,701438,AL,18,2077,CLOSED,2024-05-18,2026-05-18,864400.0,12.0,0,0,0.0
902297,701438,AL,14,2043,CLOSED,2025-04-21,2029-04-21,756500.0,11.92,0,0,0.0
902298,701439,TWL,11,2075,ACTIVE,2025-07-26,2027-01-26,286500.0,11.23,18,4,67880.69
902299,701440,CL,8,2076,ACTIVE,2022-07-18,2023-07-18,222700.0,16.19,30,1,19956.54
902300,701440,HL,8,2070,CLOSED,2023-09-23,2029-12-23,9091200.0,10.21,0,0,0.0
902301,701441,LAP,1,2032,CLOSED,2023-07-23,2029-10-23,1406700.0,10.82,0,0,0.0
902302,701441,HL,2,2108,CLOSED,2024-12-22,2029-10-22,5102300.0,8.99,0,0,0.0
902303,701442,MFI,18,2098,ACTIVE,2023-07-03,2024-07-03,8900.0,20.48,365,12,8900.0
902304,701443,PL,2,2118,CLOSED,2021-06-06,2022-08-06,674700.0,16.49,0,0,0.0
902305,701444,LAP,25,2068,ACTIVE,2020-10-22,2024-01-22,548000.0,12.13,270,9,146165.7
902306,701444,CL,4,2025,ACTIVE,2020-02-03,2020-09-03,71800.0,16.13,42,1,10672.54
902307,701444,GL,11,2039,ACTIVE,2022-03-21,2022-10-21,514700.0,9.93,14,1,75358.83
902308,701445,PL,25,2068,CLOSED,2019-04-25,2020-09-25,1190100.0,15.59,0,0,0.0
902309,701446,AL,14,2119,ACTIVE,2025-06-05,2029-04-05,2077800.0,11.74,365,12,634643.99
902310,701447,PL,24,2089,CLOSED,2019-09-19,2020-09-19,273100.0,16.61,0,0,0.0
902311,701447,AL,16,2027,CLOSED,2020-01-15,2023-01-15,2627300.0,11.34,0,0,0.0
902312,701448,LAP,18,2040,CLOSED,2023-08-18,2029-12-18,2968100.0,11.28,0,0,0.0
902313,701449,EL,24,2016,ACTIVE,2020-09-09,2022-11-09,196000.0,10.67,84,2,16729.95
902314,701450,AL,18,2098,CLOSED,2025-10-11,2027-10-11,158500.0,11.27,0,0,0.0
902315,701451,MFI,19,2002,CLOSED,2022-04-01,2023-04-01,20600.0,21.47,0,0,0.0
902316,701452,HL,24,2063,CLOSED,2023-09-08,2027-02-08,6836900.0,10.33,0,0,0.0
902317,701453,MFI,11,2048,CLOSED,2025-06-12,2026-06-12,80300.0,21.5,0,0,0.0
902318,701453,PL,11,2039,ACTIVE,2023-12-03,2025-01-03,670700.0,16.36,33,2,111022.87
902319,701453,EL,11,2064,CLOSED,2025-09-26,2029-06-26,826300.0,9.96,0,0,0.0
902320,701453,PL,9,2057,ACTIVE,2023-11-05,2025-04-05,906000.0,16.36,310,10,558001.83
902321,701454,TWL,5,2102,CLOSED,2025-05-11,2027-01-11,35300.0,14.1,0,0,0.0
902322,701455,PL,10,2045,ACTIVE,2021-02-06,2022-12-06,52300.0,19.49,211,7,18690.19
902323,701456,PL,9,2057,CLOSED,2023-05-26,2024-11-26,1392700.0,16.71,0,0,0.0
902324,701456,CL,10,2101,CLOSED,2022-10-31,2023-10-31,459300.0,15.54,0,0,0.0
902325,701457,PL,19,2109,CLOSED,2023-11-01,2024-12-01,1049100.0,16.6,0,0,0.0
902326,701457,AL,20,2065,ACTIVE,2024-03-23,2025-07-23,1527000.0,10.96,30,1,102082.62
902327,701457,PL,20,2056,ACTIVE,2023-07-29,2025-03-29,976900.0,16.83,95,3,164430.9
902328,701458,EL,22,2022,ACTIVE,2019-04-20,2022-05-20,1103600.0,10.11,10,2,68812.26
902329,701459,EL,6,2092,CLOSED,2023-05-08,2027-03-08,234000.0,11.74,0,0,0.0
902330,701460,BL,15,2015,CLOSED,2020-03-12,2025-02-12,1112800.0,16.3,0,0,0.0
902331,701460,MFI,15,2015,CLOSED,2019-06-03,2019-12-03,19500.0,19.98,0,0,0.0
902332,701461,EL,13,2107,CLOSED,2023-08-09,2028-03-09,2579900.0,9.3,0,0,0.0
902333,701461,GL,13,2029,CLOSED,2020-06-06,2021-02-06,72000.0,8.18,0,0,0.0
902334,701462,GL,11,2039,ACTIVE,2020-06-17,2021-03-17,1499100.0,8.2,163,5,844162.93
902335,701463,GL,21,2113,ACTIVE,2025-05-21,2026-04-21,763800.0,8.41,201,6,423882.87
902336,701463,GL,21,2008,CLOSED,2022-01-20,2022-12-20,878600.0,8.68,0,0,0.0
902337,701464,MFI,18,2098,ACTIVE,2019-11-08,2020-09-08,29600.0,22.66,33,2,6371.06
902338,701464,MFI,19,2081,CLOSED,2019-04-10,2019-10-10,65100.0,22.85,0,0,0.0
902339,701465,PL,8,2076,ACTIVE,2021-03-10,2023-01-10,828900.0,15.89,43,2,85652.07
902340,701466,CL,7,2079,CLOSED,2025-09-09,2026-06-09,126300.0,16.32,0,0,0.0
902341,701467,PL,19,2109,CLOSED,2024-12-24,2026-06-24,1015100.0,11.31,0,0,0.0
902342,701468,CL,10,2095,CLOSED,2019-12-14,2021-05-14,384000.0,15.66,0,0,0.0
902343,701468,TWL,10,2071,ACTIVE,2018-02-07,2019-08-07,254700.0,13.77,18,1,15563.76
902344,701469,BL,18,2040,CLOSED,2021-08-15,2024-02-15,154400.0,16.1,0,0,0.0
902345,701469,AL,16,2037,CLOSED,2024-04-29,2026-01-29,1048700.0,10.23,0,0,0.0
902346,701470,MFI,9,2001,ACTIVE,2022-05-16,2023-03-16,52900.0,23.08,51,1,5754.89
902347,701470,PL,21,2113,ACTIVE,2023-07-18,2024-10-18,640500.0,19.49,44,1,47682.08
902348,701470,GL,13,2107,CLOSED,2024-05-06,2025-01-06,23100.0,9.89,0,0,0.0
902349,701471,BL,25,2011,CLOSED,2025-09-27,2027-07-27,2095700.0,18.76,0,0,0.0
902350,701472,GL,14,2100,CLOSED,2019-05-21,2020-03-21,52600.0,9.11,0,0,0.0
902351,701473,PL,3,2097,ACTIVE,2023-01-30,2024-09-30,839200.0,14.7,127,4,184573.0
902352,701473,AL,3,2021,CLOSED,2023-06-21,2026-06-21,309800.0,10.52,0,0,0.0
902353,701474,PL,1,2020,CLOSED,2025-07-26,2026-09-26,441200.0,14.73,0,0,0.0
902354,701474,PL,12,2072,ACTIVE,2025-10-25,2027-01-25,308500.0,15.08,341,11,231798.42
902355,701474,EL,12,2033,ACTIVE,2025-11-08,2028-06-08,1516400.0,9.67,37,1,55032.42
902356,701475,PL,3,2097,ACTIVE,2021-12-28,2023-12-28,1434800.0,18.77,34,1,71054.64
902357,701475,GL,2,2062,ACTIVE,2024-03-03,2025-03-03,253400.0,10.23,53,1,22116.46
902358,701476,HL,21,2088,CLOSED,2025-04-11,2031-12-11,1814000.0,9.2,0,0,0.0
902359,701476,LAP,21,2066,ACTIVE,2025-05-18,2028-12-18,2538800.0,11.19,14,2,141890.62
902360,701476,EL,21,2036,CLOSED,2025-10-02,2028-05-02,1139900.0,9.55,0,0,0.0
902361,701477,MFI,2,2106,CLOSED,2024-12-27,2025-07-27,84600.0,23.34,0,0,0.0
902362,701478,PL,19,2111,CLOSED,2024-06-18,2025-07-18,342100.0,13.72,0,0,0.0
902363,701479,EL,17,2028,CLOSED,2023-10-11,2027-06-11,2361100.0,10.81,0,0,0.0
902364,701480,AL,10,2101,ACTIVE,2025-08-09,2027-10-09,492700.0,9.49,55,1,20874.42
902365,701480,PL,9,2006,CLOSED,2024-10-21,2025-11-21,835300.0,12.64,0,0,0.0
902366,701481,GL,10,2101,CLOSED,2020-08-23,2021-03-23,889200.0,7.22,0,0,0.0
902367,701481,MFI,10,2095,CLOSED,2022-01-15,2022-11-15,34000.0,18.71,0,0,0.0
902368,701482,BL,16,2078,CLOSED,2024-01-17,2028-05-17,4823600.0,15.93,0,0,0.0
902369,701483,PL,10,2095,CLOSED,2024-01-15,2025-07-15,222500.0,13.81,0,0,0.0
902370,701483,EL,25,2068,ACTIVE,2023-01-19,2027-10-19,610400.0,9.39,108,3,39328.12
902371,701484,CL,25,2011,CLOSED,2025-10-17,2026-06-17,57100.0,16.67,0,0,0.0
902372,701484,TWL,12,2086,ACTIVE,2025-11-16,2027-05-16,117700.0,14.94,43,1,7249.11
902373,701485,TWL,17,2060,CLOSED,2024-09-02,2026-09-02,37400.0,14.67,0,0,0.0
902374,701485,AL,18,2040,ACTIVE,2023-06-23,2024-06-23,310200.0,11.94,41,1,27280.74
902375,701486,TWL,5,2102,CLOSED,2023-02-19,2025-02-19,104200.0,10.26,0,0,0.0
902376,701487,LAP,4,2085,ACTIVE,2022-03-10,2025-06-10,10142600.0,12.69,27,1,315389.83
902377,701488,CL,9,2057,ACTIVE,2020-09-28,2021-12-28,308800.0,14.61,47,1,22375.97
902378,701488,PL,5,2035,ACTIVE,2025-12-23,2027-05-23,373800.0,15.69,253,8,186200.5
902379,701488,CL,5,2014,CLOSED,2023-01-07,2024-07-07,31800.0,14.63,0,0,0.0
902380,701489,PL,21,2008,CLOSED,2025-12-03,2027-09-03,96000.0,14.14,0,0,0.0
902381,701489,AL,21,2113,ACTIVE,2025-09-20,2029-09-20,352300.0,10.41,52,1,8927.32
902382,701490,TWL,15,2015,CLOSED,2019-09-25,2021-03-25,193400.0,14.09,0,0,0.0
902383,701491,PL,1,2020,CLOSED,2019-09-25,2021-05-25,562000.0,16.42,0,0,0.0
902384,701491,TWL,7,2018,CLOSED,2024-06-25,2025-12-25,140000.0,13.36,0,0,0.0
902385,701492,BL,20,2056,CLOSED,2024-06-03,2028-04-03,2428800.0,18.49,0,0,0.0
902386,701492,GL,18,2103,ACTIVE,2019-07-07,2020-04-07,42000.0,10.06,54,1,4824.01
902387,701493,EL,3,2021,CLOSED,2025-01-29,2028-08-29,603700.0,11.26,0,0,0.0
902388,701494,CL,1,2004,CLOSED,2024-05-31,2025-02-28,172000.0,15.64,0,0,0.0
902389,701494,LAP,6,2044,ACTIVE,2020-06-22,2022-11-22,2838700.0,11.81,30,2,222699.44
902390,701495,TWL,2,2118,ACTIVE,2021-12-20,2023-02-20,266300.0,13.29,7,2,40602.42
902391,701496,PL,3,2117,CLOSED,2018-03-17,2020-02-17,703100.0,15.4,0,0,0.0
902392,701496,GL,14,2119,CLOSED,2019-04-25,2019-11-25,424900.0,8.62,0,0,0.0
902393,701496,EL,24,2063,CLOSED,2023-07-01,2027-08-01,657600.0,9.85,0,0,0.0
902394,701497,GL,23,2041,CLOSED,2024-01-01,2024-08-01,643400.0,7.95,0,0,0.0
902395,701498,MFI,21,2088,ACTIVE,2023-06-22,2024-03-22,66200.0,20.3,30,1,7858.68
902396,701498,CL,22,2026,CLOSED,2023-12-13,2024-11-13,411900.0,14.41,0,0,0.0
902397,701498,PL,21,2036,ACTIVE,2023-10-02,2025-03-02,1069300.0,14.9,342,11,717230.07
902398,701499,EL,4,2090,CLOSED,2023-03-14,2026-04-14,176000.0,9.95,0,0,0.0
902399,701500,LAP,8,2034,ACTIVE,2022-12-31,2029-04-30,1508800.0,11.21,225,7,187633.94
902400,701501,LAP,18,2040,ACTIVE,2021-01-02,2025-09-02,3437200.0,9.24,31,1,75213.14
902401,701502,MFI,13,2094,ACTIVE,2021-04-15,2022-01-15,21000.0,21.61,16,1,2503.35
902402,701503,PL,11,2048,CLOSED,2020-01-31,2021-02-28,440700.0,13.74,0,0,0.0
902403,701503,GL,20,2080,CLOSED,2024-07-08,2025-01-08,122600.0,7.81,0,0,0.0
902404,701504,BL,16,2037,ACTIVE,2024-05-26,2026-06-26,2073200.0,19.5,37,1,99948.87
902405,701504,EL,1,2004,CLOSED,2023-12-12,2026-05-12,1388800.0,11.57,0,0,0.0
902406,701505,TWL,24,2089,CLOSED,2023-02-14,2024-08-14,208800.0,14.18,0,0,0.0
902407,701505,LAP,24,2016,CLOSED,2024-08-05,2028-04-05,5284800.0,12.33,0,0,0.0
902408,701505,MFI,24,2016,ACTIVE,2024-03-29,2024-10-29,7400.0,21.99,103,3,3286.92
902409,701506,CL,6,2042,ACTIVE,2019-11-16,2020-06-16,309300.0,14.36,210,7,309300.0
902410,701507,HL,25,2011,ACTIVE,2022-03-09,2027-04-09,1362200.0,9.52,41,1,28033.03
902411,701507,PL,25,2068,CLOSED,2025-06-07,2027-06-07,156600.0,16.11,0,0,0.0
902412,701508,GL,3,2021,CLOSED,2025-12-25,2026-06-25,59700.0,7.0,0,0,0.0
902413,701509,BL,24,2063,CLOSED,2025-06-16,2027-12-16,1179200.0,14.0,0,0,0.0
902414,701510,CL,9,2001,CLOSED,2024-08-18,2025-07-18,19500.0,16.76,0,0,0.0
902415,701511,CL,25,2011,ACTIVE,2019-04-06,2019-10-06,115400.0,16.15,15,1,19881.82
902416,701512,CL,16,2078,CLOSED,2025-09-03,2026-04-03,27600.0,17.01,0,0,0.0
902417,701512,PL,25,2013,CLOSED,2019-12-17,2020-12-17,252500.0,18.93,0,0,0.0
902418,701512,TWL,12,2096,ACTIVE,2025-06-19,2027-06-19,245300.0,14.53,85,2,23254.93
902419,701512,CL,12,2096,CLOSED,2021-02-08,2021-10-08,10300.0,16.56,0,0,0.0
902420,701513,LAP,17,2051,ACTIVE,2025-03-23,2027-08-23,10881300.0,11.18,31,1,425951.94
902421,701513,GL,7,2079,CLOSED,2023-08-15,2024-08-15,1546500.0,8.87,0,0,0.0
902422,701513,MFI,7,2079,CLOSED,2021-12-15,2022-12-15,5200.0,21.28,0,0,0.0
902423,701513,GL,15,2015,ACTIVE,2023-08-26,2024-04-26,612500.0,8.87,253,8,612500.0
902424,701514,MFI,24,2089,CLOSED,2025-11-23,2026-10-23,27100.0,19.01,0,0,0.0
902425,701515,PL,21,2036,ACTIVE,2024-03-02,2026-02-02,902300.0,19.05,54,1,46397.92
902426,701515,AL,6,2042,ACTIVE,2022-05-05,2025-03-05,157100.0,12.2,38,1,5433.08
902427,701515,PL,11,2039,CLOSED,2022-09-07,2024-06-07,1328600.0,18.72,0,0,0.0
902428,701515,TWL,6,2092,ACTIVE,2024-12-24,2026-01-24,65300.0,15.04,40,2,10747.02
902429,701515,HL,5,2035,ACTIVE,2024-09-29,2031-02-28,9859400.0,10.7,37,1,175970.7
902430,701516,PL,10,2101,CLOSED,2019-10-11,2021-01-11,793100.0,13.62,0,0,0.0
902431,701516,BL,10,2095,CLOSED,2023-01-06,2027-08-06,2492100.0,15.61,0,0,0.0
902432,701517,GL,23,2069,CLOSED,2020-11-24,2021-09-24,395200.0,8.66,0,0,0.0
902433,701518,BL,19,2081,CLOSED,2025-02-09,2026-10-09,3172400.0,18.71,0,0,0.0
902434,701519,AL,3,2052,CLOSED,2024-01-30,2027-06-30,480300.0,11.57,0,0,0.0
902435,701520,PL,23,2041,ACTIVE,2022-09-23,2024-09-23,96500.0,21.71,35,1,4903.72
902436,701521,AL,11,2048,ACTIVE,2025-04-25,2028-06-25,303500.0,12.15,167,5,46873.98
902437,701521,EL,9,2057,CLOSED,2018-03-22,2020-03-22,259300.0,11.25,0,0,0.0
902438,701522,AL,24,2047,ACTIVE,2022-03-10,2024-06-10,2774100.0,10.29,311,10,1102677.83
902439,701523,PL,3,2021,CLOSED,2024-12-02,2026-10-02,839200.0,14.06,0,0,0.0
902440,701524,GL,10,2045,CLOSED,2024-04-13,2025-03-13,788400.0,9.8,0,0,0.0
902441,701524,LAP,18,2103,CLOSED,2019-12-17,2022-01-17,11793800.0,12.74,0,0,0.0
902442,701524,GL,2,2104,ACTIVE,2020-11-17,2021-09-17,526300.0,10.13,50,1,54643.1
902443,701524,PL,2,2106,CLOSED,2025-01-25,2026-04-25,1496100.0,18.94,0,0,0.0
902444,701525,PL,14,2050,CLOSED,2020-01-17,2021-11-17,1254300.0,15.57,0,0,0.0
902445,701526,EL,7,2079,CLOSED,2018-09-12,2021-06-12,2160200.0,8.46,0,0,0.0
902446,701526,TWL,21,2113,CLOSED,2019-10-21,2021-05-21,55700.0,11.24,0,0,0.0
902447,701526,GL,7,2112,ACTIVE,2021-11-30,2022-07-30,19000.0,7.52,113,3,7236.5
902448,701527,EL,25,2061,ACTIVE,2024-12-18,2029-08-18,177200.0,9.89,340,11,41514.89
902449,701527,AL,17,2055,CLOSED,2024-05-06,2025-05-06,2706000.0,10.76,0,0,0.0
902450,701527,LAP,25,2011,CLOSED,2024-12-01,2028-07-01,3659100.0,10.98,0,0,0.0
902451,701528,CL,22,2019,ACTIVE,2024-11-11,2025-11-11,55100.0,15.56,300,10,46497.91
902452,701529,MFI,21,2008,CLOSED,2021-09-06,2022-07-06,30000.0,20.39,0,0,0.0
902453,701530,CL,19,2111,CLOSED,2023-07-03,2024-07-03,80500.0,14.56,0,0,0.0
902454,701531,MFI,1,2049,ACTIVE,2018-07-05,2019-02-05,9900.0,21.07,13,1,1489.2
902455,701532,AL,16,2078,ACTIVE,2022-01-26,2025-04-26,2075300.0,11.37,1,1,63297.81
902456,701532,TWL,5,2014,ACTIVE,2022-09-26,2023-09-26,143600.0,13.64,16,2,25305.96
902457,701533,TWL,12,2096,ACTIVE,2025-03-15,2026-06-15,100600.0,13.4,285,9,62358.58
902458,701534,LAP,15,2073,CLOSED,2025-08-01,2031-08-01,5675200.0,11.06,0,0,0.0
902459,701535,CL,19,2116,CLOSED,2021-03-16,2022-07-16,400700.0,15.61,0,0,0.0
902460,701535,PL,19,2081,CLOSED,2024-09-13,2026-02-13,192200.0,17.04,0,0,0.0
902461,701536,PL,9,2057,CLOSED,2025-04-09,2026-09-09,1160800.0,13.34,0,0,0.0
902462,701537,PL,19,2002,ACTIVE,2025-09-10,2026-09-10,1134600.0,13.88,42,1,100644.29
902463,701538,PL,9,2001,CLOSED,2019-11-26,2020-12-26,1120400.0,13.72,0,0,0.0
902464,701538,CL,10,2071,CLOSED,2022-06-02,2023-03-02,29700.0,13.8,0,0,0.0
902465,701539,TWL,7,2010,ACTIVE,2025-08-24,2026-09-24,188600.0,10.44,309,10,146942.59
902466,701539,MFI,24,2063,ACTIVE,2023-08-09,2024-06-09,26000.0,18.56,42,1,2783.22
902467,701540,GL,15,2015,ACTIVE,2018-01-01,2018-07-01,1342300.0,7.4,60,2,452945.87
902468,701541,GL,7,2087,CLOSED,2024-02-05,2025-01-05,996700.0,7.59,0,0,0.0
902469,701542,GL,12,2086,ACTIVE,2022-09-24,2023-09-24,614900.0,8.74,32,1,53311.52
902470,701543,CL,3,2117,CLOSED,2025-11-23,2026-07-23,450600.0,15.01,0,0,0.0
902471,701543,MFI,5,2099,ACTIVE,2025-10-02,2026-09-02,30600.0,21.03,38,1,3029.7
902472,701544,TWL,24,2063,ACTIVE,2025-12-07,2027-07-07,54300.0,10.0,71,2,6127.26
902473,701544,EL,24,2016,ACTIVE,2025-09-01,2028-10-01,249700.0,8.3,365,12,88057.15
902474,701545,MFI,17,2058,CLOSED,2025-07-09,2026-07-09,94500.0,21.82,0,0,0.0
902475,701546,CL,17,2060,ACTIVE,2025-01-07,2025-11-07,495700.0,15.62,25,2,104333.74
902476,701546,PL,13,2029,CLOSED,2025-10-10,2027-07-10,331300.0,17.54,0,0,0.0
902477,701546,EL,24,2063,ACTIVE,2023-08-05,2025-10-05,886900.0,10.26,9,2,75408.35
902478,701547,LAP,9,2001,ACTIVE,2019-01-10,2026-01-10,11636800.0,12.35,32,1,205490.94
902479,701547,GL,10,2071,CLOSED,2019-02-22,2019-12-22,224100.0,9.64,0,0,0.0
902480,701548,EL,10,2071,CLOSED,2023-07-06,2025-10-06,1438900.0,9.96,0,0,0.0
902481,701549,CL,4,2115,CLOSED,2022-03-29,2023-03-29,281100.0,14.5,0,0,0.0
902482,701549,BL,4,2090,ACTIVE,2024-07-18,2027-10-18,3391600.0,16.51,39,1,111421.92
902483,701550,GL,20,2031,ACTIVE,2025-03-11,2025-11-11,199400.0,7.88,30,1,25499.71
902484,701551,GL,24,2063,ACTIVE,2020-01-24,2020-11-24,1157400.0,8.86,27,2,238340.87
902485,701552,AL,13,2007,ACTIVE,2018-06-12,2022-02-12,104000.0,12.17,42,1,2912.33
902486,701553,TWL,25,2013,ACTIVE,2024-10-05,2026-10-05,80200.0,15.23,275,9,32950.46
902487,701553,GL,12,2033,ACTIVE,2019-04-08,2019-11-08,70200.0,10.28,26,1,10287.02
902488,701553,GL,9,2046,CLOSED,2022-12-20,2023-12-20,644200.0,10.5,0,0,0.0
902489,701554,AL,14,2050,CLOSED,2022-02-07,2023-12-07,899500.0,10.46,0,0,0.0
902490,701555,CL,13,2107,ACTIVE,2018-12-14,2019-12-14,497800.0,13.83,18,2,87791.84
902491,701555,GL,25,2013,ACTIVE,2018-07-05,2019-06-05,560600.0,8.1,274,9,461733.94
902492,701555,AL,24,2089,ACTIVE,2020-07-22,2024-02-22,243700.0,9.93,61,2,13351.24
902493,701556,CL,12,2072,CLOSED,2022-04-12,2023-10-12,157300.0,15.1,0,0,0.0
902494,701556,AL,12,2017,CLOSED,2022-08-05,2026-05-05,2597300.0,10.63,0,0,0.0
902495,701556,AL,20,2080,ACTIVE,2025-01-09,2027-04-09,1740300.0,11.18,46,1,72524.51
902496,701557,LAP,10,2101,ACTIVE,2018-09-30,2022-11-30,1478300.0,11.54,365,12,421745.28
902497,701557,EL,23,2041,CLOSED,2022-12-15,2025-12-15,1295300.0,10.0,0,0,0.0
902498,701558,BL,1,2004,ACTIVE,2019-05-03,2023-09-03,4348300.0,16.51,54,1,116024.45
902499,701558,GL,4,2025,CLOSED,2018-12-30,2019-10-30,1781000.0,8.64,0,0,0.0
902500,701559,TWL,4,2085,CLOSED,2021-07-10,2023-03-10,122400.0,11.05,0,0,0.0
902501,701559,EL,2,2059,ACTIVE,2021-07-31,2024-08-31,52000.0,8.87,49,1,1599.67
902502,701560,EL,22,2093,CLOSED,2022-01-09,2024-07-09,1104700.0,10.13,0,0,0.0
902503,701561,PL,3,2084,ACTIVE,2025-01-11,2026-03-11,343000.0,18.82,23,1,27054.59
902504,701562,HL,2,2118,ACTIVE,2025-08-10,2029-12-10,2568400.0,9.83,81,2,120231.95
902505,701563,GL,3,2083,ACTIVE,2025-09-12,2026-09-12,918300.0,9.24,43,1,79794.51
902506,701563,HL,2,2059,ACTIVE,2020-01-07,2026-05-07,2994100.0,9.36,30,1,51963.76
902507,701563,TWL,3,2084,CLOSED,2021-06-08,2022-06-08,215600.0,13.44,0,0,0.0
902508,701564,PL,9,2001,CLOSED,2021-09-19,2023-08-19,308600.0,19.98,0,0,0.0
902509,701565,CL,3,2097,CLOSED,2020-06-23,2021-11-23,451900.0,14.02,0,0,0.0
902510,701565,TWL,3,2117,CLOSED,2018-05-29,2020-01-29,248100.0,12.17,0,0,0.0
902511,701566,MFI,5,2102,ACTIVE,2024-07-15,2025-06-15,19100.0,22.1,38,1,1899.09
902512,701567,GL,7,2079,CLOSED,2025-04-07,2025-12-07,618100.0,8.64,0,0,0.0
902513,701568,BL,6,2044,CLOSED,2024-09-06,2028-07-06,4182200.0,16.81,0,0,0.0
902514,701569,EL,3,2097,CLOSED,2024-03-18,2027-08-18,2774000.0,10.17,0,0,0.0
902515,701569,CL,5,2099,ACTIVE,2025-07-15,2026-06-15,39600.0,15.68,7,2,7626.88
902516,701569,EL,6,2042,CLOSED,2023-04-19,2026-05-19,1582000.0,10.43,0,0,0.0
902517,701570,PL,23,2005,CLOSED,2025-11-18,2027-05-18,1365800.0,12.84,0,0,0.0
902518,701571,PL,25,2061,ACTIVE,2019-05-13,2021-02-13,218800.0,17.18,45,1,11966.19
902519,701572,EL,23,2005,ACTIVE,2024-10-09,2029-03-09,699900.0,10.54,164,5,80729.82
902520,701573,GL,21,2008,CLOSED,2022-05-31,2023-03-31,1789100.0,8.96,0,0,0.0
902521,701574,MFI,14,2100,CLOSED,2019-04-25,2020-03-25,50400.0,20.03,0,0,0.0
902522,701575,MFI,9,2006,ACTIVE,2024-04-18,2025-01-18,91300.0,21.19,33,1,10869.08
902523,701575,CL,13,2029,CLOSED,2023-12-01,2024-12-01,246400.0,14.98,0,0,0.0
902524,701576,PL,12,2096,ACTIVE,2022-11-08,2024-04-08,342500.0,18.28,235,7,151756.4
902525,701577,PL,23,2005,ACTIVE,2025-09-29,2026-09-29,905000.0,14.45,11,1,80479.97
902526,701577,PL,23,2069,CLOSED,2025-02-27,2026-05-27,52100.0,14.55,0,0,0.0
902527,701578,TWL,12,2017,CLOSED,2021-06-07,2023-03-07,221900.0,12.06,0,0,0.0
902528,701579,AL,18,2098,CLOSED,2022-10-11,2026-03-11,2955400.0,9.12,0,0,0.0
902529,701579,GL,16,2037,ACTIVE,2023-06-08,2024-04-08,1783200.0,7.21,43,1,183165.16
902530,701580,CL,23,2023,CLOSED,2025-05-02,2025-11-02,136100.0,15.53,0,0,0.0
902531,701581,EL,11,2075,CLOSED,2023-09-26,2026-03-26,695500.0,9.78,0,0,0.0
902532,701581,PL,11,2048,CLOSED,2020-10-03,2022-07-03,270800.0,15.26,0,0,0.0
902533,701582,PL,6,2042,ACTIVE,2020-05-11,2022-04-11,172400.0,17.45,153,5,42492.21
902534,701582,BL,8,2070,CLOSED,2025-04-19,2029-04-19,2512500.0,17.85,0,0,0.0
902535,701583,AL,13,2029,CLOSED,2021-07-06,2025-03-06,2642200.0,12.23,0,0,0.0
902536,701583,BL,23,2023,ACTIVE,2019-04-06,2020-12-06,1630500.0,19.16,281,9,797853.85
902537,701584,MFI,12,2033,ACTIVE,2018-12-01,2019-11-01,80500.0,21.21,40,1,7975.95
902538,701585,AL,21,2008,ACTIVE,2024-03-14,2026-02-14,484900.0,10.14,342,11,243624.36
902539,701586,EL,23,2023,CLOSED,2022-05-15,2026-03-15,2247600.0,11.0,0,0,0.0
902540,701587,PL,12,2096,CLOSED,2021-03-06,2022-04-06,179500.0,18.05,0,0,0.0
902541,701588,BL,19,2002,CLOSED,2020-09-17,2023-04-17,3012000.0,17.88,0,0,0.0
902542,701588,CL,19,2109,CLOSED,2021-05-30,2022-10-30,210900.0,15.92,0,0,0.0
902543,701589,PL,18,2098,ACTIVE,2020-09-29,2022-02-28,1140700.0,18.27,4,1,75514.74
902544,701590,PL,16,2024,ACTIVE,2021-10-07,2022-10-07,53800.0,13.33,32,3,14125.82
902545,701591,EL,2,2118,CLOSED,2025-11-17,2029-02-17,92400.0,10.34,0,0,0.0
902546,701591,TWL,5,2014,ACTIVE,2025-08-16,2026-11-16,209000.0,14.08,45,1,15099.62
902547,701592,TWL,19,2111,CLOSED,2023-11-16,2025-10-16,231600.0,12.26,0,0,0.0
902548,701593,EL,4,2091,ACTIVE,2024-05-01,2029-05-01,221300.0,10.52,45,1,4717.44
902549,701594,AL,3,2067,CLOSED,2023-04-17,2026-09-17,241800.0,11.0,0,0,0.0
902550,701594,PL,1,2032,ACTIVE,2018-02-25,2019-05-25,423400.0,15.81,45,1,30885.64
902551,701595,PL,5,2014,CLOSED,2021-10-03,2022-11-03,353700.0,19.06,0,0,0.0
902552,701595,CL,7,2010,CLOSED,2024-05-01,2025-10-01,132800.0,16.89,0,0,0.0
902553,701596,TWL,13,2094,CLOSED,2019-04-07,2020-08-07,159100.0,14.09,0,0,0.0
902554,701597,PL,23,2069,CLOSED,2024-10-04,2025-12-04,146300.0,20.58,0,0,0.0
902555,701597,PL,23,2069,CLOSED,2025-05-03,2026-07-03,1491400.0,20.92,0,0,0.0
902556,701598,MFI,2,2104,CLOSED,2022-12-30,2023-07-30,48600.0,20.89,0,0,0.0
902557,701598,GL,2,2105,CLOSED,2023-09-01,2024-07-01,755200.0,8.97,0,0,0.0
902558,701599,PL,14,2009,CLOSED,2022-07-12,2023-09-12,1451100.0,14.6,0,0,0.0
902559,701599,CL,1,2020,ACTIVE,2024-08-22,2025-03-22,267000.0,14.14,106,3,117114.37
902560,701600,PL,21,2008,CLOSED,2025-08-17,2027-06-17,338900.0,20.3,0,0,0.0
902561,701600,PL,21,2088,CLOSED,2021-08-12,2022-11-12,590800.0,20.48,0,0,0.0
902562,701601,GL,4,2091,ACTIVE,2024-11-15,2025-07-15,57500.0,9.16,113,3,21973.43
902563,701601,PL,1,2049,CLOSED,2025-11-25,2027-06-25,149300.0,16.29,0,0,0.0
902564,701602,GL,1,2020,CLOSED,2019-06-30,2020-02-29,626900.0,9.33,0,0,0.0
902565,701602,AL,23,2069,ACTIVE,2019-06-13,2022-01-13,222200.0,11.05,60,2,16318.5
902566,701602,CL,2,2106,CLOSED,2025-03-29,2025-11-29,276400.0,15.38,0,0,0.0
902567,701603,PL,12,2017,CLOSED,2021-07-01,2022-11-01,399200.0,18.17,0,0,0.0
902568,701604,MFI,7,2018,ACTIVE,2022-02-01,2022-12-01,34800.0,21.68,276,9,31593.64
902569,701605,CL,8,2034,CLOSED,2024-06-04,2025-01-04,383300.0,17.46,0,0,0.0
902570,701606,CL,6,2092,CLOSED,2021-10-14,2022-07-14,31400.0,14.64,0,0,0.0
902571,701606,PL,5,2099,ACTIVE,2019-01-26,2020-08-26,1204000.0,15.74,40,1,71072.62
902572,701606,CL,6,2092,CLOSED,2019-04-22,2020-08-22,153100.0,14.57,0,0,0.0
902573,701607,GL,9,2001,CLOSED,2019-06-23,2020-01-23,1937200.0,8.1,0,0,0.0
902574,701607,PL,10,2095,CLOSED,2024-12-15,2026-12-15,114500.0,13.45,0,0,0.0
902575,701608,GL,21,2008,CLOSED,2019-02-19,2019-08-19,481400.0,9.9,0,0,0.0
902576,701609,GL,23,2005,CLOSED,2025-06-29,2026-02-28,560700.0,8.9,0,0,0.0
902577,701610,BL,5,2014,CLOSED,2025-06-24,2029-05-24,1281000.0,15.22,0,0,0.0
902578,701610,TWL,5,2102,ACTIVE,2025-05-24,2026-06-24,165800.0,11.33,291,9,116924.5
902579,701610,PL,6,2092,CLOSED,2022-03-30,2023-04-30,1000200.0,12.91,0,0,0.0
902580,701611,BL,18,2120,ACTIVE,2024-12-29,2026-08-29,346200.0,16.97,245,8,150238.33
902581,701611,LAP,16,2037,ACTIVE,2018-08-01,2021-06-01,8704000.0,11.14,32,1,296942.93
902582,701612,MFI,4,2085,ACTIVE,2024-07-21,2025-02-21,12200.0,21.64,219,7,12200.0
902583,701613,GL,18,2120,CLOSED,2023-03-29,2024-03-29,13400.0,9.51,0,0,0.0
902584,701613,AL,16,2078,CLOSED,2024-11-18,2026-10-18,2476900.0,11.93,0,0,0.0
902585,701614,BL,20,2080,CLOSED,2025-09-25,2030-03-25,641000.0,17.03,0,0,0.0
902586,701615,CL,1,2049,CLOSED,2025-09-13,2026-12-13,64600.0,15.33,0,0,0.0
902587,701615,MFI,9,2001,ACTIVE,2024-12-06,2025-06-06,18300.0,21.29,14,1,3185.65
902588,701616,CL,3,2097,CLOSED,2024-12-03,2026-02-03,95200.0,14.35,0,0,0.0
902589,701616,GL,3,2097,CLOSED,2025-02-12,2025-12-12,1235800.0,8.17,0,0,0.0
902590,701617,PL,21,2008,CLOSED,2024-11-14,2026-09-14,1385400.0,19.25,0,0,0.0
902591,701618,GL,24,2047,ACTIVE,2025-03-14,2025-09-14,1489900.0,8.28,76,2,503478.78
902592,701619,TWL,5,2035,CLOSED,2025-03-18,2026-09-18,84200.0,13.56,0,0,0.0
902593,701619,PL,6,2092,ACTIVE,2019-06-20,2020-10-20,87800.0,16.87,36,2,12076.94
902594,701619,PL,5,2099,ACTIVE,2020-02-02,2022-01-02,156500.0,17.03,36,2,15710.57
902595,701620,MFI,23,2041,ACTIVE,2022-02-06,2023-01-06,97400.0,20.0,153,5,46472.66
902596,701620,PL,8,2070,CLOSED,2024-02-12,2025-02-12,69100.0,14.71,0,0,0.0
902597,701621,AL,18,2040,CLOSED,2024-12-29,2028-08-29,903900.0,11.69,0,0,0.0
902598,701622,CL,8,2070,ACTIVE,2025-08-13,2026-03-13,179400.0,16.48,105,3,78987.52
902599,701622,CL,17,2028,CLOSED,2023-10-21,2025-03-21,19200.0,16.89,0,0,0.0
902600,701623,PL,19,2081,CLOSED,2020-11-01,2022-04-01,975400.0,17.27,0,0,0.0
902601,701623,BL,20,2080,ACTIVE,2025-08-25,2030-03-25,4134500.0,18.08,311,10,1024282.03
902602,701624,EL,4,2025,CLOSED,2025-08-19,2029-09-19,338600.0,10.5,0,0,0.0
902603,701624,LAP,5,2035,CLOSED,2025-04-30,2031-11-30,12436400.0,12.17,0,0,0.0
902604,701625,GL,19,2111,CLOSED,2022-05-28,2023-02-28,249700.0,9.2,0,0,0.0
902605,701626,HL,10,2095,CLOSED,2025-08-26,2031-07-26,600600.0,8.93,0,0,0.0
902606,701627,PL,4,2115,CLOSED,2023-12-20,2025-04-20,1410000.0,13.91,0,0,0.0
902607,701627,GL,1,2004,CLOSED,2022-04-10,2022-12-10,15300.0,8.06,0,0,0.0
902608,701627,MFI,13,2029,ACTIVE,2022-09-09,2023-04-09,41600.0,19.89,24,1,6239.92
902609,701628,GL,12,2017,CLOSED,2019-04-22,2019-12-22,357400.0,8.58,0,0,0.0
902610,701628,AL,13,2107,CLOSED,2023-12-15,2027-06-15,1455900.0,10.59,0,0,0.0
902611,701629,CL,6,2044,CLOSED,2021-09-29,2022-11-29,108600.0,15.57,0,0,0.0
902612,701630,EL,25,2068,CLOSED,2019-10-24,2021-10-24,1103900.0,10.26,0,0,0.0
902613,701631,BL,17,2060,ACTIVE,2025-06-30,2027-01-30,3759000.0,16.2,81,2,442272.15
902614,701632,AL,17,2028,ACTIVE,2022-03-07,2026-03-07,2098700.0,9.81,12,1,52607.1
902615,701633,CL,1,2020,ACTIVE,2025-06-03,2026-03-03,121800.0,15.62,50,1,14243.9
902616,701633,PL,17,2060,ACTIVE,2020-08-12,2021-09-12,1226100.0,16.89,215,7,687807.26
902617,701634,MFI,20,2080,CLOSED,2025-05-02,2026-01-02,75100.0,21.07,0,0,0.0
902618,701634,MFI,4,2025,CLOSED,2019-08-23,2020-03-23,8500.0,21.31,0,0,0.0
902619,701635,GL,10,2101,CLOSED,2023-05-03,2024-05-03,66700.0,9.65,0,0,0.0
902620,701635,CL,11,2064,ACTIVE,2020-10-22,2021-05-22,61700.0,15.97,54,1,9167.7
902621,701636,HL,16,2037,CLOSED,2022-04-29,2028-10-29,8769000.0,9.67,0,0,0.0
902622,701637,GL,14,2050,CLOSED,2020-08-22,2021-06-22,38900.0,7.88,0,0,0.0
902623,701638,TWL,3,2052,ACTIVE,2020-01-03,2021-04-03,254300.0,16.65,304,10,175302.0
902624,701638,PL,17,2028,CLOSED,2019-04-04,2020-10-04,1242300.0,21.91,0,0,0.0
902625,701639,GL,8,2070,CLOSED,2024-07-24,2025-06-24,1697300.0,8.88,0,0,0.0
902626,701640,LAP,18,2098,CLOSED,2022-03-06,2027-01-06,4052900.0,11.61,0,0,0.0
902627,701640,PL,18,2103,CLOSED,2024-03-16,2026-03-16,931500.0,16.86,0,0,0.0
902628,701641,AL,9,2046,CLOSED,2023-10-08,2025-12-08,309000.0,12.65,0,0,0.0
902629,701641,AL,10,2045,ACTIVE,2022-05-02,2025-09-02,1146700.0,12.74,53,1,34962.58
902630,701641,GL,10,2045,CLOSED,2018-12-28,2019-09-28,1108800.0,10.82,0,0,0.0
902631,701641,PL,4,2090,CLOSED,2019-12-22,2021-06-22,770700.0,20.98,0,0,0.0
902632,701642,CL,25,2061,CLOSED,2023-09-17,2024-08-17,306600.0,14.46,0,0,0.0
902633,701643,LAP,18,2077,CLOSED,2020-02-11,2025-10-11,10349000.0,11.56,0,0,0.0
902634,701644,MFI,2,2108,ACTIVE,2025-08-16,2026-08-16,77300.0,20.41,26,1,7055.82
902635,701644,CL,3,2021,CLOSED,2022-04-24,2023-01-24,397000.0,14.83,0,0,0.0
902636,701645,LAP,25,2011,CLOSED,2019-05-27,2025-08-27,2997900.0,12.3,0,0,0.0
902637,701646,BL,22,2093,ACTIVE,2022-11-11,2024-11-11,4224100.0,14.27,18,1,200960.67
902638,701646,EL,18,2120,CLOSED,2025-12-28,2030-04-28,1930700.0,8.41,0,0,0.0
902639,701646,PL,9,2001,ACTIVE,2025-03-07,2026-03-07,322600.0,11.62,32,1,28330.96
902640,701647,HL,4,2115,ACTIVE,2025-06-03,2030-01-03,1117200.0,9.74,34,1,25060.49
902641,701647,PL,9,2046,ACTIVE,2025-05-01,2026-11-01,96800.0,16.0,187,6,34862.16
902642,701647,TWL,4,2091,CLOSED,2025-09-17,2026-11-17,198700.0,12.81,0,0,0.0
902643,701648,MFI,3,2084,CLOSED,2020-12-12,2021-11-12,69400.0,21.34,0,0,0.0
902644,701648,GL,3,2110,CLOSED,2023-01-16,2023-12-16,1620600.0,9.24,0,0,0.0
902645,701649,MFI,19,2081,ACTIVE,2021-06-22,2022-01-22,71700.0,19.15,233,7,71700.0
902646,701650,GL,24,2016,CLOSED,2024-12-08,2025-11-08,1568400.0,8.19,0,0,0.0
902647,701651,TWL,20,2080,ACTIVE,2020-09-17,2022-02-17,150400.0,11.94,334,11,100182.83
902648,701652,TWL,5,2035,CLOSED,2024-02-27,2025-12-27,57400.0,11.87,0,0,0.0
902649,701653,CL,2,2118,CLOSED,2024-12-11,2025-11-11,462500.0,17.56,0,0,0.0
902650,701654,EL,23,2069,CLOSED,2024-09-27,2029-01-27,2606100.0,8.66,0,0,0.0
902651,701655,AL,14,2050,ACTIVE,2024-02-23,2028-02-23,1975500.0,11.28,203,6,298077.98
902652,701655,PL,22,2022,CLOSED,2022-05-02,2024-04-02,203200.0,16.85,0,0,0.0
902653,701655,MFI,9,2057,ACTIVE,2023-03-31,2024-01-31,78000.0,21.51,31,1,8438.21
902654,701656,HL,25,2013,CLOSED,2023-12-28,2030-05-28,8182100.0,9.54,0,0,0.0
902655,701656,TWL,25,2013,CLOSED,2023-12-25,2025-01-25,257700.0,12.71,0,0,0.0
902656,701657,TWL,5,2099,CLOSED,2020-07-09,2022-04-09,168100.0,11.9,0,0,0.0
902657,701657,TWL,14,2119,CLOSED,2018-11-04,2020-08-04,207800.0,12.13,0,0,0.0
902658,701658,GL,17,2051,CLOSED,2024-03-11,2024-10-11,516700.0,9.62,0,0,0.0
902659,701659,MFI,11,2030,ACTIVE,2019-05-07,2020-01-07,42100.0,20.75,187,6,32109.97
902660,701659,BL,22,2022,CLOSED,2023-05-07,2024-12-07,2523700.0,16.51,0,0,0.0
902661,701660,GL,14,2100,CLOSED,2021-09-23,2022-06-23,1227600.0,8.36,0,0,0.0
902662,701660,GL,24,2016,CLOSED,2023-07-26,2024-05-26,210500.0,8.11,0,0,0.0
902663,701661,LAP,2,2106,CLOSED,2024-01-22,2031-01-22,4294900.0,11.24,0,0,0.0
902664,701661,BL,2,2062,ACTIVE,2024-03-28,2028-12-28,4995700.0,17.34,137,4,498791.41
902665,701662,LAP,3,2110,CLOSED,2023-07-14,2026-08-14,5922300.0,10.81,0,0,0.0
902666,701663,AL,24,2089,ACTIVE,2023-02-09,2024-05-09,1199300.0,12.27,21,1,85771.69
902667,701664,EL,20,2065,ACTIVE,2025-04-20,2029-05-20,669700.0,11.02,42,1,16878.85
902668,701665,CL,2,2105,CLOSED,2025-08-03,2026-11-03,18200.0,16.47,0,0,0.0
902669,701666,PL,13,2107,ACTIVE,2023-11-23,2025-06-23,64100.0,15.47,39,1,3776.62
902670,701667,AL,11,2030,CLOSED,2019-12-28,2022-06-28,2143800.0,9.0,0,0,0.0
902671,701668,GL,2,2059,ACTIVE,2024-04-06,2025-02-06,59300.0,8.48,40,2,12196.39
902672,701669,TWL,23,2005,ACTIVE,2023-11-30,2025-08-30,230700.0,13.54,24,1,12261.82
902673,701669,CL,23,2005,ACTIVE,2019-12-05,2021-04-05,291300.0,15.42,34,1,20001.24
902674,701669,AL,23,2041,CLOSED,2019-06-29,2021-03-29,2996600.0,10.85,0,0,0.0
902675,701669,GL,23,2023,CLOSED,2024-05-31,2025-04-30,203700.0,9.27,0,0,0.0
902676,701670,AL,20,2031,CLOSED,2024-10-05,2026-07-05,2104400.0,10.91,0,0,0.0
902677,701671,GL,21,2088,ACTIVE,2025-06-07,2026-05-07,901200.0,8.34,69,2,169002.26
902678,701671,TWL,7,2018,CLOSED,2025-04-28,2026-04-28,280300.0,12.04,0,0,0.0
902679,701671,EL,22,2093,ACTIVE,2025-08-09,2028-12-09,2066500.0,9.39,51,1,59900.28
902680,701672,MFI,5,2003,CLOSED,2024-03-31,2024-10-31,27600.0,20.15,0,0,0.0
902681,701673,GL,11,2064,CLOSED,2025-06-12,2026-05-12,1006800.0,9.94,0,0,0.0
902682,701674,EL,22,2026,CLOSED,2024-03-27,2029-03-27,2671200.0,8.92,0,0,0.0
902683,701674,HL,21,2088,ACTIVE,2021-05-19,2024-10-19,9622400.0,8.63,365,12,3114436.61
902684,701674,PL,22,2019,CLOSED,2021-11-26,2023-08-26,625600.0,13.61,0,0,0.0
902685,701675,CL,10,2095,ACTIVE,2022-01-24,2022-12-24,243400.0,14.95,68,2,46755.27
902686,701675,EL,10,2045,CLOSED,2022-03-05,2024-07-05,2596500.0,10.17,0,0,0.0
902687,701675,TWL,1,2004,CLOSED,2024-08-02,2026-08-02,296600.0,13.33,0,0,0.0
902688,701676,LAP,11,2039,CLOSED,2025-02-21,2027-03-21,4401100.0,10.33,0,0,0.0
902689,701676,CL,2,2059,CLOSED,2021-06-01,2022-07-01,48400.0,14.23,0,0,0.0
902690,701677,PL,25,2011,ACTIVE,2019-12-14,2020-12-14,1479700.0,19.87,99,3,397695.26
902691,701677,BL,24,2089,ACTIVE,2025-07-09,2030-05-09,2131800.0,19.43,17,2,111196.77
902692,701678,PL,25,2013,CLOSED,2020-09-24,2022-07-24,52200.0,19.3,0,0,0.0
902693,701678,GL,12,2017,CLOSED,2021-11-14,2022-10-14,1583800.0,10.17,0,0,0.0
902694,701679,PL,14,2119,CLOSED,2024-08-21,2025-08-21,347000.0,14.88,0,0,0.0
902695,701679,BL,14,2009,CLOSED,2021-05-09,2024-04-09,3061700.0,16.48,0,0,0.0
902696,701679,CL,14,2119,ACTIVE,2022-05-10,2023-05-10,103900.0,14.42,70,2,18367.13
902697,701679,GL,14,2043,ACTIVE,2024-05-30,2025-04-30,88200.0,8.25,91,3,24717.48
902698,701680,CL,21,2036,ACTIVE,2019-05-14,2020-07-14,166000.0,17.45,1,2,25816.98
902699,701681,GL,7,2010,CLOSED,2022-03-14,2022-12-14,66700.0,8.74,0,0,0.0
902700,701682,EL,15,2073,CLOSED,2024-11-06,2029-01-06,1437100.0,9.86,0,0,0.0
902701,701683,AL,19,2111,CLOSED,2022-01-11,2023-07-11,2660100.0,10.75,0,0,0.0
902702,701684,AL,17,2055,ACTIVE,2021-02-22,2022-03-22,1656000.0,11.86,48,1,135036.2
902703,701684,TWL,8,2114,CLOSED,2020-03-16,2021-04-16,238000.0,14.62,0,0,0.0
902704,701684,BL,1,2049,CLOSED,2019-08-10,2023-10-10,4978300.0,19.05,0,0,0.0
902705,701685,BL,21,2036,ACTIVE,2023-03-20,2026-08-20,485300.0,16.48,44,1,15348.28
902706,701685,GL,1,2004,ACTIVE,2021-06-06,2021-12-06,896400.0,8.75,200,6,896400.0
902707,701686,AL,20,2031,ACTIVE,2023-04-21,2026-02-21,1671500.0,10.92,273,9,493687.98
902708,701687,BL,20,2031,ACTIVE,2018-04-20,2021-06-20,4400200.0,16.79,67,2,293980.6
902709,701688,EL,11,2048,ACTIVE,2024-06-21,2028-07-21,969200.0,10.23,152,5,118358.72
902710,701688,LAP,11,2064,CLOSED,2020-06-26,2026-04-26,2007000.0,11.86,0,0,0.0
902711,701689,PL,7,2010,CLOSED,2025-01-09,2026-03-09,70700.0,15.91,0,0,0.0
902712,701690,PL,9,2057,ACTIVE,2020-11-16,2022-08-16,868700.0,11.17,30,1,45311.23
902713,701691,TWL,16,2037,ACTIVE,2022-05-09,2023-07-09,37800.0,11.92,43,1,2876.88
902714,701692,MFI,10,2071,ACTIVE,2020-10-27,2021-05-27,58800.0,20.59,111,3,26059.63
902715,701692,GL,3,2097,ACTIVE,2024-12-24,2025-10-24,1778300.0,8.14,46,1,183288.51
902716,701693,BL,18,2098,CLOSED,2023-02-12,2025-11-12,1495500.0,16.64,0,0,0.0
902717,701694,GL,13,2054,ACTIVE,2019-05-06,2020-03-06,1736700.0,9.54,98,3,535524.41
902718,701694,AL,12,2086,CLOSED,2019-06-05,2022-12-05,270700.0,11.39,0,0,0.0
902719,701694,MFI,12,2017,ACTIVE,2020-01-10,2020-12-10,55900.0,21.91,217,7,36847.39
902720,701695,EL,11,2039,CLOSED,2019-11-29,2022-08-29,369100.0,9.76,0,0,0.0
902721,701695,LAP,11,2064,CLOSED,2023-04-03,2029-11-03,1472500.0,11.38,0,0,0.0
902722,701696,EL,19,2116,CLOSED,2024-02-04,2028-01-04,1530700.0,10.13,0,0,0.0
902723,701696,GL,19,2111,CLOSED,2023-12-14,2024-08-14,281900.0,9.11,0,0,0.0
902724,701697,CL,24,2047,ACTIVE,2025-09-06,2026-08-06,51800.0,13.88,40,1,4984.51
902725,701698,GL,5,2035,CLOSED,2023-01-24,2023-10-24,169900.0,9.62,0,0,0.0
902726,701699,PL,23,2023,ACTIVE,2020-06-09,2022-02-09,269800.0,20.8,14,2,31339.88
902727,701700,PL,13,2054,CLOSED,2024-04-30,2025-05-30,448300.0,16.92,0,0,0.0
902728,701700,GL,20,2080,ACTIVE,2024-11-21,2025-11-21,1226700.0,9.4,138,4,421726.58
902729,701701,BL,22,2019,CLOSED,2025-09-17,2027-01-17,4806500.0,15.91,0,0,0.0
902730,701702,GL,6,2042,ACTIVE,2024-07-20,2025-05-20,1250100.0,7.0,306,10,1250100.0
902731,701703,HL,5,2003,CLOSED,2024-10-18,2028-08-18,4744400.0,10.7,0,0,0.0
902732,701704,PL,12,2072,CLOSED,2025-05-26,2026-10-26,549000.0,13.72,0,0,0.0
902733,701704,PL,13,2107,CLOSED,2022-05-12,2023-12-12,737700.0,13.92,0,0,0.0
902734,701705,PL,8,2076,ACTIVE,2023-01-16,2024-11-16,957700.0,18.01,35,1,50675.71
902735,701706,CL,13,2094,CLOSED,2020-01-09,2020-11-09,456300.0,15.17,0,0,0.0
902736,701706,CL,13,2007,CLOSED,2018-12-01,2019-08-01,139300.0,15.24,0,0,0.0
902737,701707,PL,21,2088,CLOSED,2025-06-16,2026-07-16,937000.0,17.8,0,0,0.0
902738,701708,PL,22,2026,CLOSED,2025-11-15,2027-09-15,820300.0,16.61,0,0,0.0
902739,701708,PL,21,2088,CLOSED,2020-09-15,2022-03-15,57300.0,16.24,0,0,0.0
902740,701709,PL,4,2090,CLOSED,2020-12-22,2022-03-22,441000.0,17.65,0,0,0.0
902741,701709,GL,11,2048,CLOSED,2023-11-19,2024-05-19,1352800.0,9.57,0,0,0.0
902742,701709,LAP,11,2030,CLOSED,2022-03-25,2024-05-25,12181800.0,12.06,0,0,0.0
902743,701710,EL,10,2045,CLOSED,2024-06-01,2029-02-01,2410800.0,10.94,0,0,0.0
902744,701710,CL,11,2030,CLOSED,2019-07-25,2020-12-25,165200.0,17.03,0,0,0.0
902745,701711,AL,14,2009,CLOSED,2020-02-16,2022-12-16,1608100.0,10.79,0,0,0.0
902746,701712,AL,13,2094,CLOSED,2018-10-29,2020-10-29,1102500.0,10.96,0,0,0.0
902747,701713,BL,1,2049,ACTIVE,2025-04-21,2027-06-21,570200.0,17.26,107,3,77097.56
902748,701714,EL,2,2104,CLOSED,2018-05-13,2022-05-13,844800.0,9.75,0,0,0.0
902749,701715,LAP,10,2071,CLOSED,2025-10-10,2032-05-10,10371800.0,9.65,0,0,0.0
902750,701715,EL,9,2001,ACTIVE,2020-08-30,2024-01-30,2532600.0,8.39,48,1,70766.14
902751,701716,CL,18,2077,ACTIVE,2025-06-20,2026-07-20,480900.0,14.88,37,1,39788.96
902752,701716,TWL,16,2037,CLOSED,2023-03-09,2025-01-09,135300.0,12.98,0,0,0.0
902753,701717,PL,4,2025,ACTIVE,2025-02-04,2026-08-04,263600.0,16.61,42,1,16417.81
902754,701717,MFI,1,2032,CLOSED,2024-12-07,2025-12-07,57800.0,21.25,0,0,0.0
902755,701718,GL,14,2050,ACTIVE,2019-06-19,2020-06-19,211800.0,8.0,2,1,18302.14
902756,701719,HL,14,2082,CLOSED,2022-04-13,2027-10-13,8595000.0,10.56,0,0,0.0
902757,701719,MFI,14,2009,ACTIVE,2019-07-24,2020-04-24,24200.0,23.24,13,1,2899.76
902758,701719,CL,14,2050,CLOSED,2018-02-11,2019-08-11,139300.0,16.96,0,0,0.0
902759,701720,CL,15,2015,ACTIVE,2025-07-07,2026-05-07,286600.0,14.11,44,2,60031.06
902760,701720,BL,15,2074,CLOSED,2020-03-26,2021-04-26,1391200.0,16.42,0,0,0.0
902761,701721,AL,22,2019,ACTIVE,2021-06-15,2023-05-15,255400.0,11.76,42,1,12335.98
902762,701722,EL,12,2096,ACTIVE,2025-05-07,2029-12-07,1086400.0,10.6,16,1,24804.32
902763,701722,AL,18,2077,CLOSED,2024-12-09,2028-10-09,1583400.0,11.38,0,0,0.0
902764,701722,CL,13,2007,ACTIVE,2024-10-22,2026-02-22,228900.0,16.05,32,1,15775.68
902765,701723,MFI,3,2110,ACTIVE,2024-04-30,2025-03-30,39100.0,21.16,37,1,3873.27
902766,701724,MFI,17,2028,CLOSED,2018-02-19,2019-01-19,5100.0,18.82,0,0,0.0
902767,701725,CL,10,2101,CLOSED,2022-02-05,2023-05-05,233600.0,15.77,0,0,0.0
902768,701726,PL,12,2033,CLOSED,2022-10-13,2024-03-13,249800.0,13.97,0,0,0.0
902769,701726,CL,12,2033,CLOSED,2022-07-04,2023-11-04,434600.0,13.91,0,0,0.0
902770,701727,EL,6,2053,CLOSED,2024-08-17,2027-04-17,2200800.0,9.37,0,0,0.0
902771,701727,GL,6,2092,CLOSED,2025-03-20,2025-11-20,363000.0,8.61,0,0,0.0
902772,701728,PL,9,2057,CLOSED,2024-06-18,2025-06-18,81400.0,18.9,0,0,0.0
902773,701729,TWL,1,2020,ACTIVE,2023-07-29,2024-07-29,201600.0,11.63,335,11,185676.8
902774,701730,EL,3,2021,ACTIVE,2024-12-22,2028-05-22,529300.0,10.38,43,1,15257.21
902775,701730,BL,21,2008,CLOSED,2025-09-27,2027-02-27,3712500.0,18.34,0,0,0.0
902776,701731,GL,10,2045,CLOSED,2025-01-17,2026-01-17,720900.0,10.18,0,0,0.0
902777,701732,CL,20,2080,CLOSED,2025-12-08,2027-02-08,402000.0,15.79,0,0,0.0
902778,701732,PL,20,2065,ACTIVE,2025-03-23,2027-01-23,949000.0,17.55,347,11,512310.85
902779,701733,BL,1,2020,CLOSED,2025-07-27,2030-05-27,4599800.0,18.14,0,0,0.0
902780,701733,GL,14,2009,CLOSED,2025-07-09,2026-06-09,871000.0,9.74,0,0,0.0
902781,701733,CL,19,2116,CLOSED,2025-12-06,2027-06-06,62200.0,16.09,0,0,0.0
902782,701734,LAP,1,2032,CLOSED,2025-03-05,2031-01-05,953100.0,10.81,0,0,0.0
902783,701734,CL,2,2105,CLOSED,2020-08-18,2021-04-18,314800.0,14.04,0,0,0.0
902784,701735,PL,12,2072,CLOSED,2020-08-06,2022-06-06,830700.0,17.44,0,0,0.0
902785,701736,PL,6,2053,CLOSED,2025-10-28,2027-09-28,66900.0,13.04,0,0,0.0
902786,701737,TWL,8,2076,CLOSED,2025-05-16,2027-03-16,204000.0,12.58,0,0,0.0
902787,701738,PL,17,2055,CLOSED,2022-09-16,2024-03-16,923500.0,17.59,0,0,0.0
902788,701739,PL,12,2033,CLOSED,2022-10-31,2024-03-31,1170200.0,17.58,0,0,0.0
902789,701740,PL,6,2042,ACTIVE,2025-08-04,2027-07-04,614000.0,18.94,309,10,294270.16
902790,701740,PL,5,2099,ACTIVE,2025-11-19,2027-08-19,108900.0,18.55,48,1,6019.46
902791,701740,MFI,17,2028,ACTIVE,2025-11-10,2026-09-10,43200.0,22.76,33,1,4694.31
902792,701741,GL,24,2089,CLOSED,2025-02-10,2025-08-10,170300.0,8.51,0,0,0.0
902793,701742,GL,7,2087,CLOSED,2025-01-25,2025-09-25,1505300.0,9.7,0,0,0.0
902794,701743,PL,2,2104,ACTIVE,2018-11-01,2020-08-01,705200.0,20.12,96,3,116425.17
902795,701744,LAP,20,2080,ACTIVE,2025-03-22,2027-03-22,1283200.0,13.16,99,3,179358.22
902796,701744,CL,11,2048,CLOSED,2025-09-02,2027-03-02,11600.0,17.75,0,0,0.0
902797,701745,PL,19,2116,CLOSED,2022-04-11,2024-04-11,254500.0,17.69,0,0,0.0
902798,701746,PL,16,2037,CLOSED,2021-02-22,2022-11-22,1391900.0,14.91,0,0,0.0
902799,701747,GL,7,2112,CLOSED,2023-01-16,2023-09-16,1638100.0,8.83,0,0,0.0
902800,701747,PL,2,2106,ACTIVE,2025-10-30,2027-09-30,182900.0,15.47,130,4,35799.12
902801,701747,AL,7,2087,ACTIVE,2021-01-20,2022-07-20,2744100.0,10.76,198,6,964105.15
902802,701747,PL,7,2087,ACTIVE,2019-09-11,2020-11-11,422800.0,15.37,227,7,220810.48
902803,701748,MFI,12,2086,ACTIVE,2018-12-17,2019-09-17,65700.0,20.82,36,1,7812.25
902804,701748,PL,12,2033,ACTIVE,2023-11-09,2025-08-09,1006400.0,15.71,24,1,54411.74
902805,701748,PL,12,2033,CLOSED,2021-04-09,2023-04-09,186400.0,15.66,0,0,0.0
902806,701748,CL,13,2094,CLOSED,2025-05-11,2026-09-11,79300.0,15.15,0,0,0.0
902807,701748,TWL,8,2034,CLOSED,2021-08-09,2022-09-09,246400.0,12.89,0,0,0.0
902808,701748,LAP,17,2028,CLOSED,2019-04-15,2022-03-15,5129300.0,11.25,0,0,0.0
902809,701749,PL,10,2071,CLOSED,2025-04-13,2027-04-13,429100.0,16.28,0,0,0.0
902810,701750,AL,6,2044,CLOSED,2023-07-17,2026-05-17,1032400.0,12.43,0,0,0.0
902811,701750,EL,6,2092,CLOSED,2018-04-01,2021-10-01,391600.0,11.7,0,0,0.0
902812,701750,PL,5,2035,ACTIVE,2025-02-16,2026-11-16,647900.0,20.51,1,2,72105.9
902813,701751,GL,4,2091,CLOSED,2019-07-20,2020-05-20,1440500.0,9.25,0,0,0.0
902814,701752,CL,22,2019,ACTIVE,2019-10-26,2020-12-26,365600.0,17.47,68,2,56864.96
902815,701753,MFI,25,2068,CLOSED,2019-11-03,2020-10-03,99200.0,19.91,0,0,0.0
902816,701754,GL,22,2019,CLOSED,2024-08-29,2025-06-29,127600.0,8.98,0,0,0.0
902817,701754,AL,1,2049,ACTIVE,2025-03-20,2027-10-20,2914600.0,10.65,1,1,107009.48
902818,701755,PL,7,2087,CLOSED,2022-12-30,2024-07-30,428600.0,16.03,0,0,0.0
902819,701755,PL,3,2117,CLOSED,2020-07-21,2022-04-21,415200.0,16.44,0,0,0.0
902820,701756,AL,15,2012,ACTIVE,2022-12-26,2024-01-26,2439200.0,10.84,33,2,394069.61
902821,701757,BL,11,2030,CLOSED,2025-10-15,2028-08-15,4744300.0,16.89,0,0,0.0
902822,701757,MFI,11,2064,CLOSED,2025-01-18,2026-01-18,9000.0,20.82,0,0,0.0
902823,701758,MFI,22,2022,ACTIVE,2018-08-11,2019-06-11,73000.0,20.99,21,1,7882.67
902824,701759,MFI,18,2077,ACTIVE,2018-12-04,2019-08-04,8600.0,20.92,244,8,8600.0
902825,701759,CL,15,2073,ACTIVE,2023-08-04,2024-10-04,142600.0,14.46,80,2,21864.27
902826,701760,CL,3,2067,ACTIVE,2018-03-21,2019-09-21,496200.0,15.81,31,1,30739.82
902827,701761,TWL,18,2040,ACTIVE,2021-09-12,2022-09-12,268300.0,14.55,365,12,268300.0
902828,701761,MFI,17,2055,CLOSED,2018-08-19,2019-02-19,5100.0,22.73,0,0,0.0
902829,701762,LAP,24,2063,CLOSED,2020-10-19,2027-09-19,3397400.0,11.25,0,0,0.0
902830,701763,AL,2,2104,ACTIVE,2022-12-06,2025-04-06,772800.0,9.69,311,10,296172.31
902831,701763,PL,1,2020,CLOSED,2023-08-07,2025-01-07,753000.0,12.96,0,0,0.0
902832,701764,PL,6,2092,ACTIVE,2024-07-18,2025-07-18,954400.0,13.98,51,1,84697.12
902833,701765,BL,4,2025,CLOSED,2025-07-31,2030-04-30,2989200.0,17.55,0,0,0.0
902834,701765,CL,2,2118,ACTIVE,2025-06-03,2026-01-03,314700.0,15.17,44,1,46669.06
902835,701766,HL,6,2092,ACTIVE,2020-08-07,2024-04-07,2914700.0,9.44,17,1,78011.68
902836,701767,TWL,6,2053,ACTIVE,2023-12-03,2024-12-03,35200.0,13.84,338,11,32448.12
902837,701768,BL,14,2050,ACTIVE,2019-12-24,2024-02-24,1865400.0,16.83,11,1,51434.86
902838,701768,PL,10,2045,CLOSED,2023-11-22,2025-06-22,775300.0,15.0,0,0,0.0
902839,701769,MFI,7,2018,CLOSED,2018-03-20,2019-01-20,28600.0,21.7,0,0,0.0
902840,701770,CL,6,2044,CLOSED,2023-08-29,2024-10-29,41600.0,15.12,0,0,0.0
902841,701770,LAP,6,2053,CLOSED,2022-02-09,2025-07-09,617600.0,10.9,0,0,0.0
902842,701771,PL,10,2045,CLOSED,2025-02-09,2027-01-09,192300.0,12.02,0,0,0.0
902843,701771,CL,10,2071,CLOSED,2025-11-03,2027-03-03,29900.0,12.56,0,0,0.0
902844,701771,CL,9,2006,CLOSED,2019-03-24,2019-09-24,306400.0,12.43,0,0,0.0
902845,701771,MFI,10,2095,CLOSED,2018-09-06,2019-03-06,28100.0,18.3,0,0,0.0
902846,701772,TWL,20,2056,ACTIVE,2025-05-02,2026-12-02,221800.0,12.31,47,1,12776.78
902847,701772,TWL,19,2002,CLOSED,2022-12-19,2024-08-19,297800.0,12.11,0,0,0.0
902848,701773,PL,25,2013,ACTIVE,2020-08-05,2021-12-05,881200.0,12.81,49,1,59569.06
902849,701773,EL,25,2068,ACTIVE,2020-08-28,2023-02-28,975700.0,8.55,305,10,348577.55
902850,701774,AL,12,2072,CLOSED,2020-01-08,2022-07-08,126900.0,11.44,0,0,0.0
902851,701774,EL,12,2017,CLOSED,2022-08-23,2026-01-23,1360600.0,10.32,0,0,0.0
902852,701775,LAP,2,2118,CLOSED,2019-08-14,2023-07-14,14898200.0,11.85,0,0,0.0
902853,701775,PL,19,2116,ACTIVE,2023-09-26,2025-06-26,51000.0,17.15,233,7,18713.79
902854,701776,TWL,2,2062,ACTIVE,2021-09-29,2023-05-29,34600.0,13.4,365,12,21674.42
902855,701777,PL,5,2003,ACTIVE,2022-05-18,2024-02-18,318200.0,14.88,42,1,17092.03
902856,701778,PL,4,2115,CLOSED,2022-05-07,2023-10-07,349500.0,16.52,0,0,0.0
902857,701779,EL,11,2075,CLOSED,2024-08-09,2028-03-09,1708200.0,9.0,0,0,0.0
902858,701780,EL,13,2054,ACTIVE,2020-02-06,2022-04-06,243700.0,10.43,43,2,20754.06
902859,701781,PL,5,2003,ACTIVE,2025-09-23,2027-07-23,779800.0,13.29,333,11,413490.38
902860,701781,PL,5,2102,CLOSED,2025-10-04,2027-02-04,1293600.0,13.23,0,0,0.0
902861,701782,HL,5,2035,CLOSED,2020-06-21,2026-11-21,7783000.0,8.69,0,0,0.0
902862,701782,CL,1,2020,CLOSED,2022-12-03,2024-01-03,447300.0,13.88,0,0,0.0
902863,701783,PL,9,2057,ACTIVE,2024-12-24,2025-12-24,496800.0,18.59,317,10,420231.53
902864,701783,AL,23,2023,CLOSED,2025-08-08,2027-06-08,2908000.0,11.79,0,0,0.0
902865,701783,PL,19,2111,ACTIVE,2025-02-12,2026-05-12,322700.0,18.24,228,7,159693.69
902866,701784,PL,5,2099,CLOSED,2024-03-13,2025-10-13,1141900.0,14.69,0,0,0.0
902867,701785,AL,11,2075,CLOSED,2018-08-01,2020-03-01,478500.0,12.2,0,0,0.0
902868,701785,AL,2,2106,CLOSED,2022-12-01,2025-08-01,1439200.0,11.92,0,0,0.0
902869,701786,TWL,15,2015,CLOSED,2024-04-28,2026-03-28,86000.0,13.52,0,0,0.0
902870,701787,EL,25,2061,ACTIVE,2023-10-19,2026-11-19,521600.0,9.14,41,1,16107.48
902871,701787,AL,25,2013,ACTIVE,2021-04-03,2023-03-03,1143900.0,10.41,1,2,108735.13
902872,701788,BL,10,2045,CLOSED,2024-01-09,2026-02-09,360900.0,17.69,0,0,0.0
902873,701788,PL,10,2101,CLOSED,2022-05-13,2023-08-13,282400.0,16.93,0,0,0.0
902874,701789,MFI,17,2028,CLOSED,2019-12-27,2020-12-27,79700.0,20.6,0,0,0.0
902875,701789,AL,24,2063,ACTIVE,2019-05-07,2022-10-07,394200.0,10.95,51,1,11463.75
902876,701789,PL,4,2115,CLOSED,2019-10-29,2020-12-29,1272400.0,15.28,0,0,0.0
902877,701789,PL,24,2063,CLOSED,2025-03-17,2026-09-17,880500.0,15.6,0,0,0.0
902878,701790,TWL,4,2091,ACTIVE,2024-06-05,2025-11-05,135200.0,12.32,160,5,42229.47
902879,701790,CL,20,2056,CLOSED,2025-12-19,2026-09-19,180100.0,14.55,0,0,0.0
902880,701791,AL,12,2096,CLOSED,2018-11-02,2021-08-02,620300.0,13.07,0,0,0.0
902881,701792,BL,2,2062,CLOSED,2022-02-05,2025-09-05,2754100.0,19.53,0,0,0.0
902882,701793,GL,7,2087,ACTIVE,2021-02-10,2021-11-10,1137100.0,9.05,43,1,130174.67
902883,701793,PL,8,2038,ACTIVE,2022-12-14,2024-08-14,152600.0,15.57,255,8,65795.63
902884,701794,TWL,12,2017,CLOSED,2025-04-17,2026-09-17,52600.0,13.4,0,0,0.0
902885,701795,GL,3,2110,CLOSED,2018-07-31,2019-03-31,1008800.0,8.01,0,0,0.0
902886,701796,BL,17,2051,CLOSED,2022-04-21,2025-07-21,963900.0,18.53,0,0,0.0
902887,701797,MFI,17,2058,CLOSED,2025-08-01,2026-02-01,21600.0,20.94,0,0,0.0
902888,701797,CL,6,2044,ACTIVE,2025-06-06,2026-02-06,396200.0,15.07,263,8,396200.0
902889,701798,GL,1,2020,CLOSED,2025-12-18,2026-07-18,372300.0,9.63,0,0,0.0
902890,701798,BL,2,2118,CLOSED,2025-06-16,2029-06-16,2236500.0,18.9,0,0,0.0
902891,701799,EL,2,2108,ACTIVE,2018-07-14,2020-10-14,635500.0,9.76,10,2,51987.14
902892,701799,BL,3,2021,ACTIVE,2022-08-12,2024-04-12,1613600.0,16.46,44,1,91544.92
902893,701799,MFI,2,2108,CLOSED,2019-08-28,2020-06-28,7200.0,20.91,0,0,0.0
902894,701800,PL,5,2099,CLOSED,2021-11-22,2023-06-22,1223300.0,17.63,0,0,0.0
902895,701800,EL,17,2028,CLOSED,2025-02-19,2027-08-19,1304100.0,10.32,0,0,0.0
902896,701801,MFI,6,2053,CLOSED,2024-11-13,2025-06-13,35500.0,21.59,0,0,0.0
902897,701801,BL,25,2013,ACTIVE,2025-11-02,2030-06-02,4406600.0,17.26,15,1,114840.38
902898,701802,MFI,18,2098,CLOSED,2025-08-31,2026-08-31,63500.0,21.48,0,0,0.0
902899,701803,EL,25,2011,ACTIVE,2018-06-26,2023-06-26,1095200.0,9.43,29,2,45391.83
902900,701803,PL,25,2068,CLOSED,2019-05-22,2021-04-22,599900.0,15.54,0,0,0.0
902901,701803,PL,25,2013,CLOSED,2022-08-11,2023-08-11,402900.0,15.44,0,0,0.0
902902,701804,PL,13,2007,ACTIVE,2025-04-11,2026-11-11,211000.0,18.92,218,7,85115.79
902903,701805,GL,22,2019,CLOSED,2023-07-13,2024-02-13,430100.0,9.57,0,0,0.0
902904,701806,BL,13,2094,CLOSED,2019-06-20,2021-09-20,372900.0,19.89,0,0,0.0
902905,701806,AL,12,2096,CLOSED,2020-06-07,2023-01-07,586600.0,12.45,0,0,0.0
902906,701806,BL,12,2096,ACTIVE,2023-01-18,2024-05-18,1322000.0,19.75,13,2,184737.06
902907,701807,MFI,21,2008,ACTIVE,2025-06-16,2026-06-16,5300.0,22.53,306,10,4496.74
902908,701808,CL,5,2003,ACTIVE,2025-07-13,2026-08-13,312300.0,12.42,50,1,25535.09
902909,701809,TWL,21,2113,CLOSED,2023-07-27,2025-02-27,194000.0,14.25,0,0,0.0
902910,701810,PL,1,2004,ACTIVE,2018-12-31,2020-11-30,541100.0,17.8,19,2,54659.61
902911,701810,MFI,2,2059,CLOSED,2020-03-30,2020-12-30,67800.0,22.32,0,0,0.0
902912,701811,BL,17,2058,CLOSED,2020-03-10,2021-03-10,3256900.0,18.68,0,0,0.0
902913,701811,PL,17,2058,CLOSED,2022-07-19,2023-12-19,1349100.0,18.59,0,0,0.0
902914,701812,CL,5,2014,CLOSED,2020-03-19,2021-06-19,40000.0,15.73,0,0,0.0
902915,701813,LAP,9,2046,ACTIVE,2018-02-24,2024-06-24,3161600.0,11.46,284,9,503905.52
902916,701813,PL,7,2087,CLOSED,2022-11-17,2024-05-17,103400.0,17.0,0,0,0.0
902917,701813,PL,7,2010,CLOSED,2025-07-14,2027-02-14,262400.0,16.72,0,0,0.0
902918,701813,AL,7,2112,CLOSED,2025-01-08,2026-01-08,801600.0,11.14,0,0,0.0
902919,701814,HL,4,2091,ACTIVE,2024-03-17,2029-04-17,8879800.0,9.19,39,1,181368.3
902920,701814,BL,5,2035,CLOSED,2023-02-21,2026-11-21,4217300.0,16.54,0,0,0.0
902921,701815,TWL,18,2120,ACTIVE,2020-09-13,2022-06-13,64600.0,13.09,37,1,3421.32
902922,701816,GL,11,2048,CLOSED,2021-09-20,2022-05-20,178200.0,8.61,0,0,0.0
902923,701816,GL,11,2048,ACTIVE,2021-01-19,2022-01-19,28000.0,8.74,44,2,4837.62
902924,701817,PL,15,2074,CLOSED,2023-05-13,2024-05-13,103500.0,17.2,0,0,0.0
902925,701817,HL,15,2015,CLOSED,2022-08-10,2026-09-10,6407000.0,9.63,0,0,0.0
902926,701818,TWL,8,2114,CLOSED,2025-02-03,2026-03-03,208900.0,13.11,0,0,0.0
902927,701819,GL,16,2078,CLOSED,2022-12-12,2023-08-12,75600.0,8.19,0,0,0.0
902928,701820,PL,17,2060,CLOSED,2025-03-26,2026-08-26,1340000.0,15.78,0,0,0.0
902929,701821,LAP,25,2068,ACTIVE,2023-01-23,2026-04-23,4653000.0,10.92,11,1,140981.96
902930,701821,EL,25,2013,CLOSED,2021-09-12,2024-02-12,901500.0,9.77,0,0,0.0
902931,701822,BL,20,2080,ACTIVE,2024-12-08,2028-05-08,955100.0,19.38,211,7,210423.3
902932,701823,TWL,24,2047,ACTIVE,2023-04-09,2024-07-09,36400.0,12.29,33,1,2603.55
902933,701824,GL,17,2058,CLOSED,2024-09-16,2025-09-16,55800.0,8.56,0,0,0.0
902934,701824,TWL,24,2047,ACTIVE,2020-02-05,2021-11-05,34800.0,13.03,330,11,19210.08
902935,701825,MFI,1,2049,CLOSED,2022-01-09,2022-10-09,76700.0,19.49,0,0,0.0
902936,701825,LAP,4,2115,CLOSED,2023-07-24,2027-09-24,4959100.0,10.25,0,0,0.0
902937,701826,PL,19,2002,ACTIVE,2018-01-13,2019-01-13,719300.0,21.71,201,6,378976.89
902938,701827,GL,14,2050,CLOSED,2023-03-06,2024-02-06,97000.0,9.74,0,0,0.0
902939,701827,GL,14,2119,ACTIVE,2023-01-15,2024-01-15,302300.0,9.95,27,1,26351.45
902940,701828,PL,21,2036,ACTIVE,2018-02-27,2020-02-27,93500.0,16.18,75,2,8989.96
902941,701829,TWL,16,2027,CLOSED,2022-12-17,2024-06-17,147800.0,13.03,0,0,0.0
902942,701829,TWL,15,2015,CLOSED,2025-12-19,2026-12-19,131600.0,13.31,0,0,0.0
902943,701830,TWL,16,2037,ACTIVE,2025-05-05,2026-12-05,296500.0,13.0,242,8,132274.13
902944,701831,AL,22,2019,CLOSED,2022-05-16,2024-03-16,1340500.0,11.93,0,0,0.0
902945,701832,PL,5,2014,CLOSED,2018-02-03,2019-12-03,371800.0,17.57,0,0,0.0
902946,701833,MFI,12,2017,CLOSED,2025-10-23,2026-04-23,81900.0,20.68,0,0,0.0
902947,701833,AL,2,2105,CLOSED,2021-03-20,2023-01-20,1740900.0,10.69,0,0,0.0
902948,701833,PL,3,2097,CLOSED,2020-11-22,2021-12-22,989000.0,15.41,0,0,0.0
902949,701834,MFI,16,2078,ACTIVE,2022-04-27,2022-12-27,40500.0,20.19,31,2,10637.3
902950,701835,TWL,16,2037,CLOSED,2025-05-14,2026-12-14,133600.0,13.16,0,0,0.0
902951,701835,GL,4,2090,CLOSED,2019-05-18,2020-04-18,592100.0,8.88,0,0,0.0
902952,701835,GL,15,2012,CLOSED,2024-11-08,2025-11-08,1556500.0,8.72,0,0,0.0
902953,701836,PL,12,2017,ACTIVE,2024-04-09,2025-07-09,62400.0,16.8,34,1,4576.95
902954,701837,HL,4,2090,CLOSED,2025-06-18,2030-09-18,1819200.0,9.82,0,0,0.0
902955,701838,PL,3,2052,ACTIVE,2024-05-25,2025-12-25,210800.0,16.88,27,1,12544.26
902956,701839,TWL,17,2051,CLOSED,2025-08-11,2027-01-11,222700.0,12.74,0,0,0.0
902957,701840,PL,13,2007,ACTIVE,2022-07-31,2023-12-31,320800.0,17.68,17,2,42009.96
902958,701841,MFI,9,2001,ACTIVE,2022-11-11,2023-08-11,94100.0,23.53,20,2,22354.69
902959,701842,AL,23,2069,CLOSED,2025-06-30,2028-07-30,204400.0,10.16,0,0,0.0
902960,701843,MFI,14,2009,ACTIVE,2019-07-17,2020-05-17,66700.0,23.17,49,1,7258.48
902961,701844,AL,16,2078,ACTIVE,2019-03-17,2021-11-17,1195400.0,11.24,39,1,43004.54
902962,701845,PL,11,2039,ACTIVE,2025-10-22,2027-05-22,164300.0,18.72,82,2,19656.67
902963,701846,EL,14,2009,CLOSED,2024-06-03,2028-01-03,2358900.0,9.96,0,0,0.0
902964,701846,GL,22,2019,ACTIVE,2024-12-02,2025-12-02,482200.0,8.89,76,2,83361.52
902965,701847,PL,4,2090,CLOSED,2021-02-12,2022-04-12,701100.0,17.89,0,0,0.0
902966,701848,TWL,1,2004,CLOSED,2022-06-11,2024-06-11,142800.0,12.96,0,0,0.0
902967,701849,GL,24,2063,ACTIVE,2021-04-01,2021-12-01,556600.0,9.66,30,1,71543.01
902968,701849,GL,24,2047,CLOSED,2019-11-03,2020-08-03,1486300.0,9.39,0,0,0.0
902969,701850,PL,16,2024,CLOSED,2020-11-01,2022-10-01,74000.0,18.86,0,0,0.0
902970,701851,PL,21,2066,ACTIVE,2025-10-07,2027-10-07,395700.0,15.16,30,1,18976.52
902971,701851,CL,21,2008,CLOSED,2024-11-07,2025-05-07,32000.0,14.6,0,0,0.0
902972,701852,GL,25,2013,ACTIVE,2025-06-09,2026-02-09,342400.0,8.07,39,1,43810.74
902973,701852,MFI,9,2046,CLOSED,2025-11-19,2026-10-19,12100.0,19.53,0,0,0.0
902974,701853,CL,14,2082,ACTIVE,2023-06-26,2024-05-26,256200.0,14.51,39,1,24715.65
902975,701853,PL,19,2109,CLOSED,2022-08-28,2023-11-28,236200.0,15.08,0,0,0.0
902976,701854,CL,18,2077,ACTIVE,2025-04-15,2026-08-15,382300.0,15.16,354,11,270970.94
902977,701855,CL,22,2026,ACTIVE,2018-06-16,2019-04-16,446000.0,16.21,171,5,230477.68
902978,701856,CL,18,2040,CLOSED,2025-07-06,2026-01-06,287700.0,15.53,0,0,0.0
902979,701856,EL,18,2103,ACTIVE,2025-08-02,2028-07-02,1242600.0,9.93,73,2,81067.6
902980,701857,BL,12,2096,CLOSED,2020-12-10,2022-01-10,1809100.0,16.62,0,0,0.0
902981,701857,MFI,19,2109,CLOSED,2024-04-20,2025-03-20,10900.0,20.68,0,0,0.0
902982,701858,PL,12,2096,CLOSED,2025-11-30,2027-09-30,1190500.0,17.29,0,0,0.0
902983,701859,BL,9,2046,ACTIVE,2024-01-08,2027-04-08,3972100.0,15.92,39,1,129401.65
902984,701860,AL,8,2076,CLOSED,2022-10-23,2023-11-23,220800.0,10.83,0,0,0.0
902985,701861,BL,17,2060,CLOSED,2024-10-07,2028-04-07,3156600.0,18.76,0,0,0.0
902986,701862,MFI,3,2083,CLOSED,2020-08-08,2021-05-08,25700.0,20.54,0,0,0.0
902987,701862,PL,2,2106,CLOSED,2022-11-13,2024-10-13,202000.0,15.23,0,0,0.0
902988,701862,GL,4,2085,CLOSED,2024-11-14,2025-11-14,770800.0,8.53,0,0,0.0
902989,701862,CL,2,2062,CLOSED,2024-03-23,2024-12-23,101500.0,14.46,0,0,0.0
902990,701863,BL,4,2090,CLOSED,2021-03-17,2023-08-17,3743000.0,17.92,0,0,0.0
902991,701864,MFI,7,2087,CLOSED,2023-05-05,2023-12-05,80800.0,22.0,0,0,0.0
902992,701865,TWL,20,2065,ACTIVE,2025-08-06,2026-11-06,35100.0,12.86,155,5,12328.83
902993,701865,PL,19,2116,ACTIVE,2024-05-30,2026-05-30,88800.0,15.83,38,1,4284.2
902994,701866,GL,7,2010,CLOSED,2021-03-26,2021-11-26,936400.0,8.47,0,0,0.0
902995,701867,AL,5,2003,ACTIVE,2022-02-26,2024-04-26,140800.0,10.77,25,1,6041.71
902996,701868,CL,10,2095,CLOSED,2025-10-17,2026-10-17,342800.0,16.59,0,0,0.0
902997,701869,AL,8,2114,CLOSED,2021-06-19,2022-10-19,797100.0,11.42,0,0,0.0
902998,701870,TWL,7,2112,CLOSED,2020-01-18,2021-08-18,182300.0,13.33,0,0,0.0
902999,701871,CL,15,2015,CLOSED,2024-03-01,2024-10-01,55200.0,17.64,0,0,0.0
903000,701871,TWL,15,2074,CLOSED,2024-11-30,2026-09-30,239700.0,15.7,0,0,0.0
903001,701872,LAP,19,2109,ACTIVE,2023-09-25,2026-10-25,13504600.0,10.37,6,1,424339.08
903002,701872,TWL,19,2111,CLOSED,2023-09-18,2025-08-18,280700.0,11.54,0,0,0.0
903003,701872,GL,19,2109,CLOSED,2021-08-31,2022-07-31,733800.0,8.06,0,0,0.0
903004,701873,CL,25,2013,CLOSED,2021-11-08,2022-06-08,99300.0,14.68,0,0,0.0
903005,701874,EL,6,2053,CLOSED,2021-05-12,2026-01-12,1448500.0,10.07,0,0,0.0
903006,701875,TWL,2,2059,CLOSED,2025-08-06,2027-07-06,67600.0,13.9,0,0,0.0
903007,701876,AL,20,2080,CLOSED,2024-05-29,2027-06-29,1170600.0,10.27,0,0,0.0
903008,701876,BL,20,2080,ACTIVE,2025-05-27,2027-07-27,2400600.0,15.83,167,5,527299.19
903009,701876,GL,20,2031,CLOSED,2024-05-20,2024-12-20,38000.0,8.22,0,0,0.0
903010,701877,PL,17,2060,CLOSED,2024-08-19,2026-02-19,1451900.0,16.62,0,0,0.0
903011,701878,PL,3,2097,CLOSED,2023-02-07,2024-06-07,238800.0,12.2,0,0,0.0
903012,701879,PL,11,2075,CLOSED,2019-09-23,2021-01-23,962500.0,15.37,0,0,0.0
903013,701880,MFI,5,2003,CLOSED,2025-07-21,2026-06-21,16100.0,23.17,0,0,0.0
903014,701881,AL,2,2105,CLOSED,2018-06-22,2021-07-22,136800.0,10.2,0,0,0.0
903015,701882,BL,10,2045,CLOSED,2024-10-22,2029-07-22,3716200.0,17.96,0,0,0.0
903016,701882,TWL,24,2016,CLOSED,2024-04-06,2025-04-06,35900.0,14.0,0,0,0.0
903017,701883,CL,18,2098,ACTIVE,2022-06-09,2023-06-09,12100.0,15.68,182,6,6285.5
903018,701884,BL,17,2051,ACTIVE,2025-04-20,2027-10-20,1425900.0,17.74,47,1,58328.83
903019,701884,TWL,16,2078,CLOSED,2025-01-22,2026-08-22,31000.0,13.53,0,0,0.0
903020,701884,EL,15,2015,CLOSED,2024-09-30,2029-09-30,344400.0,10.11,0,0,0.0
903021,701885,GL,2,2105,CLOSED,2023-03-08,2023-10-08,680900.0,8.8,0,0,0.0
903022,701885,PL,1,2020,CLOSED,2025-02-24,2027-01-24,971500.0,16.48,0,0,0.0
903023,701886,EL,24,2047,CLOSED,2024-07-11,2029-07-11,529100.0,9.68,0,0,0.0
903024,701886,BL,24,2016,CLOSED,2025-12-23,2030-02-23,679400.0,16.76,0,0,0.0
903025,701887,EL,16,2024,CLOSED,2021-02-19,2024-02-19,174100.0,9.6,0,0,0.0
903026,701887,PL,13,2029,ACTIVE,2021-05-09,2022-10-09,50000.0,14.55,186,6,18827.62
903027,701888,BL,22,2026,ACTIVE,2025-05-25,2030-03-25,3216100.0,16.68,38,1,80025.31
903028,701889,CL,20,2065,ACTIVE,2024-07-13,2025-02-13,20800.0,16.16,16,2,6142.9
903029,701890,EL,16,2078,ACTIVE,2023-09-16,2026-08-16,1761000.0,11.2,43,2,116785.06
903030,701891,EL,8,2114,ACTIVE,2025-02-25,2028-03-25,2987900.0,10.43,26,1,93964.48
903031,701891,BL,8,2038,CLOSED,2019-06-03,2022-04-03,929200.0,18.45,0,0,0.0
903032,701892,CL,5,2035,ACTIVE,2019-09-20,2020-09-20,63600.0,14.69,51,1,5661.82
903033,701893,PL,5,2102,ACTIVE,2020-09-19,2022-01-19,1341100.0,14.44,245,8,702608.7
903034,701893,MFI,5,2014,CLOSED,2024-05-19,2025-03-19,31600.0,20.23,0,0,0.0
903035,701894,GL,22,2026,CLOSED,2024-01-11,2024-12-11,1439900.0,7.29,0,0,0.0
903036,701895,LAP,18,2103,ACTIVE,2025-11-26,2027-11-26,2131900.0,12.91,33,2,199306.58
903037,701895,CL,14,2082,CLOSED,2018-03-20,2019-05-20,140800.0,16.72,0,0,0.0
903038,701896,AL,23,2023,CLOSED,2019-01-24,2022-05-24,2239300.0,11.15,0,0,0.0
903039,701897,PL,8,2114,ACTIVE,2020-05-29,2022-04-29,681200.0,16.88,39,3,101741.63
903040,701898,GL,21,2088,ACTIVE,2024-05-13,2025-04-13,454500.0,9.18,52,1,42910.51
903041,701899,EL,23,2005,ACTIVE,2018-10-22,2022-01-22,431700.0,9.69,51,1,12844.1
903042,701900,AL,18,2040,ACTIVE,2024-07-14,2027-02-14,1500900.0,11.39,138,4,219236.08
903043,701901,BL,22,2026,CLOSED,2024-12-10,2029-10-10,3112800.0,17.44,0,0,0.0
903044,701901,EL,22,2026,CLOSED,2024-10-04,2029-10-04,258700.0,10.43,0,0,0.0
903045,701902,AL,16,2024,CLOSED,2024-07-04,2027-02-04,814700.0,11.51,0,0,0.0
903046,701902,GL,7,2112,ACTIVE,2022-04-23,2022-11-23,1473100.0,9.43,28,1,215416.74
903047,701903,HL,10,2071,CLOSED,2025-12-28,2030-07-28,8871900.0,10.19,0,0,0.0
903048,701903,PL,3,2097,ACTIVE,2022-09-02,2024-03-02,596500.0,18.52,365,12,415633.09
903049,701903,CL,9,2006,ACTIVE,2021-06-24,2022-05-24,14000.0,16.51,55,1,1361.45
903050,701904,GL,1,2032,CLOSED,2019-10-26,2020-04-26,1021600.0,9.84,0,0,0.0
903051,701905,PL,10,2071,CLOSED,2022-08-03,2024-03-03,55600.0,15.49,0,0,0.0
903052,701905,TWL,10,2095,CLOSED,2020-08-24,2022-05-24,229600.0,12.55,0,0,0.0
903053,701906,CL,19,2109,ACTIVE,2021-12-09,2022-06-09,95500.0,13.87,45,1,16377.43
903054,701906,EL,10,2095,ACTIVE,2022-05-25,2024-06-25,672700.0,9.39,265,8,229682.78
903055,701907,HL,16,2024,CLOSED,2021-10-07,2025-01-07,1247600.0,8.45,0,0,0.0
903056,701908,TWL,1,2004,ACTIVE,2024-07-26,2026-04-26,233800.0,13.64,53,1,12436.41
903057,701909,PL,15,2015,CLOSED,2021-02-10,2022-02-10,1066500.0,18.13,0,0,0.0
903058,701910,LAP,9,2006,CLOSED,2024-05-22,2027-11-22,14893200.0,11.66,0,0,0.0
903059,701911,CL,23,2041,CLOSED,2025-12-14,2027-05-14,261400.0,16.11,0,0,0.0
903060,701912,PL,21,2113,CLOSED,2021-03-17,2023-02-17,1337500.0,13.7,0,0,0.0
903061,701912,GL,10,2071,CLOSED,2022-10-05,2023-08-05,377900.0,8.07,0,0,0.0
903062,701913,AL,23,2041,ACTIVE,2022-05-11,2024-03-11,2626100.0,11.74,262,8,1020600.74
903063,701913,GL,2,2105,CLOSED,2024-07-07,2025-04-07,1965600.0,9.55,0,0,0.0
903064,701914,HL,25,2068,ACTIVE,2025-11-23,2029-07-23,5422200.0,10.67,31,1,148128.93
903065,701914,CL,3,2110,ACTIVE,2020-05-31,2021-07-31,260800.0,16.62,31,1,20339.54
903066,701915,LAP,18,2098,CLOSED,2019-11-15,2022-09-15,1098200.0,11.22,0,0,0.0
903067,701915,HL,25,2011,CLOSED,2023-07-03,2026-07-03,585800.0,9.66,0,0,0.0
903068,701916,BL,8,2034,CLOSED,2018-12-09,2020-03-09,571500.0,18.62,0,0,0.0
903069,701917,EL,12,2033,ACTIVE,2018-10-19,2021-12-19,1918800.0,10.95,62,2,118341.63
903070,701917,CL,12,2096,CLOSED,2019-03-31,2020-02-29,43800.0,16.85,0,0,0.0
903071,701918,TWL,3,2067,CLOSED,2024-10-02,2026-07-02,124400.0,13.33,0,0,0.0
903072,701918,MFI,20,2056,ACTIVE,2024-04-03,2025-01-03,5700.0,21.39,32,1,679.01
903073,701919,HL,14,2119,ACTIVE,2018-02-25,2021-07-25,3796400.0,9.73,11,1,108330.66
903074,701920,HL,8,2038,CLOSED,2024-12-13,2028-04-13,2372200.0,8.48,0,0,0.0
903075,701921,TWL,2,2118,CLOSED,2024-06-21,2025-10-21,93800.0,13.76,0,0,0.0
903076,701921,CL,4,2085,CLOSED,2025-07-08,2026-02-08,109000.0,15.76,0,0,0.0
903077,701921,MFI,4,2085,CLOSED,2018-04-04,2018-11-04,83300.0,22.04,0,0,0.0
903078,701922,AL,11,2075,ACTIVE,2024-02-29,2025-07-29,1303600.0,10.61,362,12,940223.15
903079,701922,CL,11,2048,CLOSED,2023-01-03,2024-05-03,432200.0,14.65,0,0,0.0
903080,701922,CL,11,2030,ACTIVE,2024-02-28,2024-10-28,37500.0,14.82,182,6,28467.34
903081,701923,PL,4,2085,CLOSED,2024-03-25,2025-06-25,742500.0,20.32,0,0,0.0
903082,701924,EL,5,2035,CLOSED,2025-11-26,2029-12-26,710100.0,11.16,0,0,0.0
903083,701924,GL,6,2042,ACTIVE,2023-06-05,2024-03-05,327800.0,10.19,11,1,37666.23
903084,701925,HL,18,2120,CLOSED,2025-10-12,2030-10-12,1112500.0,10.04,0,0,0.0
903085,701926,PL,18,2103,CLOSED,2025-04-19,2027-03-19,1466800.0,17.44,0,0,0.0
903086,701926,GL,25,2061,ACTIVE,2025-11-23,2026-06-23,1894200.0,9.66,55,1,277152.1
903087,701927,PL,24,2089,CLOSED,2023-02-02,2024-03-02,125800.0,15.17,0,0,0.0
903088,701927,PL,19,2109,CLOSED,2024-12-17,2026-09-17,215300.0,14.93,0,0,0.0
903089,701928,LAP,22,2093,CLOSED,2024-08-14,2031-05-14,11051300.0,10.66,0,0,0.0
903090,701928,PL,7,2018,ACTIVE,2018-03-22,2020-01-22,136600.0,14.63,35,1,7030.79
903091,701929,TWL,11,2048,ACTIVE,2019-12-17,2021-05-17,79300.0,15.1,302,10,48674.05
903092,701929,LAP,16,2078,CLOSED,2021-09-09,2024-08-09,12946700.0,12.72,0,0,0.0
903093,701929,MFI,20,2080,CLOSED,2018-08-14,2019-02-14,8100.0,23.18,0,0,0.0
903094,701930,AL,20,2056,CLOSED,2023-03-20,2026-10-20,1773500.0,10.71,0,0,0.0
903095,701931,EL,5,2003,CLOSED,2025-01-31,2027-01-31,2210300.0,11.08,0,0,0.0
903096,701932,PL,11,2075,ACTIVE,2021-09-21,2022-11-21,940100.0,12.29,41,2,142648.43
903097,701933,CL,21,2088,CLOSED,2023-05-25,2024-09-25,85500.0,14.6,0,0,0.0
903098,701933,TWL,20,2065,CLOSED,2023-09-26,2025-02-26,31400.0,12.66,0,0,0.0
903099,701933,CL,2,2118,CLOSED,2021-02-08,2021-11-08,24600.0,14.56,0,0,0.0
903100,701934,MFI,3,2084,CLOSED,2025-08-05,2026-06-05,25700.0,21.24,0,0,0.0
903101,701935,EL,6,2042,CLOSED,2023-08-13,2027-01-13,1585400.0,10.26,0,0,0.0
903102,701936,PL,13,2054,ACTIVE,2019-01-03,2020-07-03,1012800.0,16.21,273,9,536939.63
903103,701936,BL,13,2094,CLOSED,2025-01-16,2028-03-16,1164700.0,17.17,0,0,0.0
903104,701937,PL,23,2023,ACTIVE,2023-03-25,2024-12-25,334000.0,18.75,12,1,18490.5
903105,701938,TWL,23,2023,CLOSED,2025-01-23,2026-12-23,254000.0,13.04,0,0,0.0
903106,701939,GL,7,2087,CLOSED,2025-12-07,2026-12-07,10100.0,9.26,0,0,0.0
903107,701940,MFI,11,2075,CLOSED,2020-04-05,2021-04-05,90900.0,20.07,0,0,0.0
903108,701941,GL,19,2111,ACTIVE,2024-06-26,2025-06-26,1081300.0,8.89,14,2,186932.42
903109,701942,LAP,3,2097,CLOSED,2022-11-11,2028-12-11,613300.0,10.38,0,0,0.0
903110,701942,AL,2,2105,ACTIVE,2023-11-08,2026-09-08,1675000.0,10.08,159,5,277173.03
903111,701942,GL,2,2106,CLOSED,2022-12-13,2023-06-13,731700.0,8.37,0,0,0.0
903112,701942,MFI,2,2108,ACTIVE,2025-02-12,2026-01-12,91500.0,20.01,75,2,17897.78
903113,701943,EL,10,2095,CLOSED,2018-11-11,2023-02-11,221800.0,9.81,0,0,0.0
903114,701944,BL,10,2045,ACTIVE,2023-07-10,2025-05-10,1168600.0,16.28,33,1,60968.65
903115,701944,GL,2,2106,ACTIVE,2021-03-18,2021-09-18,204800.0,8.5,180,6,204800.0
903116,701945,EL,9,2001,ACTIVE,2021-01-27,2023-08-27,1254300.0,10.29,51,1,45856.08
903117,701945,LAP,6,2042,CLOSED,2021-10-21,2023-12-21,13101500.0,12.29,0,0,0.0
903118,701946,TWL,10,2101,CLOSED,2022-07-19,2023-12-19,204200.0,10.0,0,0,0.0
903119,701946,GL,14,2050,CLOSED,2018-08-02,2019-06-02,144000.0,7.0,0,0,0.0
903120,701947,TWL,23,2023,CLOSED,2025-04-30,2027-03-30,160100.0,14.0,0,0,0.0
903121,701947,HL,23,2005,CLOSED,2025-03-07,2028-07-07,829200.0,10.09,0,0,0.0
903122,701948,MFI,21,2066,CLOSED,2019-04-21,2019-11-21,39000.0,21.71,0,0,0.0
903123,701949,GL,4,2025,CLOSED,2020-01-07,2020-10-07,19300.0,7.91,0,0,0.0
903124,701949,GL,4,2025,ACTIVE,2019-06-04,2020-01-04,1939900.0,8.26,24,1,282864.14
903125,701950,LAP,11,2064,CLOSED,2021-12-29,2024-03-29,1760400.0,10.26,0,0,0.0
903126,701950,AL,21,2113,ACTIVE,2020-04-16,2021-12-16,1194600.0,9.82,26,2,128411.01
903127,701951,MFI,16,2078,CLOSED,2025-08-04,2026-03-04,78900.0,22.38,0,0,0.0
903128,701952,TWL,20,2056,CLOSED,2025-05-23,2027-03-23,100500.0,15.43,0,0,0.0
903129,701952,PL,19,2109,CLOSED,2025-09-13,2027-02-13,450000.0,19.74,0,0,0.0
903130,701953,GL,18,2077,CLOSED,2022-09-01,2023-09-01,303800.0,10.12,0,0,0.0
903131,701953,CL,15,2012,CLOSED,2025-05-15,2025-11-15,65200.0,16.88,0,0,0.0
903132,701954,PL,2,2059,ACTIVE,2018-05-02,2020-04-02,1066600.0,19.0,25,1,54823.34
903133,701954,PL,23,2041,CLOSED,2025-05-24,2027-01-24,467100.0,19.19,0,0,0.0
903134,701954,AL,9,2001,CLOSED,2019-10-26,2023-01-26,2025000.0,11.99,0,0,0.0
903135,701955,PL,5,2014,ACTIVE,2022-09-26,2023-10-26,1305200.0,18.03,78,2,217631.59
903136,701955,MFI,6,2042,ACTIVE,2023-04-23,2024-03-23,70700.0,22.37,31,1,7037.09
903137,701955,CL,12,2086,CLOSED,2022-04-23,2023-05-23,412100.0,16.23,0,0,0.0
903138,701956,AL,6,2053,ACTIVE,2025-12-14,2029-09-14,2963700.0,11.49,248,8,623818.45
903139,701957,BL,19,2081,CLOSED,2020-04-04,2021-12-04,474500.0,17.17,0,0,0.0
903140,701958,BL,3,2110,CLOSED,2025-12-02,2030-07-02,118000.0,15.81,0,0,0.0
903141,701959,CL,8,2034,ACTIVE,2018-07-18,2019-04-18,355700.0,13.53,253,8,317926.93
903142,701960,CL,3,2117,ACTIVE,2025-07-30,2026-11-30,29000.0,16.97,61,2,3991.16
903143,701960,TWL,2,2062,CLOSED,2025-10-08,2027-04-08,151300.0,15.03,0,0,0.0
903144,701961,PL,2,2104,ACTIVE,2023-04-23,2024-06-23,341200.0,17.45,175,5,129843.67
903145,701961,AL,7,2087,ACTIVE,2025-03-06,2028-01-06,718100.0,11.48,13,2,48978.78
903146,701961,CL,3,2110,CLOSED,2024-04-28,2025-08-28,288000.0,15.76,0,0,0.0
903147,701962,EL,21,2088,ACTIVE,2025-08-16,2029-02-16,331500.0,9.26,46,1,9200.02
903148,701962,TWL,9,2046,CLOSED,2025-08-23,2027-08-23,282500.0,12.72,0,0,0.0
903149,701963,HL,3,2021,CLOSED,2019-10-22,2022-11-22,4055100.0,8.91,0,0,0.0
903150,701964,TWL,1,2004,CLOSED,2024-06-07,2025-06-07,40100.0,11.43,0,0,0.0
903151,701965,CL,20,2065,CLOSED,2021-02-20,2022-01-20,27000.0,15.24,0,0,0.0
903152,701965,GL,6,2042,ACTIVE,2020-07-22,2021-02-22,32300.0,9.26,54,1,4721.37
903153,701966,HL,6,2053,ACTIVE,2022-05-21,2026-11-21,5546200.0,9.82,2,2,251863.15
903154,701967,GL,4,2085,ACTIVE,2024-05-14,2025-04-14,1140700.0,8.11,49,1,107227.56
903155,701968,PL,4,2115,CLOSED,2022-07-29,2024-04-29,607200.0,13.02,0,0,0.0
903156,701969,EL,10,2071,ACTIVE,2019-06-16,2022-09-16,1411200.0,10.67,36,1,42600.71
903157,701970,PL,12,2086,CLOSED,2019-05-25,2020-06-25,144100.0,12.07,0,0,0.0
903158,701971,MFI,5,2003,ACTIVE,2021-06-07,2022-03-07,10800.0,18.72,2,1,1275.63
903159,701972,TWL,4,2025,CLOSED,2023-03-27,2024-06-27,234800.0,13.62,0,0,0.0
903160,701972,MFI,4,2085,ACTIVE,2023-11-23,2024-11-23,15600.0,21.56,41,1,1431.06
903161,701973,TWL,5,2102,CLOSED,2025-12-20,2027-10-20,145300.0,14.89,0,0,0.0
903162,701974,CL,19,2002,CLOSED,2025-10-05,2026-08-05,161500.0,16.87,0,0,0.0
903163,701974,PL,12,2096,CLOSED,2021-05-09,2022-05-09,1270100.0,19.12,0,0,0.0
903164,701974,PL,21,2066,CLOSED,2025-09-24,2027-01-24,1400800.0,19.13,0,0,0.0
903165,701975,PL,9,2006,CLOSED,2025-11-16,2027-07-16,1208500.0,17.58,0,0,0.0
903166,701976,BL,11,2039,CLOSED,2024-03-21,2027-07-21,4906100.0,17.51,0,0,0.0
903167,701977,PL,15,2074,CLOSED,2023-03-01,2024-08-01,653600.0,14.77,0,0,0.0
903168,701978,TWL,19,2116,CLOSED,2023-05-14,2025-05-14,56800.0,15.18,0,0,0.0
903169,701979,PL,13,2007,ACTIVE,2022-01-28,2023-04-28,1168000.0,11.32,52,1,83087.9
903170,701979,HL,2,2062,CLOSED,2022-06-06,2027-12-06,580600.0,8.01,0,0,0.0
903171,701980,GL,22,2026,ACTIVE,2022-07-05,2023-03-05,38600.0,7.18,18,2,9823.38
903172,701980,GL,12,2096,ACTIVE,2023-11-01,2024-07-01,1812300.0,7.0,1,3,689513.46
903173,701981,AL,13,2007,CLOSED,2025-10-09,2029-07-09,1199700.0,11.68,0,0,0.0
903174,701981,EL,15,2012,ACTIVE,2018-08-24,2022-03-24,73900.0,10.64,42,1,2056.28
903175,701982,AL,10,2071,CLOSED,2018-06-08,2020-05-08,749600.0,12.18,0,0,0.0
903176,701982,MFI,16,2024,CLOSED,2021-10-23,2022-07-23,46200.0,23.49,0,0,0.0
903177,701982,CL,15,2073,ACTIVE,2023-01-21,2023-09-21,369200.0,17.67,263,8,369200.0
903178,701983,PL,25,2068,ACTIVE,2025-09-07,2027-08-07,611900.0,16.34,365,12,342899.13
903179,701984,GL,15,2073,ACTIVE,2024-05-26,2025-02-26,91000.0,8.35,12,1,10393.82
903180,701985,MFI,15,2012,CLOSED,2024-10-04,2025-04-04,26100.0,19.47,0,0,0.0
903181,701985,BL,18,2120,CLOSED,2024-12-29,2027-10-29,803700.0,15.32,0,0,0.0
903182,701986,CL,13,2107,CLOSED,2024-06-07,2024-12-07,228100.0,14.04,0,0,0.0
903183,701986,TWL,9,2001,ACTIVE,2025-07-29,2027-07-29,257300.0,12.39,41,1,12034.66
903184,701987,MFI,21,2036,CLOSED,2023-05-30,2024-05-30,15600.0,21.49,0,0,0.0
903185,701988,AL,6,2092,ACTIVE,2023-07-21,2025-05-21,380700.0,12.31,31,1,19221.66
903186,701989,BL,5,2099,ACTIVE,2024-12-07,2029-08-07,2443800.0,16.62,365,12,692291.91
903187,701990,PL,12,2017,ACTIVE,2022-07-01,2024-06-01,609000.0,14.12,45,1,30023.88
903188,701991,CL,6,2053,CLOSED,2023-12-23,2025-04-23,122800.0,15.39,0,0,0.0
903189,701991,MFI,16,2037,ACTIVE,2024-05-21,2024-12-21,8900.0,21.61,36,1,1340.51
903190,701992,LAP,8,2114,CLOSED,2022-10-15,2026-09-15,2678600.0,10.98,0,0,0.0
903191,701993,PL,20,2065,CLOSED,2021-05-03,2023-05-03,295200.0,15.53,0,0,0.0
903192,701993,TWL,20,2065,CLOSED,2021-10-28,2023-10-28,30100.0,12.63,0,0,0.0
903193,701994,GL,5,2014,ACTIVE,2025-12-13,2026-10-13,1646200.0,9.39,310,10,1646200.0
903194,701995,AL,12,2033,ACTIVE,2025-04-12,2026-06-12,2849800.0,11.89,15,1,216858.32
903195,701996,LAP,1,2032,CLOSED,2023-09-17,2028-01-17,1605400.0,11.26,0,0,0.0
903196,701997,LAP,13,2029,CLOSED,2025-08-13,2031-03-13,9449500.0,12.94,0,0,0.0
903197,701997,LAP,12,2096,ACTIVE,2025-02-06,2029-04-06,1077800.0,12.96,75,2,55127.0
903198,701998,GL,10,2101,CLOSED,2022-01-24,2022-12-24,738000.0,7.57,0,0,0.0
903199,701999,TWL,9,2006,CLOSED,2018-09-02,2020-07-02,283700.0,14.55,0,0,0.0
903200,701999,CL,9,2006,ACTIVE,2019-09-16,2020-12-16,341100.0,17.03,33,2,49751.58
903201,702000,BL,2,2059,CLOSED,2025-04-28,2026-05-28,4653700.0,18.47,0,0,0.0
903202,702000,PL,18,2077,ACTIVE,2024-12-01,2026-07-01,1490000.0,17.83,72,2,177216.59
903203,702000,GL,1,2004,CLOSED,2025-07-07,2026-06-07,538800.0,9.53,0,0,0.0
903204,702001,TWL,10,2101,ACTIVE,2022-03-24,2023-05-24,138800.0,12.39,24,1,10589.76
903205,702002,BL,2,2059,CLOSED,2023-05-31,2026-12-31,638000.0,18.04,0,0,0.0
903206,702002,PL,3,2110,CLOSED,2025-02-24,2026-09-24,419300.0,17.9,0,0,0.0
903207,702003,BL,10,2095,CLOSED,2020-10-17,2024-02-17,3201200.0,16.59,0,0,0.0
903208,702003,EL,17,2060,ACTIVE,2025-07-31,2028-07-31,1787600.0,9.54,2,1,56843.62
903209,702003,MFI,17,2051,CLOSED,2024-06-17,2025-04-17,37000.0,20.58,0,0,0.0
903210,702004,AL,2,2059,ACTIVE,2025-12-10,2029-09-10,130700.0,11.31,152,5,17391.38
903211,702004,MFI,3,2021,CLOSED,2025-06-17,2026-05-17,24300.0,21.18,0,0,0.0
903212,702005,BL,18,2098,ACTIVE,2024-01-06,2025-09-06,3832000.0,16.58,36,1,217596.24
903213,702005,GL,16,2024,ACTIVE,2024-11-17,2025-09-17,36700.0,8.27,9,1,3784.46
903214,702006,PL,24,2047,CLOSED,2020-06-09,2021-09-09,231100.0,17.5,0,0,0.0
903215,702007,TWL,13,2094,ACTIVE,2025-01-10,2026-04-10,198700.0,15.07,47,1,14434.97
903216,702008,BL,7,2018,ACTIVE,2024-06-29,2027-02-28,1391900.0,17.34,20,2,106943.75
903217,702008,CL,7,2112,CLOSED,2023-10-05,2025-02-05,34300.0,15.52,0,0,0.0
903218,702008,TWL,7,2087,CLOSED,2025-03-28,2026-10-28,277700.0,13.4,0,0,0.0
903219,702008,PL,6,2044,CLOSED,2024-01-26,2025-09-26,225100.0,16.71,0,0,0.0
903220,702009,PL,6,2053,ACTIVE,2020-08-28,2022-06-28,219000.0,16.82,35,1,11476.33
903221,702009,BL,5,2099,ACTIVE,2023-11-01,2027-06-01,619500.0,17.81,27,2,38330.58
903222,702010,AL,24,2016,CLOSED,2025-06-23,2028-02-23,1276600.0,11.88,0,0,0.0
903223,702011,BL,17,2028,ACTIVE,2025-02-01,2026-06-01,982800.0,18.09,156,5,332751.15
903224,702011,MFI,13,2054,ACTIVE,2025-09-28,2026-05-28,15200.0,22.11,250,8,15200.0
903225,702012,GL,5,2099,CLOSED,2020-06-23,2021-06-23,202800.0,10.11,0,0,0.0
903226,702013,CL,19,2109,CLOSED,2023-11-15,2024-10-15,227500.0,15.32,0,0,0.0
903227,702013,PL,11,2075,ACTIVE,2019-08-26,2021-06-26,65400.0,15.91,17,2,6758.98
903228,702014,GL,22,2026,ACTIVE,2018-06-05,2019-05-05,813100.0,9.34,1,1,76816.87
903229,702015,PL,20,2031,ACTIVE,2023-08-06,2025-01-06,714300.0,16.16,171,5,227197.8
903230,702015,GL,19,2116,CLOSED,2025-04-11,2026-04-11,358300.0,9.12,0,0,0.0
903231,702015,TWL,20,2065,CLOSED,2023-12-11,2025-03-11,33700.0,13.43,0,0,0.0
903232,702016,PL,10,2095,CLOSED,2018-08-26,2020-04-26,240800.0,11.3,0,0,0.0
903233,702017,AL,13,2094,CLOSED,2023-10-16,2026-05-16,887500.0,10.64,0,0,0.0
903234,702018,CL,6,2092,CLOSED,2025-02-16,2026-03-16,307800.0,14.84,0,0,0.0
903235,702018,HL,6,2092,ACTIVE,2025-03-04,2028-06-04,8230500.0,9.48,44,1,244113.2
903236,702018,GL,5,2035,CLOSED,2025-02-08,2026-01-08,670000.0,8.84,0,0,0.0
903237,702019,TWL,18,2040,CLOSED,2021-10-26,2023-03-26,97900.0,12.43,0,0,0.0
903238,702019,TWL,16,2078,CLOSED,2024-11-25,2026-07-25,73900.0,12.47,0,0,0.0
903239,702020,PL,3,2117,CLOSED,2025-12-17,2027-05-17,379900.0,16.18,0,0,0.0
903240,702020,PL,20,2031,ACTIVE,2022-03-07,2023-06-07,1221100.0,16.6,1,1,89466.64
903241,702020,EL,2,2108,CLOSED,2024-07-12,2029-03-12,2409800.0,10.04,0,0,0.0
903242,702021,AL,21,2066,ACTIVE,2023-02-04,2025-06-04,391600.0,11.45,252,8,122699.53
903243,702022,MFI,14,2050,ACTIVE,2024-02-23,2024-10-23,20100.0,20.2,36,1,2661.72
903244,702022,AL,14,2050,ACTIVE,2025-10-01,2028-02-01,2673400.0,10.07,13,1,106637.94
903245,702022,GL,14,2043,ACTIVE,2024-11-04,2025-06-04,45400.0,8.28,15,1,6620.27
903246,702023,CL,7,2087,CLOSED,2024-03-14,2025-09-14,56900.0,13.61,0,0,0.0
903247,702024,AL,8,2076,CLOSED,2019-08-12,2022-02-12,707400.0,13.16,0,0,0.0
903248,702024,GL,6,2053,CLOSED,2022-09-06,2023-07-06,1875500.0,11.25,0,0,0.0
903249,702025,GL,12,2086,CLOSED,2025-06-02,2026-03-02,1848200.0,8.95,0,0,0.0
903250,702026,AL,12,2033,CLOSED,2024-11-21,2026-04-21,1267400.0,10.99,0,0,0.0
903251,702027,CL,1,2032,CLOSED,2022-10-31,2023-07-31,378300.0,15.95,0,0,0.0
903252,702028,PL,22,2022,CLOSED,2023-10-11,2025-07-11,1320900.0,13.38,0,0,0.0
903253,702029,PL,1,2004,CLOSED,2025-10-16,2026-11-16,448000.0,17.13,0,0,0.0
903254,702030,BL,24,2089,ACTIVE,2025-04-05,2027-09-05,302200.0,16.36,185,6,72612.33
903255,702031,PL,24,2089,CLOSED,2024-12-28,2026-01-28,127600.0,17.36,0,0,0.0
903256,702031,GL,24,2016,CLOSED,2024-05-08,2025-04-08,587500.0,9.53,0,0,0.0
903257,702032,TWL,2,2118,ACTIVE,2023-07-10,2025-04-10,47300.0,13.68,32,1,2516.8
903258,702033,BL,12,2017,CLOSED,2019-09-10,2022-01-10,536300.0,16.09,0,0,0.0
903259,702033,TWL,13,2054,ACTIVE,2020-04-26,2022-01-26,271000.0,12.01,20,2,28319.34
903260,702034,CL,16,2037,ACTIVE,2021-11-29,2023-01-29,21200.0,16.25,226,7,11098.66
903261,702035,BL,6,2044,CLOSED,2023-09-17,2025-05-17,4435400.0,17.08,0,0,0.0
903262,702035,LAP,2,2118,CLOSED,2022-08-02,2026-03-02,3127400.0,11.5,0,0,0.0
903263,702036,GL,14,2119,CLOSED,2024-11-11,2025-06-11,199300.0,9.61,0,0,0.0
903264,702037,PL,16,2078,ACTIVE,2018-06-29,2020-05-29,268200.0,18.18,39,1,13690.06
903265,702038,GL,24,2089,CLOSED,2025-09-05,2026-07-05,898700.0,8.31,0,0,0.0
903266,702039,EL,13,2094,CLOSED,2023-08-22,2027-06-22,168400.0,9.32,0,0,0.0
903267,702040,LAP,8,2076,ACTIVE,2018-11-05,2021-07-05,1515500.0,12.22,10,1,55170.94
903268,702040,AL,8,2076,ACTIVE,2020-08-18,2023-10-18,299700.0,11.9,225,7,63969.36
903269,702041,EL,14,2009,CLOSED,2021-03-12,2023-07-12,689000.0,10.92,0,0,0.0
903270,702041,EL,18,2077,ACTIVE,2021-08-06,2026-06-06,1200500.0,10.89,36,1,26472.63
903271,702042,GL,20,2031,CLOSED,2019-12-31,2020-07-31,1680900.0,9.95,0,0,0.0
903272,702042,HL,20,2056,CLOSED,2024-01-21,2030-07-21,1646500.0,10.11,0,0,0.0
903273,702043,AL,20,2056,CLOSED,2019-11-08,2023-08-08,1932200.0,9.0,0,0,0.0
903274,702043,GL,20,2056,ACTIVE,2020-07-12,2021-07-12,666700.0,7.01,21,2,114377.7
903275,702044,CL,19,2081,ACTIVE,2021-04-08,2022-02-08,69400.0,16.18,70,2,14633.37
903276,702044,BL,1,2004,CLOSED,2025-11-10,2030-09-10,150300.0,18.08,0,0,0.0
903277,702045,BL,20,2065,CLOSED,2025-07-20,2027-12-20,778800.0,18.53,0,0,0.0
903278,702045,PL,20,2080,CLOSED,2022-07-15,2023-07-15,501400.0,18.14,0,0,0.0
903279,702046,BL,11,2064,ACTIVE,2023-08-18,2025-12-18,2804400.0,16.22,45,1,119357.01
903280,702047,EL,5,2035,CLOSED,2024-03-16,2026-03-16,2125400.0,10.69,0,0,0.0
903281,702048,PL,20,2056,ACTIVE,2023-04-06,2024-12-06,142600.0,16.85,102,3,24005.47
903282,702049,EL,20,2065,ACTIVE,2023-05-12,2027-10-12,2519200.0,9.26,67,2,114855.51
903283,702050,PL,5,2102,CLOSED,2019-06-15,2021-01-15,579900.0,14.3,0,0,0.0
903284,702051,CL,11,2030,CLOSED,2025-05-22,2026-08-22,70000.0,15.37,0,0,0.0
903285,702051,BL,4,2091,ACTIVE,2021-12-23,2025-01-23,1831000.0,17.23,74,2,125561.83
903286,702052,CL,23,2041,ACTIVE,2024-10-23,2026-02-23,22900.0,13.25,43,1,1552.13
903287,702053,GL,1,2049,CLOSED,2020-10-14,2021-06-14,441700.0,8.88,0,0,0.0
903288,702053,GL,16,2027,CLOSED,2021-03-03,2022-02-03,533500.0,9.04,0,0,0.0
903289,702053,PL,16,2027,CLOSED,2024-03-03,2026-01-03,118600.0,16.43,0,0,0.0
903290,702053,LAP,15,2015,ACTIVE,2020-02-10,2026-03-10,1523200.0,11.5,15,1,28828.16
903291,702054,CL,4,2090,CLOSED,2020-10-28,2021-10-28,393800.0,15.41,0,0,0.0
903292,702054,PL,15,2073,CLOSED,2022-03-04,2023-06-04,1209400.0,16.53,0,0,0.0
903293,702055,BL,3,2067,ACTIVE,2022-08-20,2026-08-20,1205500.0,16.95,13,1,34269.52
903294,702055,HL,9,2001,ACTIVE,2019-03-21,2024-05-21,699700.0,9.84,1,2,28531.63
903295,702056,CL,7,2079,ACTIVE,2018-03-12,2018-12-12,318800.0,15.7,260,8,285191.39
903296,702056,BL,7,2018,CLOSED,2023-04-15,2024-06-15,2991800.0,17.73,0,0,0.0
903297,702056,MFI,21,2036,ACTIVE,2020-06-14,2021-03-14,78300.0,21.74,292,9,78300.0
903298,702056,PL,7,2018,CLOSED,2019-11-14,2021-10-14,268000.0,16.78,0,0,0.0
903299,702057,BL,22,2022,ACTIVE,2020-07-25,2022-09-25,328300.0,16.35,47,1,14877.48
903300,702058,TWL,24,2089,CLOSED,2025-04-24,2026-08-24,38900.0,12.88,0,0,0.0
903301,702059,PL,8,2076,CLOSED,2024-11-05,2026-06-05,697200.0,17.72,0,0,0.0
903302,702060,EL,9,2006,CLOSED,2025-05-21,2027-09-21,2029900.0,9.92,0,0,0.0
903303,702060,MFI,10,2101,ACTIVE,2023-11-16,2024-10-16,63800.0,20.9,46,1,6313.57
903304,702061,HL,7,2018,CLOSED,2024-07-03,2031-03-03,3770300.0,9.78,0,0,0.0
903305,702062,PL,13,2029,ACTIVE,2025-03-28,2026-09-28,134900.0,17.64,270,9,71872.99
903306,702062,EL,13,2094,ACTIVE,2023-03-25,2025-05-25,433300.0,10.16,19,2,36806.11
903307,702063,TWL,6,2053,CLOSED,2021-05-07,2023-03-07,107300.0,13.49,0,0,0.0
903308,702063,TWL,6,2044,ACTIVE,2025-02-03,2026-06-03,35500.0,13.24,34,1,2405.99
903309,702063,GL,20,2065,ACTIVE,2024-09-09,2025-06-09,326300.0,9.2,7,2,74461.61
903310,702064,PL,20,2031,CLOSED,2025-03-13,2026-07-13,113600.0,14.08,0,0,0.0
903311,702065,AL,22,2019,ACTIVE,2023-11-24,2027-09-24,2424900.0,10.76,257,8,496284.71
903312,702065,AL,24,2047,CLOSED,2020-07-21,2024-01-21,1001900.0,10.66,0,0,0.0
903313,702065,GL,13,2007,CLOSED,2024-08-25,2025-05-25,1302700.0,9.02,0,0,0.0
903314,702066,PL,25,2061,CLOSED,2020-06-07,2021-11-07,565300.0,13.66,0,0,0.0
903315,702067,TWL,18,2098,CLOSED,2020-01-08,2021-06-08,78800.0,11.36,0,0,0.0
903316,702068,HL,4,2091,CLOSED,2019-10-10,2024-01-10,1552900.0,9.44,0,0,0.0
903317,702068,PL,4,2025,CLOSED,2024-06-26,2026-04-26,338000.0,16.03,0,0,0.0
903318,702069,PL,2,2059,ACTIVE,2023-10-16,2025-03-16,532400.0,17.45,63,2,69625.6
903319,702070,GL,16,2078,CLOSED,2021-12-30,2022-07-30,38800.0,9.41,0,0,0.0
903320,702071,EL,7,2010,CLOSED,2025-03-29,2029-08-29,1865500.0,9.55,0,0,0.0
903321,702072,BL,6,2042,ACTIVE,2021-12-16,2024-12-16,2325900.0,15.95,283,9,688843.87
903322,702072,BL,17,2028,ACTIVE,2019-06-29,2021-08-29,3132900.0,15.99,2,1,141479.84
903323,702073,TWL,19,2081,ACTIVE,2025-10-13,2027-02-13,31000.0,10.95,5,1,2072.28
903324,702073,BL,4,2115,ACTIVE,2024-07-19,2027-08-19,305300.0,15.3,39,2,20412.07
903325,702074,GL,11,2039,ACTIVE,2018-07-30,2019-03-30,1872900.0,9.91,45,1,240906.69
903326,702075,EL,8,2034,CLOSED,2022-08-25,2024-09-25,758800.0,8.98,0,0,0.0
903327,702075,GL,8,2076,CLOSED,2023-02-04,2023-08-04,1858000.0,7.97,0,0,0.0
903328,702076,EL,5,2014,ACTIVE,2021-07-15,2024-09-15,1517300.0,8.96,63,2,90997.44
903329,702076,GL,11,2030,CLOSED,2020-12-02,2021-08-02,1977300.0,8.24,0,0,0.0
903330,702076,BL,3,2052,CLOSED,2025-01-22,2029-06-22,3273300.0,15.63,0,0,0.0
903331,702077,TWL,1,2032,ACTIVE,2025-01-28,2026-01-28,36700.0,10.0,175,5,15736.96
903332,702077,EL,1,2032,CLOSED,2018-07-02,2021-05-02,460300.0,8.0,0,0,0.0
903333,702078,GL,2,2106,CLOSED,2023-01-28,2023-11-28,969100.0,8.7,0,0,0.0
903334,702078,MFI,2,2104,CLOSED,2020-07-13,2021-06-13,11600.0,20.67,0,0,0.0
903335,702079,MFI,20,2056,CLOSED,2022-07-15,2023-03-15,7600.0,21.46,0,0,0.0
903336,702080,TWL,10,2045,ACTIVE,2025-12-29,2027-10-29,73100.0,14.99,42,1,3773.63
903337,702080,MFI,10,2045,ACTIVE,2021-08-02,2022-07-02,16400.0,23.19,264,8,12264.01
903338,702080,TWL,10,2101,ACTIVE,2020-02-15,2021-10-15,33900.0,15.04,37,1,1903.0
903339,702081,PL,22,2022,CLOSED,2025-12-12,2027-11-12,943000.0,17.61,0,0,0.0
903340,702081,PL,21,2036,CLOSED,2020-09-18,2021-09-18,1000000.0,17.81,0,0,0.0
903341,702082,TWL,14,2082,CLOSED,2025-02-08,2027-01-08,172900.0,14.34,0,0,0.0
903342,702083,AL,1,2004,ACTIVE,2025-11-18,2029-10-18,1553000.0,11.9,188,6,240578.3
903343,702083,LAP,6,2044,CLOSED,2024-01-17,2026-04-17,2610000.0,12.51,0,0,0.0
903344,702084,GL,1,2049,CLOSED,2025-06-28,2025-12-28,116600.0,9.59,0,0,0.0
903345,702085,BL,8,2114,CLOSED,2025-01-10,2029-07-10,446300.0,19.11,0,0,0.0
903346,702086,CL,18,2040,CLOSED,2024-06-14,2025-11-14,90900.0,15.54,0,0,0.0
903347,702087,AL,11,2075,CLOSED,2024-01-02,2027-07-02,1064600.0,10.55,0,0,0.0
903348,702087,EL,11,2064,CLOSED,2024-12-15,2027-09-15,1673300.0,9.65,0,0,0.0
903349,702088,BL,22,2026,ACTIVE,2025-10-06,2027-01-06,871200.0,16.09,1,1,63650.1
903350,702088,TWL,23,2023,ACTIVE,2022-09-09,2023-10-09,247200.0,12.28,43,2,40192.5
903351,702088,MFI,23,2023,CLOSED,2022-04-03,2022-11-03,61700.0,20.01,0,0,0.0
903352,702089,PL,25,2068,CLOSED,2023-11-26,2024-12-26,125400.0,16.45,0,0,0.0
903353,702089,GL,16,2024,ACTIVE,2025-12-26,2026-06-26,169500.0,9.32,35,1,28799.21
903354,702090,GL,17,2055,CLOSED,2025-12-28,2026-06-28,1437900.0,7.92,0,0,0.0
903355,702091,CL,6,2092,CLOSED,2025-05-08,2026-10-08,408900.0,13.51,0,0,0.0
903356,702091,TWL,20,2080,CLOSED,2025-12-30,2027-09-30,61800.0,11.88,0,0,0.0
903357,702092,EL,5,2035,CLOSED,2025-02-26,2027-08-26,2221500.0,11.05,0,0,0.0
903358,702093,PL,1,2032,ACTIVE,2022-01-31,2023-04-30,793200.0,16.92,44,1,58218.71
903359,702094,CL,23,2069,CLOSED,2025-08-27,2026-03-27,331700.0,17.03,0,0,0.0
903360,702095,GL,25,2013,CLOSED,2025-12-30,2026-08-30,776100.0,9.9,0,0,0.0
903361,702096,CL,16,2024,ACTIVE,2024-06-16,2025-03-16,257600.0,14.78,5,1,30043.6
903362,702096,BL,4,2090,CLOSED,2024-12-21,2027-06-21,4098000.0,16.96,0,0,0.0
903363,702097,CL,19,2109,CLOSED,2023-12-18,2025-03-18,295700.0,15.12,0,0,0.0
903364,702098,AL,13,2054,CLOSED,2023-10-05,2027-02-05,317100.0,9.54,0,0,0.0
903365,702098,GL,13,2107,CLOSED,2024-04-06,2024-10-06,390200.0,8.11,0,0,0.0
903366,702098,LAP,12,2096,CLOSED,2024-03-02,2027-12-02,715600.0,9.94,0,0,0.0
903367,702098,EL,13,2029,CLOSED,2024-09-03,2028-06-03,1857300.0,8.66,0,0,0.0
903368,702099,MFI,18,2098,CLOSED,2019-07-05,2020-07-05,66900.0,18.78,0,0,0.0
903369,702099,TWL,15,2074,CLOSED,2021-04-01,2023-04-01,248200.0,10.38,0,0,0.0
903370,702100,AL,10,2095,CLOSED,2024-06-24,2026-02-24,1481700.0,10.6,0,0,0.0
903371,702100,CL,9,2046,CLOSED,2024-04-09,2024-11-09,425000.0,14.53,0,0,0.0
903372,702101,GL,23,2069,CLOSED,2024-02-16,2024-12-16,846600.0,9.25,0,0,0.0
903373,702101,CL,23,2041,CLOSED,2025-03-18,2026-01-18,98900.0,15.1,0,0,0.0
903374,702101,TWL,23,2005,ACTIVE,2025-09-23,2027-02-23,95200.0,13.55,30,1,6117.06
903375,702102,PL,9,2046,ACTIVE,2025-02-03,2026-10-03,917600.0,18.57,64,2,104951.34
903376,702102,GL,6,2044,ACTIVE,2018-06-08,2019-05-08,43100.0,10.16,5,2,8136.56
903377,702103,GL,16,2078,CLOSED,2021-08-29,2022-04-29,1291400.0,8.92,0,0,0.0
903378,702103,CL,19,2109,ACTIVE,2021-10-09,2022-12-09,191100.0,15.05,12,1,14783.2
903379,702104,GL,18,2120,CLOSED,2018-04-28,2018-11-28,874900.0,9.15,0,0,0.0
903380,702105,GL,17,2055,CLOSED,2019-08-07,2020-08-07,843100.0,8.26,0,0,0.0
903381,702106,MFI,3,2052,CLOSED,2025-05-10,2026-05-10,37500.0,21.83,0,0,0.0
903382,702106,PL,1,2020,ACTIVE,2024-12-15,2026-10-15,938400.0,17.44,8,1,49424.65
903383,702106,AL,1,2020,CLOSED,2025-05-31,2027-01-31,410800.0,11.51,0,0,0.0
903384,702106,LAP,4,2025,ACTIVE,2025-12-23,2029-07-23,1897400.0,12.05,276,9,467209.94
903385,702107,GL,1,2020,CLOSED,2023-12-30,2024-10-30,276200.0,8.59,0,0,0.0
903386,702108,MFI,10,2045,CLOSED,2025-12-13,2026-09-13,33400.0,21.73,0,0,0.0
903387,702108,GL,18,2077,CLOSED,2023-08-21,2024-07-21,21400.0,9.37,0,0,0.0
903388,702109,CL,10,2101,ACTIVE,2018-10-03,2019-05-03,10100.0,13.55,4,2,2967.17
903389,702110,MFI,10,2045,CLOSED,2019-09-04,2020-07-04,43600.0,19.43,0,0,0.0
903390,702111,PL,8,2070,CLOSED,2024-07-12,2026-06-12,500300.0,12.71,0,0,0.0
903391,702112,PL,10,2101,ACTIVE,2022-10-20,2024-05-20,904800.0,18.78,241,8,413700.92
903392,702113,LAP,20,2056,CLOSED,2020-05-20,2024-01-20,3844500.0,11.47,0,0,0.0
903393,702114,EL,23,2041,CLOSED,2022-02-01,2027-01-01,50800.0,11.16,0,0,0.0
903394,702115,PL,24,2016,CLOSED,2021-03-04,2022-05-04,301800.0,19.84,0,0,0.0
903395,702115,MFI,24,2089,CLOSED,2021-09-06,2022-06-06,30100.0,23.54,0,0,0.0
903396,702115,PL,24,2047,CLOSED,2024-07-12,2026-01-12,718400.0,19.56,0,0,0.0
903397,702116,GL,23,2069,ACTIVE,2025-03-18,2025-10-18,658800.0,9.43,96,3,286768.5
903398,702116,CL,23,2041,CLOSED,2023-01-20,2024-05-20,153500.0,15.24,0,0,0.0
903399,702116,PL,23,2023,ACTIVE,2021-02-21,2022-07-21,298300.0,16.54,123,4,76556.57
903400,702116,PL,23,2041,CLOSED,2022-12-23,2024-06-23,144700.0,16.9,0,0,0.0
903401,702117,PL,4,2025,CLOSED,2024-07-15,2026-04-15,632200.0,19.26,0,0,0.0
903402,702118,LAP,23,2023,CLOSED,2022-10-05,2028-09-05,10668100.0,13.0,0,0,0.0
903403,702119,EL,24,2089,ACTIVE,2022-10-15,2026-04-15,1112500.0,10.01,277,9,272095.35
903404,702119,CL,24,2089,CLOSED,2022-01-26,2022-08-26,85100.0,15.67,0,0,0.0
903405,702119,CL,16,2037,CLOSED,2024-04-03,2025-01-03,104900.0,15.74,0,0,0.0
903406,702120,PL,20,2065,ACTIVE,2020-05-02,2021-08-02,346800.0,17.99,19,2,50832.19
903407,702121,CL,19,2081,CLOSED,2019-09-11,2020-03-11,167400.0,14.05,0,0,0.0
903408,702122,PL,2,2106,CLOSED,2022-11-26,2024-10-26,656400.0,11.92,0,0,0.0
903409,702123,AL,20,2056,CLOSED,2024-05-17,2027-04-17,2015800.0,11.03,0,0,0.0
903410,702124,EL,7,2087,CLOSED,2019-05-10,2024-05-10,1222700.0,9.55,0,0,0.0
903411,702125,CL,11,2030,ACTIVE,2018-02-10,2019-01-10,45600.0,16.93,37,2,8821.98
903412,702126,EL,2,2104,ACTIVE,2023-03-01,2026-04-01,2496900.0,10.0,273,9,679666.47
903413,702126,MFI,4,2115,ACTIVE,2025-11-04,2026-10-04,11500.0,21.0,46,1,1138.48
903414,702126,TWL,5,2014,ACTIVE,2025-07-19,2026-11-19,64900.0,12.61,32,1,4381.97
903415,702126,CL,7,2079,ACTIVE,2023-07-30,2024-11-30,85400.0,15.05,31,1,5850.84
903416,702127,GL,24,2016,CLOSED,2025-10-16,2026-08-16,1102000.0,9.44,0,0,0.0
903417,702127,BL,25,2011,ACTIVE,2024-10-18,2028-06-18,205800.0,18.05,156,5,30741.01
903418,702127,AL,3,2084,CLOSED,2025-06-06,2027-06-06,186100.0,11.31,0,0,0.0
903419,702128,GL,1,2020,ACTIVE,2023-06-23,2024-03-23,1131200.0,10.02,41,1,129909.83
903420,702128,GL,4,2090,ACTIVE,2019-10-23,2020-10-23,150800.0,9.72,23,1,13131.72
903421,702128,CL,1,2004,ACTIVE,2022-05-29,2023-08-29,182400.0,16.36,44,1,13346.17
903422,702129,EL,3,2067,ACTIVE,2019-12-27,2022-05-27,2967300.0,11.52,62,2,232074.75
903423,702129,PL,1,2032,CLOSED,2024-02-23,2025-05-23,1336000.0,20.1,0,0,0.0
903424,702130,MFI,5,2035,CLOSED,2025-01-18,2025-09-18,50100.0,18.97,0,0,0.0
903425,702131,PL,6,2092,ACTIVE,2023-09-15,2024-09-15,571500.0,19.51,340,11,527984.95
903426,702132,HL,15,2073,CLOSED,2024-04-26,2031-03-26,5791800.0,10.38,0,0,0.0
903427,702132,TWL,5,2099,CLOSED,2019-01-18,2020-03-18,116800.0,14.89,0,0,0.0
903428,702132,MFI,1,2004,CLOSED,2019-08-12,2020-05-12,13300.0,22.52,0,0,0.0
903429,702133,GL,10,2045,CLOSED,2021-12-31,2022-06-30,937900.0,8.67,0,0,0.0
903430,702134,MFI,11,2048,ACTIVE,2021-01-24,2021-09-24,74400.0,20.89,33,2,19573.81
903431,702134,BL,1,2032,ACTIVE,2020-10-15,2022-07-15,2062300.0,16.59,49,1,112269.69
903432,702134,BL,20,2031,CLOSED,2020-03-24,2023-02-24,2734200.0,16.91,0,0,0.0
903433,702135,TWL,7,2079,CLOSED,2024-01-11,2025-11-11,263500.0,12.87,0,0,0.0
903434,702135,GL,7,2018,CLOSED,2024-12-10,2025-06-10,1732000.0,9.0,0,0,0.0
903435,702136,GL,10,2071,ACTIVE,2024-07-11,2025-01-11,1545300.0,8.94,42,1,262352.63
903436,702136,EL,11,2075,CLOSED,2022-02-13,2024-04-13,108000.0,9.96,0,0,0.0
903437,702137,TWL,11,2064,ACTIVE,2024-03-26,2026-03-26,31100.0,14.31,44,1,1480.11
903438,702137,GL,14,2050,CLOSED,2025-02-13,2025-09-13,230600.0,9.9,0,0,0.0
903439,702138,LAP,25,2013,CLOSED,2018-12-28,2024-05-28,3685600.0,10.51,0,0,0.0
903440,702139,PL,9,2001,CLOSED,2024-07-13,2025-12-13,538000.0,15.79,0,0,0.0
903441,702140,BL,14,2050,CLOSED,2025-12-12,2027-09-12,3742300.0,18.69,0,0,0.0
903442,702141,PL,17,2055,CLOSED,2025-05-29,2026-07-29,951300.0,13.04,0,0,0.0
903443,702141,TWL,15,2074,CLOSED,2025-10-13,2027-02-13,91700.0,11.14,0,0,0.0
903444,702141,BL,2,2105,CLOSED,2025-06-13,2030-02-13,259500.0,15.01,0,0,0.0
903445,702142,PL,2,2106,CLOSED,2021-08-24,2023-02-24,538700.0,16.49,0,0,0.0
903446,702142,BL,12,2086,ACTIVE,2019-11-16,2020-12-16,2741900.0,17.82,25,1,230069.48
903447,702143,CL,19,2109,ACTIVE,2023-10-16,2024-05-16,10000.0,13.9,48,1,1478.4
903448,702143,GL,15,2015,ACTIVE,2022-04-18,2022-11-18,1767200.0,8.36,17,1,257745.49
903449,702144,TWL,9,2006,ACTIVE,2019-02-17,2020-07-17,206600.0,14.85,38,1,13385.19
903450,702145,CL,11,2048,ACTIVE,2022-05-28,2023-05-28,158100.0,16.65,336,11,145900.41
903451,702145,PL,6,2042,CLOSED,2022-10-20,2024-09-20,1005700.0,18.3,0,0,0.0
903452,702146,PL,14,2119,CLOSED,2021-01-09,2022-08-09,348900.0,17.55,0,0,0.0
903453,702146,AL,14,2009,CLOSED,2022-06-04,2024-01-04,1107200.0,11.67,0,0,0.0
903454,702146,PL,3,2097,CLOSED,2018-03-16,2019-10-16,328700.0,17.06,0,0,0.0
903455,702147,GL,11,2030,CLOSED,2025-04-02,2026-01-02,1328700.0,9.24,0,0,0.0
903456,702148,TWL,20,2031,CLOSED,2024-09-24,2026-02-24,35300.0,11.55,0,0,0.0
903457,702148,PL,19,2081,CLOSED,2024-08-06,2025-10-06,1357200.0,13.74,0,0,0.0
903458,702149,TWL,15,2074,CLOSED,2022-02-15,2024-02-15,246000.0,15.11,0,0,0.0
903459,702149,GL,15,2012,CLOSED,2025-12-14,2026-06-14,24300.0,10.08,0,0,0.0
903460,702150,CL,17,2051,CLOSED,2019-07-28,2020-06-28,65600.0,14.63,0,0,0.0
903461,702150,CL,1,2049,CLOSED,2019-01-02,2020-01-02,222900.0,14.81,0,0,0.0
903462,702151,CL,7,2079,CLOSED,2025-07-21,2026-01-21,105500.0,16.4,0,0,0.0
903463,702152,MFI,21,2066,CLOSED,2023-08-31,2024-02-29,66100.0,20.74,0,0,0.0
903464,702152,GL,7,2112,ACTIVE,2024-08-11,2025-06-11,1207800.0,8.74,41,1,124762.22
903465,702153,GL,18,2077,CLOSED,2021-07-24,2022-05-24,806400.0,8.7,0,0,0.0
903466,702154,PL,3,2097,ACTIVE,2024-10-17,2026-07-17,216900.0,17.4,130,4,46521.12
903467,702155,CL,9,2057,ACTIVE,2025-11-22,2026-07-22,145300.0,12.15,245,8,145300.0
903468,702155,AL,10,2095,ACTIVE,2024-06-17,2025-07-17,112900.0,9.48,40,1,9100.54
903469,702156,EL,25,2068,ACTIVE,2025-10-16,2030-07-16,964100.0,10.21,36,1,21235.49
903470,702157,BL,5,2014,CLOSED,2019-06-29,2021-08-29,362500.0,15.97,0,0,0.0
903471,702158,PL,20,2031,ACTIVE,2025-02-12,2026-08-12,183000.0,18.81,152,5,56072.07
903472,702159,HL,14,2009,ACTIVE,2023-01-17,2028-08-17,9827000.0,9.92,13,2,378521.15
903473,702160,GL,19,2109,CLOSED,2023-05-29,2023-12-29,813800.0,8.93,0,0,0.0
903474,702160,HL,20,2065,ACTIVE,2023-08-26,2029-01-26,8288300.0,9.32,365,12,1859355.42
903475,702161,PL,11,2039,CLOSED,2022-06-10,2024-02-10,792100.0,15.74,0,0,0.0
903476,702162,CL,16,2078,CLOSED,2020-01-12,2021-04-12,81300.0,15.31,0,0,0.0
903477,702163,PL,1,2020,ACTIVE,2023-06-21,2024-09-21,1366600.0,17.87,41,2,200186.44
903478,702164,GL,16,2037,CLOSED,2025-06-28,2026-05-28,395100.0,11.64,0,0,0.0
903479,702164,CL,6,2053,CLOSED,2024-06-28,2025-02-28,16700.0,19.26,0,0,0.0
903480,702165,MFI,17,2028,CLOSED,2024-12-26,2025-07-26,85600.0,21.7,0,0,0.0
903481,702166,PL,24,2047,CLOSED,2022-08-30,2024-01-30,776800.0,17.97,0,0,0.0
903482,702166,AL,5,2099,CLOSED,2023-10-12,2025-04-12,2129200.0,11.96,0,0,0.0
903483,702167,GL,7,2112,CLOSED,2025-10-03,2026-09-03,853800.0,9.14,0,0,0.0
903484,702167,AL,7,2010,CLOSED,2025-05-05,2028-10-05,406300.0,11.31,0,0,0.0
903485,702168,TWL,14,2100,ACTIVE,2024-07-03,2026-06-03,74600.0,11.87,4,1,3606.69
903486,702168,GL,9,2001,CLOSED,2025-11-19,2026-05-19,856100.0,8.18,0,0,0.0
903487,702169,AL,22,2026,ACTIVE,2019-09-28,2023-04-28,2808700.0,9.0,23,1,76088.26
903488,702169,TWL,22,2019,CLOSED,2020-05-10,2021-10-10,247200.0,10.28,0,0,0.0
903489,702169,GL,21,2008,CLOSED,2022-04-14,2023-03-14,182200.0,7.0,0,0,0.0
903490,702170,CL,21,2066,CLOSED,2020-12-06,2022-01-06,219000.0,14.63,0,0,0.0
903491,702171,CL,3,2084,ACTIVE,2021-03-11,2022-06-11,476700.0,13.84,61,2,68395.8
903492,702171,BL,2,2104,CLOSED,2024-01-08,2026-05-08,2429500.0,15.64,0,0,0.0
903493,702172,EL,11,2064,ACTIVE,2020-11-27,2025-10-27,2085400.0,9.32,18,1,43854.51
903494,702173,GL,13,2054,CLOSED,2025-03-03,2026-02-03,11500.0,8.57,0,0,0.0
903495,702174,AL,21,2088,ACTIVE,2024-09-06,2028-06-06,2916100.0,10.47,42,1,77952.61
903496,702175,CL,23,2069,CLOSED,2021-01-28,2022-01-28,25300.0,15.47,0,0,0.0
903497,702176,MFI,8,2038,ACTIVE,2021-06-23,2022-03-23,96700.0,21.45,32,1,11521.46
903498,702177,PL,10,2095,ACTIVE,2024-01-10,2026-01-10,1306700.0,15.47,34,1,62839.58
903499,702178,GL,14,2050,CLOSED,2022-06-25,2023-02-25,1416800.0,7.62,0,0,0.0
903500,702178,PL,14,2050,ACTIVE,2020-03-22,2021-04-22,885300.0,12.19,83,2,143884.54
903501,702179,MFI,18,2077,CLOSED,2025-06-09,2026-01-09,34200.0,20.13,0,0,0.0
903502,702180,TWL,20,2080,CLOSED,2018-04-25,2019-04-25,120800.0,10.97,0,0,0.0
903503,702181,PL,1,2032,ACTIVE,2025-12-19,2027-05-19,443200.0,18.49,34,1,29380.47
903504,702181,BL,14,2043,CLOSED,2025-08-09,2030-02-09,291100.0,18.54,0,0,0.0
903505,702182,PL,12,2033,CLOSED,2021-09-07,2022-12-07,1097000.0,15.22,0,0,0.0
903506,702183,CL,20,2080,ACTIVE,2025-09-26,2026-10-26,10100.0,14.85,11,2,1660.86
903507,702183,CL,4,2090,ACTIVE,2023-03-28,2024-08-28,27700.0,14.34,290,9,15359.56
903508,702184,BL,16,2027,CLOSED,2024-12-24,2026-01-24,3267300.0,16.46,0,0,0.0
903509,702184,PL,17,2060,ACTIVE,2021-12-11,2023-10-11,197300.0,14.99,12,2,20244.69
903510,702185,EL,24,2016,ACTIVE,2018-08-01,2022-03-01,1512700.0,10.91,7,2,84170.66
903511,702186,PL,9,2001,ACTIVE,2025-02-12,2026-08-12,53500.0,20.03,24,1,3408.71
903512,702187,PL,13,2094,CLOSED,2019-12-21,2021-10-21,307300.0,20.6,0,0,0.0
903513,702188,CL,2,2062,CLOSED,2022-01-17,2023-01-17,305800.0,15.59,0,0,0.0
903514,702189,CL,10,2071,ACTIVE,2023-06-04,2024-10-04,37600.0,12.0,335,11,26486.35
903515,702190,BL,4,2085,ACTIVE,2025-06-21,2026-09-21,4242600.0,16.79,157,5,1513506.63
903516,702191,CL,16,2024,ACTIVE,2021-10-16,2023-02-16,234400.0,16.86,44,1,16232.49
903517,702191,GL,18,2040,CLOSED,2024-07-11,2025-02-11,942900.0,9.7,0,0,0.0
903518,702192,PL,6,2042,CLOSED,2022-07-16,2023-09-16,1361500.0,15.2,0,0,0.0
903519,702193,MFI,11,2039,CLOSED,2022-12-30,2023-08-30,28100.0,21.58,0,0,0.0
903520,702193,CL,11,2048,ACTIVE,2021-11-07,2022-05-07,73900.0,15.61,200,6,73900.0
903521,702194,PL,24,2016,CLOSED,2024-03-12,2026-03-12,580000.0,15.63,0,0,0.0
903522,702195,GL,20,2056,CLOSED,2025-03-05,2026-02-05,453700.0,9.55,0,0,0.0
903523,702196,CL,19,2111,ACTIVE,2018-03-20,2018-10-20,82300.0,16.69,219,7,82300.0
903524,702196,EL,19,2081,ACTIVE,2025-09-03,2030-03-03,814800.0,10.96,35,1,19008.26
903525,702197,GL,2,2062,CLOSED,2019-07-30,2020-06-30,185800.0,9.46,0,0,0.0
903526,702198,GL,10,2045,CLOSED,2021-04-02,2021-11-02,40000.0,8.49,0,0,0.0
903527,702199,CL,16,2078,CLOSED,2022-03-17,2023-02-17,74500.0,17.02,0,0,0.0
903528,702200,MFI,7,2087,CLOSED,2019-04-02,2020-02-02,81700.0,20.68,0,0,0.0
903529,702201,GL,22,2019,ACTIVE,2020-10-14,2021-06-14,1027100.0,7.69,50,1,131276.2
903530,702201,TWL,19,2002,CLOSED,2021-05-12,2023-03-12,49600.0,11.67,0,0,0.0
903531,702202,TWL,23,2005,CLOSED,2019-11-03,2021-07-03,68700.0,14.21,0,0,0.0
903532,702203,PL,23,2069,ACTIVE,2024-08-26,2025-08-26,319600.0,13.78,337,11,294607.18
903533,702204,MFI,21,2036,CLOSED,2021-01-21,2021-08-21,23600.0,20.84,0,0,0.0
903534,702204,EL,19,2081,CLOSED,2025-07-18,2029-03-18,80500.0,9.81,0,0,0.0
903535,702204,MFI,20,2080,ACTIVE,2020-04-17,2021-03-17,95200.0,21.17,121,4,36754.07
903536,702205,LAP,21,2113,CLOSED,2024-07-27,2026-12-27,1590000.0,10.83,0,0,0.0
903537,702205,MFI,21,2113,CLOSED,2023-06-30,2024-05-30,93100.0,20.89,0,0,0.0
903538,702206,CL,6,2042,CLOSED,2021-12-05,2023-04-05,126900.0,13.61,0,0,0.0
903539,702206,MFI,6,2044,ACTIVE,2024-02-25,2024-10-25,10500.0,19.36,50,1,1387.19
903540,702206,PL,6,2044,CLOSED,2023-02-05,2024-08-05,342500.0,13.64,0,0,0.0
903541,702207,MFI,11,2075,CLOSED,2023-07-20,2024-04-20,19400.0,21.02,0,0,0.0
903542,702208,PL,19,2002,ACTIVE,2021-04-09,2023-03-09,87200.0,15.74,10,1,4359.35
903543,702209,MFI,4,2025,CLOSED,2022-08-03,2023-05-03,44000.0,20.44,0,0,0.0
903544,702210,MFI,3,2110,CLOSED,2020-08-03,2021-04-03,47200.0,20.43,0,0,0.0
903545,702210,LAP,3,2021,ACTIVE,2025-04-05,2027-10-05,2119000.0,10.59,38,1,79998.93
903546,702211,GL,22,2026,ACTIVE,2021-07-11,2022-07-11,18500.0,8.3,99,3,4769.43
903547,702211,EL,7,2079,CLOSED,2021-12-17,2026-01-17,405900.0,9.49,0,0,0.0
903548,702211,PL,21,2008,CLOSED,2021-04-02,2022-10-02,1436700.0,14.37,0,0,0.0
903549,702211,PL,17,2055,CLOSED,2024-04-13,2025-11-13,315500.0,14.13,0,0,0.0
903550,702212,BL,4,2090,ACTIVE,2023-08-02,2026-12-02,3022300.0,15.18,5,1,95537.2
903551,702212,EL,1,2049,CLOSED,2025-08-22,2029-11-22,107100.0,9.08,0,0,0.0
903552,702213,AL,12,2017,CLOSED,2024-08-23,2028-05-23,1406400.0,10.49,0,0,0.0
903553,702213,HL,7,2079,ACTIVE,2024-12-26,2030-05-26,865000.0,9.33,28,1,16871.82
903554,702214,TWL,7,2112,CLOSED,2023-12-30,2025-09-30,149300.0,13.32,0,0,0.0
903555,702214,TWL,7,2087,CLOSED,2024-05-03,2025-05-03,165000.0,13.52,0,0,0.0
903556,702215,GL,7,2018,CLOSED,2025-03-26,2025-09-26,992500.0,9.74,0,0,0.0
903557,702216,TWL,7,2010,ACTIVE,2023-09-21,2024-12-21,289200.0,10.15,53,1,20437.38
903558,702217,GL,21,2113,CLOSED,2020-10-05,2021-10-05,105700.0,9.84,0,0,0.0
903559,702218,TWL,15,2012,ACTIVE,2023-12-07,2025-09-07,121500.0,13.13,43,1,6436.88
903560,702218,PL,7,2112,CLOSED,2025-08-09,2026-12-09,1493800.0,16.15,0,0,0.0
903561,702219,PL,15,2012,ACTIVE,2020-07-26,2022-04-26,638500.0,15.38,30,2,68427.84
903562,702220,EL,2,2105,ACTIVE,2019-05-11,2023-08-11,1713400.0,10.31,360,12,472793.07
903563,702220,PL,5,2003,ACTIVE,2020-03-13,2021-12-13,1062800.0,17.39,31,1,58219.73
903564,702221,MFI,3,2083,CLOSED,2025-01-07,2025-09-07,13500.0,23.83,0,0,0.0
903565,702221,GL,22,2022,ACTIVE,2024-11-21,2025-05-21,555700.0,10.64,55,1,94672.58
903566,702221,EL,21,2066,CLOSED,2025-07-28,2029-03-28,50000.0,11.81,0,0,0.0
903567,702222,PL,2,2059,CLOSED,2022-07-18,2024-04-18,310500.0,17.24,0,0,0.0
903568,702223,AL,16,2078,ACTIVE,2025-12-17,2028-10-17,2789800.0,11.13,30,1,95163.67
903569,702224,PL,17,2060,CLOSED,2023-08-24,2025-08-24,141200.0,14.78,0,0,0.0
903570,702225,CL,17,2028,ACTIVE,2021-10-19,2022-09-19,186000.0,15.03,33,1,17980.95
903571,702225,GL,15,2012,CLOSED,2025-06-16,2026-05-16,1554200.0,9.03,0,0,0.0
903572,702226,BL,24,2047,CLOSED,2025-03-31,2026-06-30,1137100.0,15.97,0,0,0.0
903573,702227,CL,7,2018,CLOSED,2020-03-25,2021-05-25,25200.0,13.96,0,0,0.0
903574,702228,MFI,18,2077,ACTIVE,2025-09-06,2026-07-06,37500.0,19.9,54,1,4033.58
903575,702229,CL,19,2002,CLOSED,2020-06-17,2021-10-17,288900.0,15.22,0,0,0.0
903576,702229,PL,19,2111,ACTIVE,2021-02-19,2022-10-19,94300.0,15.73,233,7,35831.62
903577,702230,MFI,22,2019,CLOSED,2025-04-15,2025-12-15,19500.0,20.84,0,0,0.0
903578,702231,GL,6,2092,CLOSED,2024-01-27,2024-10-27,1940200.0,9.02,0,0,0.0
903579,702232,GL,5,2003,ACTIVE,2025-03-12,2026-02-12,511500.0,9.78,36,1,48410.07
903580,702232,TWL,5,2003,ACTIVE,2025-10-06,2027-07-06,116000.0,14.39,252,8,47644.19
903581,702233,MFI,24,2047,CLOSED,2020-06-02,2021-06-02,8600.0,19.4,0,0,0.0
903582,702233,CL,24,2063,CLOSED,2022-01-18,2022-09-18,21000.0,13.33,0,0,0.0
903583,702234,EL,21,2008,CLOSED,2021-06-21,2023-11-21,1852500.0,10.65,0,0,0.0
903584,702234,GL,22,2019,CLOSED,2018-03-12,2019-01-12,312100.0,9.7,0,0,0.0
903585,702235,MFI,19,2116,CLOSED,2025-10-16,2026-07-16,78900.0,21.4,0,0,0.0
903586,702236,TWL,20,2080,CLOSED,2025-10-28,2027-06-28,222300.0,12.66,0,0,0.0
903587,702236,EL,2,2062,ACTIVE,2024-09-07,2029-07-07,1469200.0,9.52,115,3,93619.14
903588,702237,CL,10,2095,CLOSED,2025-01-18,2025-07-18,213900.0,17.58,0,0,0.0
903589,702237,LAP,1,2020,ACTIVE,2023-03-18,2028-04-18,5070900.0,13.15,2,1,113184.32
903590,702237,GL,16,2078,CLOSED,2019-10-02,2020-10-02,944100.0,10.53,0,0,0.0
903591,702237,TWL,14,2043,CLOSED,2018-02-07,2019-10-07,211900.0,15.75,0,0,0.0
903592,702238,HL,9,2006,ACTIVE,2025-07-18,2030-07-18,7072400.0,8.75,41,1,144898.22
903593,702239,PL,11,2030,CLOSED,2022-10-03,2023-12-03,256300.0,16.88,0,0,0.0
903594,702239,GL,24,2089,ACTIVE,2022-02-16,2022-10-16,1166700.0,8.99,249,8,1166700.0
903595,702240,GL,8,2114,CLOSED,2019-08-29,2020-03-29,159000.0,8.74,0,0,0.0
903596,702240,PL,15,2012,CLOSED,2025-12-02,2027-06-02,1250700.0,15.46,0,0,0.0
903597,702241,PL,15,2012,ACTIVE,2024-12-13,2025-12-13,1485000.0,16.31,34,1,133143.62
903598,702241,AL,24,2016,ACTIVE,2025-03-11,2027-09-11,1881000.0,11.2,38,1,71509.93
903599,702242,GL,5,2035,CLOSED,2025-06-20,2026-01-20,1760600.0,10.12,0,0,0.0
903600,702242,AL,17,2051,CLOSED,2025-10-13,2029-07-13,2232700.0,12.28,0,0,0.0
903601,702243,TWL,6,2092,CLOSED,2024-02-04,2025-10-04,37400.0,12.77,0,0,0.0
903602,702243,MFI,6,2092,ACTIVE,2023-08-14,2024-04-14,16400.0,20.53,50,1,2173.76
903603,702244,TWL,14,2082,ACTIVE,2025-04-05,2026-08-05,53600.0,12.93,61,2,7213.28
903604,702244,GL,23,2041,CLOSED,2025-10-16,2026-04-16,887500.0,8.51,0,0,0.0
903605,702244,CL,14,2050,CLOSED,2025-05-31,2025-12-31,116400.0,14.61,0,0,0.0
903606,702244,AL,14,2050,CLOSED,2025-11-26,2026-12-26,102100.0,10.57,0,0,0.0
903607,702245,PL,7,2018,CLOSED,2021-10-21,2022-11-21,193500.0,13.76,0,0,0.0
903608,702245,EL,7,2079,ACTIVE,2022-05-01,2024-11-01,1367300.0,9.09,77,2,101095.77
903609,702245,GL,20,2056,CLOSED,2021-11-20,2022-06-20,272400.0,8.31,0,0,0.0
903610,702245,HL,7,2112,ACTIVE,2024-12-28,2028-02-28,8596800.0,9.03,41,1,259011.79
903611,702246,GL,10,2045,CLOSED,2021-11-14,2022-05-14,154600.0,8.29,0,0,0.0
903612,702247,MFI,23,2069,CLOSED,2020-03-30,2020-12-30,66500.0,23.27,0,0,0.0
903613,702248,EL,22,2019,CLOSED,2024-04-30,2026-06-30,57700.0,9.27,0,0,0.0
903614,702249,CL,3,2021,CLOSED,2025-03-13,2026-04-13,205400.0,16.59,0,0,0.0
903615,702249,PL,1,2032,CLOSED,2024-07-06,2025-11-06,156500.0,18.53,0,0,0.0
903616,702250,LAP,20,2080,ACTIVE,2024-06-29,2026-10-29,743600.0,10.3,34,2,59215.32
903617,702250,MFI,20,2065,CLOSED,2024-07-06,2025-06-06,68400.0,20.12,0,0,0.0
903618,702251,TWL,10,2095,CLOSED,2025-06-05,2026-11-05,287600.0,12.11,0,0,0.0
903619,702251,AL,22,2093,CLOSED,2018-01-15,2021-03-15,322800.0,10.35,0,0,0.0
903620,702252,MFI,20,2056,ACTIVE,2022-05-28,2022-12-28,78600.0,20.16,30,2,23400.08
903621,702253,AL,22,2022,ACTIVE,2021-11-08,2024-12-08,1027000.0,11.29,39,3,97156.33
903622,702254,TWL,9,2001,ACTIVE,2025-07-28,2026-09-28,231600.0,12.38,154,5,86559.24
903623,702255,MFI,10,2101,ACTIVE,2019-10-07,2020-08-07,24100.0,22.59,43,1,2617.23
903624,702255,TWL,10,2101,ACTIVE,2020-02-06,2021-06-06,130900.0,15.06,96,3,26573.76
903625,702255,AL,9,2057,ACTIVE,2024-01-22,2026-01-22,908500.0,12.01,18,1,42346.67
903626,702256,MFI,20,2056,CLOSED,2023-05-18,2024-01-18,69400.0,21.52,0,0,0.0
903627,702257,MFI,17,2055,CLOSED,2025-03-10,2026-02-10,48400.0,18.0,0,0,0.0
903628,702258,PL,5,2014,ACTIVE,2024-09-06,2025-12-06,446200.0,16.35,95,3,96629.08
903629,702259,MFI,20,2080,CLOSED,2022-11-06,2023-08-06,15200.0,22.72,0,0,0.0
903630,702259,PL,20,2080,CLOSED,2019-10-17,2021-06-17,440100.0,18.4,0,0,0.0
903631,702260,MFI,25,2061,CLOSED,2025-07-30,2026-03-30,6200.0,21.44,0,0,0.0
903632,702261,PL,8,2114,CLOSED,2023-12-31,2025-12-31,133800.0,12.77,0,0,0.0
903633,702262,TWL,13,2054,CLOSED,2018-02-08,2020-02-08,84400.0,14.02,0,0,0.0
903634,702263,AL,17,2055,ACTIVE,2018-10-29,2020-04-29,2893500.0,12.85,352,11,1833654.66
903635,702263,GL,13,2007,CLOSED,2019-06-06,2020-04-06,316500.0,10.79,0,0,0.0
903636,702264,PL,25,2011,CLOSED,2024-06-27,2025-08-27,259900.0,12.78,0,0,0.0
903637,702265,CL,8,2076,CLOSED,2024-09-01,2025-03-01,165000.0,14.8,0,0,0.0
903638,702266,TWL,6,2092,CLOSED,2020-10-29,2022-10-29,56100.0,13.91,0,0,0.0
903639,702266,EL,5,2014,CLOSED,2024-02-20,2028-03-20,1644700.0,10.5,0,0,0.0
903640,702267,PL,23,2005,CLOSED,2023-01-21,2024-04-21,1005600.0,14.56,0,0,0.0
903641,702268,CL,23,2023,ACTIVE,2020-12-21,2021-11-21,63100.0,16.47,3,1,6135.27
903642,702268,TWL,23,2005,CLOSED,2022-10-23,2023-12-23,170500.0,14.16,0,0,0.0
903643,702268,EL,21,2066,CLOSED,2022-02-10,2026-05-10,339700.0,10.72,0,0,0.0
903644,702268,AL,23,2041,CLOSED,2020-02-09,2023-05-09,885100.0,11.82,0,0,0.0
903645,702269,TWL,21,2066,CLOSED,2024-10-20,2025-11-20,136500.0,14.42,0,0,0.0
903646,702270,BL,10,2071,CLOSED,2025-07-11,2027-09-11,177300.0,15.72,0,0,0.0
903647,702271,CL,1,2049,CLOSED,2024-01-19,2025-07-19,131600.0,15.82,0,0,0.0
903648,702271,GL,2,2105,CLOSED,2024-07-26,2025-07-26,1435900.0,9.56,0,0,0.0
903649,702272,HL,17,2055,CLOSED,2022-04-03,2026-01-03,9721500.0,8.92,0,0,0.0
903650,702273,GL,8,2034,CLOSED,2023-12-19,2024-08-19,1992100.0,9.17,0,0,0.0
903651,702274,EL,9,2046,CLOSED,2024-02-15,2028-06-15,2018300.0,9.0,0,0,0.0
903652,702274,GL,9,2001,CLOSED,2018-12-10,2019-11-10,84000.0,8.11,0,0,0.0
903653,702275,PL,17,2055,CLOSED,2025-06-06,2026-11-06,655400.0,15.54,0,0,0.0
903654,702276,MFI,22,2093,ACTIVE,2024-01-10,2024-12-10,8200.0,23.75,46,1,820.62
903655,702277,LAP,7,2018,ACTIVE,2022-07-04,2028-11-04,14578300.0,10.44,5,1,260708.81
903656,702278,GL,22,2093,ACTIVE,2025-09-19,2026-06-19,217100.0,10.18,38,1,24945.31
903657,702279,HL,19,2111,CLOSED,2025-06-10,2030-08-10,5539400.0,9.98,0,0,0.0
903658,702279,PL,6,2053,CLOSED,2020-02-29,2021-02-28,387600.0,16.93,0,0,0.0
903659,702279,BL,6,2042,CLOSED,2023-12-17,2025-02-17,312900.0,17.55,0,0,0.0
903660,702280,CL,23,2069,CLOSED,2020-05-20,2021-02-20,308600.0,14.17,0,0,0.0
903661,702280,EL,6,2092,ACTIVE,2025-01-15,2029-06-15,1419700.0,9.01,140,4,127863.99
903662,702280,GL,5,2014,CLOSED,2018-10-13,2019-09-13,362100.0,8.02,0,0,0.0
903663,702281,AL,15,2073,CLOSED,2024-12-30,2027-05-30,100400.0,10.77,0,0,0.0
903664,702281,GL,2,2105,ACTIVE,2023-10-11,2024-04-11,1124600.0,8.85,121,4,755228.64
903665,702282,EL,24,2047,ACTIVE,2023-08-28,2028-06-28,193400.0,8.61,45,1,4058.94
903666,702282,GL,24,2047,CLOSED,2023-01-25,2023-12-25,1969600.0,7.76,0,0,0.0
903667,702283,MFI,14,2119,CLOSED,2021-07-07,2022-02-07,88900.0,21.68,0,0,0.0
903668,702283,BL,14,2100,ACTIVE,2018-02-08,2021-08-08,756500.0,17.42,7,2,47334.54
903669,702284,PL,12,2033,CLOSED,2025-12-29,2027-08-29,883700.0,20.41,0,0,0.0
903670,702285,CL,17,2058,CLOSED,2018-09-22,2020-02-22,210900.0,15.55,0,0,0.0
903671,702286,MFI,4,2085,CLOSED,2024-03-02,2024-09-02,10900.0,20.24,0,0,0.0
903672,702287,PL,5,2099,ACTIVE,2021-04-21,2023-01-21,230700.0,16.52,158,5,61079.59
903673,702287,GL,18,2077,CLOSED,2021-10-28,2022-07-28,1035600.0,9.07,0,0,0.0
903674,702288,EL,12,2096,ACTIVE,2024-06-02,2027-10-02,783300.0,9.97,258,8,178053.62
903675,702288,TWL,16,2037,ACTIVE,2022-02-18,2023-06-18,64500.0,13.6,31,1,4380.88
903676,702288,CL,16,2078,CLOSED,2021-11-18,2022-12-18,12000.0,15.45,0,0,0.0
903677,702288,CL,18,2040,ACTIVE,2018-08-17,2019-06-17,493200.0,15.87,65,2,103890.74
903678,702289,GL,5,2099,CLOSED,2025-03-24,2025-10-24,994500.0,10.09,0,0,0.0
903679,702290,TWL,7,2079,CLOSED,2025-08-15,2027-08-15,172100.0,10.96,0,0,0.0
903680,702290,GL,7,2087,ACTIVE,2023-04-29,2023-11-29,14000.0,7.78,1,3,6077.63
903681,702291,GL,17,2058,ACTIVE,2025-11-04,2026-08-04,332500.0,9.25,271,9,332500.0
903682,702291,CL,18,2103,ACTIVE,2022-04-05,2023-07-05,285600.0,15.17,272,9,177772.99
903683,702292,AL,12,2096,CLOSED,2025-06-12,2029-05-12,834400.0,10.27,0,0,0.0
903684,702293,MFI,19,2002,ACTIVE,2022-06-19,2022-12-19,39100.0,20.82,189,6,39100.0
903685,702293,PL,4,2085,CLOSED,2024-02-16,2025-03-16,490500.0,15.39,0,0,0.0
903686,702294,AL,9,2057,CLOSED,2023-05-21,2025-10-21,1037200.0,11.84,0,0,0.0
903687,702295,MFI,25,2011,ACTIVE,2022-04-11,2022-10-11,6300.0,22.48,29,1,1099.32
903688,702295,TWL,25,2068,ACTIVE,2023-02-08,2024-04-08,122200.0,14.44,64,2,18734.63
903689,702296,BL,3,2083,CLOSED,2025-10-22,2026-10-22,2367900.0,17.22,0,0,0.0
903690,702296,AL,1,2049,ACTIVE,2025-11-26,2028-04-26,2478000.0,11.43,365,12,1108529.02
903691,702296,MFI,3,2083,ACTIVE,2024-08-25,2025-08-25,28900.0,21.34,197,6,15213.42
903692,702297,TWL,2,2108,ACTIVE,2024-01-03,2025-03-03,175200.0,12.65,29,1,13385.07
903693,702297,AL,19,2002,CLOSED,2021-06-15,2022-08-15,1611100.0,10.93,0,0,0.0
903694,702298,AL,2,2059,ACTIVE,2018-03-06,2019-09-06,2411200.0,11.37,127,4,571734.19
903695,702299,MFI,15,2074,ACTIVE,2021-02-02,2021-09-02,89500.0,22.79,33,1,13518.53
903696,702300,CL,24,2016,CLOSED,2022-03-23,2022-10-23,28600.0,16.14,0,0,0.0
903697,702301,PL,19,2081,ACTIVE,2018-06-09,2019-07-09,1458000.0,16.86,85,2,241874.25
903698,702302,MFI,23,2023,CLOSED,2023-08-26,2024-05-26,72000.0,21.94,0,0,0.0
903699,702303,TWL,20,2056,CLOSED,2024-12-06,2026-11-06,39600.0,14.03,0,0,0.0
903700,702303,BL,25,2013,CLOSED,2024-03-31,2025-11-30,1610900.0,17.79,0,0,0.0
903701,702303,PL,12,2096,ACTIVE,2025-05-14,2027-02-14,895300.0,17.13,30,1,48944.97
903702,702304,CL,4,2025,CLOSED,2023-10-21,2024-05-21,324000.0,12.41,0,0,0.0
903703,702305,GL,15,2015,ACTIVE,2021-08-06,2022-08-06,1603800.0,8.38,45,1,138824.53
903704,702305,GL,19,2109,CLOSED,2019-06-13,2020-04-13,1349600.0,8.7,0,0,0.0
903705,702306,AL,9,2001,CLOSED,2025-04-26,2029-03-26,286200.0,11.69,0,0,0.0
903706,702306,LAP,4,2091,CLOSED,2023-08-08,2028-11-08,6753000.0,11.93,0,0,0.0
903707,702307,PL,3,2083,CLOSED,2023-03-15,2024-03-15,496900.0,15.85,0,0,0.0
903708,702307,CL,2,2062,CLOSED,2024-03-27,2025-01-27,151300.0,15.11,0,0,0.0
903709,702308,PL,17,2060,ACTIVE,2021-07-25,2022-09-25,465200.0,12.9,43,1,35587.11
903710,702309,CL,5,2102,CLOSED,2020-10-01,2022-04-01,390700.0,14.33,0,0,0.0
903711,702309,TWL,6,2044,CLOSED,2018-12-21,2020-01-21,151700.0,12.26,0,0,0.0
903712,702310,MFI,1,2004,CLOSED,2025-09-07,2026-06-07,23400.0,21.11,0,0,0.0
903713,702310,BL,2,2108,CLOSED,2024-11-30,2029-07-30,2719500.0,16.92,0,0,0.0
903714,702311,AL,11,2048,CLOSED,2024-04-30,2026-06-30,105800.0,11.74,0,0,0.0
903715,702312,PL,7,2079,CLOSED,2019-09-14,2021-01-14,280800.0,19.51,0,0,0.0
903716,702313,TWL,10,2095,ACTIVE,2022-03-28,2024-03-28,62600.0,13.29,127,4,11615.24
903717,702314,GL,1,2049,CLOSED,2021-09-12,2022-03-12,894300.0,8.78,0,0,0.0
903718,702314,MFI,20,2031,CLOSED,2020-07-26,2021-05-26,49800.0,21.15,0,0,0.0
903719,702315,EL,1,2020,CLOSED,2021-06-19,2023-10-19,1832100.0,10.94,0,0,0.0
903720,702316,GL,22,2022,ACTIVE,2018-03-27,2019-01-27,972700.0,10.13,322,10,972700.0
903721,702316,BL,21,2113,ACTIVE,2022-07-12,2024-09-12,2600200.0,18.56,5,2,238886.0
903722,702317,GL,5,2035,CLOSED,2023-05-20,2024-03-20,551700.0,8.82,0,0,0.0
903723,702318,CL,6,2092,ACTIVE,2022-10-17,2023-05-17,72100.0,16.53,19,2,21309.28
903724,702318,PL,9,2001,CLOSED,2021-10-15,2023-06-15,581800.0,18.53,0,0,0.0
903725,702319,GL,1,2032,CLOSED,2021-01-09,2021-10-09,1402600.0,10.38,0,0,0.0
903726,702320,AL,17,2028,ACTIVE,2024-12-30,2027-04-30,1889500.0,12.41,34,1,77270.13
903727,702320,CL,17,2028,CLOSED,2025-07-28,2026-08-28,303200.0,16.98,0,0,0.0
903728,702321,LAP,22,2019,CLOSED,2018-07-27,2023-09-27,4002200.0,11.33,0,0,0.0
903729,702322,HL,16,2027,CLOSED,2024-12-07,2030-09-07,5634400.0,8.87,0,0,0.0
903730,702323,MFI,7,2010,CLOSED,2025-01-16,2025-10-16,29300.0,20.45,0,0,0.0
903731,702323,AL,5,2035,ACTIVE,2021-12-13,2024-09-13,230700.0,10.56,83,2,15960.12
903732,702324,PL,18,2098,CLOSED,2025-06-18,2026-11-18,499200.0,13.78,0,0,0.0
903733,702325,BL,25,2061,CLOSED,2025-03-12,2027-04-12,2761200.0,15.2,0,0,0.0
903734,702325,BL,25,2061,CLOSED,2025-11-18,2029-09-18,2903400.0,14.82,0,0,0.0
903735,702326,AL,15,2074,ACTIVE,2022-11-12,2026-07-12,2337400.0,9.98,184,6,371037.49
903736,702327,GL,12,2033,CLOSED,2023-10-14,2024-05-14,112500.0,8.87,0,0,0.0
903737,702327,HL,14,2050,ACTIVE,2024-11-14,2031-04-14,3935200.0,9.87,52,1,68625.52
903738,702328,MFI,22,2093,CLOSED,2023-02-24,2023-09-24,63100.0,18.1,0,0,0.0
903739,702328,CL,21,2036,ACTIVE,2020-09-05,2021-06-05,64000.0,12.28,43,1,7404.13
903740,702328,MFI,21,2066,ACTIVE,2022-05-08,2023-05-08,47800.0,18.57,46,1,4328.3
903741,702329,PL,15,2073,CLOSED,2022-07-03,2023-07-03,1005400.0,19.1,0,0,0.0
903742,702330,CL,11,2030,CLOSED,2025-01-18,2026-06-18,77300.0,12.72,0,0,0.0
903743,702331,TWL,3,2117,CLOSED,2025-08-22,2027-05-22,274300.0,14.66,0,0,0.0
903744,702331,CL,17,2055,CLOSED,2024-08-07,2026-02-07,130900.0,16.77,0,0,0.0
903745,702331,BL,16,2024,CLOSED,2024-12-20,2029-03-20,4133200.0,19.05,0,0,0.0
903746,702332,GL,23,2023,ACTIVE,2025-03-31,2025-12-31,893800.0,8.08,41,1,101997.72
903747,702332,GL,23,2069,CLOSED,2023-12-11,2024-09-11,1946300.0,8.01,0,0,0.0
903748,702333,LAP,7,2010,CLOSED,2018-01-10,2021-12-10,1321000.0,12.32,0,0,0.0
903749,702334,TWL,15,2073,CLOSED,2022-10-13,2023-12-13,191600.0,12.34,0,0,0.0
903750,702334,TWL,22,2022,ACTIVE,2020-03-26,2021-12-26,66800.0,12.34,53,1,3516.87
903751,702335,CL,24,2089,CLOSED,2018-06-23,2019-01-23,37200.0,16.5,0,0,0.0
903752,702336,LAP,17,2028,ACTIVE,2024-12-03,2031-05-03,1119800.0,13.39,221,7,145678.81
903753,702336,CL,25,2061,CLOSED,2019-07-27,2020-11-27,272800.0,17.87,0,0,0.0
903754,702336,AL,25,2061,ACTIVE,2018-05-16,2021-11-16,522000.0,12.52,43,1,15254.46
903755,702337,GL,11,2039,CLOSED,2025-09-07,2026-08-07,171700.0,9.24,0,0,0.0
903756,702338,MFI,20,2031,CLOSED,2020-01-14,2020-08-14,20100.0,24.41,0,0,0.0
903757,702339,GL,18,2120,ACTIVE,2023-10-18,2024-04-18,455700.0,9.15,205,6,455700.0
903758,702339,EL,16,2024,CLOSED,2019-01-12,2023-06-12,2780000.0,10.48,0,0,0.0
903759,702340,PL,19,2002,CLOSED,2019-05-11,2020-08-11,863700.0,13.75,0,0,0.0
903760,702341,BL,4,2025,CLOSED,2018-07-07,2022-01-07,2178400.0,16.7,0,0,0.0
903761,702341,GL,1,2032,CLOSED,2020-10-17,2021-05-17,564200.0,8.7,0,0,0.0
903762,702341,BL,4,2091,CLOSED,2021-11-29,2022-12-29,475100.0,17.23,0,0,0.0
903763,702342,AL,3,2067,ACTIVE,2021-12-20,2022-12-20,754200.0,9.42,22,2,130665.19
903764,702342,HL,8,2076,CLOSED,2021-12-28,2027-03-28,3676900.0,8.72,0,0,0.0
903765,702343,LAP,19,2109,CLOSED,2020-03-09,2022-07-09,6387800.0,11.04,0,0,0.0
903766,702344,AL,16,2037,ACTIVE,2018-09-06,2022-02-06,954200.0,10.92,73,2,55222.38
903767,702344,HL,12,2072,CLOSED,2023-05-21,2026-05-21,576000.0,9.51,0,0,0.0
903768,702345,CL,5,2003,CLOSED,2024-03-04,2025-09-04,106200.0,15.42,0,0,0.0
903769,702346,AL,16,2078,CLOSED,2022-02-05,2023-09-05,207100.0,10.43,0,0,0.0
903770,702347,HL,19,2081,CLOSED,2025-01-13,2031-10-13,1361100.0,10.43,0,0,0.0
903771,702347,GL,20,2065,ACTIVE,2025-08-27,2026-07-27,79600.0,9.89,202,6,44307.74
903772,702347,CL,19,2002,CLOSED,2024-01-12,2025-01-12,188500.0,16.73,0,0,0.0
903773,702348,MFI,20,2080,CLOSED,2024-09-26,2025-08-26,26400.0,21.19,0,0,0.0
903774,702349,GL,2,2106,ACTIVE,2024-02-14,2024-08-14,346900.0,7.76,11,2,117127.2
903775,702350,PL,8,2114,ACTIVE,2023-02-08,2025-02-08,1314500.0,12.79,40,1,61706.46
903776,702351,AL,8,2038,CLOSED,2025-10-04,2027-02-04,337000.0,10.74,0,0,0.0
903777,702352,PL,12,2086,ACTIVE,2022-01-15,2023-04-15,1092700.0,18.31,219,7,540858.97
903778,702352,PL,9,2057,CLOSED,2024-02-15,2025-11-15,1004700.0,18.16,0,0,0.0
903779,702353,PL,10,2045,CLOSED,2023-09-28,2024-10-28,1066400.0,14.99,0,0,0.0
903780,702354,EL,13,2054,CLOSED,2025-10-07,2029-09-07,681100.0,8.83,0,0,0.0
903781,702355,CL,3,2084,CLOSED,2025-07-19,2026-03-19,345600.0,14.41,0,0,0.0
903782,702356,LAP,20,2065,CLOSED,2018-12-22,2021-06-22,3984600.0,11.03,0,0,0.0
903783,702357,PL,10,2045,ACTIVE,2021-08-14,2022-10-14,522600.0,13.74,38,1,40153.45
903784,702358,AL,14,2050,CLOSED,2019-11-14,2022-06-14,1306800.0,9.56,0,0,0.0
903785,702359,PL,3,2052,CLOSED,2020-09-14,2022-02-14,109100.0,21.44,0,0,0.0
903786,702360,CL,21,2036,CLOSED,2020-11-13,2021-07-13,283400.0,13.28,0,0,0.0
903787,702360,TWL,9,2001,CLOSED,2019-09-11,2021-04-11,203200.0,11.3,0,0,0.0
903788,702361,BL,21,2088,CLOSED,2023-09-01,2027-08-01,4856500.0,16.23,0,0,0.0
903789,702362,AL,22,2093,CLOSED,2025-11-12,2029-11-12,407500.0,11.77,0,0,0.0
903790,702363,GL,3,2021,CLOSED,2019-03-29,2019-11-29,1865900.0,8.73,0,0,0.0
903791,702364,PL,16,2078,CLOSED,2025-03-21,2026-09-21,744700.0,17.09,0,0,0.0
903792,702364,PL,1,2020,CLOSED,2019-02-19,2020-10-19,153100.0,17.04,0,0,0.0
903793,702365,PL,3,2097,CLOSED,2018-07-06,2020-07-06,905400.0,15.45,0,0,0.0
903794,702365,PL,4,2115,CLOSED,2019-12-22,2021-12-22,418400.0,15.1,0,0,0.0
903795,702365,TWL,15,2074,CLOSED,2022-10-24,2024-01-24,262700.0,12.84,0,0,0.0
903796,702366,EL,1,2020,ACTIVE,2021-02-24,2026-01-24,224900.0,9.46,24,1,4744.16
903797,702367,TWL,18,2040,CLOSED,2020-08-24,2022-07-24,87300.0,14.89,0,0,0.0
903798,702368,PL,9,2046,CLOSED,2018-08-04,2019-10-04,236800.0,14.42,0,0,0.0
903799,702368,EL,18,2040,CLOSED,2018-01-03,2021-02-03,2549400.0,9.34,0,0,0.0
903800,702369,TWL,9,2006,CLOSED,2021-09-14,2023-07-14,39800.0,12.74,0,0,0.0
903801,702370,PL,5,2102,CLOSED,2025-03-02,2026-07-02,405100.0,13.12,0,0,0.0
903802,702371,HL,21,2088,CLOSED,2021-02-03,2026-10-03,7151500.0,8.82,0,0,0.0
903803,702372,AL,16,2024,ACTIVE,2024-01-29,2026-07-29,2159200.0,12.25,35,1,83071.78
903804,702373,AL,8,2038,CLOSED,2024-07-11,2028-07-11,450000.0,10.75,0,0,0.0
903805,702374,GL,21,2113,CLOSED,2020-03-30,2021-01-30,447900.0,8.95,0,0,0.0
903806,702375,PL,16,2078,CLOSED,2025-02-20,2026-06-20,200400.0,14.32,0,0,0.0
903807,702376,PL,17,2055,ACTIVE,2019-11-26,2021-11-26,746500.0,15.44,3,3,106307.3
903808,702377,BL,25,2013,ACTIVE,2025-08-14,2027-03-14,1150300.0,16.54,5,1,68287.9
903809,702377,BL,22,2026,ACTIVE,2019-11-30,2024-07-30,1154500.0,16.16,40,1,29097.94
903810,702378,AL,24,2063,ACTIVE,2025-09-22,2028-03-22,431100.0,11.57,36,1,16458.31
903811,702378,AL,14,2119,CLOSED,2023-06-21,2027-02-21,783300.0,11.6,0,0,0.0
903812,702379,GL,24,2016,ACTIVE,2023-02-05,2023-09-05,1473600.0,9.73,41,1,215648.55
903813,702379,HL,10,2095,CLOSED,2022-12-23,2029-11-23,5402000.0,10.25,0,0,0.0
903814,702380,GL,1,2049,CLOSED,2018-05-28,2019-03-28,175500.0,9.46,0,0,0.0
903815,702381,MFI,19,2111,CLOSED,2024-12-06,2025-10-06,9800.0,22.7,0,0,0.0
903816,702381,TWL,19,2081,CLOSED,2020-10-20,2022-06-20,154400.0,14.73,0,0,0.0
903817,702382,GL,21,2066,CLOSED,2020-03-19,2020-09-19,328600.0,9.67,0,0,0.0
903818,702383,PL,4,2025,CLOSED,2024-05-30,2025-08-30,522800.0,15.24,0,0,0.0
903819,702383,AL,5,2014,CLOSED,2025-09-27,2027-02-27,1138300.0,10.68,0,0,0.0
903820,702383,GL,9,2006,ACTIVE,2023-08-09,2024-03-09,142600.0,8.32,142,4,82329.23
903821,702383,EL,3,2083,ACTIVE,2024-05-02,2026-06-02,2345200.0,9.82,35,1,103267.65
903822,702384,CL,24,2089,ACTIVE,2020-11-08,2021-10-08,377600.0,17.34,31,1,36842.21
903823,702384,MFI,7,2112,CLOSED,2019-05-17,2020-04-17,19000.0,22.91,0,0,0.0
903824,702385,GL,21,2008,ACTIVE,2021-10-02,2022-08-02,1012000.0,9.61,25,1,104870.92
903825,702386,MFI,5,2099,CLOSED,2020-11-03,2021-09-03,32400.0,20.11,0,0,0.0
903826,702387,PL,16,2027,CLOSED,2025-07-24,2027-07-24,56400.0,16.74,0,0,0.0
903827,702388,CL,17,2051,ACTIVE,2021-04-10,2022-09-10,360100.0,15.29,33,1,23395.29
903828,702388,AL,25,2061,CLOSED,2022-08-21,2024-01-21,505000.0,10.77,0,0,0.0
903829,702389,CL,15,2073,ACTIVE,2025-09-26,2027-03-26,342500.0,16.47,36,1,21311.98
903830,702390,GL,9,2001,ACTIVE,2018-06-04,2019-02-04,1343200.0,9.76,36,1,172698.6
903831,702391,PL,10,2095,CLOSED,2023-03-17,2025-02-17,1235200.0,16.65,0,0,0.0
903832,702392,BL,22,2026,ACTIVE,2025-06-29,2028-04-29,1754000.0,14.93,39,2,124829.82
903833,702392,GL,22,2093,CLOSED,2025-12-11,2026-08-11,361000.0,7.71,0,0,0.0
903834,702393,AL,17,2055,CLOSED,2025-10-23,2029-01-23,304000.0,10.39,0,0,0.0
903835,702393,MFI,18,2103,ACTIVE,2022-06-13,2023-06-13,10000.0,20.46,3,2,1810.66
903836,702393,EL,17,2051,ACTIVE,2018-03-07,2021-11-07,334000.0,9.37,355,11,94501.28
903837,702394,PL,20,2065,CLOSED,2024-10-14,2026-02-14,51600.0,19.36,0,0,0.0
903838,702395,GL,15,2074,CLOSED,2025-09-20,2026-03-20,1370700.0,8.57,0,0,0.0
903839,702396,GL,2,2106,CLOSED,2023-01-21,2023-08-21,1278200.0,8.13,0,0,0.0
903840,702397,AL,12,2086,CLOSED,2025-07-19,2027-02-19,162400.0,10.36,0,0,0.0
903841,702398,AL,21,2008,ACTIVE,2020-08-25,2023-07-25,2427600.0,12.11,191,6,478988.15
903842,702399,PL,8,2038,CLOSED,2024-02-24,2025-09-24,1005500.0,16.07,0,0,0.0
903843,702400,EL,6,2092,CLOSED,2024-02-01,2028-09-01,447200.0,8.42,0,0,0.0
903844,702400,TWL,24,2047,ACTIVE,2020-06-09,2022-02-09,276700.0,10.03,31,1,14956.17
903845,702401,AL,10,2045,CLOSED,2020-01-07,2022-08-07,631400.0,11.64,0,0,0.0
903846,702401,AL,9,2001,CLOSED,2019-02-08,2020-09-08,2374100.0,11.33,0,0,0.0
903847,702402,LAP,21,2066,CLOSED,2021-10-22,2025-03-22,1780700.0,10.72,0,0,0.0
903848,702403,AL,9,2046,ACTIVE,2024-03-02,2025-05-02,1908000.0,12.26,198,6,851060.84
903849,702404,AL,9,2057,CLOSED,2020-06-13,2023-01-13,2474600.0,11.49,0,0,0.0
903850,702404,TWL,9,2057,CLOSED,2020-10-06,2022-07-06,117800.0,14.14,0,0,0.0
903851,702405,PL,21,2008,CLOSED,2022-03-14,2023-09-14,800700.0,18.71,0,0,0.0
903852,702405,AL,21,2008,CLOSED,2025-12-21,2029-11-21,2454000.0,11.99,0,0,0.0
903853,702405,GL,21,2008,CLOSED,2021-09-19,2022-03-19,237800.0,9.74,0,0,0.0
903854,702406,PL,3,2097,CLOSED,2022-06-17,2023-07-17,1127500.0,16.61,0,0,0.0
903855,702406,AL,25,2011,ACTIVE,2021-04-08,2025-04-08,245200.0,11.36,45,1,6320.44
903856,702407,MFI,6,2044,ACTIVE,2025-01-25,2025-12-25,28200.0,19.91,33,1,2779.72
903857,702408,TWL,19,2109,CLOSED,2024-07-20,2026-03-20,70500.0,14.6,0,0,0.0
903858,702409,GL,9,2046,CLOSED,2019-03-15,2019-10-15,95300.0,7.91,0,0,0.0
903859,702409,CL,8,2076,CLOSED,2020-09-03,2022-01-03,188200.0,13.36,0,0,0.0
903860,702410,TWL,23,2041,CLOSED,2025-02-18,2026-02-18,276500.0,14.02,0,0,0.0
903861,702410,AL,13,2007,CLOSED,2023-08-10,2027-08-10,2012700.0,11.41,0,0,0.0
903862,702410,GL,13,2007,CLOSED,2021-01-30,2021-09-30,1947800.0,9.6,0,0,0.0
903863,702411,PL,3,2084,CLOSED,2020-12-27,2022-07-27,256700.0,17.06,0,0,0.0
903864,702412,GL,24,2089,CLOSED,2025-11-18,2026-05-18,307000.0,9.8,0,0,0.0
903865,702412,EL,24,2063,ACTIVE,2024-09-12,2029-04-12,296500.0,10.38,37,1,6739.13
903866,702413,TWL,13,2029,CLOSED,2019-12-11,2021-07-11,191200.0,15.72,0,0,0.0
903867,702414,EL,1,2049,CLOSED,2018-04-07,2023-03-07,2710000.0,9.66,0,0,0.0
903868,702415,EL,1,2020,CLOSED,2020-04-12,2024-01-12,950800.0,8.6,0,0,0.0
903869,702416,CL,11,2039,CLOSED,2020-10-24,2021-04-24,10400.0,13.16,0,0,0.0
903870,702417,MFI,10,2095,ACTIVE,2025-12-26,2026-06-26,12300.0,21.38,16,1,2141.56
903871,702418,PL,1,2020,CLOSED,2019-10-30,2021-09-30,492100.0,13.32,0,0,0.0
903872,702419,PL,3,2097,ACTIVE,2022-12-19,2024-03-19,92200.0,13.39,202,6,38730.77
903873,702420,LAP,11,2048,ACTIVE,2020-12-23,2024-01-23,2358300.0,11.39,280,9,651628.98
903874,702420,PL,1,2004,ACTIVE,2019-07-15,2021-01-15,601400.0,16.54,9,2,74369.96
903875,702421,HL,6,2044,CLOSED,2023-07-13,2030-05-13,4627300.0,9.28,0,0,0.0
903876,702421,CL,13,2007,CLOSED,2024-06-04,2025-03-04,11300.0,15.07,0,0,0.0
903877,702422,MFI,20,2056,CLOSED,2022-12-26,2023-12-26,55200.0,21.42,0,0,0.0
903878,702423,GL,1,2020,ACTIVE,2025-10-06,2026-08-06,195100.0,8.85,233,7,138067.75
903879,702423,TWL,4,2115,CLOSED,2024-04-12,2025-12-12,48200.0,12.89,0,0,0.0
903880,702424,CL,24,2089,CLOSED,2023-07-21,2025-01-21,69900.0,16.63,0,0,0.0
903881,702424,AL,24,2047,CLOSED,2018-07-03,2020-02-03,127600.0,12.26,0,0,0.0
903882,702425,CL,8,2114,CLOSED,2024-07-02,2025-08-02,81100.0,12.47,0,0,0.0
903883,702426,PL,24,2089,CLOSED,2025-02-02,2026-02-02,72600.0,17.84,0,0,0.0
903884,702426,AL,24,2089,CLOSED,2024-01-12,2026-08-12,2948300.0,11.44,0,0,0.0
903885,702426,CL,3,2021,CLOSED,2025-03-13,2025-10-13,443100.0,16.31,0,0,0.0
903886,702426,GL,24,2063,CLOSED,2025-08-19,2026-02-19,835100.0,9.57,0,0,0.0
903887,702427,GL,18,2120,ACTIVE,2024-04-06,2025-02-06,311900.0,9.63,313,10,311900.0
903888,702428,PL,6,2044,CLOSED,2022-06-30,2024-01-30,1116200.0,14.28,0,0,0.0
903889,702428,GL,24,2063,CLOSED,2024-11-25,2025-11-25,1249600.0,7.99,0,0,0.0
903890,702429,PL,19,2081,CLOSED,2024-06-20,2025-11-20,436500.0,15.65,0,0,0.0
903891,702430,LAP,3,2117,CLOSED,2019-11-29,2024-11-29,5868000.0,13.06,0,0,0.0
903892,702431,TWL,12,2017,CLOSED,2021-04-20,2023-03-20,89800.0,14.51,0,0,0.0
903893,702432,AL,6,2092,CLOSED,2022-12-23,2023-12-23,1686400.0,11.61,0,0,0.0
903894,702433,CL,8,2114,CLOSED,2023-04-20,2023-10-20,455400.0,15.77,0,0,0.0
903895,702434,PL,9,2046,CLOSED,2024-05-14,2026-02-14,1324400.0,15.34,0,0,0.0
903896,702435,PL,11,2064,CLOSED,2022-11-30,2024-02-29,1379600.0,13.7,0,0,0.0
903897,702436,EL,6,2044,CLOSED,2019-09-30,2022-12-30,709300.0,10.18,0,0,0.0
903898,702436,BL,19,2116,CLOSED,2025-10-19,2030-04-19,3187700.0,17.18,0,0,0.0
903899,702437,MFI,1,2032,ACTIVE,2021-05-26,2022-04-26,21600.0,20.74,34,1,2136.16
903900,702438,PL,14,2050,CLOSED,2025-02-08,2026-05-08,549900.0,17.27,0,0,0.0
903901,702439,BL,7,2010,ACTIVE,2025-08-09,2027-09-09,1186300.0,15.71,26,3,163541.46
903902,702439,CL,11,2075,CLOSED,2020-11-11,2022-05-11,494500.0,13.64,0,0,0.0
903903,702440,AL,9,2046,CLOSED,2022-09-25,2024-11-25,2874700.0,12.18,0,0,0.0
903904,702441,PL,10,2095,CLOSED,2021-05-22,2022-05-22,311400.0,12.88,0,0,0.0
903905,702441,TWL,9,2057,ACTIVE,2023-05-04,2024-12-04,272400.0,11.45,229,7,106117.75
903906,702442,GL,20,2065,CLOSED,2022-05-01,2022-12-01,242300.0,8.82,0,0,0.0
903907,702442,MFI,1,2020,ACTIVE,2022-03-09,2023-01-09,67600.0,21.33,98,3,21544.59
903908,702442,PL,19,2081,ACTIVE,2024-06-28,2026-02-28,542400.0,16.28,24,1,30730.98
903909,702443,GL,23,2041,ACTIVE,2018-11-24,2019-09-24,772100.0,9.43,18,1,79957.92
903910,702443,CL,23,2069,CLOSED,2018-04-27,2018-12-27,146900.0,16.02,0,0,0.0
903911,702444,GL,16,2078,CLOSED,2023-03-30,2023-10-30,18900.0,7.12,0,0,0.0
903912,702445,EL,21,2066,ACTIVE,2025-01-28,2027-05-28,2472400.0,8.94,31,1,97431.11
903913,702446,CL,14,2082,ACTIVE,2021-03-11,2021-09-11,36600.0,16.29,41,1,6307.46
903914,702446,TWL,12,2086,ACTIVE,2022-06-05,2023-11-05,249400.0,14.22,121,4,63252.41
903915,702447,TWL,3,2052,ACTIVE,2024-07-26,2025-11-26,42200.0,15.42,37,2,5758.31
903916,702448,MFI,12,2086,CLOSED,2024-01-12,2025-01-12,59200.0,21.36,0,0,0.0
903917,702448,PL,13,2107,CLOSED,2023-12-29,2025-12-29,918900.0,16.47,0,0,0.0
903918,702449,EL,7,2079,ACTIVE,2025-02-04,2029-04-04,457300.0,8.79,353,11,115382.77
903919,702449,TWL,18,2040,ACTIVE,2022-07-21,2023-07-21,293700.0,11.27,102,3,76541.9
903920,702449,EL,9,2057,ACTIVE,2025-01-13,2028-07-13,1057100.0,8.71,17,1,29079.52
903921,702450,CL,15,2015,CLOSED,2020-09-16,2021-09-16,12100.0,15.61,0,0,0.0
903922,702451,EL,20,2080,ACTIVE,2025-12-26,2030-02-26,1811000.0,9.81,23,2,87468.31
903923,702452,MFI,2,2059,CLOSED,2025-06-21,2026-04-21,29400.0,21.43,0,0,0.0
903924,702452,MFI,3,2110,ACTIVE,2025-04-22,2026-04-22,57400.0,21.68,232,7,34971.83
903925,702453,MFI,12,2072,CLOSED,2025-10-02,2026-08-02,42600.0,20.39,0,0,0.0
903926,702453,MFI,20,2056,ACTIVE,2025-12-09,2026-10-09,10200.0,20.1,201,6,6322.08
903927,702454,PL,24,2047,CLOSED,2021-09-02,2022-10-02,966300.0,13.01,0,0,0.0
903928,702454,BL,24,2063,CLOSED,2019-01-12,2020-03-12,409300.0,15.13,0,0,0.0
903929,702455,MFI,18,2120,CLOSED,2018-02-18,2018-09-18,5400.0,22.62,0,0,0.0
903930,702456,MFI,20,2065,CLOSED,2022-07-26,2023-06-26,34700.0,21.49,0,0,0.0
903931,702457,PL,25,2013,CLOSED,2019-08-02,2021-08-02,1067100.0,16.16,0,0,0.0
903932,702458,PL,14,2100,ACTIVE,2019-01-29,2020-12-29,369400.0,17.18,23,1,18696.02
903933,702458,PL,14,2043,CLOSED,2023-12-29,2025-07-29,273400.0,17.05,0,0,0.0
903934,702459,AL,9,2057,CLOSED,2021-08-02,2024-09-02,2992300.0,12.02,0,0,0.0
903935,702460,CL,23,2005,ACTIVE,2022-05-16,2023-10-16,59700.0,14.04,3,2,7651.49
903936,702460,GL,23,2041,ACTIVE,2020-06-23,2021-06-23,1030800.0,8.47,39,1,89261.79
903937,702461,MFI,7,2112,CLOSED,2018-05-28,2019-05-28,12500.0,20.97,0,0,0.0
903938,702462,AL,11,2030,ACTIVE,2018-12-20,2021-11-20,1289000.0,10.29,318,10,408370.52
903939,702463,TWL,11,2064,CLOSED,2021-09-27,2022-10-27,171800.0,11.0,0,0,0.0
903940,702464,GL,19,2002,CLOSED,2024-12-01,2025-12-01,1864000.0,9.41,0,0,0.0
903941,702464,PL,19,2111,ACTIVE,2019-09-03,2020-12-03,674500.0,16.6,43,2,98163.22
903942,702465,PL,4,2025,CLOSED,2025-12-12,2027-08-12,241300.0,18.63,0,0,0.0
903943,702465,LAP,4,2025,CLOSED,2024-06-29,2026-08-29,9964100.0,12.76,0,0,0.0
903944,702466,AL,12,2072,ACTIVE,2024-12-11,2026-06-11,377700.0,10.35,262,8,175091.95
903945,702466,AL,13,2007,CLOSED,2021-05-04,2025-01-04,1210700.0,10.14,0,0,0.0
903946,702467,AL,25,2061,ACTIVE,2023-02-24,2024-02-24,283400.0,11.36,44,1,24859.64
903947,702467,EL,20,2056,CLOSED,2022-12-26,2026-11-26,2761400.0,10.33,0,0,0.0
903948,702468,PL,6,2042,ACTIVE,2018-02-16,2019-12-16,196000.0,16.29,1,1,10226.63
903949,702468,AL,5,2099,CLOSED,2023-05-14,2026-05-14,284500.0,10.65,0,0,0.0
903950,702469,LAP,22,2026,CLOSED,2018-05-02,2020-07-02,14052900.0,11.2,0,0,0.0
903951,702470,LAP,23,2023,CLOSED,2025-11-16,2031-03-16,865200.0,11.68,0,0,0.0
903952,702470,GL,10,2071,CLOSED,2023-03-03,2023-12-03,1693100.0,8.75,0,0,0.0
903953,702471,GL,4,2115,CLOSED,2019-06-07,2019-12-07,1328700.0,10.2,0,0,0.0
903954,702471,EL,19,2081,ACTIVE,2019-08-04,2024-01-04,558800.0,11.33,44,1,13323.38
903955,702472,GL,16,2078,CLOSED,2025-04-25,2026-02-25,58400.0,7.8,0,0,0.0
903956,702472,CL,5,2099,CLOSED,2020-01-14,2021-03-14,309800.0,12.8,0,0,0.0
903957,702473,LAP,24,2063,CLOSED,2020-09-24,2024-03-24,2665900.0,11.18,0,0,0.0
903958,702474,TWL,8,2038,CLOSED,2021-11-12,2023-10-12,34600.0,14.17,0,0,0.0
903959,702475,CL,21,2008,CLOSED,2024-03-10,2025-08-10,232700.0,17.79,0,0,0.0
903960,702476,GL,17,2060,CLOSED,2023-09-11,2024-09-11,486000.0,8.83,0,0,0.0
903961,702476,PL,18,2103,CLOSED,2022-02-15,2024-02-15,491200.0,15.97,0,0,0.0
903962,702477,MFI,25,2013,ACTIVE,2023-07-15,2024-01-15,85800.0,20.12,204,6,85800.0
903963,702477,PL,25,2011,CLOSED,2023-08-13,2025-01-13,60700.0,14.44,0,0,0.0
903964,702477,HL,25,2061,ACTIVE,2023-10-11,2027-07-11,5729600.0,9.28,33,1,150087.37
903965,702478,EL,6,2092,ACTIVE,2025-06-24,2028-06-24,1724900.0,11.0,221,7,381192.5
903966,702479,CL,25,2013,CLOSED,2024-10-19,2025-07-19,405600.0,13.58,0,0,0.0
903967,702480,EL,24,2047,CLOSED,2018-12-22,2023-09-22,260100.0,9.17,0,0,0.0
903968,702481,GL,14,2119,CLOSED,2021-10-31,2022-08-31,283400.0,9.84,0,0,0.0
903969,702482,AL,1,2032,ACTIVE,2019-08-15,2021-09-15,642700.0,11.42,173,5,140993.68
903970,702483,TWL,14,2119,CLOSED,2022-04-04,2023-10-04,61900.0,12.08,0,0,0.0
903971,702484,EL,5,2014,CLOSED,2020-04-27,2025-03-27,143900.0,11.13,0,0,0.0
903972,702485,MFI,8,2034,CLOSED,2023-12-01,2024-12-01,33800.0,20.61,0,0,0.0
903973,702485,CL,17,2051,CLOSED,2020-02-13,2021-07-13,455500.0,14.99,0,0,0.0
903974,702486,CL,16,2037,CLOSED,2025-12-21,2027-01-21,369600.0,13.69,0,0,0.0
903975,702486,EL,16,2024,CLOSED,2025-09-18,2028-03-18,1344600.0,9.21,0,0,0.0
903976,702487,HL,11,2075,CLOSED,2023-08-19,2029-12-19,5338300.0,10.01,0,0,0.0
903977,702487,CL,23,2023,CLOSED,2023-11-27,2025-03-27,267300.0,15.97,0,0,0.0
903978,702488,BL,12,2072,CLOSED,2022-09-02,2027-04-02,758900.0,17.41,0,0,0.0
903979,702488,EL,13,2094,CLOSED,2023-01-07,2025-07-07,2670200.0,9.71,0,0,0.0
903980,702489,CL,16,2024,ACTIVE,2025-09-06,2026-06-06,444500.0,14.83,53,1,51849.9
903981,702489,EL,16,2027,CLOSED,2025-06-25,2027-06-25,2690500.0,10.02,0,0,0.0
903982,702490,GL,4,2115,ACTIVE,2025-12-03,2026-09-03,1972500.0,8.96,15,1,225744.48
903983,702491,MFI,9,2006,ACTIVE,2024-03-03,2025-03-03,25500.0,19.15,41,2,4593.39
903984,702492,CL,24,2063,ACTIVE,2022-03-06,2023-05-06,164300.0,16.55,28,1,12808.97
903985,702492,AL,25,2061,CLOSED,2020-07-08,2022-09-08,1655500.0,11.7,0,0,0.0
903986,702493,AL,19,2111,CLOSED,2018-10-05,2022-06-05,1917300.0,9.87,0,0,0.0
903987,702493,PL,10,2095,CLOSED,2021-01-23,2022-05-23,102600.0,12.86,0,0,0.0
903988,702494,TWL,24,2089,CLOSED,2023-09-12,2025-08-12,169900.0,14.52,0,0,0.0
903989,702495,AL,4,2085,ACTIVE,2024-08-13,2025-09-13,435300.0,11.68,163,5,173939.27
903990,702495,BL,1,2032,ACTIVE,2025-01-04,2027-05-04,939200.0,17.7,20,1,40589.51
903991,702495,BL,2,2104,ACTIVE,2025-11-13,2030-04-13,3968700.0,17.83,50,1,107131.14
903992,702496,CL,7,2010,CLOSED,2023-09-14,2025-02-14,132800.0,16.1,0,0,0.0
903993,702497,PL,1,2032,ACTIVE,2020-07-12,2022-06-12,318900.0,15.91,130,4,62620.89
903994,702497,CL,2,2062,CLOSED,2024-12-02,2026-06-02,269700.0,15.08,0,0,0.0
903995,702497,AL,1,2020,ACTIVE,2021-11-27,2023-04-27,475100.0,11.15,279,9,260809.55
903996,702498,HL,25,2061,CLOSED,2021-12-12,2027-04-12,3396600.0,9.6,0,0,0.0
903997,702499,LAP,2,2108,CLOSED,2025-11-13,2031-04-13,5946000.0,10.71,0,0,0.0
903998,702500,GL,3,2083,CLOSED,2022-09-22,2023-07-22,668400.0,8.61,0,0,0.0
903999,702501,LAP,1,2020,ACTIVE,2019-09-29,2026-02-28,1078900.0,9.33,278,9,161720.84
904000,702502,LAP,2,2118,ACTIVE,2019-07-29,2024-05-29,1556200.0,10.59,1,1,34095.8
904001,702503,GL,18,2120,ACTIVE,2022-08-11,2023-06-11,1273200.0,9.0,233,7,901178.31
904002,702503,TWL,15,2012,CLOSED,2025-07-31,2026-10-31,200300.0,13.05,0,0,0.0
904003,702504,CL,7,2087,CLOSED,2024-01-04,2025-05-04,489200.0,14.34,0,0,0.0
904004,702505,GL,12,2086,CLOSED,2025-02-06,2025-09-06,13800.0,8.55,0,0,0.0
904005,702505,PL,12,2086,ACTIVE,2025-02-13,2026-03-13,250400.0,14.35,308,10,196001.11
904006,702506,CL,12,2017,CLOSED,2020-12-08,2021-07-08,222300.0,15.3,0,0,0.0
904007,702507,BL,4,2115,ACTIVE,2018-05-26,2021-07-26,4239600.0,18.6,21,1,146204.23
904008,702508,TWL,17,2051,CLOSED,2023-06-10,2025-01-10,258400.0,13.7,0,0,0.0
904009,702508,EL,19,2081,CLOSED,2019-10-16,2024-10-16,188400.0,10.35,0,0,0.0
904010,702509,GL,4,2091,CLOSED,2025-12-14,2026-12-14,1330500.0,8.78,0,0,0.0
904011,702509,CL,1,2004,CLOSED,2025-12-16,2026-08-16,334800.0,14.56,0,0,0.0
904012,702510,MFI,3,2083,ACTIVE,2025-05-22,2026-02-22,12200.0,20.03,131,4,5647.14
904013,702510,PL,17,2058,ACTIVE,2025-04-29,2026-12-29,179500.0,14.08,189,6,58311.24
904014,702511,PL,9,2001,CLOSED,2019-10-09,2021-10-09,426800.0,14.64,0,0,0.0
904015,702511,GL,21,2008,CLOSED,2022-04-16,2023-03-16,16900.0,8.58,0,0,0.0
904016,702512,AL,14,2009,ACTIVE,2023-04-15,2024-04-15,1385800.0,12.19,34,1,122010.44
904017,702512,BL,14,2050,CLOSED,2023-06-04,2024-09-04,4405000.0,18.69,0,0,0.0
904018,702513,MFI,14,2009,CLOSED,2022-04-22,2023-04-22,14800.0,20.9,0,0,0.0
904019,702514,GL,8,2038,ACTIVE,2025-06-02,2026-01-02,161100.0,8.58,103,3,70027.78
904020,702514,CL,8,2034,CLOSED,2024-03-06,2025-01-06,75200.0,14.45,0,0,0.0
904021,702515,AL,25,2061,CLOSED,2025-07-25,2026-10-25,962100.0,11.04,0,0,0.0
904022,702515,GL,14,2082,ACTIVE,2025-01-24,2025-10-24,22700.0,9.4,4,2,5183.09
904023,702516,AL,25,2011,CLOSED,2023-07-20,2027-04-20,2023800.0,10.93,0,0,0.0
904024,702517,CL,15,2073,CLOSED,2025-04-30,2025-10-30,71500.0,13.2,0,0,0.0
904025,702517,BL,18,2120,CLOSED,2018-11-11,2019-11-11,1205400.0,15.26,0,0,0.0
904026,702517,MFI,16,2037,ACTIVE,2020-12-04,2021-10-04,66300.0,19.31,162,5,34472.28
904027,702518,AL,1,2032,CLOSED,2023-06-24,2025-10-24,1137200.0,9.91,0,0,0.0
904028,702519,MFI,9,2046,CLOSED,2023-05-25,2023-11-25,5800.0,19.2,0,0,0.0
904029,702520,CL,8,2070,CLOSED,2023-11-01,2025-05-01,47300.0,15.48,0,0,0.0
904030,702521,GL,20,2056,ACTIVE,2023-11-20,2024-09-20,1011800.0,8.91,54,1,104581.27
904031,702521,PL,15,2015,ACTIVE,2018-08-08,2020-07-08,819800.0,15.15,79,2,81045.06
904032,702522,GL,1,2049,CLOSED,2025-08-11,2026-04-11,979200.0,9.63,0,0,0.0
904033,702522,EL,7,2112,ACTIVE,2023-02-01,2025-09-01,57100.0,10.77,4,2,4180.12
904034,702523,PL,11,2030,ACTIVE,2022-01-08,2023-01-08,1034000.0,14.21,42,1,91854.37
904035,702523,GL,23,2041,CLOSED,2022-01-04,2022-08-04,12700.0,7.9,0,0,0.0
904036,702524,PL,10,2101,ACTIVE,2020-07-10,2022-05-10,710200.0,16.93,285,9,317189.48
904037,702525,MFI,12,2096,CLOSED,2019-10-27,2020-05-27,52600.0,22.49,0,0,0.0
904038,702526,HL,23,2023,CLOSED,2021-12-14,2028-08-14,2759000.0,9.87,0,0,0.0
904039,702527,AL,25,2013,CLOSED,2019-08-25,2022-07-25,336800.0,10.77,0,0,0.0
904040,702527,LAP,25,2013,CLOSED,2024-06-22,2028-02-22,3501800.0,11.08,0,0,0.0
904041,702527,HL,25,2068,CLOSED,2023-01-13,2029-11-13,3486000.0,9.24,0,0,0.0
904042,702528,GL,10,2071,ACTIVE,2025-01-26,2025-08-26,1740000.0,10.8,1,2,508327.67
904043,702528,PL,10,2095,CLOSED,2025-12-27,2027-03-27,114700.0,20.36,0,0,0.0
904044,702528,PL,9,2006,CLOSED,2025-08-16,2026-12-16,868900.0,20.52,0,0,0.0
904045,702529,MFI,7,2018,CLOSED,2025-07-30,2026-01-30,18700.0,22.69,0,0,0.0
904046,702529,EL,7,2079,ACTIVE,2018-10-15,2022-10-15,2510700.0,11.24,6,1,64578.48
904047,702529,CL,7,2087,ACTIVE,2018-08-09,2019-08-09,483400.0,16.93,4,2,86313.76
904048,702530,PL,9,2046,ACTIVE,2022-06-29,2023-11-29,875400.0,14.0,43,2,112169.5
904049,702530,BL,10,2045,ACTIVE,2023-01-26,2027-12-26,322200.0,15.98,37,1,7814.82
904050,702531,MFI,6,2092,ACTIVE,2024-12-26,2025-08-26,54200.0,20.7,215,7,47823.55
904051,702532,HL,12,2033,ACTIVE,2025-07-30,2028-10-30,8699600.0,9.33,365,12,2961630.3
904052,702532,AL,12,2096,CLOSED,2024-10-26,2026-03-26,593300.0,11.05,0,0,0.0
904053,702533,BL,25,2068,CLOSED,2024-01-25,2025-09-25,183500.0,18.96,0,0,0.0
904054,702533,CL,10,2071,ACTIVE,2025-05-13,2026-04-13,298300.0,16.71,44,2,57664.96
904055,702534,TWL,16,2078,ACTIVE,2024-04-20,2025-08-20,130200.0,11.12,52,1,8712.5
904056,702534,PL,8,2076,CLOSED,2025-08-21,2027-03-21,1127700.0,12.69,0,0,0.0
904057,702535,GL,23,2069,ACTIVE,2024-12-26,2025-07-26,1318500.0,7.85,41,2,382874.87
904058,702535,LAP,19,2109,ACTIVE,2022-02-22,2026-04-22,8500400.0,10.12,94,3,616772.89
904059,702535,BL,23,2041,CLOSED,2018-05-04,2022-11-04,2226600.0,15.4,0,0,0.0
904060,702536,PL,14,2082,CLOSED,2025-09-20,2026-10-20,899200.0,14.26,0,0,0.0
904061,702537,MFI,25,2011,ACTIVE,2025-01-05,2025-09-05,59100.0,22.13,127,4,30629.49
904062,702538,EL,15,2073,CLOSED,2023-03-21,2028-03-21,1841100.0,9.09,0,0,0.0
904063,702538,AL,21,2088,CLOSED,2023-05-28,2027-01-28,167400.0,10.27,0,0,0.0
904064,702539,GL,19,2002,ACTIVE,2019-01-30,2019-11-30,1033600.0,7.93,64,2,212201.88
904065,702539,GL,4,2115,CLOSED,2023-08-25,2024-03-25,103500.0,8.21,0,0,0.0
904066,702540,BL,7,2018,CLOSED,2023-02-27,2024-04-27,1153400.0,18.94,0,0,0.0
904067,702540,PL,7,2010,ACTIVE,2023-02-23,2024-09-23,63000.0,18.68,4,2,7535.26
904068,702540,AL,7,2010,CLOSED,2022-02-25,2025-04-25,2977700.0,11.86,0,0,0.0
904069,702541,GL,21,2008,CLOSED,2025-08-10,2026-03-10,255400.0,9.18,0,0,0.0
904070,702541,CL,22,2026,CLOSED,2020-12-02,2021-09-02,318400.0,15.52,0,0,0.0
904071,702541,MFI,21,2008,CLOSED,2021-09-03,2022-05-03,12900.0,21.55,0,0,0.0
904072,702542,PL,11,2030,CLOSED,2023-10-18,2025-04-18,966800.0,16.11,0,0,0.0
904073,702542,EL,8,2070,ACTIVE,2021-02-10,2023-04-10,1610500.0,9.85,323,10,660227.17
904074,702542,GL,11,2048,ACTIVE,2022-10-22,2023-06-22,1800600.0,9.24,43,1,231163.68
904075,702543,BL,14,2009,CLOSED,2025-11-30,2028-12-30,3727200.0,17.62,0,0,0.0
904076,702544,TWL,11,2064,CLOSED,2018-12-02,2020-01-02,56400.0,12.21,0,0,0.0
904077,702545,LAP,13,2094,ACTIVE,2018-06-28,2024-11-28,8935600.0,11.4,49,1,162601.78
904078,702545,EL,17,2028,ACTIVE,2024-02-11,2027-02-11,2604900.0,9.95,44,1,83300.96
904079,702546,CL,15,2074,ACTIVE,2019-05-15,2020-07-15,20800.0,15.19,138,4,6321.13
904080,702546,TWL,2,2104,ACTIVE,2025-01-29,2026-08-29,87600.0,13.28,355,11,52934.22
904081,702547,TWL,22,2022,ACTIVE,2025-09-08,2026-12-08,267900.0,14.89,45,1,19442.64
904082,702547,PL,22,2026,CLOSED,2025-05-18,2027-05-18,629000.0,18.66,0,0,0.0
904083,702547,TWL,22,2022,CLOSED,2025-01-22,2026-07-22,272400.0,14.79,0,0,0.0
904084,702548,AL,4,2090,CLOSED,2018-08-31,2020-08-31,358200.0,11.95,0,0,0.0
904085,702548,TWL,7,2010,CLOSED,2024-09-22,2026-02-22,41200.0,15.37,0,0,0.0
904086,702549,BL,8,2038,ACTIVE,2023-04-19,2025-04-19,221800.0,18.83,61,2,21809.96
904087,702549,AL,8,2114,ACTIVE,2020-10-20,2024-06-20,1644200.0,11.74,334,11,479238.7
904088,702549,MFI,8,2076,CLOSED,2022-06-15,2023-01-15,25100.0,22.88,0,0,0.0
904089,702550,AL,17,2060,CLOSED,2023-08-14,2026-04-14,1397800.0,10.34,0,0,0.0
904090,702550,GL,9,2046,ACTIVE,2023-10-18,2024-09-18,1172800.0,8.33,300,10,1069831.16
904091,702551,MFI,14,2009,CLOSED,2020-04-25,2021-02-25,9500.0,19.19,0,0,0.0
904092,702552,EL,18,2103,CLOSED,2021-06-22,2026-06-22,1086600.0,8.87,0,0,0.0
904093,702552,PL,18,2098,ACTIVE,2023-04-27,2024-07-27,300000.0,14.16,5,2,43114.68
904094,702553,AL,20,2080,CLOSED,2024-04-20,2025-09-20,2568000.0,9.81,0,0,0.0
904095,702554,GL,16,2024,CLOSED,2024-11-01,2025-07-01,488000.0,9.47,0,0,0.0
904096,702554,AL,18,2098,CLOSED,2021-11-28,2025-03-28,2644000.0,11.19,0,0,0.0
904097,702554,EL,17,2028,CLOSED,2020-05-11,2024-09-11,1086000.0,10.36,0,0,0.0
904098,702555,MFI,4,2025,CLOSED,2025-01-15,2025-11-15,58200.0,20.78,0,0,0.0
904099,702555,PL,18,2098,CLOSED,2024-12-30,2026-11-30,1154600.0,15.83,0,0,0.0
904100,702556,EL,20,2065,ACTIVE,2022-01-04,2024-06-04,2438600.0,9.31,6,2,186285.77
904101,702557,CL,12,2096,CLOSED,2021-06-08,2022-02-08,137700.0,15.42,0,0,0.0
904102,702558,PL,25,2013,CLOSED,2023-07-03,2024-12-03,109300.0,12.2,0,0,0.0
904103,702558,AL,20,2080,ACTIVE,2020-09-15,2021-10-15,668000.0,9.37,72,2,107216.39
904104,702559,PL,22,2019,CLOSED,2020-11-09,2022-05-09,236600.0,18.29,0,0,0.0
904105,702559,PL,21,2066,ACTIVE,2018-01-19,2019-11-19,116000.0,18.36,42,1,6155.5
904106,702560,TWL,23,2005,CLOSED,2023-02-05,2024-05-05,237000.0,13.78,0,0,0.0
904107,702560,TWL,23,2005,CLOSED,2021-07-13,2022-10-13,239000.0,13.51,0,0,0.0
904108,702561,PL,10,2045,ACTIVE,2019-12-25,2021-08-25,1067000.0,16.69,32,1,60638.07
904109,702561,CL,10,2071,ACTIVE,2025-09-29,2026-09-29,12100.0,15.52,365,12,12100.0
904110,702562,GL,8,2076,CLOSED,2024-02-21,2024-11-21,1166500.0,9.18,0,0,0.0
904111,702563,PL,12,2086,ACTIVE,2018-09-10,2020-02-10,1289700.0,14.29,44,1,83260.51
904112,702564,EL,11,2048,CLOSED,2021-01-22,2025-05-22,62000.0,11.51,0,0,0.0
904113,702564,BL,20,2056,CLOSED,2024-07-17,2027-03-17,357300.0,19.48,0,0,0.0
904114,702564,BL,19,2111,ACTIVE,2023-03-25,2024-11-25,2619900.0,19.47,36,1,151981.18
904115,702565,AL,4,2090,CLOSED,2024-07-18,2026-07-18,586100.0,9.69,0,0,0.0
904116,702566,AL,12,2017,ACTIVE,2020-02-01,2022-04-01,1018500.0,9.95,51,1,43349.33
904117,702567,MFI,22,2019,ACTIVE,2025-01-31,2025-12-31,89500.0,20.79,45,1,8852.96
904118,702568,GL,2,2104,CLOSED,2018-12-18,2019-12-18,1088600.0,7.66,0,0,0.0
904119,702568,MFI,3,2110,CLOSED,2025-05-29,2026-03-29,75400.0,19.3,0,0,0.0
904120,702569,MFI,13,2007,CLOSED,2019-02-06,2019-09-06,45200.0,18.27,0,0,0.0
904121,702569,GL,24,2016,CLOSED,2025-08-13,2026-06-13,53700.0,7.16,0,0,0.0
904122,702570,GL,23,2069,ACTIVE,2025-07-17,2026-04-17,1829100.0,8.48,46,1,209004.7
904123,702571,CL,6,2044,CLOSED,2021-12-06,2022-12-06,407300.0,14.16,0,0,0.0
904124,702571,GL,6,2092,CLOSED,2020-05-22,2021-04-22,229000.0,8.3,0,0,0.0
904125,702571,BL,5,2003,CLOSED,2024-11-28,2026-01-28,305400.0,16.23,0,0,0.0
904126,702572,EL,9,2006,CLOSED,2025-07-19,2030-07-19,487200.0,9.52,0,0,0.0
904127,702572,MFI,4,2085,CLOSED,2019-10-08,2020-08-08,47000.0,20.6,0,0,0.0
904128,702573,GL,12,2072,CLOSED,2021-02-14,2022-02-14,1852000.0,8.44,0,0,0.0
904129,702574,PL,21,2008,CLOSED,2021-09-03,2023-06-03,1087100.0,16.95,0,0,0.0
904130,702575,AL,20,2056,CLOSED,2018-06-28,2021-05-28,562100.0,11.6,0,0,0.0
904131,702576,PL,25,2068,CLOSED,2025-02-16,2027-01-16,1241000.0,14.47,0,0,0.0
904132,702576,PL,25,2061,CLOSED,2022-06-06,2023-12-06,386400.0,14.67,0,0,0.0
904133,702576,HL,25,2011,ACTIVE,2018-12-29,2024-03-29,654900.0,9.13,43,3,38779.24
904134,702577,MFI,17,2028,ACTIVE,2024-11-30,2025-10-30,16800.0,21.38,93,3,4910.03
904135,702578,BL,18,2103,ACTIVE,2023-06-03,2026-12-03,2588400.0,15.89,54,1,79687.97
904136,702579,EL,12,2017,CLOSED,2023-11-19,2027-08-19,76200.0,9.43,0,0,0.0
904137,702580,PL,23,2005,CLOSED,2019-08-14,2021-07-14,871600.0,16.66,0,0,0.0
904138,702581,PL,7,2087,CLOSED,2019-07-15,2020-11-15,73200.0,15.06,0,0,0.0
904139,702581,PL,7,2010,CLOSED,2021-12-02,2023-01-02,406200.0,14.93,0,0,0.0
904140,702582,CL,13,2029,CLOSED,2024-07-14,2025-08-14,415500.0,14.96,0,0,0.0
904141,702582,EL,10,2101,CLOSED,2020-07-26,2023-12-26,1438600.0,9.94,0,0,0.0
904142,702582,EL,9,2001,CLOSED,2023-07-30,2026-06-30,578500.0,9.52,0,0,0.0
904143,702583,TWL,4,2025,CLOSED,2025-03-29,2026-06-29,285400.0,13.14,0,0,0.0
904144,702583,LAP,1,2049,CLOSED,2020-11-11,2025-12-11,6414200.0,11.44,0,0,0.0
904145,702584,CL,5,2035,CLOSED,2024-09-29,2025-04-29,472900.0,13.29,0,0,0.0
904146,702584,TWL,6,2042,ACTIVE,2025-11-03,2027-06-03,183900.0,11.47,2,1,10529.83
904147,702584,GL,19,2109,ACTIVE,2025-12-09,2026-06-09,1967800.0,7.9,43,1,333370.2
904148,702585,MFI,22,2026,CLOSED,2024-07-17,2025-06-17,58200.0,21.11,0,0,0.0
904149,702586,AL,6,2092,ACTIVE,2023-07-29,2025-06-29,807800.0,12.23,259,8,302572.61
904150,702587,EL,6,2053,CLOSED,2018-11-29,2021-03-29,121600.0,9.74,0,0,0.0
904151,702588,TWL,21,2008,ACTIVE,2023-06-07,2024-11-07,234000.0,15.19,37,1,15193.09
904152,702588,PL,21,2088,CLOSED,2024-10-29,2026-07-29,346900.0,19.5,0,0,0.0
904153,702588,GL,17,2051,ACTIVE,2025-10-10,2026-10-10,1197200.0,10.17,44,2,208046.65
904154,702588,TWL,21,2066,CLOSED,2025-03-27,2026-03-27,56700.0,15.63,0,0,0.0
904155,702589,BL,21,2088,CLOSED,2023-02-22,2024-10-22,2101000.0,16.27,0,0,0.0
904156,702589,CL,6,2053,CLOSED,2023-04-27,2024-05-27,428700.0,14.21,0,0,0.0
904157,702589,MFI,6,2092,CLOSED,2023-11-19,2024-11-19,78000.0,20.27,0,0,0.0
904158,702590,GL,13,2007,CLOSED,2024-09-02,2025-09-02,169000.0,10.24,0,0,0.0
904159,702590,TWL,21,2066,ACTIVE,2024-11-24,2026-07-24,196800.0,14.51,290,9,94430.73
904160,702591,BL,7,2112,CLOSED,2022-07-26,2026-02-26,4128900.0,17.73,0,0,0.0
904161,702591,PL,21,2113,CLOSED,2020-08-06,2022-05-06,62100.0,16.78,0,0,0.0
904162,702592,GL,21,2066,CLOSED,2024-03-19,2025-01-19,1839200.0,7.84,0,0,0.0
904163,702592,CL,16,2037,CLOSED,2025-10-27,2026-12-27,100700.0,12.9,0,0,0.0
904164,702593,AL,2,2062,CLOSED,2019-06-30,2021-06-30,585700.0,9.16,0,0,0.0
904165,702593,LAP,18,2077,ACTIVE,2020-12-14,2025-03-14,3789000.0,9.5,69,2,179048.04
904166,702594,TWL,22,2093,ACTIVE,2023-05-15,2024-12-15,120400.0,13.69,25,1,7004.44
904167,702595,AL,8,2038,CLOSED,2020-08-09,2023-02-09,341500.0,11.72,0,0,0.0
904168,702596,PL,17,2055,CLOSED,2021-09-01,2023-03-01,543300.0,14.9,0,0,0.0
904169,702597,AL,6,2053,ACTIVE,2024-03-03,2026-11-03,925100.0,10.89,14,1,33139.22
904170,702598,PL,5,2099,ACTIVE,2019-12-01,2021-06-01,86200.0,14.99,214,7,35827.73
904171,702598,EL,6,2092,ACTIVE,2022-02-11,2024-05-11,2232800.0,9.41,29,3,271969.62
904172,702599,GL,8,2038,ACTIVE,2021-06-28,2022-02-28,20200.0,10.08,27,1,2599.54
904173,702599,TWL,8,2034,CLOSED,2023-07-08,2025-02-08,297000.0,14.85,0,0,0.0
904174,702600,AL,7,2087,CLOSED,2025-09-25,2027-09-25,954600.0,9.72,0,0,0.0
904175,702600,PL,17,2055,CLOSED,2024-01-21,2025-07-21,458600.0,13.45,0,0,0.0
904176,702601,TWL,11,2048,CLOSED,2021-03-30,2023-01-30,156800.0,14.64,0,0,0.0
904177,702602,MFI,16,2024,CLOSED,2025-06-26,2026-03-26,84000.0,19.11,0,0,0.0
904178,702602,EL,3,2052,CLOSED,2025-07-10,2029-09-10,2834300.0,8.79,0,0,0.0
904179,702603,AL,9,2046,CLOSED,2025-10-28,2028-09-28,2893700.0,12.18,0,0,0.0
904180,702603,AL,20,2065,CLOSED,2025-06-10,2028-12-10,1666000.0,12.14,0,0,0.0
904181,702604,MFI,17,2060,CLOSED,2023-07-25,2024-04-25,79000.0,21.64,0,0,0.0
904182,702605,PL,14,2043,ACTIVE,2025-05-28,2026-09-28,169200.0,17.08,45,1,11732.57
904183,702606,TWL,15,2012,CLOSED,2025-02-23,2026-11-23,32900.0,12.2,0,0,0.0
904184,702607,CL,23,2041,ACTIVE,2024-09-10,2025-11-10,112400.0,17.19,41,1,8791.76
904185,702608,EL,14,2119,ACTIVE,2023-03-18,2026-04-18,671900.0,9.46,24,1,20843.1
904186,702609,BL,12,2086,ACTIVE,2025-01-23,2029-11-23,3742000.0,17.31,68,2,187268.09
904187,702609,CL,2,2108,ACTIVE,2025-07-14,2026-10-14,157600.0,14.94,230,7,77191.58
904188,702610,PL,21,2008,CLOSED,2025-11-01,2027-07-01,895900.0,17.5,0,0,0.0
904189,702611,BL,9,2006,CLOSED,2023-10-21,2027-10-21,4343800.0,16.13,0,0,0.0
904190,702612,BL,1,2049,ACTIVE,2025-05-22,2028-03-22,4628900.0,19.67,115,3,518912.84
904191,702613,PL,21,2088,CLOSED,2019-01-09,2020-08-09,568500.0,18.6,0,0,0.0
904192,702613,MFI,21,2008,ACTIVE,2021-01-05,2021-10-05,14200.0,22.62,7,3,5000.85
904193,702614,AL,15,2012,CLOSED,2023-03-31,2024-12-31,297700.0,12.02,0,0,0.0
904194,702615,BL,23,2041,CLOSED,2021-11-22,2025-09-22,3597900.0,17.97,0,0,0.0
904195,702616,TWL,19,2111,ACTIVE,2019-04-18,2020-09-18,137100.0,12.12,360,12,99178.11
904196,702616,BL,20,2080,ACTIVE,2020-07-20,2025-04-20,2091900.0,16.3,16,1,52249.77
904197,702617,EL,8,2076,ACTIVE,2019-10-26,2022-05-26,980700.0,9.87,8,1,35675.61
904198,702618,CL,19,2111,ACTIVE,2021-11-07,2022-08-07,219100.0,16.26,160,5,124990.41
904199,702618,AL,20,2056,ACTIVE,2019-07-28,2022-02-28,721100.0,11.33,263,8,206645.31
904200,702618,AL,20,2056,CLOSED,2021-09-01,2022-09-01,2360800.0,11.72,0,0,0.0
904201,702619,GL,3,2052,CLOSED,2025-12-19,2026-12-19,386100.0,8.61,0,0,0.0
904202,702620,GL,17,2058,ACTIVE,2024-01-22,2024-08-22,1067400.0,9.14,231,7,1067400.0
904203,702621,MFI,20,2031,CLOSED,2023-09-27,2024-03-27,70500.0,22.04,0,0,0.0
904204,702621,PL,6,2053,CLOSED,2018-06-20,2020-02-20,270400.0,17.09,0,0,0.0
904205,702622,GL,22,2093,ACTIVE,2019-11-02,2020-07-02,147900.0,8.83,5,2,37792.17
904206,702623,GL,17,2058,CLOSED,2022-05-04,2023-03-04,121100.0,8.81,0,0,0.0
904207,702624,PL,11,2039,CLOSED,2021-10-03,2023-05-03,975800.0,11.24,0,0,0.0
904208,702625,TWL,22,2026,CLOSED,2024-01-13,2026-01-13,30900.0,14.08,0,0,0.0
904209,702625,BL,22,2026,ACTIVE,2024-11-01,2027-11-01,1491500.0,18.06,35,1,53166.05
904210,702625,HL,21,2088,CLOSED,2023-03-15,2028-07-15,4178400.0,10.08,0,0,0.0
904211,702626,GL,12,2072,CLOSED,2022-07-29,2023-03-29,444700.0,8.59,0,0,0.0
904212,702627,HL,24,2089,ACTIVE,2021-10-31,2027-08-31,787100.0,9.42,39,1,14543.99
904213,702628,GL,20,2056,CLOSED,2022-05-10,2023-05-10,459300.0,9.31,0,0,0.0
904214,702628,GL,3,2117,CLOSED,2022-10-18,2023-05-18,1135900.0,8.83,0,0,0.0
904215,702629,PL,13,2029,ACTIVE,2024-03-14,2025-05-14,256100.0,12.61,143,4,77034.48
904216,702629,TWL,12,2096,ACTIVE,2021-10-24,2023-01-24,31400.0,10.94,26,1,2228.92
904217,702629,GL,12,2072,CLOSED,2022-10-09,2023-06-09,583300.0,7.74,0,0,0.0
904218,702629,PL,13,2007,ACTIVE,2018-12-19,2020-05-19,545400.0,12.34,45,1,34774.94
904219,702630,GL,4,2115,CLOSED,2023-08-12,2024-09-12,1952900.0,8.3,0,0,0.0
904220,702631,CL,25,2013,CLOSED,2022-12-25,2024-05-25,245200.0,13.92,0,0,0.0
904221,702632,TWL,16,2027,ACTIVE,2022-10-31,2023-12-31,214100.0,13.64,15,1,16441.6
904222,702632,CL,18,2098,CLOSED,2023-04-17,2024-09-17,394900.0,15.6,0,0,0.0
904223,702633,GL,7,2079,CLOSED,2020-02-08,2020-12-08,944900.0,9.52,0,0,0.0
904224,702634,BL,19,2002,CLOSED,2025-12-18,2027-11-18,3954200.0,16.68,0,0,0.0
904225,702634,HL,11,2039,CLOSED,2025-12-03,2029-10-03,1298300.0,9.09,0,0,0.0
904226,702634,EL,11,2039,CLOSED,2019-11-06,2023-11-06,1317000.0,9.41,0,0,0.0
904227,702635,LAP,6,2053,CLOSED,2018-10-20,2023-11-20,6746900.0,11.19,0,0,0.0
904228,702635,EL,24,2047,CLOSED,2018-04-18,2022-01-18,396000.0,10.28,0,0,0.0
904229,702636,BL,19,2111,CLOSED,2020-01-22,2024-06-22,190900.0,17.83,0,0,0.0
904230,702637,GL,19,2111,CLOSED,2023-10-18,2024-05-18,565200.0,8.35,0,0,0.0
904231,702637,MFI,4,2091,CLOSED,2021-12-23,2022-07-23,13700.0,19.8,0,0,0.0
904232,702638,PL,25,2011,CLOSED,2025-08-25,2027-05-25,1389100.0,19.01,0,0,0.0
904233,702638,PL,4,2025,CLOSED,2025-09-22,2027-08-22,1296300.0,18.75,0,0,0.0
904234,702639,HL,12,2096,ACTIVE,2020-04-28,2023-04-28,1570400.0,10.31,37,2,100505.41
904235,702639,MFI,12,2017,CLOSED,2023-04-22,2023-11-22,55800.0,22.63,0,0,0.0
904236,702639,PL,13,2054,CLOSED,2019-01-05,2020-05-05,837700.0,18.5,0,0,0.0
904237,702639,EL,15,2015,CLOSED,2023-08-14,2027-09-14,780700.0,10.66,0,0,0.0
904238,702640,GL,22,2093,CLOSED,2018-05-06,2019-02-06,1677600.0,9.29,0,0,0.0
904239,702640,LAP,23,2069,CLOSED,2018-05-08,2021-06-08,7763400.0,11.98,0,0,0.0
904240,702641,AL,12,2033,CLOSED,2021-10-26,2023-12-26,1222800.0,10.34,0,0,0.0
904241,702642,CL,7,2079,ACTIVE,2023-01-18,2023-07-18,14700.0,14.93,11,3,7486.31
904242,702642,PL,7,2010,ACTIVE,2025-11-11,2027-06-11,614400.0,15.76,43,2,72076.63
904243,702643,PL,16,2024,ACTIVE,2025-06-18,2026-10-18,952200.0,14.19,14,1,64902.47
904244,702644,AL,6,2053,ACTIVE,2024-08-04,2026-09-04,2125000.0,11.58,65,2,189399.03
904245,702644,AL,6,2044,CLOSED,2025-05-12,2029-05-12,2635000.0,11.72,0,0,0.0
904246,702645,GL,7,2079,ACTIVE,2023-02-23,2023-11-23,1940900.0,8.22,36,1,221591.09
904247,702646,EL,17,2028,CLOSED,2021-09-23,2023-11-23,1049200.0,10.6,0,0,0.0
904248,702647,GL,1,2004,CLOSED,2020-12-23,2021-08-23,1803600.0,7.78,0,0,0.0
904249,702648,PL,14,2009,CLOSED,2018-04-16,2019-09-16,1086900.0,14.37,0,0,0.0
904250,702649,PL,5,2014,CLOSED,2025-09-25,2027-01-25,1313100.0,14.74,0,0,0.0
904251,702650,EL,15,2074,CLOSED,2019-07-17,2024-05-17,2714600.0,8.66,0,0,0.0
904252,702651,CL,3,2083,CLOSED,2022-07-11,2024-01-11,412500.0,14.58,0,0,0.0
904253,702651,HL,2,2106,CLOSED,2022-10-17,2028-11-17,7617900.0,8.93,0,0,0.0
904254,702652,AL,20,2080,CLOSED,2025-03-23,2028-11-23,319400.0,11.56,0,0,0.0
904255,702652,AL,20,2080,ACTIVE,2022-06-05,2024-11-05,2486800.0,11.17,29,1,97335.84
904256,702652,GL,20,2065,CLOSED,2022-10-23,2023-09-23,301800.0,9.3,0,0,0.0
904257,702652,HL,20,2080,CLOSED,2023-03-11,2029-07-11,5621100.0,9.89,0,0,0.0
904258,702653,GL,25,2068,CLOSED,2021-09-14,2022-07-14,134100.0,7.79,0,0,0.0
904259,702654,PL,14,2082,ACTIVE,2023-12-27,2025-12-27,516700.0,15.23,365,12,277862.33
904260,702655,GL,17,2060,CLOSED,2020-06-09,2021-02-09,50100.0,8.05,0,0,0.0
904261,702655,CL,25,2068,CLOSED,2019-03-23,2020-09-23,309600.0,13.17,0,0,0.0
904262,702656,TWL,16,2027,ACTIVE,2022-07-13,2024-07-13,103200.0,12.97,41,2,9652.95
904263,702656,GL,18,2040,ACTIVE,2023-07-21,2024-07-21,1827000.0,8.42,341,11,1680536.58
904264,702656,LAP,16,2078,CLOSED,2018-08-10,2024-04-10,1579200.0,10.97,0,0,0.0
904265,702657,LAP,25,2061,ACTIVE,2021-03-08,2025-11-08,9056100.0,10.19,270,9,1759340.52
904266,702658,PL,20,2031,CLOSED,2021-06-04,2022-07-04,1490200.0,18.6,0,0,0.0
904267,702658,PL,5,2003,CLOSED,2022-05-20,2024-05-20,606600.0,18.86,0,0,0.0
904268,702658,GL,22,2022,CLOSED,2022-05-21,2022-11-21,1085500.0,9.89,0,0,0.0
904269,702659,PL,19,2116,ACTIVE,2023-08-31,2024-09-30,965600.0,17.66,231,7,542654.03
904270,702660,EL,21,2036,CLOSED,2021-05-09,2024-09-09,820900.0,10.59,0,0,0.0
904271,702661,HL,14,2050,ACTIVE,2022-01-12,2029-01-12,639000.0,10.04,190,6,61902.9
904272,702661,PL,11,2075,CLOSED,2024-01-30,2025-05-30,586700.0,18.61,0,0,0.0
904273,702661,PL,11,2075,ACTIVE,2021-01-31,2022-05-31,683900.0,18.42,39,1,47799.2
904274,702662,GL,11,2039,CLOSED,2018-09-24,2019-04-24,122400.0,7.96,0,0,0.0
904275,702663,PL,21,2113,ACTIVE,2025-11-11,2027-07-11,1008600.0,19.79,11,1,58646.92
904276,702663,BL,22,2026,CLOSED,2021-04-12,2023-11-12,4129900.0,19.38,0,0,0.0
904277,702663,PL,21,2008,CLOSED,2024-06-08,2026-03-08,95100.0,19.59,0,0,0.0
904278,702664,MFI,14,2050,ACTIVE,2023-05-20,2023-11-20,79100.0,23.43,7,1,13828.76
904279,702665,MFI,1,2004,CLOSED,2021-09-29,2022-09-29,6900.0,22.91,0,0,0.0
904280,702665,PL,1,2004,CLOSED,2025-12-21,2027-09-21,817700.0,18.63,0,0,0.0
904281,702666,EL,16,2027,CLOSED,2023-12-18,2026-06-18,137700.0,11.07,0,0,0.0
904282,702666,TWL,18,2040,ACTIVE,2021-04-23,2022-05-23,128200.0,14.54,72,2,21052.8
904283,702667,PL,16,2024,ACTIVE,2019-02-16,2020-03-16,754900.0,15.09,15,1,62522.25
904284,702667,MFI,12,2072,CLOSED,2018-02-16,2019-02-16,62700.0,20.33,0,0,0.0
904285,702668,MFI,25,2061,CLOSED,2025-06-30,2026-06-30,66500.0,20.33,0,0,0.0
904286,702669,GL,7,2112,CLOSED,2025-08-31,2026-04-30,1180000.0,9.15,0,0,0.0
904287,702670,CL,21,2008,CLOSED,2019-02-13,2020-01-13,318200.0,13.81,0,0,0.0
904288,702671,LAP,4,2085,CLOSED,2019-11-15,2023-03-15,2476600.0,10.66,0,0,0.0
904289,702672,LAP,11,2075,ACTIVE,2021-06-21,2025-02-21,1843700.0,9.92,38,1,49743.72
904290,702673,GL,11,2075,CLOSED,2025-11-20,2026-05-20,1113700.0,7.91,0,0,0.0
904291,702673,GL,11,2030,CLOSED,2025-07-31,2026-07-31,254900.0,8.31,0,0,0.0
904292,702674,BL,18,2103,ACTIVE,2018-03-23,2020-02-23,1153200.0,17.87,29,1,58709.4
904293,702675,GL,22,2022,ACTIVE,2022-11-21,2023-06-21,1267700.0,8.89,14,2,368907.88
904294,702675,BL,22,2022,CLOSED,2025-07-15,2029-11-15,4575700.0,16.78,0,0,0.0
904295,702676,MFI,5,2102,CLOSED,2025-05-08,2026-05-08,55000.0,20.88,0,0,0.0
904296,702677,TWL,17,2028,ACTIVE,2019-07-11,2020-07-11,50000.0,12.57,33,1,4409.59
904297,702678,LAP,10,2071,CLOSED,2021-03-23,2023-04-23,9962600.0,11.07,0,0,0.0
904298,702678,LAP,16,2027,CLOSED,2022-03-15,2026-10-15,7282300.0,11.16,0,0,0.0
904299,702678,AL,9,2057,ACTIVE,2018-01-19,2021-11-19,695200.0,10.8,365,12,209808.31
904300,702679,GL,6,2044,CLOSED,2019-02-03,2019-11-03,56500.0,8.91,0,0,0.0
904301,702679,BL,5,2099,ACTIVE,2022-09-21,2024-03-21,989400.0,17.01,336,11,634103.28
904302,702680,LAP,17,2055,ACTIVE,2019-05-23,2025-11-23,3747300.0,10.59,186,6,387908.61
904303,702680,PL,18,2040,ACTIVE,2025-01-04,2026-01-04,814100.0,14.31,41,1,72351.7
904304,702681,TWL,23,2041,ACTIVE,2023-05-07,2024-11-07,221700.0,13.08,46,1,13484.23
904305,702682,LAP,10,2095,CLOSED,2023-05-28,2025-08-28,5670300.0,10.63,0,0,0.0
904306,702683,PL,13,2007,CLOSED,2023-09-20,2024-11-20,1282300.0,15.87,0,0,0.0
904307,702684,AL,3,2097,CLOSED,2023-05-18,2025-06-18,209500.0,10.97,0,0,0.0
904308,702685,EL,12,2096,CLOSED,2019-04-28,2023-04-28,2784400.0,11.15,0,0,0.0
904309,702686,BL,3,2117,ACTIVE,2023-08-18,2025-08-18,4785300.0,15.66,282,9,1970913.87
904310,702687,GL,14,2043,CLOSED,2018-06-20,2019-04-20,665600.0,8.17,0,0,0.0
904311,702687,EL,23,2023,CLOSED,2020-05-30,2025-01-30,769200.0,9.03,0,0,0.0
904312,702688,PL,18,2098,CLOSED,2021-01-02,2022-07-02,939100.0,13.39,0,0,0.0
904313,702688,BL,6,2042,CLOSED,2018-07-15,2023-03-15,2363400.0,15.06,0,0,0.0
904314,702689,BL,24,2089,CLOSED,2022-12-22,2025-06-22,2555800.0,15.98,0,0,0.0
904315,702689,EL,17,2058,CLOSED,2023-03-20,2026-11-20,1830600.0,9.02,0,0,0.0
904316,702689,EL,24,2063,CLOSED,2025-08-03,2027-12-03,2239400.0,9.07,0,0,0.0
904317,702689,CL,14,2050,ACTIVE,2024-02-20,2025-08-20,342600.0,14.36,365,12,236447.14
904318,702690,PL,19,2002,CLOSED,2023-12-12,2025-02-12,542100.0,16.01,0,0,0.0
904319,702691,BL,25,2061,ACTIVE,2022-01-09,2023-11-09,1297300.0,16.74,201,6,393864.39
904320,702692,TWL,19,2116,CLOSED,2023-09-24,2025-01-24,80000.0,12.61,0,0,0.0
904321,702693,TWL,10,2071,ACTIVE,2025-02-11,2026-06-11,62100.0,15.04,41,1,4254.28
904322,702694,GL,10,2101,ACTIVE,2024-10-26,2025-05-26,1867400.0,9.75,29,2,544379.74
904323,702694,GL,23,2041,CLOSED,2018-10-08,2019-10-08,214700.0,10.25,0,0,0.0
904324,702695,PL,19,2116,CLOSED,2019-02-24,2020-12-24,661500.0,18.08,0,0,0.0
904325,702695,TWL,21,2113,ACTIVE,2024-11-05,2026-11-05,194700.0,14.42,33,1,9275.33
904326,702696,CL,24,2047,ACTIVE,2022-01-03,2022-09-03,23700.0,12.95,249,8,23700.0
904327,702697,MFI,2,2118,CLOSED,2019-12-23,2020-08-23,81000.0,21.16,0,0,0.0
904328,702697,EL,1,2020,ACTIVE,2023-09-07,2026-10-07,2146800.0,9.87,81,2,133419.51
904329,702698,LAP,18,2103,CLOSED,2025-11-17,2029-03-17,1639200.0,13.7,0,0,0.0
904330,702699,AL,4,2091,ACTIVE,2025-07-06,2027-02-06,1885900.0,10.93,42,1,107564.7
904331,702699,CL,5,2035,CLOSED,2020-04-30,2021-06-30,378600.0,14.72,0,0,0.0
904332,702700,BL,23,2041,CLOSED,2025-08-06,2030-01-06,3746500.0,16.59,0,0,0.0
904333,702700,GL,23,2023,CLOSED,2019-06-03,2020-01-03,1537400.0,8.43,0,0,0.0
904334,702701,AL,2,2108,ACTIVE,2025-12-23,2027-08-23,1803200.0,11.72,76,2,196497.25
904335,702702,PL,8,2034,CLOSED,2024-02-23,2025-10-23,705800.0,11.25,0,0,0.0
904336,702703,AL,21,2066,CLOSED,2020-07-27,2023-12-27,614900.0,10.09,0,0,0.0
904337,702703,TWL,22,2093,CLOSED,2022-03-15,2024-02-15,105400.0,11.4,0,0,0.0
904338,702704,CL,23,2023,CLOSED,2021-06-07,2022-11-07,358900.0,13.99,0,0,0.0
904339,702704,PL,23,2005,CLOSED,2021-11-04,2023-01-04,51400.0,13.73,0,0,0.0
904340,702705,CL,5,2099,CLOSED,2021-10-01,2023-02-01,24100.0,15.24,0,0,0.0
904341,702705,TWL,20,2080,ACTIVE,2021-02-10,2022-12-10,54500.0,13.12,286,9,23880.91
904342,702706,BL,9,2046,ACTIVE,2022-07-24,2024-05-24,213700.0,16.4,365,12,124424.63
904343,702707,PL,11,2030,CLOSED,2022-09-26,2024-05-26,669300.0,13.93,0,0,0.0
904344,702707,GL,11,2039,CLOSED,2025-11-12,2026-06-12,232200.0,8.26,0,0,0.0
904345,702707,CL,19,2002,ACTIVE,2023-08-27,2024-11-27,343700.0,13.86,20,1,24800.78
904346,702708,EL,3,2110,CLOSED,2024-07-31,2028-11-30,288100.0,9.42,0,0,0.0
904347,702709,LAP,17,2051,ACTIVE,2022-09-04,2027-10-04,626300.0,11.63,17,1,13516.73
904348,702710,AL,25,2013,CLOSED,2023-06-07,2025-12-07,2118500.0,10.74,0,0,0.0
904349,702711,TWL,11,2039,CLOSED,2021-05-20,2022-09-20,294200.0,12.8,0,0,0.0
904350,702712,PL,16,2037,CLOSED,2021-01-22,2022-08-22,157200.0,14.97,0,0,0.0
904351,702712,LAP,2,2106,CLOSED,2019-10-26,2023-08-26,11386000.0,11.05,0,0,0.0
904352,702712,CL,24,2016,CLOSED,2022-02-16,2023-04-16,27800.0,14.36,0,0,0.0
904353,702713,CL,3,2083,CLOSED,2023-07-10,2024-04-10,203100.0,16.27,0,0,0.0
904354,702714,GL,4,2115,CLOSED,2022-08-19,2023-02-19,292700.0,8.52,0,0,0.0
904355,702715,CL,19,2081,ACTIVE,2025-03-22,2025-10-22,219000.0,15.1,152,5,158372.2
904356,702715,AL,20,2080,ACTIVE,2025-06-20,2026-06-20,344100.0,11.0,318,10,289334.38
904357,702716,PL,18,2103,CLOSED,2018-04-07,2019-06-07,86200.0,15.05,0,0,0.0
904358,702717,GL,5,2003,CLOSED,2025-10-22,2026-06-22,10200.0,8.92,0,0,0.0
904359,702717,PL,6,2092,CLOSED,2022-01-25,2023-08-25,598300.0,15.49,0,0,0.0
904360,702718,GL,7,2079,CLOSED,2023-10-25,2024-04-25,1614600.0,10.05,0,0,0.0
904361,702719,PL,7,2010,CLOSED,2022-12-28,2024-05-28,112700.0,13.98,0,0,0.0
904362,702720,MFI,16,2037,CLOSED,2024-10-06,2025-09-06,61800.0,19.87,0,0,0.0
904363,702721,MFI,1,2020,ACTIVE,2023-06-13,2023-12-13,89400.0,22.44,32,1,15598.57
904364,702721,MFI,3,2052,CLOSED,2025-05-23,2026-01-23,15400.0,22.42,0,0,0.0
904365,702722,EL,9,2046,CLOSED,2023-07-29,2026-12-29,2517800.0,10.04,0,0,0.0
904366,702723,AL,16,2024,CLOSED,2025-03-24,2026-05-24,684400.0,11.18,0,0,0.0
904367,702724,TWL,7,2010,CLOSED,2025-10-01,2027-08-01,31000.0,14.8,0,0,0.0
904368,702724,EL,7,2018,CLOSED,2025-11-26,2030-11-26,2806300.0,10.86,0,0,0.0
904369,702725,PL,25,2013,ACTIVE,2020-06-27,2022-04-27,67800.0,16.73,181,6,20583.03
904370,702725,TWL,20,2031,CLOSED,2023-01-28,2024-03-28,209000.0,13.55,0,0,0.0
904371,702726,TWL,10,2095,CLOSED,2024-11-15,2026-04-15,57500.0,11.82,0,0,0.0
904372,702726,PL,10,2095,CLOSED,2023-08-06,2025-07-06,463400.0,13.41,0,0,0.0
904373,702727,PL,14,2082,CLOSED,2025-04-19,2026-09-19,1395200.0,14.53,0,0,0.0
904374,702727,PL,22,2026,ACTIVE,2025-06-03,2026-07-03,238400.0,14.6,40,1,19698.38
904375,702728,MFI,10,2045,CLOSED,2021-11-30,2022-06-30,10300.0,18.24,0,0,0.0
904376,702728,CL,9,2057,ACTIVE,2024-12-06,2026-04-06,107200.0,12.54,31,1,7234.98
904377,702729,EL,22,2019,CLOSED,2025-10-26,2029-08-26,1392300.0,9.61,0,0,0.0
904378,702729,HL,21,2113,CLOSED,2025-05-03,2031-01-03,4894400.0,9.59,0,0,0.0
904379,702729,GL,15,2015,CLOSED,2025-09-24,2026-05-24,723600.0,8.48,0,0,0.0
904380,702730,AL,13,2029,CLOSED,2018-02-25,2020-03-25,483300.0,11.44,0,0,0.0
904381,702731,EL,4,2115,ACTIVE,2025-10-17,2028-11-17,340600.0,9.47,47,1,10567.29
904382,702731,GL,4,2091,ACTIVE,2025-10-13,2026-09-13,237300.0,8.51,14,1,22343.01
904383,702732,EL,9,2057,CLOSED,2021-10-05,2026-05-05,68400.0,11.69,0,0,0.0
904384,702733,EL,4,2090,CLOSED,2023-05-01,2027-11-01,1548500.0,8.47,0,0,0.0
904385,702733,CL,3,2083,ACTIVE,2023-07-13,2024-05-13,173800.0,12.72,242,8,140490.4
904386,702733,MFI,6,2042,ACTIVE,2025-03-18,2026-04-18,10300.0,18.63,41,2,1721.92
904387,702734,PL,3,2117,CLOSED,2024-11-14,2026-07-14,472900.0,15.07,0,0,0.0
904388,702735,PL,1,2020,ACTIVE,2023-09-02,2024-10-02,624000.0,15.08,6,1,51678.39
904389,702735,EL,18,2098,CLOSED,2022-02-27,2025-05-27,2856200.0,9.39,0,0,0.0
904390,702735,MFI,15,2015,ACTIVE,2018-11-16,2019-06-16,7400.0,20.09,51,1,1110.52
904391,702736,GL,19,2109,CLOSED,2023-11-15,2024-05-15,1975300.0,8.52,0,0,0.0
904392,702736,BL,2,2105,ACTIVE,2023-10-27,2025-09-27,1287800.0,16.55,2,1,64828.41
904393,702737,PL,25,2011,CLOSED,2025-11-22,2027-09-22,770900.0,18.53,0,0,0.0
904394,702738,GL,15,2074,CLOSED,2019-10-03,2020-09-03,1834100.0,9.38,0,0,0.0
904395,702739,BL,24,2016,ACTIVE,2024-12-14,2029-10-14,347900.0,17.0,240,8,66389.42
904396,702740,GL,21,2008,CLOSED,2020-06-02,2021-05-02,612400.0,9.38,0,0,0.0
904397,702741,PL,2,2118,CLOSED,2023-11-14,2025-02-14,1318400.0,16.71,0,0,0.0
904398,702741,GL,1,2020,CLOSED,2019-05-26,2019-12-26,848600.0,9.23,0,0,0.0
904399,702742,MFI,2,2104,CLOSED,2019-01-05,2019-08-05,76800.0,20.5,0,0,0.0
904400,702742,TWL,24,2063,CLOSED,2021-12-10,2022-12-10,53900.0,12.36,0,0,0.0
904401,702743,MFI,8,2114,CLOSED,2021-08-04,2022-04-04,78300.0,22.29,0,0,0.0
904402,702743,MFI,19,2081,CLOSED,2019-02-22,2020-01-22,56800.0,22.75,0,0,0.0
904403,702744,TWL,20,2065,CLOSED,2025-03-08,2026-08-08,110600.0,10.79,0,0,0.0
904404,702744,TWL,19,2002,ACTIVE,2021-12-28,2023-12-28,173300.0,10.59,192,6,46808.75
904405,702745,BL,22,2022,CLOSED,2025-09-12,2028-12-12,2164000.0,18.49,0,0,0.0
904406,702745,GL,15,2015,CLOSED,2025-09-21,2026-07-21,167700.0,9.8,0,0,0.0
904407,702746,GL,7,2018,CLOSED,2018-12-05,2019-09-05,1166900.0,8.39,0,0,0.0
904408,702747,TWL,11,2039,ACTIVE,2020-11-16,2022-01-16,51000.0,14.04,243,8,30155.34
904409,702748,TWL,3,2083,CLOSED,2021-06-19,2022-10-19,155800.0,14.84,0,0,0.0
904410,702748,TWL,3,2084,CLOSED,2019-12-31,2021-01-31,135300.0,14.42,0,0,0.0
904411,702749,CL,12,2096,CLOSED,2024-02-25,2024-11-25,316900.0,14.58,0,0,0.0
904412,702749,MFI,13,2107,CLOSED,2025-05-23,2026-04-23,51800.0,20.32,0,0,0.0
904413,702749,PL,13,2007,ACTIVE,2025-03-03,2026-04-03,513600.0,14.92,9,1,42502.67
904414,702750,PL,16,2078,CLOSED,2024-12-21,2026-01-21,578900.0,15.45,0,0,0.0
904415,702750,CL,16,2024,ACTIVE,2023-07-06,2024-05-06,16500.0,14.48,55,1,1740.47
904416,702751,GL,3,2117,ACTIVE,2025-07-04,2026-01-04,811000.0,9.18,62,2,274464.0
904417,702752,BL,25,2013,CLOSED,2021-05-08,2022-07-08,4145800.0,16.91,0,0,0.0
904418,702753,GL,24,2063,ACTIVE,2021-04-03,2021-10-03,15900.0,9.28,12,1,2701.3
904419,702754,GL,19,2116,CLOSED,2021-01-08,2022-01-08,1683000.0,8.29,0,0,0.0
904420,702755,BL,15,2015,CLOSED,2025-11-03,2027-03-03,886800.0,17.61,0,0,0.0
904421,702755,CL,15,2012,CLOSED,2024-09-30,2025-12-30,344700.0,15.65,0,0,0.0
904422,702755,TWL,17,2055,CLOSED,2025-03-31,2027-03-31,284300.0,13.84,0,0,0.0
904423,702756,PL,11,2075,CLOSED,2021-02-15,2022-04-15,800700.0,15.63,0,0,0.0
904424,702757,TWL,16,2078,ACTIVE,2025-08-23,2027-06-23,281300.0,11.63,41,2,28109.75
904425,702758,AL,6,2092,CLOSED,2019-03-26,2022-05-26,1994000.0,11.63,0,0,0.0
904426,702758,GL,5,2035,CLOSED,2021-02-03,2022-01-03,468100.0,10.01,0,0,0.0
904427,702759,GL,18,2120,ACTIVE,2021-11-08,2022-06-08,1047600.0,9.37,234,7,1047600.0
904428,702760,BL,10,2045,CLOSED,2020-11-26,2024-07-26,1363300.0,17.92,0,0,0.0
904429,702760,MFI,8,2114,CLOSED,2018-06-18,2019-03-18,66200.0,21.62,0,0,0.0
904430,702761,AL,4,2115,CLOSED,2025-09-27,2028-06-27,2263000.0,11.54,0,0,0.0
904431,702762,PL,1,2049,CLOSED,2023-08-30,2025-06-30,792000.0,18.41,0,0,0.0
904432,702762,PL,3,2067,CLOSED,2024-02-01,2025-04-01,208600.0,18.66,0,0,0.0
904433,702763,GL,17,2051,ACTIVE,2022-08-25,2023-04-25,86200.0,9.01,102,3,32930.97
904434,702764,PL,21,2066,CLOSED,2018-03-15,2019-07-15,775300.0,15.48,0,0,0.0
904435,702764,TWL,21,2008,CLOSED,2018-05-04,2020-03-04,230800.0,12.88,0,0,0.0
904436,702765,MFI,2,2062,CLOSED,2021-06-03,2021-12-03,13400.0,21.45,0,0,0.0
904437,702766,PL,6,2042,CLOSED,2020-09-27,2022-02-27,247600.0,18.98,0,0,0.0
904438,702767,BL,11,2039,CLOSED,2025-08-30,2027-11-30,1541000.0,16.39,0,0,0.0
904439,702768,BL,18,2040,ACTIVE,2024-08-07,2026-04-07,2513100.0,16.06,32,1,142152.69
904440,702768,CL,16,2037,CLOSED,2025-06-20,2026-09-20,154200.0,13.86,0,0,0.0
904441,702768,PL,17,2058,CLOSED,2022-04-30,2024-02-29,167500.0,14.23,0,0,0.0
904442,702769,GL,23,2023,CLOSED,2019-12-04,2020-07-04,667500.0,8.64,0,0,0.0
904443,702770,HL,7,2079,CLOSED,2019-02-23,2025-09-23,1018600.0,10.22,0,0,0.0
904444,702771,CL,15,2073,CLOSED,2019-10-15,2020-12-15,87100.0,16.32,0,0,0.0
904445,702771,CL,18,2040,ACTIVE,2020-04-05,2021-09-05,225300.0,16.18,49,1,14720.1
904446,702771,TWL,10,2071,CLOSED,2018-06-26,2020-06-26,75600.0,14.39,0,0,0.0
904447,702771,BL,16,2027,ACTIVE,2019-11-24,2022-08-24,4171500.0,18.01,9,1,158829.71
904448,702772,CL,7,2010,CLOSED,2025-06-19,2026-09-19,252400.0,12.64,0,0,0.0
904449,702773,GL,16,2024,CLOSED,2024-11-12,2025-06-12,973800.0,7.53,0,0,0.0
904450,702774,CL,19,2116,ACTIVE,2019-10-05,2021-01-05,407200.0,14.62,43,1,29507.78
904451,702775,PL,20,2065,ACTIVE,2025-11-19,2027-09-19,206300.0,18.03,33,2,21674.24
904452,702776,BL,20,2080,CLOSED,2025-09-12,2028-02-12,184400.0,15.43,0,0,0.0
904453,702777,BL,4,2025,CLOSED,2024-01-02,2028-11-02,4227100.0,18.73,0,0,0.0
904454,702778,AL,17,2028,ACTIVE,2021-05-25,2023-10-25,2132400.0,10.7,11,1,83032.41
904455,702779,TWL,19,2081,ACTIVE,2024-11-11,2026-04-11,131000.0,10.73,41,1,8266.81
904456,702780,HL,23,2023,ACTIVE,2024-06-14,2027-07-14,940100.0,9.95,40,1,29365.47
904457,702781,EL,16,2024,CLOSED,2020-01-24,2023-03-24,1131500.0,9.53,0,0,0.0
904458,702782,CL,19,2111,CLOSED,2020-04-02,2021-10-02,63700.0,15.49,0,0,0.0
904459,702782,CL,13,2054,CLOSED,2024-06-16,2025-11-16,465000.0,15.34,0,0,0.0
904460,702783,CL,25,2013,ACTIVE,2023-06-03,2024-02-03,61600.0,14.09,259,8,61600.0
904461,702783,PL,25,2013,ACTIVE,2020-08-08,2022-07-08,268400.0,14.73,17,1,13302.0
904462,702784,MFI,3,2067,CLOSED,2024-02-20,2025-01-20,14500.0,21.91,0,0,0.0
904463,702784,CL,14,2119,CLOSED,2025-09-11,2026-10-11,447300.0,15.67,0,0,0.0
904464,702785,GL,4,2085,CLOSED,2025-08-29,2026-02-28,183300.0,8.11,0,0,0.0
904465,702786,PL,4,2090,CLOSED,2018-05-22,2019-06-22,518200.0,16.68,0,0,0.0
904466,702786,TWL,1,2049,ACTIVE,2020-05-16,2022-03-16,36900.0,13.39,29,1,1879.88
904467,702787,PL,13,2007,CLOSED,2023-09-12,2024-10-12,348400.0,17.61,0,0,0.0
904468,702788,HL,19,2081,CLOSED,2025-09-02,2029-12-02,2643800.0,9.01,0,0,0.0
904469,702789,MFI,5,2102,CLOSED,2025-03-10,2026-03-10,61700.0,20.94,0,0,0.0
904470,702790,PL,3,2052,ACTIVE,2018-11-06,2020-07-06,561800.0,20.59,36,1,32859.07
904471,702791,MFI,2,2062,ACTIVE,2024-11-21,2025-11-21,22800.0,21.23,45,2,4140.82
904472,702792,CL,20,2065,ACTIVE,2020-11-07,2022-04-07,82400.0,14.77,23,1,5335.82
904473,702793,AL,15,2012,CLOSED,2023-01-11,2024-07-11,585700.0,10.79,0,0,0.0
904474,702793,AL,16,2024,ACTIVE,2022-12-01,2025-01-01,1479000.0,10.95,38,1,65831.91
904475,702794,PL,18,2098,CLOSED,2024-10-31,2026-08-31,615700.0,12.1,0,0,0.0
904476,702794,CL,23,2023,ACTIVE,2022-07-17,2023-11-17,341900.0,12.41,365,12,261626.92
904477,702795,GL,15,2073,CLOSED,2019-11-13,2020-05-13,198600.0,9.52,0,0,0.0
904478,702796,AL,2,2118,ACTIVE,2022-02-03,2025-07-03,1280600.0,11.09,231,7,254184.74
904479,702797,PL,19,2081,CLOSED,2025-06-10,2027-05-10,716500.0,19.65,0,0,0.0
904480,702798,CL,16,2078,CLOSED,2020-10-02,2022-03-02,117900.0,17.17,0,0,0.0
904481,702798,PL,17,2055,ACTIVE,2023-12-19,2025-07-19,904300.0,19.1,51,1,54658.59
904482,702799,TWL,15,2074,ACTIVE,2020-07-29,2022-05-29,188600.0,13.86,44,1,9645.71
904483,702799,BL,20,2080,ACTIVE,2022-05-29,2024-06-29,324100.0,18.05,38,1,15418.12
904484,702799,TWL,1,2004,ACTIVE,2021-05-16,2023-04-16,166900.0,13.93,30,2,16335.18
904485,702799,TWL,9,2057,CLOSED,2025-02-20,2026-09-20,231200.0,13.98,0,0,0.0
904486,702800,TWL,14,2009,CLOSED,2024-09-28,2026-01-28,224200.0,13.14,0,0,0.0
904487,702800,AL,14,2009,ACTIVE,2020-11-13,2024-11-13,1432500.0,11.23,365,12,420209.59
904488,702801,LAP,18,2077,CLOSED,2025-02-27,2029-01-27,8944600.0,12.5,0,0,0.0
904489,702801,PL,15,2074,ACTIVE,2024-09-11,2026-08-11,932100.0,18.7,37,1,47788.54
904490,702801,PL,18,2098,CLOSED,2025-08-01,2026-09-01,1486700.0,18.53,0,0,0.0
904491,702802,CL,14,2050,CLOSED,2019-07-06,2020-04-06,174000.0,15.05,0,0,0.0
904492,702802,PL,14,2082,ACTIVE,2019-12-13,2021-01-13,680200.0,16.65,278,9,483729.27
904493,702803,TWL,16,2024,CLOSED,2025-05-04,2027-02-04,31600.0,12.26,0,0,0.0
904494,702803,EL,17,2051,ACTIVE,2025-11-16,2030-08-16,2541800.0,9.59,83,2,110064.75
904495,702803,GL,15,2015,CLOSED,2025-09-19,2026-09-19,1539300.0,8.56,0,0,0.0
904496,702804,CL,24,2063,ACTIVE,2022-04-04,2022-10-04,47200.0,16.89,194,6,47200.0
904497,702804,AL,24,2063,CLOSED,2022-04-14,2025-06-14,1349500.0,12.05,0,0,0.0
904498,702805,MFI,21,2036,CLOSED,2024-12-31,2025-09-30,5100.0,20.03,0,0,0.0
904499,702806,MFI,21,2066,ACTIVE,2018-01-13,2018-12-13,43700.0,19.84,14,1,4306.39
904500,702806,MFI,13,2094,CLOSED,2018-02-16,2018-11-16,29600.0,19.83,0,0,0.0
904501,702806,TWL,12,2072,CLOSED,2024-06-07,2026-06-07,113900.0,11.85,0,0,0.0
904502,702806,TWL,13,2107,CLOSED,2025-07-07,2027-03-07,30200.0,11.97,0,0,0.0
904503,702807,GL,2,2062,ACTIVE,2020-05-15,2020-12-15,207300.0,8.85,171,5,149155.4
904504,702808,EL,24,2063,ACTIVE,2025-08-10,2029-10-10,1385400.0,9.55,40,1,33428.02
904505,702809,PL,19,2081,CLOSED,2025-02-26,2026-07-26,183600.0,17.6,0,0,0.0
904506,702810,CL,3,2084,ACTIVE,2022-12-02,2023-11-02,341500.0,14.83,29,1,32986.92
904507,702811,AL,2,2106,CLOSED,2019-10-29,2021-02-28,449900.0,10.76,0,0,0.0
904508,702811,LAP,3,2067,CLOSED,2021-07-16,2028-02-16,11579000.0,10.99,0,0,0.0
904509,702812,PL,23,2005,CLOSED,2025-09-01,2027-08-01,224900.0,17.02,0,0,0.0
904510,702812,EL,23,2005,ACTIVE,2022-03-12,2024-07-12,2754100.0,10.04,22,1,109821.66
904511,702812,BL,11,2048,ACTIVE,2023-02-28,2028-02-28,2069100.0,17.43,12,2,101585.52
904512,702813,CL,6,2042,CLOSED,2025-04-02,2026-01-02,96200.0,18.91,0,0,0.0
904513,702814,MFI,24,2063,CLOSED,2018-09-17,2019-03-17,91800.0,22.1,0,0,0.0
904514,702814,AL,4,2085,CLOSED,2021-03-13,2025-03-13,588100.0,11.28,0,0,0.0
904515,702815,AL,21,2008,CLOSED,2021-02-20,2024-04-20,325000.0,9.0,0,0,0.0
904516,702816,GL,23,2069,CLOSED,2025-03-03,2026-01-03,1637400.0,8.99,0,0,0.0
904517,702816,BL,16,2024,ACTIVE,2023-08-20,2027-04-20,3061200.0,17.37,309,10,874387.86
904518,702817,PL,19,2109,CLOSED,2018-02-07,2019-06-07,1311400.0,17.14,0,0,0.0
904519,702817,EL,19,2111,ACTIVE,2022-09-08,2026-01-08,1609500.0,10.14,42,1,47189.4
904520,702818,PL,7,2018,CLOSED,2022-12-26,2024-08-26,873300.0,15.99,0,0,0.0
904521,702819,CL,19,2081,CLOSED,2022-10-14,2023-07-14,347600.0,13.92,0,0,0.0
904522,702819,AL,19,2109,ACTIVE,2020-02-06,2022-12-06,2436900.0,10.02,20,1,81940.97
904523,702820,GL,16,2027,CLOSED,2022-06-30,2023-06-30,1059300.0,8.77,0,0,0.0
904524,702820,BL,7,2010,CLOSED,2021-09-08,2022-10-08,100100.0,16.42,0,0,0.0
904525,702821,MFI,8,2076,CLOSED,2023-06-08,2024-03-08,26800.0,21.45,0,0,0.0
904526,702822,EL,8,2038,CLOSED,2025-04-07,2028-08-07,959500.0,11.21,0,0,0.0
904527,702823,GL,6,2044,CLOSED,2024-08-15,2025-02-15,440300.0,8.9,0,0,0.0
904528,702823,CL,6,2044,CLOSED,2020-05-13,2021-03-13,302800.0,15.67,0,0,0.0
904529,702824,BL,21,2113,CLOSED,2025-06-15,2026-07-15,4514000.0,18.69,0,0,0.0
904530,702824,PL,24,2063,ACTIVE,2025-08-27,2026-12-27,94800.0,18.44,36,1,6626.55
904531,702824,TWL,5,2099,CLOSED,2025-10-14,2027-04-14,230500.0,14.86,0,0,0.0
904532,702825,BL,24,2016,CLOSED,2020-12-25,2023-04-25,2606900.0,18.6,0,0,0.0
904533,702826,GL,3,2067,ACTIVE,2024-12-18,2025-10-18,1802500.0,8.59,224,7,1275184.39
904534,702826,HL,7,2079,CLOSED,2025-06-14,2030-11-14,5841900.0,9.5,0,0,0.0
904535,702827,PL,19,2116,CLOSED,2023-12-06,2025-02-06,975500.0,12.66,0,0,0.0
904536,702828,MFI,10,2101,ACTIVE,2020-02-19,2021-01-19,79000.0,19.94,44,1,7788.09
904537,702829,CL,22,2019,ACTIVE,2024-08-04,2025-09-04,102000.0,16.81,41,1,8517.61
904538,702830,MFI,12,2033,CLOSED,2020-02-08,2020-11-08,80300.0,21.81,0,0,0.0
904539,702830,TWL,16,2024,CLOSED,2021-06-02,2022-10-02,117000.0,14.04,0,0,0.0
904540,702831,EL,16,2037,CLOSED,2022-11-01,2027-04-01,1542200.0,10.75,0,0,0.0
904541,702832,GL,2,2106,CLOSED,2023-05-31,2024-05-31,329800.0,10.28,0,0,0.0
904542,702832,CL,1,2020,ACTIVE,2025-07-11,2026-03-11,21600.0,16.57,172,5,13776.37
904543,702833,PL,1,2004,CLOSED,2025-10-15,2027-09-15,198200.0,18.94,0,0,0.0
904544,702833,MFI,21,2088,ACTIVE,2024-05-02,2024-12-02,18300.0,22.61,43,1,2762.93
904545,702833,TWL,1,2020,CLOSED,2023-12-13,2024-12-13,41000.0,14.99,0,0,0.0
904546,702834,CL,10,2045,ACTIVE,2025-05-13,2026-01-13,421300.0,14.81,24,1,54950.91
904547,702835,BL,7,2018,CLOSED,2025-08-10,2030-05-10,111200.0,16.4,0,0,0.0
904548,702836,PL,7,2087,CLOSED,2023-01-21,2024-12-21,634000.0,14.43,0,0,0.0
904549,702837,TWL,20,2031,CLOSED,2025-12-25,2027-11-25,30100.0,12.62,0,0,0.0
904550,702837,AL,6,2092,CLOSED,2021-10-25,2025-09-25,2716600.0,10.42,0,0,0.0
904551,702838,PL,5,2003,CLOSED,2024-03-09,2025-09-09,805200.0,18.77,0,0,0.0
904552,702838,PL,25,2013,CLOSED,2025-07-01,2027-05-01,273600.0,18.29,0,0,0.0
904553,702839,TWL,19,2081,ACTIVE,2021-01-27,2022-06-27,209200.0,15.34,180,6,79043.59
904554,702840,BL,17,2055,CLOSED,2024-03-25,2029-02-25,4551700.0,15.74,0,0,0.0
904555,702840,PL,16,2027,CLOSED,2022-02-25,2024-02-25,699900.0,13.48,0,0,0.0
904556,702841,LAP,14,2050,CLOSED,2025-01-29,2028-03-29,13523100.0,11.82,0,0,0.0
904557,702841,CL,14,2009,CLOSED,2025-03-11,2026-09-11,22600.0,16.16,0,0,0.0
904558,702842,AL,24,2063,ACTIVE,2024-11-06,2028-07-06,161100.0,9.29,314,10,41553.31
904559,702843,EL,20,2080,CLOSED,2025-08-24,2030-06-24,2279100.0,11.89,0,0,0.0
904560,702844,MFI,11,2075,ACTIVE,2022-04-23,2022-10-23,80500.0,22.62,54,1,14050.75
904561,702844,BL,11,2039,CLOSED,2025-11-13,2028-06-13,2206200.0,18.65,0,0,0.0
904562,702844,GL,11,2039,CLOSED,2022-03-02,2022-10-02,15700.0,9.56,0,0,0.0
904563,702845,PL,12,2086,CLOSED,2023-01-22,2024-01-22,1309500.0,17.67,0,0,0.0
904564,702846,MFI,17,2058,CLOSED,2021-10-22,2022-04-22,62000.0,20.86,0,0,0.0
904565,702846,TWL,13,2094,ACTIVE,2020-07-08,2022-03-08,224800.0,12.56,28,2,24644.36
904566,702847,HL,25,2061,CLOSED,2020-02-11,2023-10-11,522100.0,8.83,0,0,0.0
904567,702847,PL,25,2011,CLOSED,2024-03-10,2025-03-10,377900.0,14.65,0,0,0.0
904568,702847,AL,4,2091,CLOSED,2022-12-26,2026-09-26,1374200.0,10.23,0,0,0.0
904569,702848,PL,13,2107,CLOSED,2022-01-14,2023-04-14,683700.0,17.19,0,0,0.0
904570,702848,HL,8,2038,ACTIVE,2020-03-12,2024-09-12,5777900.0,10.0,55,1,132208.33
904571,702849,PL,25,2011,CLOSED,2018-03-10,2019-07-10,139200.0,14.75,0,0,0.0
904572,702850,GL,17,2055,CLOSED,2024-01-04,2025-01-04,583000.0,9.9,0,0,0.0
904573,702851,AL,18,2040,CLOSED,2018-08-24,2020-02-24,479500.0,11.14,0,0,0.0
904574,702852,TWL,4,2115,CLOSED,2025-03-04,2026-03-04,83800.0,14.68,0,0,0.0
904575,702853,PL,21,2008,CLOSED,2024-05-21,2025-05-21,82500.0,17.11,0,0,0.0
904576,702854,GL,19,2111,ACTIVE,2025-09-21,2026-07-21,1031200.0,9.7,4,1,106895.83
904577,702855,CL,3,2083,CLOSED,2024-11-03,2025-06-03,28800.0,14.51,0,0,0.0
904578,702855,CL,4,2115,ACTIVE,2025-10-14,2027-04-14,22000.0,14.64,152,5,6600.18
904579,702856,GL,5,2099,CLOSED,2023-11-04,2024-08-04,1333200.0,7.0,0,0,0.0
904580,702857,EL,4,2090,CLOSED,2021-03-07,2023-04-07,2351900.0,10.85,0,0,0.0
904581,702858,EL,15,2012,CLOSED,2025-05-21,2028-05-21,81700.0,9.85,0,0,0.0
904582,702858,GL,12,2096,CLOSED,2024-11-18,2025-11-18,1601200.0,9.4,0,0,0.0
904583,702858,BL,13,2107,CLOSED,2025-04-06,2028-07-06,432100.0,17.5,0,0,0.0
904584,702859,CL,12,2017,ACTIVE,2023-09-08,2024-12-08,437100.0,14.42,332,11,328087.1
904585,702860,MFI,20,2065,CLOSED,2019-10-08,2020-04-08,83200.0,21.18,0,0,0.0
904586,702861,PL,23,2041,CLOSED,2022-08-05,2024-04-05,50100.0,12.91,0,0,0.0
904587,702861,CL,15,2073,CLOSED,2024-05-26,2025-09-26,81300.0,13.45,0,0,0.0
904588,702862,GL,11,2039,CLOSED,2024-11-01,2025-09-01,488900.0,9.62,0,0,0.0
904589,702863,MFI,23,2023,ACTIVE,2024-07-26,2025-01-26,25700.0,19.9,33,1,4461.37
904590,702864,PL,17,2058,CLOSED,2021-06-07,2022-12-07,766100.0,17.83,0,0,0.0
904591,702865,PL,21,2113,CLOSED,2022-11-30,2024-11-30,572400.0,14.38,0,0,0.0
904592,702866,MFI,2,2118,CLOSED,2018-12-08,2019-09-08,14500.0,20.77,0,0,0.0
904593,702866,CL,21,2008,ACTIVE,2021-03-01,2021-09-01,183200.0,15.14,36,1,31498.32
904594,702867,PL,5,2003,CLOSED,2025-04-02,2026-07-02,625600.0,15.29,0,0,0.0
904595,702868,TWL,12,2096,ACTIVE,2022-01-05,2024-01-05,272300.0,13.98,61,2,25692.82
904596,702869,TWL,6,2042,CLOSED,2019-07-30,2020-12-30,45600.0,15.24,0,0,0.0
904597,702870,HL,22,2093,CLOSED,2021-05-09,2025-09-09,2800000.0,10.13,0,0,0.0
904598,702870,GL,12,2072,ACTIVE,2020-09-04,2021-03-04,1254900.0,9.55,49,1,213316.54
904599,702870,CL,12,2096,CLOSED,2021-08-31,2022-07-31,368500.0,16.21,0,0,0.0
904600,702871,EL,13,2094,ACTIVE,2023-03-12,2026-08-12,1176200.0,9.59,22,3,99674.75
904601,702871,GL,14,2100,CLOSED,2020-11-24,2021-10-24,169800.0,8.67,0,0,0.0
904602,702872,EL,13,2094,CLOSED,2019-11-23,2024-03-23,1460200.0,10.33,0,0,0.0
904603,702872,TWL,13,2107,CLOSED,2020-04-23,2021-06-23,68900.0,13.31,0,0,0.0
904604,702873,EL,8,2076,CLOSED,2023-02-15,2025-08-15,684000.0,9.41,0,0,0.0
904605,702874,EL,7,2112,CLOSED,2025-06-26,2028-04-26,408800.0,10.73,0,0,0.0
904606,702874,GL,7,2010,ACTIVE,2021-08-11,2022-04-11,1987000.0,10.27,244,8,1987000.0
904607,702874,CL,7,2010,ACTIVE,2023-03-07,2024-08-07,346800.0,16.96,19,2,45222.84
904608,702875,TWL,14,2100,CLOSED,2018-12-25,2020-09-25,142400.0,12.13,0,0,0.0
904609,702875,MFI,1,2049,CLOSED,2019-07-19,2020-07-19,71400.0,20.39,0,0,0.0
904610,702876,BL,3,2052,ACTIVE,2025-12-23,2027-06-23,1042800.0,16.12,12,1,64736.22
904611,702877,GL,1,2020,ACTIVE,2024-01-23,2024-09-23,833700.0,10.77,167,5,528024.52
904612,702877,GL,1,2020,CLOSED,2024-08-05,2025-06-05,165100.0,10.9,0,0,0.0
904613,702878,PL,12,2017,CLOSED,2023-12-14,2025-10-14,84600.0,15.63,0,0,0.0
904614,702879,GL,2,2062,CLOSED,2025-09-02,2026-03-02,43100.0,7.28,0,0,0.0
904615,702879,AL,17,2055,CLOSED,2025-12-28,2027-05-28,148400.0,9.52,0,0,0.0
904616,702880,CL,21,2088,CLOSED,2021-05-14,2021-11-14,13000.0,16.31,0,0,0.0
904617,702881,BL,14,2082,CLOSED,2025-11-11,2028-09-11,4047400.0,15.75,0,0,0.0
904618,702882,TWL,13,2094,ACTIVE,2019-11-03,2021-04-03,51700.0,12.97,365,12,37462.07
904619,702882,EL,23,2069,CLOSED,2020-03-13,2025-02-13,557200.0,10.1,0,0,0.0
904620,702883,GL,12,2072,ACTIVE,2023-05-08,2023-12-08,77700.0,8.2,15,1,11328.06
904621,702883,CL,12,2017,CLOSED,2021-10-18,2023-01-18,282900.0,14.11,0,0,0.0
904622,702883,AL,4,2025,CLOSED,2021-04-13,2023-11-13,583900.0,10.21,0,0,0.0
904623,702884,PL,5,2102,ACTIVE,2023-07-28,2024-12-28,743200.0,16.84,51,1,48759.92
904624,702884,AL,6,2044,ACTIVE,2018-06-19,2020-05-19,444600.0,11.13,365,12,243714.67
904625,702885,PL,16,2024,CLOSED,2025-04-23,2026-04-23,440900.0,17.37,0,0,0.0
904626,702886,HL,25,2013,CLOSED,2022-08-12,2027-12-12,3676000.0,10.1,0,0,0.0
904627,702887,TWL,7,2087,ACTIVE,2023-06-01,2025-03-01,74500.0,13.61,54,1,3961.9
904628,702888,MFI,22,2019,CLOSED,2019-08-01,2020-03-01,77300.0,21.77,0,0,0.0
904629,702889,PL,14,2043,CLOSED,2025-08-23,2027-08-23,58500.0,17.73,0,0,0.0
904630,702889,CL,14,2082,CLOSED,2021-03-14,2022-08-14,375400.0,16.35,0,0,0.0
904631,702890,TWL,22,2093,CLOSED,2021-08-29,2023-01-29,247000.0,11.62,0,0,0.0
904632,702890,GL,5,2035,CLOSED,2022-10-13,2023-05-13,14000.0,8.13,0,0,0.0
904633,702891,AL,2,2062,CLOSED,2024-10-30,2028-08-30,102400.0,11.17,0,0,0.0
904634,702892,PL,24,2016,CLOSED,2018-01-22,2020-01-22,1498700.0,18.31,0,0,0.0
904635,702893,CL,10,2071,CLOSED,2025-05-18,2026-11-18,102400.0,16.36,0,0,0.0
904636,702893,MFI,10,2071,ACTIVE,2025-05-19,2025-12-19,8700.0,22.15,37,1,1312.08
904637,702894,CL,21,2008,ACTIVE,2022-09-07,2023-08-07,360200.0,14.52,42,1,34749.94
904638,702895,CL,4,2025,ACTIVE,2019-04-18,2019-12-18,402300.0,18.01,65,2,105113.37
904639,702895,EL,2,2106,CLOSED,2018-03-27,2022-02-27,2124200.0,11.42,0,0,0.0
904640,702896,GL,2,2059,CLOSED,2019-12-21,2020-11-21,1524800.0,8.66,0,0,0.0
904641,702897,HL,9,2057,CLOSED,2024-12-22,2028-11-22,5224000.0,10.55,0,0,0.0
904642,702897,TWL,20,2065,ACTIVE,2022-10-28,2024-09-28,266500.0,14.72,253,8,101279.5
904643,702898,GL,7,2079,CLOSED,2021-10-29,2022-05-29,419300.0,8.21,0,0,0.0
904644,702899,PL,15,2015,CLOSED,2022-05-18,2023-08-18,1055800.0,13.49,0,0,0.0
904645,702900,GL,4,2115,CLOSED,2024-02-04,2024-08-04,337800.0,9.14,0,0,0.0
904646,702901,MFI,10,2101,CLOSED,2020-04-05,2021-03-05,5900.0,22.0,0,0,0.0
904647,702901,PL,11,2075,CLOSED,2018-01-06,2019-11-06,998800.0,17.56,0,0,0.0
904648,702901,PL,12,2096,CLOSED,2024-05-17,2025-11-17,545100.0,17.71,0,0,0.0
904649,702902,CL,10,2045,ACTIVE,2023-04-20,2024-01-20,215700.0,15.0,83,2,50038.61
904650,702902,AL,1,2020,CLOSED,2024-06-17,2027-04-17,510800.0,10.77,0,0,0.0
904651,702902,HL,9,2001,ACTIVE,2022-08-05,2025-12-05,2829800.0,9.5,44,1,82163.37
904652,702902,CL,10,2071,CLOSED,2022-06-18,2023-09-18,434400.0,14.6,0,0,0.0
904653,702903,LAP,16,2027,ACTIVE,2022-01-06,2028-04-06,883300.0,11.23,53,1,16290.38
904654,702904,BL,2,2118,CLOSED,2025-12-16,2030-03-16,110800.0,15.64,0,0,0.0
904655,702905,BL,24,2063,CLOSED,2022-06-26,2025-12-26,832600.0,16.98,0,0,0.0
904656,702905,TWL,24,2089,CLOSED,2023-04-18,2025-01-18,206400.0,12.9,0,0,0.0
904657,702906,HL,5,2014,CLOSED,2022-10-01,2026-08-01,800700.0,9.71,0,0,0.0
904658,702907,EL,15,2015,CLOSED,2020-05-26,2023-01-26,1197400.0,10.99,0,0,0.0
904659,702908,EL,18,2120,ACTIVE,2023-03-26,2027-07-26,2579000.0,10.21,38,2,121608.48
904660,702909,CL,5,2102,CLOSED,2023-05-08,2024-07-08,156100.0,15.06,0,0,0.0
904661,702910,BL,1,2004,CLOSED,2024-11-01,2029-02-01,2874600.0,15.51,0,0,0.0
904662,702911,PL,5,2102,ACTIVE,2023-11-17,2025-11-17,736300.0,15.63,23,1,35459.64
904663,702912,TWL,22,2026,CLOSED,2024-11-28,2026-02-28,194600.0,11.34,0,0,0.0
904664,702912,CL,22,2093,CLOSED,2018-09-17,2019-11-17,15700.0,13.21,0,0,0.0
904665,702913,PL,16,2078,ACTIVE,2020-04-02,2021-11-02,312400.0,13.67,39,1,18171.73
904666,702914,EL,10,2071,ACTIVE,2022-04-06,2026-07-06,2673900.0,10.7,46,1,64901.7
904667,702914,HL,9,2057,CLOSED,2021-09-01,2025-01-01,996900.0,10.29,0,0,0.0
904668,702914,MFI,6,2042,CLOSED,2024-01-12,2024-10-12,45900.0,22.0,0,0,0.0
904669,702915,AL,10,2071,CLOSED,2023-02-15,2026-07-15,2189500.0,11.64,0,0,0.0
904670,702916,PL,6,2053,CLOSED,2024-01-12,2026-01-12,1268900.0,17.45,0,0,0.0
904671,702916,CL,9,2001,CLOSED,2023-10-20,2024-09-20,328700.0,15.93,0,0,0.0
904672,702917,MFI,20,2065,CLOSED,2019-01-24,2019-09-24,90900.0,21.6,0,0,0.0
904673,702918,PL,18,2120,CLOSED,2024-01-02,2025-07-02,78000.0,17.74,0,0,0.0
904674,702919,CL,22,2019,ACTIVE,2018-12-26,2019-11-26,309900.0,14.09,45,1,29845.66
904675,702920,GL,14,2050,ACTIVE,2025-06-02,2026-03-02,117700.0,8.54,280,9,117700.0
904676,702921,PL,9,2046,CLOSED,2022-08-18,2024-02-18,157900.0,13.35,0,0,0.0
904677,702921,BL,10,2095,ACTIVE,2024-01-01,2027-02-01,430400.0,15.42,141,4,56916.91
904678,702921,LAP,10,2071,CLOSED,2018-04-18,2022-07-18,2886100.0,10.32,0,0,0.0
904679,702921,PL,15,2074,ACTIVE,2022-12-18,2024-02-18,942400.0,13.76,133,4,284774.96
904680,702922,CL,17,2055,CLOSED,2020-04-02,2021-10-02,264600.0,14.89,0,0,0.0
904681,702922,LAP,24,2016,CLOSED,2018-12-06,2022-01-06,13269600.0,10.96,0,0,0.0
904682,702923,HL,22,2026,CLOSED,2023-10-29,2029-03-29,1030100.0,9.87,0,0,0.0
904683,702923,GL,25,2061,ACTIVE,2024-04-26,2025-03-26,18500.0,9.57,197,6,10291.0
904684,702923,PL,25,2011,CLOSED,2023-12-08,2025-06-08,176100.0,17.12,0,0,0.0
904685,702924,CL,17,2028,ACTIVE,2020-07-16,2021-09-16,463700.0,14.57,35,1,35781.93
904686,702925,EL,11,2048,ACTIVE,2020-05-10,2023-12-10,242200.0,10.91,45,1,6768.82
904687,702926,CL,13,2007,CLOSED,2018-11-23,2020-01-23,176400.0,14.84,0,0,0.0
904688,702927,TWL,21,2036,CLOSED,2025-09-22,2027-09-22,139800.0,13.84,0,0,0.0
904689,702927,CL,21,2066,CLOSED,2024-05-19,2025-01-19,138500.0,15.83,0,0,0.0
904690,702927,EL,13,2054,CLOSED,2025-07-17,2028-02-17,122900.0,10.68,0,0,0.0
904691,702928,AL,7,2018,ACTIVE,2020-11-09,2024-10-09,1378500.0,9.86,250,8,273592.08
904692,702929,CL,16,2027,CLOSED,2021-02-20,2021-08-20,43300.0,18.72,0,0,0.0
904693,702929,PL,18,2040,ACTIVE,2025-01-18,2026-09-18,50900.0,21.56,311,10,27709.99
904694,702929,CL,2,2106,ACTIVE,2023-06-15,2024-08-15,416800.0,18.54,226,7,219572.34
904695,702930,AL,6,2053,CLOSED,2020-10-16,2023-08-16,2750000.0,10.48,0,0,0.0
904696,702930,LAP,21,2113,ACTIVE,2019-03-09,2025-01-09,7901600.0,10.49,30,1,150082.71
904697,702931,GL,22,2022,CLOSED,2022-08-14,2023-08-14,651100.0,8.01,0,0,0.0
904698,702932,PL,4,2085,ACTIVE,2020-05-27,2021-06-27,78700.0,18.97,14,1,6639.79
904699,702932,EL,1,2020,ACTIVE,2022-04-08,2024-09-08,1082400.0,11.04,37,1,42305.53
904700,702933,AL,21,2088,CLOSED,2019-07-15,2022-01-15,374700.0,10.69,0,0,0.0
904701,702933,EL,21,2036,CLOSED,2020-01-01,2022-05-01,2415800.0,10.07,0,0,0.0
904702,702934,AL,25,2011,CLOSED,2023-03-13,2025-11-13,523400.0,10.39,0,0,0.0
904703,702935,PL,24,2047,CLOSED,2020-09-11,2022-03-11,50800.0,15.77,0,0,0.0
904704,702935,PL,24,2063,ACTIVE,2022-01-15,2023-08-15,1399300.0,15.81,28,2,164209.77
904705,702936,MFI,7,2112,ACTIVE,2024-07-23,2025-03-23,46900.0,19.31,105,3,18292.91
904706,702937,GL,5,2003,CLOSED,2019-01-21,2019-10-21,1401100.0,7.66,0,0,0.0
904707,702937,AL,21,2066,ACTIVE,2022-12-17,2026-04-17,842600.0,9.53,36,1,24476.13
904708,702938,LAP,21,2088,ACTIVE,2025-05-11,2029-05-11,3158800.0,11.56,125,4,322213.0
904709,702939,TWL,24,2016,ACTIVE,2020-09-06,2022-03-06,280600.0,11.12,4,1,16841.02
904710,702940,PL,17,2060,ACTIVE,2019-12-14,2021-07-14,1311800.0,17.32,280,9,665938.92
904711,702941,TWL,10,2045,CLOSED,2022-10-21,2024-06-21,85600.0,12.32,0,0,0.0
904712,702941,GL,9,2057,ACTIVE,2022-12-24,2023-09-24,1312700.0,8.48,35,1,149997.52
904713,702942,HL,10,2095,ACTIVE,2022-09-02,2027-01-02,5777500.0,9.43,52,1,134719.61
904714,702943,CL,24,2089,CLOSED,2024-11-14,2025-05-14,157100.0,16.53,0,0,0.0
904715,702943,MFI,24,2089,CLOSED,2023-03-01,2023-11-01,23300.0,22.89,0,0,0.0
904716,702944,MFI,11,2064,ACTIVE,2024-11-05,2025-08-05,16100.0,20.63,281,9,16100.0
904717,702944,PL,11,2039,CLOSED,2023-09-02,2024-10-02,254200.0,15.35,0,0,0.0
904718,702945,BL,9,2046,ACTIVE,2019-02-25,2022-03-25,3541800.0,17.72,55,1,123114.02
904719,702946,BL,25,2061,CLOSED,2023-02-25,2024-04-25,4564100.0,16.05,0,0,0.0
904720,702946,GL,25,2013,ACTIVE,2021-09-05,2022-04-05,704300.0,8.08,43,1,102651.16
904721,702946,EL,5,2099,CLOSED,2023-12-23,2026-08-23,2811400.0,9.07,0,0,0.0
904722,702947,PL,1,2032,CLOSED,2018-01-02,2020-01-02,1008400.0,17.88,0,0,0.0
904723,702947,PL,2,2059,CLOSED,2019-01-03,2020-04-03,803300.0,18.05,0,0,0.0
904724,702947,TWL,2,2106,CLOSED,2023-02-19,2024-02-19,90400.0,14.21,0,0,0.0
904725,702947,BL,4,2025,CLOSED,2019-12-06,2023-01-06,622400.0,18.14,0,0,0.0
904726,702948,EL,11,2075,CLOSED,2021-03-11,2023-04-11,1115100.0,10.85,0,0,0.0
904727,702949,AL,10,2101,CLOSED,2023-07-04,2027-06-04,2907600.0,12.11,0,0,0.0
904728,702950,AL,20,2080,CLOSED,2021-04-23,2024-08-23,170100.0,12.02,0,0,0.0
904729,702951,PL,6,2044,CLOSED,2018-09-01,2020-05-01,1432200.0,15.69,0,0,0.0
904730,702952,GL,23,2005,CLOSED,2019-02-27,2019-10-27,1022100.0,8.92,0,0,0.0
904731,702952,MFI,23,2005,CLOSED,2018-11-28,2019-05-28,5600.0,20.64,0,0,0.0
904732,702953,MFI,4,2115,ACTIVE,2021-09-02,2022-04-02,62300.0,20.6,143,4,36506.08
904733,702953,GL,4,2091,CLOSED,2022-11-09,2023-09-09,157600.0,8.53,0,0,0.0
904734,702954,AL,22,2022,CLOSED,2025-08-13,2028-02-13,2495000.0,11.49,0,0,0.0
904735,702955,TWL,11,2048,CLOSED,2022-12-19,2024-12-19,255700.0,12.2,0,0,0.0
904736,702956,PL,3,2117,CLOSED,2025-12-04,2027-02-04,238400.0,17.19,0,0,0.0
904737,702957,EL,11,2039,CLOSED,2021-08-06,2026-03-06,115100.0,10.35,0,0,0.0
904738,702958,MFI,18,2077,ACTIVE,2025-09-19,2026-07-19,87300.0,19.79,43,1,9386.47
904739,702959,CL,13,2107,CLOSED,2025-05-29,2026-01-29,365500.0,15.16,0,0,0.0
904740,702959,MFI,23,2023,CLOSED,2019-09-10,2020-05-10,15800.0,21.39,0,0,0.0
904741,702959,AL,12,2033,ACTIVE,2025-05-30,2026-10-30,2597600.0,10.89,365,12,1874559.09
904742,702960,CL,12,2086,CLOSED,2021-11-07,2022-11-07,89600.0,17.69,0,0,0.0
904743,702960,GL,15,2073,ACTIVE,2018-07-24,2019-04-24,474900.0,10.23,5,3,162348.04
904744,702961,PL,23,2069,CLOSED,2024-01-02,2025-01-02,482900.0,14.54,0,0,0.0
904745,702962,MFI,6,2053,ACTIVE,2024-04-20,2025-02-20,67300.0,21.13,42,1,7270.8
904746,702963,LAP,12,2072,CLOSED,2022-06-25,2028-10-25,12819300.0,11.55,0,0,0.0
904747,702963,CL,8,2038,ACTIVE,2024-10-16,2025-05-16,113100.0,15.61,217,7,113100.0
904748,702964,GL,7,2112,ACTIVE,2025-08-04,2026-06-04,1729100.0,7.64,32,1,177889.8
904749,702964,HL,7,2079,CLOSED,2025-09-20,2030-12-20,2937900.0,8.81,0,0,0.0
904750,702965,MFI,22,2026,CLOSED,2025-10-07,2026-09-07,30100.0,21.8,0,0,0.0
904751,702966,EL,23,2005,CLOSED,2025-02-07,2027-10-07,50600.0,9.5,0,0,0.0
904752,702966,LAP,19,2081,CLOSED,2022-04-18,2026-06-18,7859800.0,10.64,0,0,0.0
904753,702967,BL,22,2093,CLOSED,2022-11-16,2025-07-16,1646700.0,17.01,0,0,0.0
904754,702967,GL,21,2066,CLOSED,2025-06-02,2025-12-02,409100.0,8.89,0,0,0.0
904755,702968,MFI,18,2120,ACTIVE,2025-06-22,2026-04-22,7900.0,18.0,31,1,843.97
904756,702968,AL,14,2050,ACTIVE,2025-12-09,2029-07-09,136700.0,9.01,54,1,3703.84
904757,702969,AL,15,2073,ACTIVE,2019-08-04,2023-07-04,1681100.0,12.55,301,10,429500.7
904758,702970,MFI,16,2027,ACTIVE,2025-10-07,2026-04-07,15700.0,20.92,187,6,15700.0
904759,702971,TWL,11,2039,CLOSED,2025-09-13,2026-10-13,30600.0,12.59,0,0,0.0
904760,702971,PL,16,2037,CLOSED,2022-11-19,2024-05-19,1056200.0,15.11,0,0,0.0
904761,702972,PL,22,2026,CLOSED,2021-10-02,2022-10-02,369200.0,13.7,0,0,0.0
904762,702972,CL,21,2066,CLOSED,2023-12-08,2024-08-08,131200.0,13.63,0,0,0.0
904763,702973,BL,22,2026,CLOSED,2024-05-16,2027-06-16,3149000.0,17.75,0,0,0.0
904764,702973,PL,10,2071,ACTIVE,2023-09-14,2025-02-14,53200.0,16.94,183,6,20239.43
904765,702974,GL,8,2038,CLOSED,2024-07-17,2025-06-17,232100.0,9.16,0,0,0.0
904766,702975,TWL,14,2100,ACTIVE,2022-05-19,2023-10-19,138700.0,11.26,97,3,26103.57
904767,702975,MFI,12,2033,ACTIVE,2020-05-01,2020-11-01,80400.0,19.09,9,1,13934.24
904768,702976,GL,16,2024,CLOSED,2020-02-02,2020-12-02,1290600.0,9.44,0,0,0.0
904769,702977,LAP,11,2039,ACTIVE,2022-11-18,2029-05-18,8290100.0,11.08,30,1,148211.61
904770,702977,EL,11,2048,CLOSED,2019-07-28,2022-09-28,481500.0,9.95,0,0,0.0
904771,702977,BL,11,2064,ACTIVE,2021-10-25,2022-10-25,3385500.0,16.63,28,2,603779.23
904772,702978,PL,14,2082,CLOSED,2023-11-18,2025-09-18,1495800.0,16.22,0,0,0.0
904773,702979,TWL,10,2095,CLOSED,2022-06-19,2023-12-19,30300.0,12.63,0,0,0.0
904774,702979,MFI,1,2049,CLOSED,2018-06-15,2019-06-15,64900.0,20.53,0,0,0.0
904775,702979,LAP,9,2006,CLOSED,2022-03-01,2029-02-01,12444600.0,10.73,0,0,0.0
904776,702980,PL,15,2073,CLOSED,2024-08-19,2026-08-19,114400.0,19.08,0,0,0.0
904777,702981,GL,3,2097,CLOSED,2025-12-02,2026-07-02,59800.0,9.17,0,0,0.0
904778,702982,GL,11,2030,CLOSED,2024-11-28,2025-08-28,201500.0,9.12,0,0,0.0
904779,702982,CL,11,2064,CLOSED,2025-08-29,2026-07-29,16200.0,15.08,0,0,0.0
904780,702983,PL,9,2046,ACTIVE,2025-04-04,2026-04-04,1487700.0,15.77,27,3,394053.18
904781,702983,CL,10,2095,ACTIVE,2025-12-04,2027-01-04,442700.0,15.14,126,4,143977.25
904782,702983,CL,9,2001,CLOSED,2025-08-17,2026-11-17,251200.0,15.17,0,0,0.0
904783,702984,EL,7,2010,CLOSED,2023-06-12,2025-07-12,2917900.0,9.14,0,0,0.0
904784,702985,BL,24,2063,CLOSED,2025-03-16,2028-04-16,312800.0,16.69,0,0,0.0
904785,702985,CL,9,2006,CLOSED,2020-10-20,2022-03-20,134400.0,14.65,0,0,0.0
904786,702986,GL,18,2103,ACTIVE,2022-07-23,2023-01-23,674900.0,8.63,43,1,114508.04
904787,702986,CL,24,2089,ACTIVE,2019-04-30,2019-10-30,163800.0,14.43,30,1,28122.26
904788,702987,PL,10,2095,CLOSED,2019-01-08,2020-09-08,454400.0,16.41,0,0,0.0
904789,702987,LAP,6,2042,CLOSED,2019-12-04,2026-05-04,10793000.0,11.42,0,0,0.0
904790,702988,CL,21,2008,CLOSED,2020-06-02,2021-01-02,139800.0,13.34,0,0,0.0
904791,702988,GL,2,2108,CLOSED,2022-10-25,2023-05-25,28800.0,7.83,0,0,0.0
904792,702989,TWL,11,2048,ACTIVE,2025-12-02,2027-06-02,54600.0,14.08,41,1,3343.39
904793,702990,AL,1,2032,CLOSED,2021-04-15,2025-02-15,825200.0,11.05,0,0,0.0
904794,702991,BL,12,2072,CLOSED,2025-04-21,2029-11-21,3001800.0,18.7,0,0,0.0
904795,702992,MFI,5,2003,CLOSED,2024-08-25,2025-07-25,34000.0,22.16,0,0,0.0
904796,702993,BL,6,2042,ACTIVE,2021-11-15,2025-02-15,1565900.0,15.73,53,1,50875.22
904797,702994,AL,9,2057,CLOSED,2025-01-21,2028-07-21,742900.0,10.95,0,0,0.0
904798,702995,EL,5,2099,CLOSED,2022-11-14,2027-02-14,825600.0,10.9,0,0,0.0
904799,702995,EL,8,2034,CLOSED,2018-06-14,2021-05-14,2769200.0,10.86,0,0,0.0
904800,702995,BL,8,2070,CLOSED,2025-06-05,2027-04-05,2545600.0,18.58,0,0,0.0
904801,702996,PL,9,2046,ACTIVE,2025-09-20,2027-06-20,1282200.0,19.63,30,1,71467.86
904802,702996,MFI,10,2101,CLOSED,2025-02-11,2026-01-11,21300.0,23.49,0,0,0.0
904803,702997,AL,14,2119,ACTIVE,2024-06-24,2028-03-24,1133000.0,12.07,24,2,61921.2
904804,702997,AL,1,2004,CLOSED,2022-08-19,2025-03-19,1161900.0,11.95,0,0,0.0
904805,702998,AL,21,2088,CLOSED,2022-03-30,2024-06-30,362600.0,11.1,0,0,0.0
904806,702998,TWL,21,2066,CLOSED,2024-11-06,2026-01-06,78700.0,13.39,0,0,0.0
904807,702999,LAP,2,2106,ACTIVE,2023-06-26,2030-05-26,970300.0,11.44,365,12,191585.26
904808,703000,AL,13,2054,ACTIVE,2023-12-04,2025-08-04,2230500.0,11.61,37,1,122019.24
904809,703000,MFI,12,2072,CLOSED,2024-01-28,2025-01-28,70100.0,22.55,0,0,0.0
904810,703001,HL,5,2014,CLOSED,2019-10-14,2023-01-14,4588200.0,9.4,0,0,0.0
904811,703002,LAP,3,2117,CLOSED,2022-06-22,2027-04-22,6887400.0,11.63,0,0,0.0
904812,703002,TWL,6,2092,CLOSED,2021-02-22,2022-02-22,112300.0,13.58,0,0,0.0
904813,703003,CL,19,2111,ACTIVE,2021-10-18,2022-10-18,150900.0,14.8,53,1,13439.98
904814,703004,MFI,6,2092,ACTIVE,2023-07-23,2024-06-23,69900.0,19.94,39,1,6890.98
904815,703005,EL,4,2025,ACTIVE,2021-12-22,2024-11-22,1708500.0,10.36,42,1,56283.08
904816,703006,CL,15,2012,CLOSED,2024-09-30,2025-05-30,260800.0,13.81,0,0,0.0
904817,703006,GL,15,2073,CLOSED,2020-01-26,2020-07-26,228200.0,7.99,0,0,0.0
904818,703007,BL,2,2062,CLOSED,2025-12-07,2027-09-07,3174700.0,17.67,0,0,0.0
904819,703007,EL,1,2020,ACTIVE,2023-10-12,2028-05-12,1991400.0,10.27,49,1,45160.28
904820,703008,PL,7,2018,CLOSED,2024-04-13,2025-11-13,412800.0,16.81,0,0,0.0
904821,703009,GL,23,2041,CLOSED,2025-04-25,2026-04-25,356000.0,8.13,0,0,0.0
904822,703010,EL,23,2023,CLOSED,2024-12-09,2029-06-09,1179700.0,9.48,0,0,0.0
904823,703010,AL,23,2005,CLOSED,2024-07-17,2028-07-17,949500.0,10.64,0,0,0.0
904824,703010,TWL,23,2041,CLOSED,2024-04-18,2025-07-18,228900.0,12.65,0,0,0.0
904825,703011,MFI,1,2049,CLOSED,2021-09-28,2022-03-28,6700.0,21.68,0,0,0.0
904826,703012,GL,11,2039,ACTIVE,2021-05-27,2022-03-27,458700.0,8.75,302,10,458700.0
904827,703013,AL,22,2093,CLOSED,2022-09-05,2024-01-05,1088200.0,11.04,0,0,0.0
904828,703013,PL,22,2022,CLOSED,2022-07-29,2023-09-29,689600.0,15.68,0,0,0.0
904829,703013,BL,22,2026,CLOSED,2018-09-06,2020-03-06,1632500.0,16.54,0,0,0.0
904830,703014,PL,16,2024,CLOSED,2020-07-08,2021-10-08,86300.0,19.03,0,0,0.0
904831,703014,LAP,16,2078,CLOSED,2023-05-31,2029-03-31,827100.0,12.79,0,0,0.0
904832,703015,EL,1,2020,ACTIVE,2025-08-10,2027-10-10,58400.0,9.68,42,1,2478.95
904833,703015,CL,1,2004,CLOSED,2019-05-28,2020-02-28,216900.0,14.28,0,0,0.0
904834,703016,PL,14,2009,CLOSED,2025-09-07,2027-09-07,311100.0,15.77,0,0,0.0
904835,703017,GL,14,2100,ACTIVE,2024-08-26,2025-07-26,1042600.0,9.88,8,1,98715.26
904836,703017,TWL,8,2070,CLOSED,2022-11-10,2024-08-10,161000.0,14.62,0,0,0.0
904837,703018,PL,25,2061,CLOSED,2019-06-19,2020-08-19,50400.0,18.24,0,0,0.0
904838,703019,EL,8,2038,ACTIVE,2023-01-01,2026-10-01,1795100.0,9.03,262,8,364927.49
904839,703020,CL,11,2039,CLOSED,2025-04-28,2025-12-28,149500.0,16.96,0,0,0.0
904840,703021,CL,8,2076,ACTIVE,2022-04-24,2023-08-24,179600.0,12.36,226,7,82208.69
904841,703021,MFI,9,2006,ACTIVE,2023-03-15,2023-11-15,45000.0,18.5,84,2,11771.49
904842,703021,GL,13,2054,CLOSED,2024-07-01,2025-07-01,1498200.0,7.34,0,0,0.0
904843,703021,MFI,9,2001,CLOSED,2024-03-01,2024-10-01,91900.0,18.59,0,0,0.0
904844,703021,TWL,10,2095,ACTIVE,2024-02-23,2025-09-23,56000.0,10.6,2,1,3186.44
904845,703022,MFI,18,2120,ACTIVE,2021-01-11,2021-09-11,42800.0,22.27,225,7,37787.92
904846,703022,TWL,15,2012,ACTIVE,2019-04-23,2020-04-23,43700.0,14.73,41,1,3890.96
904847,703022,PL,15,2015,ACTIVE,2023-04-08,2024-05-08,95500.0,18.0,22,1,8020.15
904848,703023,PL,4,2115,ACTIVE,2021-10-13,2023-05-13,1078500.0,15.64,221,7,428509.89
904849,703023,MFI,11,2030,CLOSED,2023-08-10,2024-05-10,13500.0,20.55,0,0,0.0
904850,703024,PL,12,2017,CLOSED,2023-05-08,2024-06-08,885800.0,19.05,0,0,0.0
904851,703025,TWL,18,2120,CLOSED,2020-07-07,2021-12-07,116700.0,16.3,0,0,0.0
904852,703025,TWL,15,2015,ACTIVE,2020-04-08,2022-01-08,265400.0,16.29,41,1,14414.31
904853,703026,AL,2,2106,ACTIVE,2020-05-27,2021-10-27,1662600.0,10.92,44,1,105047.31
904854,703026,TWL,18,2077,CLOSED,2022-02-16,2023-04-16,235800.0,12.93,0,0,0.0
904855,703026,GL,12,2033,ACTIVE,2025-06-01,2026-02-01,80000.0,8.99,33,1,10263.17
904856,703027,CL,14,2119,CLOSED,2025-01-17,2025-12-17,377800.0,15.64,0,0,0.0
904857,703028,BL,9,2001,CLOSED,2025-12-25,2030-07-25,198900.0,16.2,0,0,0.0
904858,703028,PL,9,2046,CLOSED,2022-01-04,2023-07-04,1437800.0,14.78,0,0,0.0
904859,703029,PL,14,2050,ACTIVE,2022-12-18,2024-02-18,1254800.0,15.52,224,7,655599.21
904860,703029,CL,2,2108,CLOSED,2025-06-20,2026-06-20,136600.0,15.07,0,0,0.0
904861,703030,PL,4,2090,ACTIVE,2019-08-21,2021-06-21,1454300.0,16.88,194,6,441910.31
904862,703030,EL,1,2049,ACTIVE,2021-02-15,2025-07-15,1412900.0,10.01,225,7,224114.6
904863,703031,GL,2,2062,ACTIVE,2021-05-18,2022-04-18,418800.0,7.22,27,1,39224.89
904864,703031,BL,3,2110,CLOSED,2018-12-03,2021-12-03,3255400.0,14.31,0,0,0.0
904865,703032,PL,10,2071,ACTIVE,2021-07-04,2022-07-04,56100.0,14.44,45,1,4988.65
904866,703033,LAP,7,2018,ACTIVE,2025-05-23,2028-11-23,13374100.0,11.73,21,1,386015.98
904867,703033,TWL,17,2028,ACTIVE,2025-02-28,2026-05-28,293400.0,13.86,173,5,103466.19
904868,703034,MFI,6,2042,CLOSED,2024-05-29,2025-05-29,10800.0,20.43,0,0,0.0
904869,703035,PL,25,2013,CLOSED,2021-05-03,2023-05-03,927900.0,21.99,0,0,0.0
904870,703035,HL,25,2068,CLOSED,2024-03-26,2030-10-26,3549300.0,11.37,0,0,0.0
904871,703035,GL,2,2108,CLOSED,2020-02-13,2020-11-13,1554400.0,11.14,0,0,0.0
904872,703036,LAP,7,2112,CLOSED,2021-11-20,2024-01-20,13872500.0,11.96,0,0,0.0
904873,703037,CL,18,2077,CLOSED,2025-11-27,2027-05-27,27800.0,13.64,0,0,0.0
904874,703038,PL,15,2074,CLOSED,2025-01-24,2026-01-24,365800.0,17.24,0,0,0.0
904875,703038,AL,17,2060,ACTIVE,2025-05-04,2026-09-04,2448500.0,11.65,250,8,1271538.88
904876,703039,BL,10,2045,CLOSED,2023-10-13,2025-09-13,816700.0,18.83,0,0,0.0
904877,703039,CL,10,2071,CLOSED,2019-03-20,2020-07-20,446000.0,17.09,0,0,0.0
904878,703040,PL,4,2025,ACTIVE,2025-01-19,2026-11-19,1228800.0,16.03,115,3,189415.8
904879,703041,CL,4,2025,ACTIVE,2019-03-20,2020-04-20,10700.0,16.72,232,7,6000.0
904880,703042,CL,21,2066,ACTIVE,2019-03-29,2020-03-29,187100.0,16.39,55,1,16781.09
904881,703042,CL,20,2056,CLOSED,2021-02-10,2022-07-10,158100.0,16.45,0,0,0.0
904882,703043,PL,1,2049,CLOSED,2024-06-23,2026-01-23,747600.0,14.61,0,0,0.0
904883,703044,MFI,2,2118,CLOSED,2024-04-01,2025-02-01,14800.0,20.69,0,0,0.0
904884,703044,CL,2,2105,ACTIVE,2023-08-04,2024-05-04,233500.0,14.92,286,9,233500.0
904885,703045,LAP,23,2005,ACTIVE,2021-09-01,2025-05-01,690800.0,11.51,29,1,19135.83
904886,703045,GL,23,2023,CLOSED,2018-09-20,2019-03-20,590800.0,8.7,0,0,0.0
904887,703046,CL,7,2112,ACTIVE,2021-01-25,2021-07-25,58400.0,13.67,123,4,39372.64
904888,703047,GL,18,2120,CLOSED,2024-04-06,2024-10-06,66400.0,7.43,0,0,0.0
904889,703047,TWL,5,2099,CLOSED,2025-10-16,2027-05-16,117300.0,11.13,0,0,0.0
904890,703048,EL,5,2035,ACTIVE,2018-10-17,2022-01-17,266000.0,9.06,24,2,15621.67
904891,703049,CL,4,2115,CLOSED,2020-03-19,2021-01-19,219200.0,17.58,0,0,0.0
904892,703050,MFI,11,2039,CLOSED,2025-04-17,2026-01-17,37800.0,20.53,0,0,0.0
904893,703050,AL,11,2030,CLOSED,2025-04-25,2029-03-25,2452400.0,10.49,0,0,0.0
904894,703051,PL,4,2025,CLOSED,2024-09-06,2026-08-06,891700.0,15.73,0,0,0.0
904895,703052,GL,19,2111,CLOSED,2025-06-16,2026-03-16,1687300.0,10.1,0,0,0.0
904896,703052,EL,20,2080,CLOSED,2024-12-26,2026-12-26,2771100.0,11.04,0,0,0.0
904897,703053,BL,3,2117,ACTIVE,2022-03-26,2026-04-26,1240400.0,19.09,40,1,36066.92
904898,703054,PL,11,2075,CLOSED,2021-12-09,2023-02-09,725000.0,16.72,0,0,0.0
904899,703054,PL,11,2048,ACTIVE,2020-03-19,2021-05-19,198400.0,16.7,3,1,15479.41
904900,703055,LAP,18,2120,CLOSED,2022-06-24,2026-09-24,1712400.0,11.48,0,0,0.0
904901,703056,GL,21,2008,ACTIVE,2023-09-05,2024-07-05,1020600.0,9.01,103,3,314235.28
904902,703057,GL,13,2029,ACTIVE,2020-06-24,2021-01-24,1867200.0,9.7,43,2,544265.87
904903,703057,AL,22,2026,CLOSED,2023-10-26,2024-11-26,1698900.0,11.83,0,0,0.0
904904,703058,BL,19,2109,CLOSED,2021-12-20,2025-01-20,481600.0,16.82,0,0,0.0
904905,703058,CL,20,2065,CLOSED,2025-12-30,2027-05-30,53200.0,14.68,0,0,0.0
904906,703058,AL,20,2031,CLOSED,2024-06-12,2028-03-12,731300.0,10.59,0,0,0.0
904907,703059,BL,15,2073,ACTIVE,2023-11-30,2028-01-30,157900.0,16.95,288,9,37149.64
904908,703059,GL,15,2073,ACTIVE,2022-04-14,2023-02-14,1042400.0,8.5,44,2,214407.26
904909,703060,PL,21,2088,CLOSED,2020-03-13,2021-05-13,562200.0,16.42,0,0,0.0
904910,703060,CL,6,2042,CLOSED,2024-04-30,2024-11-30,18400.0,15.35,0,0,0.0
904911,703060,GL,22,2022,CLOSED,2021-10-11,2022-04-11,71500.0,9.29,0,0,0.0
904912,703061,PL,23,2069,CLOSED,2022-02-10,2023-10-10,454000.0,18.66,0,0,0.0
904913,703062,GL,3,2067,CLOSED,2021-03-13,2021-10-13,1918800.0,8.75,0,0,0.0
904914,703063,CL,9,2057,ACTIVE,2022-02-18,2022-12-18,77500.0,15.65,71,2,16313.58
904915,703064,PL,6,2044,CLOSED,2021-02-10,2022-09-10,1445600.0,19.61,0,0,0.0
904916,703065,BL,1,2032,ACTIVE,2025-02-25,2027-08-25,2426300.0,17.02,365,12,1094822.95
904917,703066,GL,21,2066,ACTIVE,2023-02-01,2023-08-01,679000.0,8.49,110,3,343090.12
904918,703066,MFI,17,2055,ACTIVE,2020-03-07,2020-12-07,6900.0,20.3,282,9,6900.0
904919,703067,GL,7,2079,ACTIVE,2022-12-10,2023-07-10,238300.0,7.0,44,1,34639.75
904920,703068,TWL,15,2073,CLOSED,2022-04-02,2023-11-02,127100.0,15.93,0,0,0.0
904921,703068,CL,15,2012,CLOSED,2020-07-21,2021-07-21,111900.0,17.61,0,0,0.0
904922,703069,BL,16,2037,ACTIVE,2023-04-15,2024-05-15,514200.0,17.66,55,1,43113.06
904923,703069,EL,16,2078,ACTIVE,2024-04-19,2027-09-19,865200.0,10.18,23,2,49515.3
904924,703070,PL,20,2031,ACTIVE,2020-10-03,2021-10-03,504900.0,17.66,35,1,45537.41
904925,703071,CL,8,2076,CLOSED,2019-10-20,2021-03-20,382800.0,14.89,0,0,0.0
904926,703071,PL,11,2048,ACTIVE,2025-03-01,2027-02-01,1276100.0,15.42,171,5,310132.56
904927,703072,TWL,8,2076,CLOSED,2025-02-26,2026-06-26,285300.0,14.0,0,0,0.0
904928,703073,AL,21,2113,CLOSED,2018-05-03,2020-09-03,667300.0,10.61,0,0,0.0
904929,703074,GL,21,2088,CLOSED,2025-01-07,2025-07-07,657200.0,8.01,0,0,0.0
904930,703075,CL,19,2111,CLOSED,2022-01-28,2023-04-28,124900.0,16.14,0,0,0.0
904931,703076,PL,3,2021,ACTIVE,2022-09-08,2024-02-08,196400.0,16.21,14,1,12834.33
904932,703076,MFI,2,2104,CLOSED,2018-09-24,2019-06-24,71200.0,21.0,0,0,0.0
904933,703076,MFI,3,2097,ACTIVE,2025-07-12,2026-06-12,67200.0,21.34,140,4,25956.14
904934,703077,TWL,23,2041,CLOSED,2025-04-21,2026-09-21,174000.0,11.15,0,0,0.0
904935,703077,BL,23,2041,CLOSED,2024-12-21,2026-01-21,136300.0,14.81,0,0,0.0
904936,703078,BL,12,2017,ACTIVE,2024-09-19,2026-08-19,3073500.0,15.74,14,2,305314.64
904937,703078,PL,12,2017,ACTIVE,2022-12-22,2024-01-22,914700.0,14.49,23,2,150177.58
904938,703079,MFI,17,2060,CLOSED,2025-02-14,2025-11-14,26500.0,23.4,0,0,0.0
904939,703079,GL,16,2027,CLOSED,2025-05-20,2025-12-20,15100.0,9.98,0,0,0.0
904940,703080,GL,10,2101,CLOSED,2019-09-20,2020-09-20,45000.0,7.22,0,0,0.0
904941,703081,BL,2,2106,CLOSED,2021-07-31,2026-04-30,2175100.0,18.05,0,0,0.0
904942,703081,TWL,12,2017,CLOSED,2018-10-28,2020-03-28,175900.0,14.03,0,0,0.0
904943,703082,GL,6,2042,ACTIVE,2020-05-10,2020-12-10,1148300.0,8.84,122,4,663386.32
904944,703083,CL,22,2093,CLOSED,2020-07-20,2021-08-20,74000.0,15.45,0,0,0.0
904945,703084,BL,20,2065,ACTIVE,2018-05-13,2019-12-13,3061700.0,17.64,66,2,363692.47
904946,703085,CL,16,2078,CLOSED,2023-09-19,2024-06-19,204500.0,16.14,0,0,0.0
904947,703085,AL,2,2106,ACTIVE,2023-10-08,2026-08-08,1890800.0,11.62,37,1,64905.73
904948,703085,TWL,10,2045,CLOSED,2023-05-12,2025-05-12,167500.0,13.83,0,0,0.0
904949,703085,MFI,5,2003,CLOSED,2025-07-10,2026-07-10,23300.0,22.3,0,0,0.0
904950,703086,AL,2,2059,CLOSED,2023-12-30,2026-12-30,2494900.0,10.57,0,0,0.0
904951,703087,TWL,4,2090,ACTIVE,2019-12-21,2021-07-21,165200.0,14.37,37,1,9657.43
904952,703087,HL,4,2085,CLOSED,2023-09-29,2029-12-29,3560500.0,10.3,0,0,0.0
904953,703088,EL,24,2063,ACTIVE,2022-09-19,2026-08-19,1146400.0,10.99,42,1,29852.91
904954,703088,PL,12,2017,ACTIVE,2025-04-08,2026-10-08,1425700.0,18.58,40,1,89969.54
904955,703089,EL,11,2048,ACTIVE,2025-10-20,2028-10-20,1882700.0,10.62,31,1,60761.2
904956,703089,TWL,11,2064,ACTIVE,2025-08-30,2027-08-30,108900.0,13.85,363,12,58193.16
904957,703089,CL,23,2041,ACTIVE,2025-08-06,2026-05-06,26100.0,16.15,53,1,3057.47
904958,703089,AL,11,2064,CLOSED,2025-08-12,2029-02-12,2399200.0,11.57,0,0,0.0
904959,703090,AL,10,2095,ACTIVE,2025-05-02,2028-08-02,247700.0,11.22,41,1,7538.34
904960,703090,EL,4,2090,CLOSED,2022-03-31,2025-01-31,230600.0,10.23,0,0,0.0
904961,703090,EL,6,2053,CLOSED,2023-07-18,2027-05-18,2723000.0,10.19,0,0,0.0
904962,703091,GL,1,2032,CLOSED,2019-08-12,2020-02-12,405200.0,10.37,0,0,0.0
904963,703092,MFI,22,2026,CLOSED,2022-08-26,2023-02-26,36600.0,19.96,0,0,0.0
904964,703093,PL,9,2001,CLOSED,2023-08-14,2025-01-14,1489200.0,17.58,0,0,0.0
904965,703093,PL,9,2001,ACTIVE,2019-11-06,2021-08-06,1166000.0,17.52,124,4,250282.86
904966,703094,EL,2,2118,ACTIVE,2018-05-13,2023-01-13,118500.0,9.28,40,1,2595.22
904967,703094,TWL,5,2014,CLOSED,2024-10-28,2026-07-28,48900.0,12.37,0,0,0.0
904968,703094,PL,3,2110,CLOSED,2022-09-06,2024-05-06,1157100.0,14.32,0,0,0.0
904969,703095,MFI,16,2024,CLOSED,2019-11-01,2020-08-01,72900.0,19.42,0,0,0.0
904970,703096,TWL,25,2011,CLOSED,2021-06-17,2023-06-17,83700.0,12.44,0,0,0.0
904971,703096,EL,11,2064,CLOSED,2024-09-01,2027-04-01,2738200.0,9.42,0,0,0.0
904972,703097,CL,2,2105,CLOSED,2018-03-24,2019-08-24,33400.0,14.55,0,0,0.0
904973,703097,EL,18,2103,CLOSED,2024-06-11,2029-01-11,215100.0,9.52,0,0,0.0
904974,703098,AL,15,2015,ACTIVE,2021-07-24,2024-05-24,1126300.0,11.42,54,1,38563.32
904975,703098,AL,17,2060,CLOSED,2018-02-11,2020-04-11,825700.0,11.61,0,0,0.0
904976,703099,GL,17,2058,CLOSED,2023-11-01,2024-07-01,1891900.0,9.53,0,0,0.0
904977,703099,HL,19,2002,ACTIVE,2019-09-10,2026-01-10,5386900.0,9.92,44,1,94960.57
904978,703100,PL,23,2041,ACTIVE,2019-10-27,2021-05-27,1216800.0,19.88,37,1,73948.79
904979,703101,CL,3,2067,ACTIVE,2025-11-08,2026-05-08,143800.0,15.54,14,1,24744.17
904980,703102,TWL,23,2023,ACTIVE,2024-10-07,2026-04-07,134800.0,14.0,134,4,32433.21
904981,703103,BL,23,2069,CLOSED,2025-05-30,2028-01-30,3641100.0,20.41,0,0,0.0
904982,703103,MFI,23,2069,CLOSED,2025-12-15,2026-07-15,33000.0,24.03,0,0,0.0
904983,703104,EL,12,2096,CLOSED,2021-06-15,2025-08-15,2954900.0,9.98,0,0,0.0
904984,703104,TWL,12,2072,CLOSED,2023-12-19,2025-03-19,70300.0,12.57,0,0,0.0
904985,703105,MFI,6,2044,CLOSED,2021-05-07,2022-03-07,92200.0,19.15,0,0,0.0
904986,703105,TWL,6,2042,CLOSED,2021-03-21,2022-08-21,109000.0,11.46,0,0,0.0
904987,703106,CL,5,2035,CLOSED,2023-08-28,2024-03-28,437300.0,14.42,0,0,0.0
904988,703107,PL,16,2027,CLOSED,2025-12-25,2027-02-25,471100.0,13.8,0,0,0.0
904989,703107,EL,17,2028,ACTIVE,2024-01-04,2026-10-04,1386000.0,8.82,45,1,47106.43
904990,703108,EL,9,2001,CLOSED,2024-03-14,2027-03-14,59600.0,10.07,0,0,0.0
904991,703109,EL,24,2063,ACTIVE,2018-05-15,2022-10-15,1792400.0,10.84,45,1,42325.39
904992,703109,AL,10,2095,ACTIVE,2025-10-25,2028-06-25,2277800.0,11.57,139,4,324406.24
904993,703110,MFI,1,2049,CLOSED,2021-02-12,2022-01-12,97400.0,20.8,0,0,0.0
904994,703111,AL,22,2026,CLOSED,2019-05-24,2021-01-24,1684400.0,11.4,0,0,0.0
904995,703112,GL,9,2006,CLOSED,2021-12-20,2022-06-20,1388800.0,9.87,0,0,0.0
904996,703113,PL,20,2056,CLOSED,2018-11-13,2020-03-13,1136300.0,13.79,0,0,0.0
904997,703114,EL,22,2026,CLOSED,2021-11-04,2025-09-04,2034400.0,9.88,0,0,0.0
904998,703115,TWL,23,2005,ACTIVE,2020-08-06,2021-10-06,267800.0,13.72,37,1,20574.0
904999,703116,GL,11,2064,CLOSED,2024-11-07,2025-10-07,1101500.0,9.02,0,0,0.0
905000,703117,BL,20,2056,ACTIVE,2020-03-11,2023-07-11,922100.0,17.13,14,1,29988.65
905001,703117,CL,19,2081,ACTIVE,2024-11-09,2026-01-09,10700.0,15.14,5,1,828.12
905002,703118,HL,21,2008,ACTIVE,2023-01-28,2027-02-28,883200.0,9.21,31,1,21528.75
905003,703119,EL,22,2022,ACTIVE,2025-10-27,2029-11-27,2477900.0,10.92,30,1,62337.67
905004,703120,AL,12,2072,CLOSED,2021-10-19,2024-07-19,140600.0,9.82,0,0,0.0
905005,703121,MFI,10,2071,ACTIVE,2023-09-01,2024-03-01,24700.0,21.84,37,1,4304.5
905006,703122,PL,23,2069,CLOSED,2018-09-20,2020-05-20,1228200.0,18.59,0,0,0.0
905007,703123,BL,25,2061,ACTIVE,2020-01-07,2025-01-07,118300.0,15.15,85,2,5542.17
905008,703123,TWL,25,2013,CLOSED,2020-12-05,2022-12-05,97300.0,11.51,0,0,0.0
905009,703123,LAP,25,2011,CLOSED,2025-10-29,2029-05-29,13058400.0,10.16,0,0,0.0
905010,703124,GL,20,2056,CLOSED,2021-01-05,2021-10-05,116100.0,7.28,0,0,0.0
905011,703125,LAP,5,2035,CLOSED,2023-11-12,2029-08-12,1712200.0,11.65,0,0,0.0
905012,703125,AL,6,2092,ACTIVE,2024-05-05,2027-12-05,177300.0,11.31,34,1,4987.2
905013,703126,MFI,1,2020,CLOSED,2025-06-11,2026-05-11,27000.0,22.13,0,0,0.0
905014,703127,TWL,11,2064,CLOSED,2022-02-05,2024-02-05,68300.0,14.47,0,0,0.0
905015,703127,EL,11,2064,ACTIVE,2018-04-16,2020-10-16,1416400.0,10.9,27,1,53663.29
905016,703128,GL,4,2025,CLOSED,2024-06-05,2025-03-05,381900.0,8.97,0,0,0.0
905017,703129,PL,3,2110,CLOSED,2025-07-18,2027-07-18,1350600.0,15.75,0,0,0.0
905018,703129,PL,17,2055,CLOSED,2020-07-24,2022-06-24,522100.0,15.74,0,0,0.0
905019,703130,AL,3,2083,CLOSED,2021-12-30,2025-04-30,435700.0,11.02,0,0,0.0
905020,703131,PL,23,2041,CLOSED,2020-12-13,2021-12-13,533400.0,14.16,0,0,0.0
905021,703131,BL,23,2023,CLOSED,2023-08-20,2027-01-20,3329100.0,15.98,0,0,0.0
905022,703132,LAP,1,2032,CLOSED,2022-06-20,2025-02-20,7010400.0,11.98,0,0,0.0
905023,703133,GL,21,2066,CLOSED,2021-11-21,2022-08-21,117500.0,9.67,0,0,0.0
905024,703133,AL,20,2031,CLOSED,2020-07-10,2023-06-10,625400.0,11.38,0,0,0.0
905025,703133,BL,20,2056,CLOSED,2023-04-04,2027-10-04,1129200.0,17.68,0,0,0.0
905026,703134,BL,21,2008,ACTIVE,2025-09-24,2027-09-24,676000.0,18.47,77,2,66270.89
905027,703134,GL,10,2045,CLOSED,2023-11-20,2024-07-20,16400.0,9.73,0,0,0.0
905028,703135,LAP,21,2036,CLOSED,2022-11-23,2026-12-23,8574800.0,9.76,0,0,0.0
905029,703136,LAP,20,2031,CLOSED,2023-04-06,2029-02-06,8731200.0,10.57,0,0,0.0
905030,703137,CL,11,2064,ACTIVE,2019-11-30,2020-07-30,477800.0,13.34,41,2,123440.39
905031,703138,AL,9,2006,ACTIVE,2019-05-15,2023-04-15,112000.0,11.52,41,1,2943.84
905032,703138,BL,13,2029,CLOSED,2021-06-07,2026-03-07,731300.0,18.17,0,0,0.0
905033,703139,LAP,2,2059,CLOSED,2024-01-28,2028-10-28,8538800.0,10.34,0,0,0.0
905034,703140,PL,5,2099,CLOSED,2025-12-11,2027-11-11,231900.0,15.39,0,0,0.0
905035,703141,AL,16,2027,ACTIVE,2022-10-23,2026-09-23,598300.0,10.6,274,9,134480.33
905036,703141,BL,25,2061,ACTIVE,2023-01-21,2026-07-21,561500.0,16.31,45,1,17397.78
905037,703142,MFI,2,2118,CLOSED,2025-07-15,2026-06-15,7500.0,20.63,0,0,0.0
905038,703143,TWL,21,2036,CLOSED,2024-09-28,2026-09-28,51200.0,13.36,0,0,0.0
905039,703144,LAP,24,2063,ACTIVE,2022-05-13,2026-12-13,2548300.0,11.23,7,2,117324.14
905040,703144,GL,24,2063,CLOSED,2019-10-28,2020-07-28,369200.0,9.09,0,0,0.0
905041,703145,AL,8,2076,CLOSED,2021-01-23,2024-02-23,425600.0,12.4,0,0,0.0
905042,703146,PL,11,2075,CLOSED,2020-12-21,2022-05-21,139500.0,17.19,0,0,0.0
905043,703147,AL,5,2014,CLOSED,2025-03-18,2026-09-18,2200400.0,11.27,0,0,0.0
905044,703148,MFI,16,2037,CLOSED,2022-05-04,2023-05-04,44800.0,22.47,0,0,0.0
905045,703149,TWL,5,2102,CLOSED,2025-04-05,2027-02-05,285100.0,13.14,0,0,0.0
905046,703150,TWL,20,2056,ACTIVE,2020-11-30,2022-06-30,122400.0,11.54,235,7,47703.25
905047,703150,PL,1,2049,CLOSED,2019-06-02,2021-05-02,940500.0,13.45,0,0,0.0
905048,703150,AL,20,2080,CLOSED,2019-01-03,2022-06-03,829500.0,9.97,0,0,0.0
905049,703150,EL,19,2002,CLOSED,2020-05-28,2023-07-28,2881800.0,8.88,0,0,0.0
905050,703151,MFI,18,2120,CLOSED,2019-07-12,2020-04-12,13700.0,21.69,0,0,0.0
905051,703152,PL,19,2109,ACTIVE,2025-01-14,2027-01-14,832600.0,17.75,365,12,452881.44
905052,703152,HL,12,2017,CLOSED,2024-02-29,2030-05-29,2545400.0,10.29,0,0,0.0
905053,703152,BL,23,2005,ACTIVE,2020-04-03,2023-12-03,101400.0,18.23,20,2,6211.63
905054,703152,PL,20,2080,CLOSED,2021-03-23,2022-03-23,236600.0,18.23,0,0,0.0
905055,703153,BL,22,2019,ACTIVE,2025-03-07,2026-09-07,3396300.0,17.96,6,1,213444.27
905056,703154,MFI,6,2053,CLOSED,2025-08-01,2026-03-01,86200.0,21.16,0,0,0.0
905057,703154,PL,5,2003,ACTIVE,2024-07-02,2025-08-02,271400.0,15.59,11,1,22531.77
905058,703154,PL,5,2035,CLOSED,2025-02-20,2026-05-20,825000.0,15.7,0,0,0.0
905059,703155,MFI,14,2082,CLOSED,2020-10-11,2021-10-11,36800.0,18.6,0,0,0.0
905060,703156,PL,20,2056,CLOSED,2025-01-14,2026-12-14,947500.0,15.68,0,0,0.0
905061,703157,LAP,22,2093,ACTIVE,2025-06-07,2028-02-07,8863400.0,11.47,35,1,319752.09
905062,703158,PL,13,2094,CLOSED,2025-11-26,2027-06-26,305700.0,18.52,0,0,0.0
905063,703159,PL,12,2086,CLOSED,2025-08-03,2027-08-03,75300.0,15.56,0,0,0.0
905064,703160,EL,11,2064,CLOSED,2019-03-06,2022-08-06,564900.0,9.53,0,0,0.0
905065,703161,CL,19,2116,CLOSED,2021-12-20,2023-06-20,412100.0,15.86,0,0,0.0
905066,703162,GL,24,2047,CLOSED,2025-01-20,2025-09-20,232000.0,8.9,0,0,0.0
905067,703162,GL,15,2015,ACTIVE,2018-01-17,2018-12-17,192800.0,8.8,45,1,18174.58
905068,703162,BL,24,2016,ACTIVE,2022-12-16,2025-03-16,4758100.0,17.3,20,1,210953.63
905069,703163,GL,12,2096,ACTIVE,2020-06-26,2021-03-26,20200.0,9.25,31,1,2314.0
905070,703163,PL,23,2005,CLOSED,2024-09-21,2026-01-21,467800.0,17.65,0,0,0.0
905071,703164,AL,16,2037,CLOSED,2023-11-16,2025-08-16,2485100.0,10.49,0,0,0.0
905072,703164,EL,17,2060,ACTIVE,2019-06-14,2021-08-14,2759300.0,9.6,55,1,117032.63
905073,703165,CL,15,2073,ACTIVE,2022-11-30,2024-04-30,497900.0,13.62,188,6,186732.38
905074,703166,CL,4,2091,ACTIVE,2021-05-11,2022-02-11,425700.0,14.86,54,1,49661.73
905075,703166,PL,14,2009,CLOSED,2024-07-24,2025-08-24,1322700.0,15.21,0,0,0.0
905076,703166,GL,23,2041,CLOSED,2020-11-10,2021-09-10,98800.0,8.35,0,0,0.0
905077,703167,GL,15,2015,CLOSED,2024-07-13,2025-04-13,829800.0,8.77,0,0,0.0
905078,703167,LAP,3,2110,ACTIVE,2024-09-21,2028-04-21,10016900.0,11.05,25,2,558599.3
905079,703167,TWL,4,2025,CLOSED,2024-08-01,2026-05-01,157100.0,12.19,0,0,0.0
905080,703168,CL,7,2010,ACTIVE,2024-01-02,2024-11-02,255100.0,14.86,14,1,26945.83
905081,703168,MFI,7,2079,ACTIVE,2023-08-04,2024-07-04,56100.0,20.9,23,1,5551.59
905082,703169,GL,24,2047,ACTIVE,2018-04-29,2019-04-29,37400.0,9.4,334,11,34415.34
905083,703169,TWL,23,2041,CLOSED,2024-11-09,2026-03-09,104500.0,14.13,0,0,0.0
905084,703170,TWL,20,2056,CLOSED,2018-08-20,2019-09-20,255400.0,13.92,0,0,0.0
905085,703171,EL,23,2005,CLOSED,2024-01-31,2026-08-31,2926600.0,10.84,0,0,0.0
905086,703172,LAP,21,2066,CLOSED,2021-09-18,2026-09-18,13564900.0,11.47,0,0,0.0
905087,703172,BL,21,2088,CLOSED,2020-02-16,2023-07-16,222000.0,17.38,0,0,0.0
905088,703173,MFI,3,2052,ACTIVE,2025-03-19,2025-09-19,53900.0,21.11,155,5,45303.71
905089,703174,CL,18,2098,ACTIVE,2023-10-29,2025-03-29,217500.0,14.95,360,12,158209.47
905090,703175,CL,10,2045,ACTIVE,2021-01-04,2022-03-04,322400.0,17.08,16,1,25203.37
905091,703176,BL,1,2020,CLOSED,2022-07-31,2025-03-31,3722900.0,15.71,0,0,0.0
905092,703176,BL,1,2049,CLOSED,2022-04-01,2026-09-01,3398900.0,15.68,0,0,0.0
905093,703176,AL,8,2038,ACTIVE,2024-02-08,2026-09-08,2269500.0,10.11,42,1,82794.31
905094,703177,CL,2,2104,CLOSED,2025-10-01,2026-05-01,200400.0,14.45,0,0,0.0
905095,703178,PL,17,2028,CLOSED,2025-10-28,2026-11-28,822500.0,12.83,0,0,0.0
905096,703178,GL,21,2036,CLOSED,2023-02-12,2024-02-12,1743700.0,7.78,0,0,0.0
905097,703179,BL,4,2091,ACTIVE,2024-10-19,2027-11-19,101800.0,16.4,40,3,10288.69
905098,703179,PL,9,2046,CLOSED,2024-06-02,2026-01-02,56200.0,14.58,0,0,0.0
905099,703179,LAP,9,2006,CLOSED,2020-02-12,2024-01-12,4679800.0,10.47,0,0,0.0
905100,703180,EL,3,2021,ACTIVE,2020-02-25,2023-06-25,1250200.0,10.25,46,1,36716.25
905101,703180,PL,15,2012,ACTIVE,2022-06-04,2024-03-04,53500.0,16.78,52,1,2916.81
905102,703181,AL,12,2096,CLOSED,2023-01-18,2026-11-18,1725500.0,10.59,0,0,0.0
905103,703181,PL,13,2054,CLOSED,2019-08-07,2021-05-07,366800.0,15.69,0,0,0.0
905104,703182,TWL,1,2032,ACTIVE,2024-02-23,2025-02-23,87100.0,15.1,337,11,80330.4
905105,703182,TWL,2,2062,CLOSED,2021-04-06,2023-03-06,106100.0,15.02,0,0,0.0
905106,703183,GL,11,2064,CLOSED,2024-02-09,2025-02-09,1672600.0,7.55,0,0,0.0
905107,703183,CL,1,2032,ACTIVE,2020-01-14,2021-02-14,128100.0,12.69,36,1,10487.71
905108,703184,GL,3,2021,CLOSED,2022-08-06,2023-06-06,718000.0,9.68,0,0,0.0
905109,703184,EL,4,2091,CLOSED,2022-03-09,2027-01-09,2805300.0,10.29,0,0,0.0
905110,703184,AL,17,2051,CLOSED,2023-09-28,2025-07-28,1384900.0,11.44,0,0,0.0
905111,703185,PL,16,2024,CLOSED,2018-11-30,2020-11-30,309500.0,16.62,0,0,0.0
905112,703186,LAP,6,2092,CLOSED,2018-03-05,2022-08-05,5364000.0,9.84,0,0,0.0
905113,703187,GL,19,2002,ACTIVE,2024-09-22,2025-08-22,1211300.0,10.08,125,4,453420.36
905114,703188,GL,17,2058,CLOSED,2024-07-13,2025-01-13,792200.0,9.72,0,0,0.0
905115,703189,PL,15,2015,ACTIVE,2025-01-18,2026-02-18,257000.0,16.07,290,9,182601.88
905116,703190,GL,15,2015,ACTIVE,2025-08-05,2026-02-05,216100.0,9.1,18,2,73124.42
905117,703190,PL,18,2077,CLOSED,2025-05-11,2026-07-11,1411900.0,17.39,0,0,0.0
905118,703190,PL,16,2027,ACTIVE,2025-05-02,2027-02-02,178600.0,17.05,107,3,28865.11
905119,703191,CL,16,2024,ACTIVE,2024-03-29,2025-08-29,255800.0,15.09,107,3,49178.17
905120,703192,BL,11,2075,ACTIVE,2024-11-07,2028-06-07,1340600.0,16.91,30,1,41202.52
905121,703192,AL,11,2048,ACTIVE,2022-10-25,2026-04-25,139400.0,10.62,65,2,7872.37
905122,703193,MFI,15,2015,ACTIVE,2021-04-25,2022-01-25,87000.0,20.25,39,1,10326.23
905123,703193,PL,18,2077,ACTIVE,2020-10-29,2022-02-28,158000.0,14.57,17,1,10793.82
905124,703193,AL,17,2055,CLOSED,2021-03-01,2023-01-01,1010400.0,10.33,0,0,0.0
905125,703194,CL,6,2044,CLOSED,2018-03-31,2019-07-31,11200.0,15.09,0,0,0.0
905126,703195,CL,24,2089,CLOSED,2020-03-19,2020-09-19,135700.0,14.43,0,0,0.0
905127,703195,GL,24,2016,ACTIVE,2025-03-14,2025-10-14,76100.0,8.13,43,1,11092.88
905128,703195,BL,14,2100,CLOSED,2023-11-22,2025-03-22,3688700.0,15.98,0,0,0.0
905129,703196,GL,22,2022,CLOSED,2020-11-11,2021-10-11,1557000.0,9.43,0,0,0.0
905130,703196,MFI,21,2113,ACTIVE,2019-04-10,2020-01-10,10300.0,21.6,51,1,1227.79
905131,703196,GL,21,2113,ACTIVE,2020-08-13,2021-03-13,1318500.0,8.91,217,7,1318500.0
905132,703197,GL,9,2046,ACTIVE,2023-04-30,2023-10-30,1636600.0,8.74,40,1,277739.13
905133,703197,CL,15,2012,ACTIVE,2024-10-03,2026-04-03,120200.0,14.31,192,6,42947.82
905134,703197,BL,10,2101,CLOSED,2021-08-03,2023-11-03,3302800.0,16.23,0,0,0.0
905135,703198,GL,4,2025,ACTIVE,2025-05-03,2026-01-03,1578800.0,8.26,50,1,202120.57
905136,703199,MFI,2,2118,CLOSED,2025-03-08,2025-12-08,98300.0,23.29,0,0,0.0
905137,703200,AL,20,2080,ACTIVE,2020-12-16,2022-03-16,2222000.0,11.33,44,1,158075.11
905138,703201,HL,12,2096,ACTIVE,2025-09-11,2031-08-11,3798000.0,9.49,39,2,138583.42
905139,703202,PL,16,2037,ACTIVE,2019-01-31,2020-01-31,890800.0,19.81,33,1,81099.03
905140,703203,BL,9,2001,ACTIVE,2020-05-14,2022-10-14,369500.0,20.96,41,1,16067.6
905141,703203,TWL,9,2001,CLOSED,2025-05-09,2026-10-09,177000.0,17.18,0,0,0.0
905142,703204,PL,19,2002,ACTIVE,2024-12-04,2025-12-04,1267900.0,15.45,44,1,113249.82
905143,703205,EL,22,2019,ACTIVE,2024-06-05,2027-07-05,353700.0,10.28,35,1,11099.84
905144,703206,AL,10,2095,ACTIVE,2022-06-27,2024-05-27,2681900.0,10.29,95,3,380392.72
905145,703207,EL,5,2099,CLOSED,2019-01-29,2023-12-29,2099500.0,10.15,0,0,0.0
905146,703207,PL,6,2042,CLOSED,2025-11-12,2027-03-12,51200.0,16.11,0,0,0.0
905147,703208,GL,13,2054,CLOSED,2025-03-09,2025-10-09,1737000.0,9.05,0,0,0.0
905148,703209,EL,18,2040,CLOSED,2025-08-20,2028-10-20,122100.0,10.0,0,0,0.0
905149,703209,EL,19,2116,ACTIVE,2024-12-25,2026-12-25,331900.0,10.03,32,2,30260.28
905150,703209,PL,22,2093,ACTIVE,2025-11-05,2027-01-05,306300.0,16.62,265,8,182212.57
905151,703210,TWL,1,2020,CLOSED,2024-01-18,2025-11-18,155000.0,13.23,0,0,0.0
905152,703211,MFI,23,2069,ACTIVE,2019-03-24,2020-01-24,63000.0,22.41,255,8,51314.87
905153,703212,EL,24,2047,CLOSED,2022-06-23,2024-06-23,401400.0,10.57,0,0,0.0
905154,703212,TWL,24,2063,CLOSED,2025-04-24,2026-11-24,56100.0,13.76,0,0,0.0
905155,703213,PL,1,2032,CLOSED,2025-05-23,2026-10-23,1130100.0,14.34,0,0,0.0
905156,703213,MFI,1,2004,CLOSED,2021-07-29,2022-03-29,40800.0,20.25,0,0,0.0
905157,703214,TWL,2,2106,CLOSED,2023-05-05,2025-03-05,36400.0,13.66,0,0,0.0
905158,703214,CL,1,2020,ACTIVE,2022-05-25,2023-04-25,378300.0,15.48,28,1,36636.99
905159,703215,AL,20,2031,CLOSED,2025-05-29,2028-03-29,196600.0,10.43,0,0,0.0
905160,703215,EL,25,2068,ACTIVE,2018-02-23,2021-08-23,598500.0,9.45,219,7,113925.75
905161,703216,PL,5,2035,CLOSED,2025-08-01,2027-03-01,58600.0,15.83,0,0,0.0
905162,703217,PL,16,2024,CLOSED,2023-02-08,2025-01-08,1257200.0,16.84,0,0,0.0
905163,703218,MFI,7,2087,CLOSED,2018-08-14,2019-07-14,26400.0,22.15,0,0,0.0
905164,703219,CL,17,2058,ACTIVE,2025-03-08,2026-09-08,136600.0,14.3,34,2,16655.35
905165,703219,PL,17,2060,CLOSED,2018-06-17,2020-04-17,322300.0,14.13,0,0,0.0
905166,703219,BL,22,2026,CLOSED,2019-01-25,2022-08-25,3872000.0,16.12,0,0,0.0
905167,703220,CL,23,2069,ACTIVE,2023-05-14,2023-11-14,54200.0,16.07,11,2,18549.42
905168,703220,GL,6,2053,CLOSED,2021-12-18,2022-12-18,617200.0,9.46,0,0,0.0
905169,703221,AL,23,2069,CLOSED,2019-04-24,2023-01-24,1396100.0,10.51,0,0,0.0
905170,703222,MFI,7,2010,ACTIVE,2021-08-18,2022-03-18,68400.0,22.95,41,2,20476.91
905171,703223,GL,12,2017,ACTIVE,2025-07-06,2026-04-06,72000.0,8.84,26,1,8236.87
905172,703224,MFI,12,2017,ACTIVE,2023-09-19,2024-06-19,35700.0,20.34,9,2,8406.41
905173,703224,PL,8,2114,ACTIVE,2024-06-21,2026-03-21,1487100.0,15.21,9,1,80086.51
905174,703225,CL,9,2001,CLOSED,2024-09-27,2025-09-27,292200.0,15.91,0,0,0.0
905175,703226,MFI,4,2090,ACTIVE,2025-12-06,2026-06-06,53500.0,22.85,195,6,53500.0
905176,703227,AL,16,2078,ACTIVE,2023-03-19,2026-04-19,2188000.0,10.95,51,1,69312.94
905177,703227,HL,16,2027,ACTIVE,2025-10-25,2031-09-25,2674400.0,9.52,78,2,97660.47
905178,703228,PL,20,2065,ACTIVE,2025-12-04,2027-01-04,496900.0,16.06,290,9,353048.46
905179,703228,PL,25,2011,CLOSED,2025-11-18,2027-06-18,292800.0,16.1,0,0,0.0
905180,703229,GL,19,2116,ACTIVE,2025-07-24,2026-05-24,16600.0,9.17,261,8,13380.32
905181,703230,AL,23,2023,ACTIVE,2020-07-11,2023-08-11,935200.0,11.49,50,1,29850.51
905182,703230,PL,21,2066,ACTIVE,2022-12-13,2024-07-13,475200.0,17.4,175,5,137910.71
905183,703230,MFI,23,2005,ACTIVE,2021-05-21,2022-04-21,7800.0,21.64,242,8,5822.45
905184,703231,CL,14,2119,ACTIVE,2024-01-12,2025-07-12,129100.0,14.03,311,10,75041.07
905185,703231,MFI,19,2116,ACTIVE,2024-06-04,2024-12-04,18100.0,20.1,32,1,3143.32
905186,703232,CL,7,2112,CLOSED,2025-09-21,2027-03-21,63600.0,15.21,0,0,0.0
905187,703232,GL,19,2081,CLOSED,2023-08-18,2024-05-18,911600.0,8.84,0,0,0.0
905188,703232,CL,7,2087,ACTIVE,2022-11-21,2023-07-21,26600.0,15.1,44,1,3472.33
905189,703233,TWL,3,2083,ACTIVE,2025-01-14,2026-10-14,123200.0,13.61,257,8,50402.32
905190,703233,AL,2,2105,CLOSED,2025-06-23,2028-04-23,246200.0,11.42,0,0,0.0
905191,703234,PL,10,2101,ACTIVE,2024-07-29,2025-12-29,1284700.0,14.01,42,2,164625.01
905192,703235,GL,2,2105,ACTIVE,2024-06-10,2025-04-10,1884800.0,10.01,194,6,1149613.98
905193,703235,AL,10,2095,CLOSED,2024-11-07,2027-08-07,2825000.0,11.83,0,0,0.0
905194,703236,EL,7,2018,ACTIVE,2022-12-13,2026-02-13,235000.0,9.69,31,2,14239.71
905195,703237,PL,8,2114,ACTIVE,2025-12-07,2027-11-07,587600.0,17.18,49,1,29739.53
905196,703237,PL,12,2072,ACTIVE,2025-08-25,2027-05-25,966900.0,17.61,30,1,53057.08
905197,703238,EL,3,2083,ACTIVE,2018-06-11,2021-01-11,57700.0,9.31,55,1,2085.08
905198,703238,MFI,11,2064,CLOSED,2020-05-26,2021-01-26,7200.0,20.2,0,0,0.0
905199,703239,HL,20,2056,CLOSED,2025-10-30,2030-08-30,9342300.0,9.58,0,0,0.0
905200,703239,EL,19,2002,ACTIVE,2019-01-13,2022-10-13,2775000.0,10.34,341,11,780287.48
905201,703240,GL,12,2096,CLOSED,2024-03-26,2024-11-26,1373500.0,7.9,0,0,0.0
905202,703240,AL,13,2107,ACTIVE,2019-03-05,2021-01-05,200800.0,10.21,49,1,9962.04
905203,703241,HL,13,2029,CLOSED,2023-07-30,2027-01-30,836500.0,10.17,0,0,0.0
905204,703241,AL,16,2024,CLOSED,2022-12-14,2026-01-14,159300.0,11.41,0,0,0.0
905205,703241,GL,10,2045,ACTIVE,2022-06-10,2023-06-10,186500.0,9.37,309,10,156612.84
905206,703242,CL,11,2030,CLOSED,2025-10-30,2026-07-30,82200.0,14.78,0,0,0.0
905207,703243,TWL,16,2078,CLOSED,2024-02-14,2025-07-14,161600.0,11.4,0,0,0.0
905208,703244,TWL,15,2012,CLOSED,2021-06-19,2022-12-19,137600.0,12.58,0,0,0.0
905209,703244,CL,12,2033,CLOSED,2023-07-10,2024-11-10,163300.0,14.71,0,0,0.0
905210,703245,HL,2,2108,CLOSED,2018-06-13,2023-09-13,6882700.0,9.05,0,0,0.0
905211,703246,PL,17,2058,CLOSED,2023-05-28,2025-02-28,807100.0,15.06,0,0,0.0
905212,703246,GL,5,2003,CLOSED,2021-03-01,2022-02-01,820100.0,8.81,0,0,0.0
905213,703246,GL,6,2044,CLOSED,2022-09-03,2023-07-03,423300.0,8.65,0,0,0.0
905214,703247,CL,13,2107,CLOSED,2024-07-19,2025-12-19,431900.0,16.87,0,0,0.0
905215,703247,PL,13,2094,CLOSED,2018-04-03,2019-07-03,1193100.0,19.02,0,0,0.0
905216,703248,PL,25,2013,ACTIVE,2020-04-06,2022-01-06,55300.0,14.56,114,3,8782.74
905217,703249,TWL,14,2050,CLOSED,2024-07-20,2026-03-20,265300.0,13.18,0,0,0.0
905218,703250,EL,7,2079,CLOSED,2025-12-24,2030-01-24,1841100.0,9.81,0,0,0.0
905219,703250,PL,4,2090,CLOSED,2025-08-29,2027-07-29,750400.0,15.11,0,0,0.0
905220,703250,CL,14,2043,CLOSED,2025-10-15,2026-06-15,257700.0,14.4,0,0,0.0
905221,703250,GL,22,2093,CLOSED,2025-03-19,2025-12-19,157700.0,8.82,0,0,0.0
905222,703251,CL,16,2078,CLOSED,2020-02-27,2020-11-27,170600.0,15.31,0,0,0.0
905223,703252,AL,22,2022,CLOSED,2022-06-25,2026-05-25,480900.0,9.55,0,0,0.0
905224,703253,PL,23,2069,CLOSED,2021-05-29,2022-09-29,1432000.0,17.91,0,0,0.0
905225,703254,CL,1,2032,ACTIVE,2020-10-29,2021-07-29,263400.0,14.0,38,1,30642.79
905226,703254,GL,2,2104,ACTIVE,2018-10-31,2019-07-31,654200.0,8.02,49,1,74640.63
905227,703255,CL,15,2012,CLOSED,2025-07-01,2026-10-01,499000.0,16.7,0,0,0.0
905228,703255,TWL,11,2039,CLOSED,2021-06-21,2022-12-21,186300.0,14.59,0,0,0.0
905229,703256,AL,7,2087,ACTIVE,2025-09-17,2029-03-17,908600.0,11.77,52,1,26241.39
905230,703256,MFI,18,2098,CLOSED,2019-09-15,2020-06-15,93500.0,22.36,0,0,0.0
905231,703256,MFI,17,2060,CLOSED,2019-12-10,2020-11-10,12900.0,22.28,0,0,0.0
905232,703257,EL,15,2073,ACTIVE,2020-07-18,2023-04-18,2546500.0,9.49,22,1,87286.15
905233,703258,PL,5,2102,CLOSED,2025-08-15,2027-02-15,181900.0,13.16,0,0,0.0
905234,703259,EL,25,2068,CLOSED,2025-11-11,2028-05-11,751700.0,10.71,0,0,0.0
905235,703259,AL,25,2061,ACTIVE,2024-11-22,2026-10-22,950400.0,11.82,40,1,45928.96
905236,703260,GL,25,2013,ACTIVE,2018-09-10,2019-03-10,421700.0,7.32,44,1,71356.21
905237,703261,BL,15,2074,CLOSED,2019-03-04,2020-12-04,3679900.0,19.01,0,0,0.0
905238,703262,PL,18,2120,CLOSED,2019-02-19,2020-11-19,1490200.0,17.69,0,0,0.0
905239,703263,AL,9,2006,CLOSED,2022-02-23,2024-08-23,2834000.0,11.58,0,0,0.0
905240,703264,CL,2,2062,CLOSED,2023-07-31,2024-05-31,44200.0,14.5,0,0,0.0
905241,703265,GL,20,2031,CLOSED,2024-06-07,2025-05-07,577600.0,9.94,0,0,0.0
905242,703266,PL,15,2073,CLOSED,2019-03-17,2020-03-17,50000.0,13.85,0,0,0.0
905243,703266,CL,3,2084,CLOSED,2018-08-24,2019-03-24,126900.0,13.6,0,0,0.0
905244,703266,PL,19,2109,ACTIVE,2024-05-14,2026-01-14,55500.0,14.3,325,10,29391.74
905245,703267,EL,21,2088,CLOSED,2024-08-28,2029-07-28,319900.0,9.5,0,0,0.0
905246,703268,BL,16,2027,ACTIVE,2022-02-20,2025-09-20,4093300.0,20.52,42,1,132944.49
905247,703269,PL,14,2100,CLOSED,2020-03-13,2021-04-13,537500.0,18.77,0,0,0.0
905248,703270,CL,3,2067,CLOSED,2025-12-16,2026-12-16,151300.0,15.85,0,0,0.0
905249,703271,AL,11,2075,CLOSED,2025-11-02,2028-04-02,2768600.0,10.66,0,0,0.0
905250,703271,GL,11,2039,CLOSED,2025-06-18,2026-05-18,1166100.0,8.66,0,0,0.0
905251,703272,CL,12,2086,ACTIVE,2025-01-08,2026-07-08,36100.0,16.37,4,1,2244.81
905252,703273,PL,6,2053,CLOSED,2020-08-04,2022-08-04,386500.0,17.25,0,0,0.0
905253,703273,BL,6,2053,CLOSED,2018-12-18,2020-08-18,569100.0,18.06,0,0,0.0
905254,703274,PL,17,2028,CLOSED,2024-12-25,2026-03-25,688600.0,14.58,0,0,0.0
905255,703274,CL,9,2057,CLOSED,2024-07-14,2025-04-14,445500.0,14.45,0,0,0.0
905256,703275,TWL,20,2056,ACTIVE,2022-05-18,2024-01-18,82500.0,14.4,23,1,4609.06
905257,703275,MFI,12,2033,ACTIVE,2024-06-13,2025-04-13,62100.0,22.07,39,1,6731.53
905258,703275,EL,12,2017,ACTIVE,2018-03-22,2023-01-22,1950200.0,10.44,220,7,290528.72
905259,703276,BL,4,2115,CLOSED,2024-03-29,2028-11-29,4611800.0,16.98,0,0,0.0
905260,703276,BL,15,2012,CLOSED,2023-09-29,2025-12-29,2113900.0,16.61,0,0,0.0
905261,703277,PL,4,2115,CLOSED,2025-09-13,2027-08-13,634500.0,19.0,0,0,0.0
905262,703278,MFI,1,2032,ACTIVE,2024-07-23,2025-02-23,54000.0,19.71,28,1,8096.39
905263,703279,PL,17,2028,CLOSED,2022-12-28,2024-10-28,187500.0,12.98,0,0,0.0
905264,703279,EL,18,2120,CLOSED,2025-06-24,2028-03-24,155800.0,8.54,0,0,0.0
905265,703279,LAP,16,2078,CLOSED,2024-05-29,2030-02-28,5149000.0,9.95,0,0,0.0
905266,703280,PL,10,2095,CLOSED,2019-04-11,2021-03-11,955500.0,18.14,0,0,0.0
905267,703281,MFI,5,2014,CLOSED,2025-03-31,2025-09-30,33000.0,23.89,0,0,0.0
905268,703281,PL,7,2112,CLOSED,2025-11-13,2027-01-13,520700.0,20.6,0,0,0.0
905269,703282,BL,6,2092,CLOSED,2023-07-15,2027-08-15,2558000.0,19.37,0,0,0.0
905270,703282,PL,5,2014,ACTIVE,2024-06-03,2026-04-03,931100.0,19.28,14,1,49778.13
905271,703282,CL,10,2095,ACTIVE,2020-11-02,2022-02-02,98400.0,17.21,85,2,14365.51
905272,703283,AL,9,2057,ACTIVE,2018-03-02,2022-01-02,2784000.0,10.26,103,3,216654.37
905273,703283,TWL,2,2104,ACTIVE,2023-04-01,2024-06-01,127500.0,11.69,242,8,74968.45
905274,703284,PL,25,2011,CLOSED,2025-02-03,2026-09-03,179000.0,17.04,0,0,0.0
905275,703285,GL,22,2093,CLOSED,2022-03-30,2022-09-30,242900.0,8.04,0,0,0.0
905276,703285,CL,21,2036,CLOSED,2023-03-26,2023-10-26,330400.0,13.66,0,0,0.0
905277,703286,GL,4,2090,ACTIVE,2019-04-04,2019-11-04,577500.0,10.27,20,1,84624.08
905278,703287,LAP,21,2088,CLOSED,2021-11-02,2028-06-02,4767400.0,11.93,0,0,0.0
905279,703287,AL,21,2036,ACTIVE,2022-04-01,2025-04-01,100000.0,11.85,22,2,6531.63
905280,703288,BL,4,2091,CLOSED,2020-07-12,2022-02-12,106300.0,17.25,0,0,0.0
905281,703288,EL,3,2083,ACTIVE,2019-05-21,2023-03-21,79200.0,10.17,43,1,2068.76
905282,703289,PL,10,2101,CLOSED,2024-12-31,2026-04-30,291400.0,13.62,0,0,0.0
905283,703290,GL,1,2032,CLOSED,2024-11-02,2025-11-02,1293800.0,9.17,0,0,0.0
905284,703290,EL,1,2020,CLOSED,2025-05-17,2027-12-17,2172300.0,10.15,0,0,0.0
905285,703291,EL,9,2057,ACTIVE,2022-02-13,2024-08-13,2162800.0,10.66,54,1,81717.89
905286,703292,EL,22,2019,CLOSED,2022-09-13,2025-07-13,349700.0,9.56,0,0,0.0
905287,703293,AL,13,2029,ACTIVE,2024-07-13,2027-05-13,194600.0,11.12,342,11,69748.16
905288,703294,AL,1,2049,CLOSED,2023-06-06,2025-10-06,2718300.0,10.83,0,0,0.0
905289,703294,BL,19,2081,CLOSED,2023-01-13,2027-03-13,1593000.0,16.41,0,0,0.0
905290,703295,EL,6,2042,ACTIVE,2023-05-15,2025-11-15,2099700.0,10.16,214,7,538453.03
905291,703296,AL,3,2097,ACTIVE,2021-07-10,2023-10-10,2882000.0,11.42,35,1,120399.43
905292,703296,EL,2,2106,ACTIVE,2023-05-14,2026-01-14,1448500.0,10.33,83,2,102631.71
905293,703296,EL,3,2083,ACTIVE,2025-09-16,2029-11-16,1157100.0,10.18,38,1,28252.86
905294,703296,PL,11,2075,CLOSED,2023-02-17,2024-02-17,277100.0,17.34,0,0,0.0
905295,703297,EL,25,2011,ACTIVE,2023-06-29,2026-04-29,1711400.0,10.17,49,1,57658.03
905296,703297,EL,25,2068,CLOSED,2023-01-23,2027-10-23,234400.0,10.16,0,0,0.0
905297,703298,MFI,17,2028,CLOSED,2023-02-27,2023-11-27,35200.0,24.15,0,0,0.0
905298,703298,EL,24,2089,CLOSED,2023-07-05,2028-01-05,483200.0,11.66,0,0,0.0
905299,703299,PL,25,2013,CLOSED,2024-10-05,2025-12-05,710400.0,15.52,0,0,0.0
905300,703299,MFI,25,2068,ACTIVE,2025-09-16,2026-05-16,13100.0,20.57,45,1,1736.55
905301,703300,PL,2,2059,CLOSED,2019-09-10,2021-02-10,581900.0,13.7,0,0,0.0
905302,703300,AL,4,2091,CLOSED,2025-11-07,2029-06-07,1035000.0,10.26,0,0,0.0
905303,703301,AL,2,2104,ACTIVE,2024-06-24,2025-09-24,2552800.0,10.33,312,10,1738063.98
905304,703302,GL,25,2011,ACTIVE,2019-10-19,2020-07-19,873300.0,9.98,55,1,100278.87
905305,703302,EL,25,2013,CLOSED,2021-09-25,2024-02-25,1667400.0,10.97,0,0,0.0
905306,703303,MFI,18,2103,ACTIVE,2022-01-17,2022-10-17,69200.0,23.11,13,1,8288.46
905307,703303,GL,16,2037,CLOSED,2024-03-06,2024-11-06,1085400.0,9.92,0,0,0.0
905308,703304,TWL,17,2058,ACTIVE,2023-01-03,2024-06-03,44600.0,11.66,36,1,2831.36
905309,703305,EL,1,2032,CLOSED,2024-03-07,2027-09-07,2911700.0,10.92,0,0,0.0
905310,703305,HL,1,2032,ACTIVE,2020-08-28,2026-04-28,500000.0,10.63,60,2,19382.24
905311,703305,BL,24,2047,ACTIVE,2021-01-17,2022-10-17,105100.0,18.55,16,1,5809.42
905312,703306,GL,24,2047,CLOSED,2021-05-30,2021-12-30,1247700.0,9.52,0,0,0.0
905313,703307,GL,25,2068,CLOSED,2020-06-09,2021-05-09,1396500.0,9.38,0,0,0.0
905314,703307,AL,25,2061,ACTIVE,2024-04-23,2025-05-23,1660500.0,11.38,197,6,791734.26
905315,703308,TWL,21,2113,CLOSED,2025-07-31,2026-12-31,177300.0,12.75,0,0,0.0
905316,703309,TWL,5,2099,ACTIVE,2025-05-17,2026-05-17,156300.0,13.93,22,1,13867.6
905317,703310,GL,7,2112,CLOSED,2023-02-08,2023-09-08,276600.0,8.96,0,0,0.0
905318,703311,HL,2,2108,CLOSED,2024-02-01,2027-02-01,3077500.0,8.7,0,0,0.0
905319,703311,AL,19,2109,CLOSED,2023-10-11,2027-05-11,988200.0,9.86,0,0,0.0
905320,703312,GL,15,2012,ACTIVE,2023-12-14,2024-07-14,362100.0,9.17,19,2,105433.49
905321,703313,CL,2,2104,CLOSED,2025-07-11,2027-01-11,142900.0,12.7,0,0,0.0
905322,703313,EL,16,2024,ACTIVE,2018-12-02,2021-03-02,449400.0,8.5,40,1,18216.44
905323,703314,TWL,7,2087,CLOSED,2024-05-25,2026-05-25,91000.0,12.44,0,0,0.0
905324,703314,CL,17,2058,CLOSED,2022-09-24,2023-04-24,484100.0,14.82,0,0,0.0
905325,703315,EL,21,2066,CLOSED,2023-12-26,2026-04-26,876800.0,9.57,0,0,0.0
905326,703315,TWL,15,2074,ACTIVE,2024-01-07,2025-10-07,161200.0,12.87,6,2,16954.69
905327,703316,BL,1,2049,CLOSED,2023-03-01,2027-01-01,2041000.0,16.1,0,0,0.0
905328,703316,EL,1,2020,CLOSED,2023-08-23,2026-12-23,1008000.0,9.48,0,0,0.0
905329,703317,MFI,16,2078,ACTIVE,2025-01-07,2025-10-07,85900.0,19.9,253,8,76971.32
905330,703318,CL,15,2073,CLOSED,2019-09-23,2021-03-23,33600.0,13.59,0,0,0.0
905331,703318,EL,15,2015,CLOSED,2022-01-21,2026-03-21,1343600.0,9.19,0,0,0.0
905332,703319,PL,24,2016,ACTIVE,2020-10-30,2022-10-30,86200.0,14.71,17,2,8184.56
905333,703320,HL,19,2111,ACTIVE,2022-03-14,2028-10-14,8964800.0,9.84,165,5,754458.52
905334,703320,BL,8,2114,ACTIVE,2020-06-24,2023-11-24,378800.0,17.85,30,1,12225.58
905335,703321,GL,25,2011,ACTIVE,2023-04-02,2023-12-02,764400.0,7.84,47,1,97741.93
905336,703321,EL,25,2011,ACTIVE,2025-06-27,2028-10-27,1326800.0,8.5,2,1,37938.52
905337,703321,EL,22,2019,CLOSED,2020-06-22,2025-02-22,1025200.0,8.71,0,0,0.0
905338,703322,TWL,23,2041,ACTIVE,2024-10-28,2026-07-28,72800.0,13.43,2,1,3865.99
905339,703322,AL,25,2068,ACTIVE,2024-01-25,2025-01-25,2084400.0,10.83,26,2,363190.91
905340,703323,CL,2,2118,ACTIVE,2024-06-09,2025-09-09,48800.0,16.87,306,10,33654.67
905341,703323,GL,9,2006,ACTIVE,2024-01-29,2024-07-29,1306900.0,10.02,21,1,222369.68
905342,703324,PL,22,2026,ACTIVE,2025-07-17,2026-10-17,1131400.0,17.86,141,4,326624.28
905343,703324,BL,16,2027,CLOSED,2025-06-10,2029-01-10,114800.0,18.39,0,0,0.0
905344,703324,LAP,22,2019,ACTIVE,2025-10-13,2030-02-13,1963200.0,12.01,157,5,235923.26
905345,703325,PL,9,2001,ACTIVE,2020-11-01,2021-12-01,1486600.0,14.05,10,1,122509.82
905346,703326,CL,24,2063,ACTIVE,2025-07-03,2026-02-03,30200.0,14.31,15,1,4469.22
905347,703327,MFI,25,2061,CLOSED,2025-07-01,2026-01-01,48900.0,20.9,0,0,0.0
905348,703328,PL,15,2015,CLOSED,2025-06-18,2026-09-18,77200.0,15.96,0,0,0.0
905349,703328,GL,17,2051,CLOSED,2022-06-05,2023-04-05,12500.0,9.13,0,0,0.0
905350,703329,AL,17,2055,CLOSED,2025-03-25,2028-05-25,1231200.0,10.28,0,0,0.0
905351,703330,EL,15,2073,ACTIVE,2023-05-13,2028-05-13,1403300.0,8.49,22,1,28581.87
905352,703330,MFI,18,2103,CLOSED,2021-07-17,2022-01-17,10900.0,18.86,0,0,0.0
905353,703331,BL,10,2045,CLOSED,2025-01-10,2028-03-10,3589300.0,17.27,0,0,0.0
905354,703331,CL,16,2027,CLOSED,2025-04-08,2026-01-08,229500.0,15.29,0,0,0.0
905355,703332,BL,25,2013,CLOSED,2025-06-11,2026-10-11,3822000.0,18.93,0,0,0.0
905356,703333,HL,9,2001,CLOSED,2018-07-01,2025-02-01,6336400.0,9.95,0,0,0.0
905357,703333,GL,10,2101,ACTIVE,2019-05-04,2019-11-04,1731800.0,9.48,51,1,294341.08
905358,703333,PL,9,2001,ACTIVE,2018-07-21,2019-11-21,1184000.0,16.93,185,6,475361.2
905359,703334,EL,8,2038,CLOSED,2023-07-12,2027-01-12,1030600.0,9.75,0,0,0.0
905360,703334,CL,20,2065,CLOSED,2025-07-20,2026-04-20,10000.0,14.54,0,0,0.0
905361,703335,BL,19,2116,CLOSED,2022-11-10,2024-06-10,161700.0,17.12,0,0,0.0
905362,703336,GL,23,2023,CLOSED,2025-08-13,2026-06-13,1274600.0,9.19,0,0,0.0
905363,703337,GL,6,2044,CLOSED,2024-12-19,2025-10-19,11500.0,8.5,0,0,0.0
905364,703338,PL,8,2034,CLOSED,2024-03-28,2025-08-28,56900.0,14.58,0,0,0.0
905365,703339,MFI,13,2054,CLOSED,2025-06-18,2026-02-18,18500.0,21.49,0,0,0.0
905366,703339,PL,13,2094,CLOSED,2025-09-19,2027-03-19,566700.0,16.67,0,0,0.0
905367,703340,PL,3,2067,CLOSED,2019-02-18,2020-12-18,680800.0,15.76,0,0,0.0
905368,703340,GL,3,2084,ACTIVE,2021-11-24,2022-08-24,850300.0,8.58,34,1,97192.51
905369,703340,CL,3,2110,ACTIVE,2025-11-14,2026-07-14,378700.0,14.62,45,1,49367.97
905370,703341,HL,5,2014,ACTIVE,2024-06-05,2031-05-05,9285400.0,10.08,292,9,1345223.98
905371,703342,PL,16,2078,CLOSED,2025-02-07,2026-08-07,212700.0,17.18,0,0,0.0
905372,703342,HL,24,2089,CLOSED,2018-07-14,2023-05-14,672200.0,9.83,0,0,0.0
905373,703343,CL,4,2091,CLOSED,2025-12-19,2026-09-19,89100.0,15.26,0,0,0.0
905374,703344,TWL,9,2006,ACTIVE,2019-10-15,2021-08-15,103100.0,14.77,19,5,25925.23
905375,703344,TWL,4,2091,CLOSED,2023-10-02,2025-01-02,48800.0,14.8,0,0,0.0
905376,703345,BL,22,2022,CLOSED,2019-02-11,2021-04-11,4329500.0,16.79,0,0,0.0
905377,703345,GL,3,2097,CLOSED,2022-09-02,2023-05-02,11800.0,8.61,0,0,0.0
905378,703345,PL,7,2018,ACTIVE,2018-05-27,2019-06-27,1078000.0,15.38,26,1,89406.17
905379,703346,TWL,6,2053,ACTIVE,2023-03-05,2025-01-05,89500.0,13.11,38,1,4549.02
905380,703347,TWL,14,2082,ACTIVE,2024-09-22,2025-10-22,282300.0,13.95,18,2,46238.77
905381,703347,AL,14,2050,CLOSED,2023-02-20,2025-06-20,678500.0,11.25,0,0,0.0
905382,703347,PL,14,2043,CLOSED,2021-04-11,2022-11-11,1049400.0,17.1,0,0,0.0
905383,703348,BL,11,2039,ACTIVE,2024-10-18,2026-02-18,2495000.0,16.69,42,1,172607.94
905384,703349,GL,14,2043,CLOSED,2021-12-19,2022-06-19,1374000.0,8.94,0,0,0.0
905385,703349,BL,14,2050,CLOSED,2022-09-06,2024-04-06,917400.0,16.93,0,0,0.0
905386,703350,CL,19,2002,ACTIVE,2025-04-03,2026-05-03,179200.0,16.19,51,1,14920.04
905387,703351,EL,5,2035,ACTIVE,2025-01-15,2028-09-15,2562200.0,10.24,35,1,69498.54
905388,703351,CL,6,2053,CLOSED,2024-09-06,2026-02-06,352000.0,15.76,0,0,0.0
905389,703351,BL,5,2102,CLOSED,2024-09-30,2026-08-30,942200.0,17.79,0,0,0.0
905390,703352,BL,17,2028,ACTIVE,2022-04-19,2023-11-19,171600.0,17.92,45,1,10286.58
905391,703353,MFI,17,2058,CLOSED,2025-05-14,2026-01-14,7100.0,19.45,0,0,0.0
905392,703354,CL,9,2006,CLOSED,2022-07-18,2023-09-18,222500.0,17.38,0,0,0.0
905393,703355,GL,22,2019,CLOSED,2025-07-24,2026-07-24,1694400.0,8.75,0,0,0.0
905394,703356,BL,4,2025,CLOSED,2022-01-08,2023-07-08,432100.0,16.12,0,0,0.0
905395,703357,PL,2,2062,ACTIVE,2024-02-13,2025-09-13,516500.0,18.46,44,1,31079.2
905396,703358,CL,14,2050,CLOSED,2021-12-07,2022-11-07,24900.0,16.17,0,0,0.0
905397,703358,PL,4,2115,ACTIVE,2022-04-23,2024-03-23,644600.0,17.84,106,3,96989.87
905398,703359,MFI,15,2074,CLOSED,2025-09-10,2026-04-10,15500.0,22.49,0,0,0.0
905399,703360,TWL,24,2016,CLOSED,2022-04-28,2023-10-28,39400.0,15.58,0,0,0.0
905400,703360,GL,24,2063,ACTIVE,2019-02-11,2019-10-11,1441400.0,10.26,38,1,185589.29
905401,703361,GL,24,2016,ACTIVE,2025-08-24,2026-04-24,1856300.0,7.94,7,1,237428.59
905402,703362,CL,22,2093,CLOSED,2021-11-30,2022-07-30,50000.0,15.48,0,0,0.0
905403,703363,GL,7,2087,CLOSED,2021-09-13,2022-04-13,228200.0,9.84,0,0,0.0
905404,703363,BL,7,2018,CLOSED,2023-08-26,2024-11-26,214900.0,18.56,0,0,0.0
905405,703364,EL,25,2068,CLOSED,2025-04-16,2030-04-16,1398400.0,10.28,0,0,0.0
905406,703364,PL,13,2107,CLOSED,2022-01-13,2023-01-13,810500.0,17.27,0,0,0.0
905407,703364,AL,25,2011,CLOSED,2024-01-04,2025-02-04,2433900.0,11.4,0,0,0.0
905408,703365,MFI,14,2119,ACTIVE,2025-11-06,2026-10-06,39700.0,21.03,31,2,7793.67
905409,703365,PL,14,2009,CLOSED,2023-05-09,2024-09-09,277300.0,15.6,0,0,0.0
905410,703366,TWL,25,2013,CLOSED,2024-12-23,2025-12-23,60300.0,13.42,0,0,0.0
905411,703366,CL,25,2061,CLOSED,2025-06-06,2026-08-06,142900.0,15.41,0,0,0.0
905412,703367,PL,7,2079,CLOSED,2019-11-20,2021-02-20,127500.0,17.85,0,0,0.0
905413,703367,MFI,12,2096,CLOSED,2025-12-24,2026-10-24,17100.0,22.26,0,0,0.0
905414,703368,GL,18,2040,CLOSED,2020-07-28,2021-01-28,1324100.0,8.58,0,0,0.0
905415,703368,AL,15,2015,CLOSED,2025-06-23,2026-07-23,445500.0,10.38,0,0,0.0
905416,703369,CL,14,2082,CLOSED,2024-05-07,2025-11-07,201100.0,16.4,0,0,0.0
905417,703370,TWL,16,2078,CLOSED,2025-12-21,2027-05-21,44000.0,13.7,0,0,0.0
905418,703371,MFI,3,2052,CLOSED,2025-11-06,2026-05-06,57400.0,21.04,0,0,0.0
905419,703371,EL,15,2012,CLOSED,2025-12-24,2028-02-24,764000.0,10.18,0,0,0.0
905420,703371,EL,5,2003,ACTIVE,2025-09-17,2030-09-17,1002000.0,9.7,2,2,41776.64
905421,703372,PL,25,2013,ACTIVE,2025-04-29,2026-07-29,656900.0,17.55,199,6,280035.85
905422,703372,PL,22,2093,CLOSED,2023-02-04,2024-05-04,1415400.0,18.03,0,0,0.0
905423,703373,MFI,18,2098,ACTIVE,2022-11-23,2023-06-23,78200.0,20.86,26,1,11757.22
905424,703374,CL,22,2093,CLOSED,2024-09-20,2025-12-20,41800.0,16.32,0,0,0.0
905425,703375,CL,7,2018,CLOSED,2025-10-16,2027-02-16,26900.0,12.0,0,0,0.0
905426,703376,TWL,21,2113,ACTIVE,2021-07-19,2023-06-19,62500.0,13.52,129,4,12057.9
905427,703376,AL,2,2106,ACTIVE,2020-10-17,2023-10-17,210300.0,11.49,33,1,6868.09
905428,703377,BL,21,2113,ACTIVE,2024-06-11,2025-06-11,4029600.0,16.33,42,1,361321.65
905429,703377,AL,14,2119,CLOSED,2020-05-31,2022-11-30,1368800.0,10.78,0,0,0.0
905430,703378,PL,3,2117,CLOSED,2025-09-13,2027-05-13,1479900.0,18.34,0,0,0.0
905431,703379,AL,22,2026,CLOSED,2020-02-28,2023-02-28,2101200.0,12.11,0,0,0.0
905432,703380,PL,14,2100,CLOSED,2024-04-27,2025-12-27,103400.0,16.67,0,0,0.0
905433,703381,MFI,10,2101,CLOSED,2019-02-27,2019-11-27,11400.0,21.45,0,0,0.0
905434,703381,PL,9,2046,CLOSED,2024-07-07,2026-01-07,55300.0,17.14,0,0,0.0
905435,703382,MFI,6,2044,ACTIVE,2025-05-12,2026-02-12,27600.0,21.62,278,9,27600.0
905436,703383,AL,9,2001,CLOSED,2018-01-12,2021-03-12,139300.0,11.2,0,0,0.0
905437,703383,TWL,9,2057,ACTIVE,2020-06-10,2021-10-10,155200.0,13.39,46,1,10528.04
905438,703384,LAP,11,2075,ACTIVE,2025-11-19,2028-11-19,9233200.0,10.68,26,3,886825.41
905439,703385,CL,4,2115,CLOSED,2025-01-19,2025-07-19,109800.0,12.67,0,0,0.0
905440,703385,BL,17,2060,ACTIVE,2019-10-11,2020-11-11,494800.0,15.04,41,1,40970.46
905441,703386,LAP,18,2120,CLOSED,2024-07-08,2026-10-08,4168600.0,9.55,0,0,0.0
905442,703386,PL,17,2051,CLOSED,2024-06-07,2025-12-07,657300.0,12.32,0,0,0.0
905443,703387,GL,18,2120,CLOSED,2019-10-23,2020-10-23,1598500.0,9.09,0,0,0.0
905444,703387,AL,7,2079,CLOSED,2025-05-12,2027-07-12,511600.0,10.76,0,0,0.0
905445,703387,TWL,7,2079,CLOSED,2019-08-30,2021-02-28,38700.0,13.49,0,0,0.0
905446,703388,CL,10,2045,CLOSED,2023-11-26,2024-06-26,333300.0,12.82,0,0,0.0
905447,703389,HL,16,2027,ACTIVE,2025-04-21,2028-09-21,4228300.0,8.87,52,1,119042.34
905448,703390,EL,4,2090,ACTIVE,2020-11-16,2024-12-16,796400.0,10.58,18,1,19910.76
905449,703390,CL,24,2047,ACTIVE,2024-08-07,2025-09-07,80800.0,16.16,303,10,63380.97
905450,703390,EL,17,2028,ACTIVE,2023-10-02,2026-10-02,1557900.0,10.64,182,6,295202.28
905451,703391,EL,11,2030,CLOSED,2025-07-21,2029-03-21,378300.0,10.17,0,0,0.0
905452,703391,TWL,15,2015,ACTIVE,2022-11-05,2024-07-05,94300.0,13.9,44,1,5248.56
905453,703392,PL,15,2073,ACTIVE,2021-03-22,2023-01-22,56800.0,16.43,194,6,17211.79
905454,703392,GL,16,2024,CLOSED,2025-11-20,2026-09-20,175900.0,9.0,0,0,0.0
905455,703392,CL,17,2051,ACTIVE,2024-10-01,2026-01-01,483400.0,15.19,3,2,69842.84
905456,703393,PL,2,2104,CLOSED,2019-07-20,2021-01-20,327400.0,12.15,0,0,0.0
905457,703394,EL,6,2042,CLOSED,2025-06-27,2028-04-27,325000.0,10.37,0,0,0.0
905458,703394,BL,6,2092,ACTIVE,2023-04-07,2024-12-07,4915800.0,17.27,193,6,1624842.56
905459,703394,HL,6,2044,CLOSED,2022-10-06,2027-08-06,744000.0,9.92,0,0,0.0
905460,703395,GL,13,2094,ACTIVE,2018-09-22,2019-05-22,931400.0,9.12,17,2,238165.3
905461,703395,PL,12,2017,ACTIVE,2025-06-12,2026-07-12,376900.0,16.65,314,10,295816.52
905462,703396,CL,19,2081,CLOSED,2024-04-18,2025-07-18,137400.0,13.85,0,0,0.0
905463,703397,GL,3,2083,CLOSED,2022-01-31,2022-07-31,426600.0,9.18,0,0,0.0
905464,703397,AL,4,2090,CLOSED,2023-06-30,2024-08-30,612100.0,11.15,0,0,0.0
905465,703398,PL,10,2095,ACTIVE,2018-08-28,2019-12-28,976700.0,17.01,54,1,67697.74
905466,703399,GL,3,2067,ACTIVE,2023-08-18,2024-07-18,1593900.0,8.47,17,1,150049.35
905467,703399,BL,3,2067,CLOSED,2025-04-12,2026-10-12,430400.0,16.7,0,0,0.0
905468,703399,GL,2,2059,CLOSED,2024-08-07,2025-07-07,1952700.0,8.72,0,0,0.0
905469,703400,AL,23,2005,ACTIVE,2023-07-04,2026-04-04,593500.0,11.0,284,9,179964.37
905470,703401,GL,18,2103,ACTIVE,2023-06-02,2024-03-02,186900.0,10.7,258,8,166863.05
905471,703402,BL,11,2048,ACTIVE,2019-03-09,2020-10-09,119100.0,19.2,50,1,7203.8
905472,703402,GL,11,2064,CLOSED,2023-03-04,2024-02-04,1034200.0,9.83,0,0,0.0
905473,703403,TWL,22,2019,ACTIVE,2025-10-18,2027-07-18,60900.0,12.58,8,1,3212.36
905474,703404,GL,11,2064,ACTIVE,2021-07-12,2022-03-12,482600.0,10.07,3,1,62104.07
905475,703405,EL,12,2086,ACTIVE,2019-08-30,2023-06-30,560100.0,8.88,111,3,42599.09
905476,703405,PL,13,2007,CLOSED,2018-02-01,2020-02-01,257600.0,13.72,0,0,0.0
905477,703406,BL,25,2068,CLOSED,2022-06-23,2026-11-23,2922200.0,17.34,0,0,0.0
905478,703406,MFI,5,2102,ACTIVE,2025-10-27,2026-04-27,5800.0,21.47,32,1,1010.02
905479,703407,PL,1,2004,ACTIVE,2020-10-24,2021-12-24,159700.0,16.17,38,1,12425.95
905480,703407,EL,3,2067,CLOSED,2023-08-17,2026-11-17,1135200.0,9.88,0,0,0.0
905481,703408,CL,11,2039,CLOSED,2024-09-08,2026-03-08,146200.0,14.72,0,0,0.0
905482,703409,CL,22,2026,CLOSED,2022-07-14,2023-04-14,16400.0,17.75,0,0,0.0
905483,703409,BL,10,2095,CLOSED,2024-03-15,2026-07-15,158500.0,19.74,0,0,0.0
905484,703410,EL,9,2057,CLOSED,2025-06-11,2027-07-11,249500.0,11.12,0,0,0.0
905485,703410,EL,24,2016,ACTIVE,2024-08-17,2028-08-17,346300.0,10.97,333,11,93207.88
905486,703410,CL,24,2063,ACTIVE,2023-12-02,2024-12-02,104100.0,16.52,22,1,9342.11
905487,703411,MFI,17,2051,CLOSED,2020-03-13,2021-02-13,27300.0,22.46,0,0,0.0
905488,703412,AL,25,2013,CLOSED,2024-10-26,2026-08-26,165000.0,11.87,0,0,0.0
905489,703413,CL,25,2011,ACTIVE,2023-06-18,2024-09-18,365500.0,15.06,66,2,52772.95
905490,703414,TWL,12,2033,ACTIVE,2025-01-08,2026-04-08,106100.0,11.24,273,9,65431.53
905491,703415,HL,4,2115,CLOSED,2024-05-18,2028-05-18,2363900.0,9.81,0,0,0.0
905492,703416,PL,19,2002,ACTIVE,2020-07-23,2021-12-23,795600.0,16.09,365,12,579993.46
905493,703416,PL,23,2005,CLOSED,2023-02-02,2024-10-02,1067200.0,16.21,0,0,0.0
905494,703416,HL,19,2116,CLOSED,2024-12-08,2031-04-08,4939400.0,9.59,0,0,0.0
905495,703416,GL,23,2005,CLOSED,2021-05-24,2022-04-24,1878900.0,9.15,0,0,0.0
905496,703417,GL,25,2013,ACTIVE,2024-01-04,2024-07-04,423500.0,10.73,192,6,423500.0
905497,703418,LAP,19,2002,ACTIVE,2023-07-24,2027-09-24,5964500.0,11.89,270,9,1301308.48
905498,703418,PL,20,2056,CLOSED,2019-01-19,2021-01-19,120900.0,17.29,0,0,0.0
905499,703418,MFI,20,2056,CLOSED,2019-11-06,2020-06-06,29400.0,21.95,0,0,0.0
905500,703419,PL,25,2013,CLOSED,2024-09-05,2026-04-05,521100.0,17.08,0,0,0.0
905501,703419,AL,25,2068,ACTIVE,2025-09-11,2027-05-11,653900.0,11.48,191,6,209401.94
905502,703420,CL,4,2091,ACTIVE,2025-03-30,2025-09-30,274200.0,15.72,204,6,274200.0
905503,703421,AL,6,2092,CLOSED,2019-09-17,2023-01-17,1934000.0,10.86,0,0,0.0
905504,703421,GL,11,2030,CLOSED,2018-06-21,2019-03-21,700000.0,8.51,0,0,0.0
905505,703422,CL,11,2048,CLOSED,2024-04-08,2025-08-08,143900.0,13.9,0,0,0.0
905506,703423,PL,25,2011,CLOSED,2023-05-12,2024-08-12,55400.0,16.7,0,0,0.0
905507,703424,MFI,2,2118,CLOSED,2025-03-01,2025-09-01,6000.0,20.86,0,0,0.0
905508,703424,PL,4,2025,CLOSED,2025-01-05,2026-05-05,856600.0,15.66,0,0,0.0
905509,703425,CL,23,2069,ACTIVE,2025-02-23,2026-06-23,190900.0,17.52,332,11,135926.11
905510,703426,TWL,4,2025,CLOSED,2020-07-11,2022-07-11,253900.0,12.45,0,0,0.0
905511,703427,HL,22,2022,ACTIVE,2025-10-23,2030-05-23,3758900.0,9.85,41,1,84509.39
905512,703428,PL,3,2110,ACTIVE,2024-04-07,2025-06-07,385700.0,20.07,343,11,310417.67
905513,703428,PL,3,2084,ACTIVE,2021-10-29,2023-01-29,1113700.0,20.08,75,2,164987.91
905514,703428,CL,22,2026,CLOSED,2021-03-31,2021-10-31,477000.0,17.35,0,0,0.0
905515,703429,GL,17,2028,CLOSED,2024-05-30,2025-03-30,1746100.0,8.54,0,0,0.0
905516,703429,LAP,17,2058,CLOSED,2019-12-28,2023-08-28,6770400.0,11.45,0,0,0.0
905517,703430,GL,10,2045,CLOSED,2023-08-06,2024-05-06,1555700.0,9.41,0,0,0.0
905518,703431,CL,6,2092,ACTIVE,2025-09-15,2026-03-15,255600.0,14.27,33,1,43868.84
905519,703432,TWL,17,2028,ACTIVE,2025-06-30,2027-02-28,251900.0,12.8,8,1,13904.68
905520,703433,CL,23,2023,ACTIVE,2024-07-02,2025-06-02,137100.0,15.09,13,2,26349.15
905521,703434,PL,14,2050,CLOSED,2023-10-30,2024-10-30,1394800.0,12.71,0,0,0.0
905522,703434,TWL,14,2119,CLOSED,2023-04-20,2025-01-20,122700.0,11.15,0,0,0.0
905523,703434,PL,14,2082,ACTIVE,2022-11-27,2024-07-27,154300.0,13.13,15,1,8538.45
905524,703434,GL,14,2009,ACTIVE,2021-08-04,2022-08-04,1316100.0,7.91,341,11,1210344.58
905525,703435,PL,15,2015,ACTIVE,2023-05-18,2025-04-18,195700.0,16.99,232,7,66388.36
905526,703435,GL,2,2106,CLOSED,2022-02-22,2022-10-22,393100.0,8.97,0,0,0.0
905527,703435,AL,1,2020,CLOSED,2022-02-19,2024-02-19,2765300.0,11.27,0,0,0.0
905528,703435,AL,18,2098,CLOSED,2025-12-23,2029-11-23,287000.0,11.33,0,0,0.0
905529,703436,PL,5,2102,ACTIVE,2024-09-13,2026-01-13,402300.0,16.95,53,1,27874.61
905530,703436,PL,19,2116,ACTIVE,2024-05-24,2026-05-24,774400.0,17.1,33,1,37786.85
905531,703437,GL,12,2017,CLOSED,2021-05-04,2021-11-04,1962000.0,9.01,0,0,0.0
905532,703437,HL,17,2058,CLOSED,2022-12-12,2027-02-12,1233800.0,9.6,0,0,0.0
905533,703437,MFI,12,2096,CLOSED,2025-09-05,2026-06-05,5000.0,21.04,0,0,0.0
905534,703438,CL,6,2092,ACTIVE,2018-03-24,2018-11-24,39300.0,15.42,126,4,20151.68
905535,703439,MFI,4,2091,ACTIVE,2022-09-10,2023-08-10,95700.0,22.18,55,1,9518.33
905536,703439,GL,22,2026,CLOSED,2023-05-01,2024-04-01,1980900.0,9.8,0,0,0.0
905537,703440,CL,1,2032,CLOSED,2024-12-03,2026-01-03,223600.0,14.89,0,0,0.0
905538,703441,GL,12,2086,CLOSED,2022-01-03,2022-12-03,95600.0,8.79,0,0,0.0
905539,703442,GL,11,2039,CLOSED,2021-12-23,2022-09-23,1142000.0,9.46,0,0,0.0
905540,703443,HL,9,2057,ACTIVE,2018-03-17,2024-01-17,520200.0,10.88,345,11,104973.51
905541,703444,AL,11,2039,ACTIVE,2018-09-30,2020-03-30,127900.0,10.12,255,8,59236.89
905542,703444,PL,11,2075,CLOSED,2021-06-17,2023-01-17,803100.0,13.8,0,0,0.0
905543,703444,GL,21,2036,CLOSED,2022-03-12,2022-09-12,55800.0,8.37,0,0,0.0
905544,703445,EL,12,2072,CLOSED,2025-06-08,2029-10-08,2382700.0,9.27,0,0,0.0
905545,703445,GL,8,2038,CLOSED,2025-12-25,2026-10-25,1445800.0,8.25,0,0,0.0
905546,703446,GL,9,2001,ACTIVE,2019-02-20,2019-10-20,263500.0,8.54,46,1,33760.79
905547,703446,PL,21,2066,ACTIVE,2021-07-15,2023-01-15,1247900.0,14.52,44,2,152365.75
905548,703446,GL,22,2093,ACTIVE,2020-12-23,2021-09-23,118800.0,8.6,49,1,13580.18
905549,703447,BL,1,2020,CLOSED,2025-08-13,2029-01-13,111400.0,15.83,0,0,0.0
905550,703447,GL,10,2095,CLOSED,2020-08-27,2021-06-27,96600.0,8.26,0,0,0.0
905551,703447,EL,9,2057,CLOSED,2020-03-19,2025-02-19,91800.0,9.33,0,0,0.0
905552,703448,BL,13,2054,CLOSED,2019-08-25,2021-08-25,2978600.0,19.08,0,0,0.0
905553,703448,AL,12,2017,CLOSED,2022-06-07,2025-11-07,664500.0,12.1,0,0,0.0
905554,703449,TWL,16,2037,CLOSED,2020-02-05,2022-01-05,263700.0,11.07,0,0,0.0
905555,703450,PL,17,2028,ACTIVE,2025-01-20,2026-03-20,99300.0,15.57,35,1,7702.41
905556,703451,GL,10,2045,CLOSED,2023-12-05,2024-12-05,529800.0,7.85,0,0,0.0
905557,703452,MFI,24,2089,ACTIVE,2023-03-03,2023-10-03,62600.0,21.19,41,2,18675.05
905558,703453,PL,6,2042,CLOSED,2023-11-09,2025-05-09,61100.0,18.14,0,0,0.0
905559,703453,MFI,5,2102,ACTIVE,2024-03-10,2024-11-10,47200.0,22.51,13,1,6290.82
905560,703453,GL,6,2053,CLOSED,2024-09-24,2025-09-24,649000.0,9.47,0,0,0.0
905561,703453,CL,6,2092,ACTIVE,2025-02-09,2025-11-09,287800.0,16.15,28,1,33714.23
905562,703453,HL,6,2044,ACTIVE,2024-03-27,2028-09-27,6269800.0,10.16,36,1,143928.87
905563,703454,PL,17,2058,ACTIVE,2024-09-11,2026-05-11,172500.0,16.17,39,1,9765.4
905564,703454,MFI,15,2015,CLOSED,2018-12-04,2019-11-04,21200.0,21.16,0,0,0.0
905565,703454,LAP,18,2120,CLOSED,2024-12-06,2031-06-06,603000.0,11.37,0,0,0.0
905566,703454,BL,17,2060,CLOSED,2019-07-18,2022-09-18,2294500.0,17.2,0,0,0.0
905567,703455,AL,1,2049,CLOSED,2025-12-18,2029-01-18,1205500.0,11.23,0,0,0.0
905568,703456,PL,5,2003,ACTIVE,2020-11-26,2022-06-26,904300.0,14.91,365,12,595541.19
905569,703457,CL,4,2091,CLOSED,2021-12-16,2023-06-16,467300.0,12.93,0,0,0.0
905570,703458,GL,23,2069,ACTIVE,2024-01-11,2024-07-11,919900.0,10.11,42,1,156550.26
905571,703458,TWL,23,2005,CLOSED,2021-12-15,2023-08-15,230100.0,14.7,0,0,0.0
905572,703459,CL,17,2055,ACTIVE,2024-07-11,2025-12-11,360100.0,14.76,38,2,46350.35
905573,703460,MFI,14,2082,CLOSED,2025-01-16,2026-01-16,44500.0,19.74,0,0,0.0
905574,703460,TWL,20,2031,ACTIVE,2025-04-04,2027-04-04,77000.0,12.08,232,7,24400.38
905575,703461,AL,24,2063,ACTIVE,2021-12-03,2023-04-03,997500.0,9.23,256,8,514031.38
905576,703462,GL,11,2030,CLOSED,2024-05-11,2025-02-11,477500.0,7.64,0,0,0.0
905577,703463,AL,25,2011,CLOSED,2019-08-21,2021-03-21,1222600.0,10.95,0,0,0.0
905578,703464,AL,16,2027,CLOSED,2024-05-17,2026-03-17,544500.0,11.6,0,0,0.0
905579,703464,HL,9,2046,CLOSED,2025-10-25,2032-07-25,6840500.0,9.79,0,0,0.0
905580,703465,PL,11,2064,ACTIVE,2020-05-28,2022-01-28,224900.0,11.6,347,11,129028.65
905581,703466,GL,18,2040,CLOSED,2023-07-02,2024-02-02,224900.0,9.75,0,0,0.0
905582,703467,MFI,25,2011,ACTIVE,2025-09-20,2026-06-20,25600.0,23.3,34,1,3068.1
905583,703468,PL,7,2018,ACTIVE,2024-02-24,2025-09-24,232100.0,20.35,365,12,155079.63
905584,703469,PL,6,2053,CLOSED,2025-11-10,2027-03-10,1244600.0,13.56,0,0,0.0
905585,703469,EL,18,2077,ACTIVE,2025-09-04,2028-07-04,2103300.0,8.88,23,1,69681.73
905586,703470,AL,25,2061,CLOSED,2020-11-12,2023-08-12,2753200.0,11.84,0,0,0.0
905587,703471,BL,10,2101,CLOSED,2022-04-20,2026-08-20,851600.0,17.3,0,0,0.0
905588,703472,PL,18,2098,CLOSED,2018-03-07,2020-03-07,854400.0,16.62,0,0,0.0
905589,703473,MFI,20,2031,CLOSED,2024-07-20,2025-04-20,92000.0,19.72,0,0,0.0
905590,703474,AL,13,2054,ACTIVE,2025-02-21,2029-01-21,1973700.0,12.22,41,1,52516.29
905591,703474,PL,24,2063,CLOSED,2025-01-17,2026-05-17,1216700.0,18.98,0,0,0.0
905592,703474,PL,12,2086,CLOSED,2024-08-02,2026-03-02,51400.0,18.99,0,0,0.0
905593,703474,PL,13,2054,CLOSED,2024-09-14,2025-11-14,471200.0,19.09,0,0,0.0
905594,703475,BL,9,2046,ACTIVE,2023-04-17,2026-12-17,664800.0,18.96,6,2,41179.68
905595,703476,AL,8,2038,CLOSED,2020-03-03,2023-01-03,2582800.0,12.29,0,0,0.0
905596,703477,GL,15,2073,CLOSED,2024-06-26,2025-04-26,952200.0,9.82,0,0,0.0
905597,703477,HL,10,2071,CLOSED,2024-08-13,2028-08-13,7138800.0,10.11,0,0,0.0
905598,703478,AL,20,2080,CLOSED,2023-11-14,2027-04-14,1272400.0,10.66,0,0,0.0
905599,703478,GL,6,2053,ACTIVE,2022-09-10,2023-05-10,768600.0,9.02,37,1,98611.89
905600,703479,CL,25,2013,ACTIVE,2025-06-04,2026-03-04,307800.0,14.82,107,3,106400.37
905601,703480,MFI,1,2020,CLOSED,2020-10-01,2021-06-01,70100.0,19.13,0,0,0.0
905602,703480,GL,12,2096,CLOSED,2024-09-20,2025-04-20,1874300.0,8.08,0,0,0.0
905603,703481,TWL,9,2046,ACTIVE,2023-04-06,2024-06-06,181400.0,13.68,25,1,13933.34
905604,703481,HL,10,2101,CLOSED,2019-11-22,2023-07-22,970300.0,9.62,0,0,0.0
905605,703482,GL,3,2117,CLOSED,2025-10-09,2026-09-09,181900.0,8.58,0,0,0.0
905606,703482,LAP,1,2049,CLOSED,2025-05-02,2030-11-02,5902700.0,11.01,0,0,0.0
905607,703483,CL,16,2078,ACTIVE,2024-01-30,2024-09-30,149500.0,15.45,7,1,19534.85
905608,703484,TWL,3,2110,CLOSED,2022-04-02,2023-10-02,288300.0,11.53,0,0,0.0
905609,703484,CL,4,2025,CLOSED,2020-04-28,2020-11-28,10800.0,13.69,0,0,0.0
905610,703485,BL,2,2108,CLOSED,2022-01-17,2024-07-17,4140300.0,15.95,0,0,0.0
905611,703485,EL,4,2090,ACTIVE,2024-07-15,2027-02-15,936600.0,8.96,32,1,33704.81
905612,703486,MFI,22,2022,CLOSED,2019-02-22,2020-02-22,6000.0,21.4,0,0,0.0
905613,703486,CL,13,2029,ACTIVE,2018-11-03,2019-11-03,421000.0,15.72,365,12,421000.0
905614,703487,PL,3,2084,CLOSED,2018-01-09,2019-05-09,1107200.0,14.87,0,0,0.0
905615,703488,TWL,21,2113,CLOSED,2025-05-19,2027-04-19,128500.0,15.14,0,0,0.0
905616,703489,AL,22,2026,CLOSED,2022-02-15,2023-07-15,540300.0,11.13,0,0,0.0
905617,703490,HL,20,2080,ACTIVE,2018-02-26,2023-06-26,5919900.0,9.95,3,1,118592.72
905618,703491,MFI,9,2001,ACTIVE,2025-06-13,2026-01-13,58700.0,21.51,21,2,17522.76
905619,703492,GL,3,2117,CLOSED,2024-02-29,2025-01-29,1610700.0,8.1,0,0,0.0
905620,703492,AL,3,2110,ACTIVE,2023-05-22,2026-06-22,2655300.0,9.98,313,10,799644.15
905621,703493,EL,11,2048,CLOSED,2019-07-22,2021-11-22,2703400.0,8.37,0,0,0.0
905622,703494,CL,13,2054,CLOSED,2025-09-23,2026-07-23,301200.0,15.0,0,0,0.0
905623,703494,BL,3,2084,ACTIVE,2025-12-26,2029-08-26,366500.0,16.97,14,1,11088.14
905624,703495,PL,22,2093,CLOSED,2023-11-02,2025-11-02,624100.0,16.49,0,0,0.0
905625,703496,CL,13,2054,ACTIVE,2018-02-11,2019-03-11,214100.0,15.49,39,2,35305.96
905626,703497,GL,18,2077,ACTIVE,2024-09-09,2025-09-09,1872400.0,8.17,36,1,161921.93
905627,703497,EL,15,2015,CLOSED,2020-01-03,2022-07-03,2786100.0,9.3,0,0,0.0
905628,703498,AL,13,2094,ACTIVE,2023-12-18,2025-10-18,1568200.0,11.1,1,1,78383.56
905629,703499,TWL,6,2042,CLOSED,2025-12-19,2027-10-19,104200.0,12.02,0,0,0.0
905630,703499,AL,5,2102,ACTIVE,2022-09-20,2025-11-20,698400.0,10.43,30,1,21473.25
905631,703499,CL,14,2119,CLOSED,2019-02-04,2020-02-04,328800.0,13.64,0,0,0.0
905632,703500,PL,22,2026,CLOSED,2022-02-03,2023-08-03,113400.0,12.93,0,0,0.0
905633,703501,CL,25,2068,CLOSED,2018-09-12,2020-01-12,408200.0,14.38,0,0,0.0
905634,703502,CL,7,2018,CLOSED,2021-10-16,2023-03-16,167700.0,15.89,0,0,0.0
905635,703503,PL,20,2056,CLOSED,2021-09-10,2022-10-10,1106600.0,14.65,0,0,0.0
905636,703504,TWL,4,2085,CLOSED,2024-11-18,2026-03-18,106800.0,14.21,0,0,0.0
905637,703504,BL,6,2044,ACTIVE,2025-08-25,2029-09-25,2215400.0,18.13,284,9,537464.69
905638,703504,PL,3,2084,CLOSED,2023-11-14,2025-10-14,1483100.0,17.45,0,0,0.0
905639,703504,GL,2,2118,ACTIVE,2025-08-09,2026-04-09,549800.0,9.67,39,1,70670.98
905640,703505,GL,18,2103,ACTIVE,2023-01-11,2023-08-11,484300.0,10.1,30,1,70937.43
905641,703506,CL,15,2073,ACTIVE,2022-01-07,2023-06-07,338900.0,13.79,1,2,43370.74
905642,703507,LAP,25,2013,CLOSED,2023-04-16,2025-10-16,1433100.0,9.36,0,0,0.0
905643,703508,MFI,19,2111,ACTIVE,2025-07-04,2026-03-04,14800.0,19.16,19,2,3877.64
905644,703509,GL,24,2063,CLOSED,2018-07-03,2019-02-03,650700.0,9.24,0,0,0.0
905645,703510,BL,12,2096,ACTIVE,2021-04-15,2025-01-15,3576400.0,21.2,42,1,113862.51
905646,703511,PL,18,2103,CLOSED,2024-04-22,2025-04-22,981100.0,17.81,0,0,0.0
905647,703512,HL,12,2017,ACTIVE,2022-08-01,2029-08-01,643200.0,9.15,5,1,10318.84
905648,703513,GL,22,2093,ACTIVE,2018-08-05,2019-03-05,328200.0,9.2,20,1,47966.78
905649,703514,PL,5,2003,CLOSED,2021-11-06,2023-08-06,1018700.0,13.42,0,0,0.0
905650,703514,GL,5,2035,CLOSED,2024-01-15,2024-11-15,443200.0,7.56,0,0,0.0
905651,703515,GL,16,2027,ACTIVE,2023-10-09,2024-07-09,161000.0,9.67,55,1,18468.55
905652,703516,GL,13,2029,CLOSED,2025-10-17,2026-07-17,768200.0,8.81,0,0,0.0
905653,703517,GL,16,2078,ACTIVE,2022-03-26,2022-10-26,535800.0,8.77,50,1,78225.06
905654,703517,LAP,13,2107,ACTIVE,2024-06-26,2026-08-26,9640400.0,11.07,51,1,414898.86
905655,703518,LAP,1,2020,CLOSED,2021-03-11,2025-05-11,5228200.0,11.11,0,0,0.0
905656,703519,GL,7,2087,CLOSED,2022-03-06,2022-11-06,10000.0,9.96,0,0,0.0
905657,703519,BL,17,2028,ACTIVE,2022-07-13,2024-11-13,2645100.0,18.9,23,1,115731.51
905658,703520,CL,2,2104,ACTIVE,2018-05-12,2019-06-12,86100.0,15.01,6,1,7128.23
905659,703520,PL,2,2108,CLOSED,2020-10-05,2021-10-05,1044900.0,16.05,0,0,0.0
905660,703520,EL,4,2090,CLOSED,2024-11-19,2026-12-19,1699500.0,10.19,0,0,0.0
905661,703521,GL,7,2112,CLOSED,2025-01-28,2025-12-28,157500.0,8.88,0,0,0.0
905662,703522,MFI,23,2041,ACTIVE,2020-11-23,2021-10-23,17500.0,21.48,34,3,5116.22
905663,703523,CL,15,2012,ACTIVE,2025-12-24,2027-03-24,380400.0,16.61,20,1,27872.41
905664,703524,PL,19,2111,CLOSED,2020-01-05,2021-05-05,720000.0,16.85,0,0,0.0
905665,703524,TWL,24,2089,CLOSED,2024-09-09,2026-04-09,41200.0,13.66,0,0,0.0
905666,703524,PL,7,2087,CLOSED,2018-02-12,2020-01-12,1053800.0,16.89,0,0,0.0
905667,703525,PL,14,2100,CLOSED,2024-11-06,2026-10-06,786200.0,17.96,0,0,0.0
905668,703526,TWL,4,2091,CLOSED,2024-10-07,2025-11-07,89600.0,12.79,0,0,0.0
905669,703527,TWL,24,2047,ACTIVE,2023-11-23,2025-01-23,52500.0,12.03,330,11,41858.83
905670,703527,BL,2,2059,CLOSED,2023-12-03,2025-09-03,680800.0,15.96,0,0,0.0
905671,703528,EL,14,2050,CLOSED,2020-10-12,2023-04-12,2263500.0,9.51,0,0,0.0
905672,703529,CL,25,2013,CLOSED,2024-10-11,2026-03-11,37600.0,14.9,0,0,0.0
905673,703529,PL,25,2061,CLOSED,2025-03-05,2026-12-05,941700.0,15.2,0,0,0.0
905674,703529,TWL,25,2061,CLOSED,2025-10-21,2027-02-21,72100.0,12.73,0,0,0.0
905675,703530,HL,19,2002,ACTIVE,2025-03-01,2029-12-01,4432700.0,9.91,290,9,845063.37
905676,703530,MFI,2,2062,CLOSED,2024-02-22,2024-10-22,52400.0,21.44,0,0,0.0
905677,703531,GL,5,2102,CLOSED,2021-12-20,2022-09-20,691600.0,8.86,0,0,0.0
905678,703532,CL,6,2042,ACTIVE,2025-09-13,2026-08-13,126200.0,17.65,11,2,24478.28
905679,703533,PL,12,2086,CLOSED,2023-07-09,2024-12-09,156800.0,15.77,0,0,0.0
905680,703534,MFI,6,2042,CLOSED,2020-04-22,2021-01-22,15900.0,20.14,0,0,0.0
905681,703535,EL,10,2101,ACTIVE,2019-03-27,2022-08-27,673700.0,10.22,205,6,113801.81
905682,703536,MFI,4,2025,ACTIVE,2025-10-08,2026-07-08,6000.0,20.53,160,5,3446.05
905683,703537,TWL,24,2047,CLOSED,2018-09-11,2019-12-11,32900.0,14.93,0,0,0.0
905684,703537,CL,24,2089,ACTIVE,2025-03-21,2026-01-21,426600.0,17.22,44,1,45446.71
905685,703538,BL,8,2038,CLOSED,2023-07-01,2027-04-01,1812300.0,17.3,0,0,0.0
905686,703539,PL,15,2015,ACTIVE,2021-02-21,2022-09-21,672200.0,16.5,161,5,194132.28
905687,703539,MFI,15,2012,ACTIVE,2018-12-04,2019-11-04,38100.0,21.41,79,2,7489.65
905688,703539,EL,18,2120,CLOSED,2025-08-08,2027-12-08,1370900.0,10.12,0,0,0.0
905689,703540,PL,4,2091,CLOSED,2022-05-03,2024-05-03,203700.0,15.39,0,0,0.0
905690,703541,BL,3,2084,ACTIVE,2021-03-20,2023-12-20,724700.0,17.08,64,2,54187.22
905691,703541,PL,10,2071,ACTIVE,2022-11-22,2024-02-22,608200.0,15.79,42,1,44361.27
905692,703542,CL,9,2057,ACTIVE,2024-03-19,2025-02-19,391000.0,12.27,18,1,37380.91
905693,703543,GL,10,2071,ACTIVE,2023-05-11,2023-11-11,1418100.0,11.27,44,1,241907.62
905694,703544,GL,13,2107,ACTIVE,2022-12-19,2023-08-19,1177300.0,10.23,45,1,151571.78
905695,703545,AL,1,2032,ACTIVE,2024-06-25,2025-06-25,1724100.0,11.23,42,1,151149.34
905696,703545,BL,1,2032,CLOSED,2018-04-29,2021-03-29,2910100.0,18.33,0,0,0.0
905697,703545,HL,2,2105,CLOSED,2023-10-31,2028-03-31,8074700.0,9.71,0,0,0.0
905698,703546,AL,21,2088,CLOSED,2021-03-01,2023-06-01,446000.0,10.91,0,0,0.0
905699,703547,MFI,22,2026,ACTIVE,2024-10-28,2025-09-28,71800.0,21.71,34,1,7128.01
905700,703548,PL,25,2011,ACTIVE,2023-04-21,2025-04-21,789600.0,17.83,60,2,76990.35
905701,703549,CL,24,2047,CLOSED,2019-04-06,2020-07-06,60600.0,17.18,0,0,0.0
905702,703549,BL,9,2057,CLOSED,2025-05-14,2027-01-14,1830000.0,19.28,0,0,0.0
905703,703549,TWL,10,2045,CLOSED,2024-10-26,2026-06-26,106600.0,14.99,0,0,0.0
905704,703550,LAP,23,2005,ACTIVE,2023-06-25,2026-07-25,638300.0,12.5,13,2,41111.43
905705,703551,MFI,16,2037,CLOSED,2020-04-26,2020-12-26,73400.0,22.35,0,0,0.0
905706,703551,PL,15,2074,CLOSED,2023-12-25,2025-12-25,281400.0,17.81,0,0,0.0
905707,703552,GL,21,2113,ACTIVE,2025-11-25,2026-10-25,506200.0,7.59,67,2,94666.75
905708,703553,PL,8,2076,ACTIVE,2018-05-29,2019-08-29,1247300.0,17.64,64,2,182495.92
905709,703553,PL,23,2041,CLOSED,2019-07-10,2021-04-10,325700.0,17.59,0,0,0.0
905710,703554,EL,20,2080,CLOSED,2020-06-10,2024-08-10,918000.0,8.27,0,0,0.0
905711,703554,CL,25,2061,CLOSED,2025-02-15,2025-09-15,164700.0,12.2,0,0,0.0
905712,703555,GL,25,2061,CLOSED,2025-03-21,2026-03-21,112800.0,8.35,0,0,0.0
905713,703555,PL,17,2060,ACTIVE,2023-09-18,2025-07-18,211500.0,14.11,322,10,102896.24
905714,703556,PL,25,2011,CLOSED,2024-05-22,2026-03-22,1392900.0,16.57,0,0,0.0
905715,703557,GL,15,2073,ACTIVE,2023-08-17,2024-04-17,1808400.0,8.07,55,1,231388.24
905716,703558,LAP,3,2117,ACTIVE,2025-08-30,2032-05-30,13627300.0,10.64,83,2,466854.71
905717,703559,AL,5,2099,ACTIVE,2025-04-10,2028-11-10,466500.0,11.67,44,1,13198.39
905718,703560,EL,19,2081,ACTIVE,2019-03-15,2022-02-15,1808600.0,11.49,16,2,120388.94
905719,703561,BL,25,2011,ACTIVE,2018-09-14,2021-02-14,924000.0,15.27,21,2,75165.87
905720,703561,EL,16,2078,CLOSED,2021-10-28,2024-10-28,452200.0,9.02,0,0,0.0
905721,703562,HL,10,2071,CLOSED,2025-11-22,2029-08-22,4723900.0,10.35,0,0,0.0
905722,703562,LAP,10,2101,ACTIVE,2021-06-12,2025-08-12,14338500.0,12.25,68,2,724064.42
905723,703563,EL,12,2096,CLOSED,2025-06-12,2030-04-12,1337300.0,9.17,0,0,0.0
905724,703564,PL,22,2093,CLOSED,2025-07-07,2027-01-07,1240600.0,14.45,0,0,0.0
905725,703565,AL,7,2112,CLOSED,2020-09-29,2022-02-28,480400.0,12.43,0,0,0.0
905726,703566,MFI,5,2014,CLOSED,2020-01-02,2020-07-02,22000.0,20.43,0,0,0.0
905727,703567,CL,16,2027,CLOSED,2024-07-27,2025-03-27,411700.0,14.54,0,0,0.0
905728,703568,AL,12,2072,ACTIVE,2022-11-05,2026-11-05,2619300.0,9.89,4,1,65752.02
905729,703569,GL,24,2016,ACTIVE,2025-08-02,2026-08-02,669800.0,9.25,365,12,669800.0
905730,703569,PL,15,2015,CLOSED,2025-11-20,2026-12-20,944100.0,16.25,0,0,0.0
905731,703570,CL,6,2042,CLOSED,2025-11-16,2026-11-16,133100.0,14.76,0,0,0.0
905732,703571,CL,25,2068,CLOSED,2021-01-22,2021-12-22,136400.0,14.4,0,0,0.0
905733,703572,AL,19,2002,CLOSED,2018-11-10,2020-02-10,2255600.0,11.28,0,0,0.0
905734,703573,PL,16,2024,ACTIVE,2021-11-19,2023-05-19,1253500.0,12.78,291,9,656605.56
905735,703574,HL,4,2091,ACTIVE,2023-03-18,2028-04-18,2111800.0,8.8,320,10,413759.08
905736,703574,PL,6,2042,CLOSED,2022-05-31,2024-05-31,160300.0,14.27,0,0,0.0
905737,703574,PL,4,2025,CLOSED,2023-04-21,2025-04-21,166200.0,14.11,0,0,0.0
905738,703575,HL,17,2051,ACTIVE,2019-10-05,2023-09-05,6154400.0,8.45,69,2,305296.9
905739,703576,PL,1,2020,CLOSED,2022-12-01,2024-10-01,784100.0,15.42,0,0,0.0
905740,703577,LAP,9,2006,ACTIVE,2021-02-07,2025-06-07,2201100.0,12.53,28,2,108439.76
905741,703578,GL,18,2098,CLOSED,2018-06-11,2018-12-11,817900.0,8.28,0,0,0.0
905742,703578,CL,17,2060,CLOSED,2022-01-28,2023-04-28,312200.0,13.68,0,0,0.0
905743,703579,BL,2,2104,CLOSED,2022-02-13,2024-06-13,148700.0,18.15,0,0,0.0
905744,703579,CL,11,2039,CLOSED,2025-08-13,2026-05-13,40400.0,16.54,0,0,0.0
905745,703579,TWL,4,2091,CLOSED,2022-02-09,2023-03-09,269600.0,14.09,0,0,0.0
905746,703579,GL,4,2025,CLOSED,2020-06-09,2021-06-09,1901000.0,9.96,0,0,0.0
905747,703580,TWL,19,2081,CLOSED,2022-07-28,2023-09-28,101100.0,13.98,0,0,0.0
905748,703581,CL,21,2036,ACTIVE,2025-05-05,2025-12-05,152300.0,13.65,49,1,22502.32
905749,703582,GL,24,2089,CLOSED,2024-04-04,2025-04-04,485300.0,8.98,0,0,0.0
905750,703583,MFI,3,2097,CLOSED,2020-12-16,2021-10-16,20600.0,21.65,0,0,0.0
905751,703584,LAP,3,2052,CLOSED,2020-05-23,2026-12-23,3340100.0,11.24,0,0,0.0
905752,703585,CL,14,2050,CLOSED,2024-10-11,2025-11-11,291300.0,17.31,0,0,0.0
905753,703586,BL,1,2020,CLOSED,2024-02-26,2027-06-26,1598100.0,16.96,0,0,0.0
905754,703587,EL,21,2113,CLOSED,2024-12-19,2029-07-19,50000.0,9.8,0,0,0.0
905755,703588,GL,25,2061,CLOSED,2022-04-14,2023-02-14,1343600.0,9.2,0,0,0.0
905756,703589,GL,3,2083,ACTIVE,2024-04-13,2025-02-13,1228500.0,9.8,129,4,503421.32
905757,703589,GL,15,2012,CLOSED,2023-09-11,2024-09-11,141600.0,9.98,0,0,0.0
905758,703590,MFI,20,2080,CLOSED,2022-04-28,2022-10-28,17100.0,19.03,0,0,0.0
905759,703591,PL,8,2038,ACTIVE,2023-02-17,2024-07-17,1093000.0,15.24,29,1,70988.5
905760,703592,CL,8,2070,CLOSED,2023-07-10,2025-01-10,148700.0,16.69,0,0,0.0
905761,703593,BL,1,2049,CLOSED,2022-12-24,2025-08-24,103300.0,18.21,0,0,0.0
905762,703594,PL,4,2025,CLOSED,2025-10-17,2027-10-17,432500.0,19.45,0,0,0.0
905763,703595,TWL,11,2075,CLOSED,2025-12-11,2027-08-11,81700.0,15.12,0,0,0.0
905764,703595,CL,2,2104,CLOSED,2022-12-15,2024-03-15,144900.0,17.61,0,0,0.0
905765,703596,PL,20,2065,CLOSED,2025-07-04,2027-04-04,50000.0,18.91,0,0,0.0
905766,703596,TWL,19,2081,CLOSED,2024-05-08,2025-11-08,44300.0,14.82,0,0,0.0
905767,703597,CL,21,2066,ACTIVE,2020-08-10,2021-04-10,263300.0,17.51,173,5,168120.14
905768,703598,CL,14,2043,CLOSED,2024-05-28,2025-05-28,255900.0,16.13,0,0,0.0
905769,703599,GL,18,2040,ACTIVE,2020-09-10,2021-06-10,1816100.0,8.77,44,2,413925.19
905770,703600,AL,23,2023,CLOSED,2024-03-01,2026-08-01,726900.0,10.31,0,0,0.0
905771,703600,AL,23,2005,ACTIVE,2022-09-11,2024-04-11,1197900.0,10.48,132,4,268891.97
905772,703601,PL,16,2037,CLOSED,2022-03-13,2023-05-13,1477000.0,16.16,0,0,0.0
905773,703601,EL,17,2060,CLOSED,2020-05-23,2025-01-23,1543300.0,9.86,0,0,0.0
905774,703602,MFI,14,2082,CLOSED,2025-04-03,2026-01-03,56000.0,19.8,0,0,0.0
905775,703603,BL,19,2111,ACTIVE,2023-05-18,2026-08-18,3127600.0,16.31,71,2,203540.65
905776,703604,TWL,12,2072,CLOSED,2024-10-12,2026-10-12,53000.0,14.83,0,0,0.0
905777,703605,GL,15,2074,CLOSED,2021-09-19,2022-06-19,1582800.0,9.36,0,0,0.0
905778,703606,TWL,10,2045,CLOSED,2018-04-17,2019-05-17,59800.0,12.88,0,0,0.0
905779,703606,EL,10,2071,ACTIVE,2020-07-18,2023-12-18,681600.0,9.73,365,12,223341.48
905780,703607,AL,8,2114,ACTIVE,2020-12-15,2024-04-15,282700.0,10.55,31,1,8340.27
905781,703607,CL,23,2069,CLOSED,2021-05-05,2022-02-05,398700.0,14.42,0,0,0.0
905782,703608,EL,2,2118,ACTIVE,2025-12-12,2030-04-12,1937600.0,9.19,8,2,89594.9
905783,703608,PL,3,2117,CLOSED,2025-09-15,2027-08-15,50300.0,13.94,0,0,0.0
905784,703609,TWL,21,2036,CLOSED,2022-09-20,2024-05-20,276900.0,14.89,0,0,0.0
905785,703609,GL,11,2075,ACTIVE,2022-03-22,2023-02-22,99900.0,10.02,41,1,9464.1
905786,703609,GL,2,2118,CLOSED,2022-12-28,2023-11-28,957300.0,10.32,0,0,0.0
905787,703609,GL,11,2039,CLOSED,2022-10-03,2023-10-03,42300.0,9.79,0,0,0.0
905788,703609,GL,11,2030,CLOSED,2025-12-01,2026-08-01,404700.0,10.24,0,0,0.0
905789,703609,EL,11,2075,CLOSED,2024-04-05,2028-07-05,1542300.0,11.19,0,0,0.0
905790,703610,AL,22,2022,CLOSED,2025-11-14,2029-01-14,2470100.0,12.79,0,0,0.0
905791,703611,PL,16,2037,CLOSED,2024-07-29,2026-01-29,357300.0,11.86,0,0,0.0
905792,703611,EL,9,2001,CLOSED,2025-07-23,2028-04-23,967500.0,8.57,0,0,0.0
905793,703612,TWL,22,2026,CLOSED,2025-04-08,2027-02-08,215000.0,13.8,0,0,0.0
905794,703612,MFI,8,2076,ACTIVE,2023-09-18,2024-04-18,26200.0,21.58,44,2,7822.15
905795,703612,MFI,21,2088,ACTIVE,2023-04-01,2024-04-01,51200.0,21.61,31,1,4697.83
905796,703613,PL,22,2022,ACTIVE,2022-03-05,2024-03-05,1073800.0,13.96,67,2,101300.78
905797,703613,PL,21,2066,CLOSED,2022-11-05,2024-01-05,72300.0,14.37,0,0,0.0
905798,703614,LAP,7,2010,CLOSED,2024-05-26,2027-10-26,9540000.0,11.51,0,0,0.0
905799,703615,BL,14,2043,ACTIVE,2025-01-11,2026-08-11,3484200.0,18.88,23,3,621093.89
905800,703615,MFI,2,2059,CLOSED,2018-08-07,2019-04-07,49600.0,22.99,0,0,0.0
905801,703616,BL,13,2029,CLOSED,2023-11-10,2024-11-10,4500300.0,15.26,0,0,0.0
905802,703617,PL,25,2013,ACTIVE,2021-02-21,2022-09-21,1401200.0,15.43,262,8,631651.61
905803,703618,EL,19,2116,CLOSED,2021-01-07,2025-05-07,123300.0,8.75,0,0,0.0
905804,703618,PL,20,2080,ACTIVE,2025-02-12,2026-10-12,1459900.0,12.97,45,1,80688.7
905805,703618,LAP,20,2056,ACTIVE,2025-01-31,2030-09-30,3714300.0,9.95,35,2,141597.76
905806,703619,LAP,14,2119,ACTIVE,2022-06-24,2026-06-24,12877000.0,10.53,33,1,327011.79
905807,703619,MFI,23,2023,CLOSED,2023-10-30,2024-10-30,64400.0,20.5,0,0,0.0
905808,703620,GL,16,2037,CLOSED,2023-01-19,2023-09-19,341700.0,9.66,0,0,0.0
905809,703621,PL,8,2070,ACTIVE,2023-10-24,2025-04-24,356200.0,15.97,163,5,107588.71
905810,703621,BL,8,2038,CLOSED,2018-10-24,2022-07-24,1580200.0,17.03,0,0,0.0
905811,703621,HL,8,2076,CLOSED,2020-02-20,2026-10-20,811900.0,9.54,0,0,0.0
905812,703622,PL,15,2074,CLOSED,2025-01-07,2026-07-07,766600.0,18.87,0,0,0.0
905813,703623,EL,10,2101,ACTIVE,2021-04-29,2025-10-29,1051200.0,8.96,42,1,23549.93
905814,703623,TWL,1,2020,CLOSED,2023-12-08,2025-02-08,122300.0,11.79,0,0,0.0
905815,703624,BL,7,2087,CLOSED,2023-01-29,2024-02-29,1162100.0,17.91,0,0,0.0
905816,703625,CL,9,2046,ACTIVE,2018-04-04,2019-01-04,310500.0,14.89,13,3,107351.81
905817,703625,PL,24,2047,ACTIVE,2019-11-16,2021-06-16,617700.0,15.49,30,2,72333.26
905818,703626,HL,14,2082,CLOSED,2022-12-18,2028-09-18,5233800.0,8.76,0,0,0.0
905819,703627,TWL,6,2053,ACTIVE,2018-04-16,2020-04-16,264800.0,14.55,13,1,12629.59
905820,703627,GL,19,2109,CLOSED,2023-11-25,2024-11-25,1845600.0,9.71,0,0,0.0
905821,703628,AL,16,2078,ACTIVE,2023-04-15,2027-01-15,905000.0,11.15,37,1,24472.3
905822,703628,PL,23,2023,ACTIVE,2025-04-13,2026-07-13,672500.0,16.73,80,2,97937.5
905823,703629,AL,23,2041,CLOSED,2021-04-11,2023-04-11,618500.0,10.71,0,0,0.0
905824,703630,CL,5,2099,CLOSED,2021-06-06,2022-02-06,196100.0,13.95,0,0,0.0
905825,703631,BL,16,2037,ACTIVE,2025-04-27,2029-04-27,857700.0,17.22,35,1,24495.2
905826,703631,TWL,16,2024,CLOSED,2018-03-28,2019-11-28,62700.0,13.16,0,0,0.0
905827,703632,CL,19,2116,ACTIVE,2021-11-30,2022-06-30,160000.0,16.28,44,1,23791.47
905828,703633,TWL,10,2045,CLOSED,2024-05-01,2025-07-01,182400.0,12.22,0,0,0.0
905829,703634,CL,16,2037,CLOSED,2020-06-13,2021-04-13,296600.0,15.99,0,0,0.0
905830,703635,EL,17,2028,CLOSED,2019-02-02,2023-06-02,1459600.0,9.69,0,0,0.0
905831,703635,PL,17,2051,CLOSED,2024-05-14,2025-08-14,158200.0,15.19,0,0,0.0
905832,703636,PL,11,2030,CLOSED,2024-10-27,2025-11-27,890100.0,15.24,0,0,0.0
905833,703637,LAP,13,2094,ACTIVE,2021-11-07,2026-11-07,7622600.0,11.36,283,9,1435165.9
905834,703638,TWL,23,2005,CLOSED,2020-04-05,2021-12-05,35500.0,12.18,0,0,0.0
905835,703639,PL,9,2046,ACTIVE,2022-04-15,2024-03-15,1200500.0,13.66,29,1,58950.11
905836,703640,EL,16,2024,CLOSED,2021-08-19,2024-06-19,83500.0,10.76,0,0,0.0
905837,703641,AL,4,2091,CLOSED,2018-03-30,2021-03-30,648900.0,12.09,0,0,0.0
905838,703641,AL,4,2115,CLOSED,2025-02-16,2027-06-16,2973000.0,11.76,0,0,0.0
905839,703641,PL,3,2083,ACTIVE,2021-09-26,2023-04-26,120000.0,18.9,60,2,14373.72
905840,703642,PL,11,2039,ACTIVE,2021-12-29,2023-08-29,446700.0,18.69,45,1,25764.8
905841,703643,AL,12,2096,ACTIVE,2025-12-04,2027-05-04,513300.0,10.38,11,1,32319.14
905842,703644,BL,18,2120,CLOSED,2021-01-23,2024-04-23,985200.0,17.1,0,0,0.0
905843,703645,TWL,16,2024,ACTIVE,2023-05-05,2025-01-05,30100.0,13.62,34,1,1671.79
905844,703646,BL,7,2018,CLOSED,2023-12-20,2028-10-20,120100.0,17.09,0,0,0.0
905845,703646,AL,20,2080,CLOSED,2020-11-09,2023-05-09,727200.0,10.82,0,0,0.0
905846,703647,CL,6,2092,CLOSED,2023-10-31,2024-08-31,97800.0,13.5,0,0,0.0
905847,703647,PL,6,2044,CLOSED,2024-12-06,2026-10-06,837500.0,13.9,0,0,0.0
905848,703648,BL,3,2052,CLOSED,2019-12-15,2021-11-15,215700.0,17.08,0,0,0.0
905849,703648,AL,20,2056,ACTIVE,2018-04-03,2020-01-03,1093300.0,11.02,36,2,113397.92
905850,703649,PL,12,2017,CLOSED,2018-01-13,2019-09-13,1037800.0,16.8,0,0,0.0
905851,703650,LAP,21,2066,CLOSED,2025-01-10,2029-12-10,6656000.0,12.32,0,0,0.0
905852,703651,CL,16,2078,ACTIVE,2018-03-03,2019-05-03,448200.0,15.4,49,1,34734.98
905853,703652,AL,20,2031,ACTIVE,2024-08-15,2025-11-15,740900.0,12.04,365,12,601460.49
905854,703652,TWL,4,2115,ACTIVE,2025-01-01,2026-10-01,274300.0,14.69,175,5,71801.98
905855,703653,PL,16,2037,ACTIVE,2023-11-29,2025-07-29,882600.0,15.86,5,2,99049.02
905856,703654,AL,19,2109,CLOSED,2019-12-26,2022-06-26,2133400.0,11.69,0,0,0.0
905857,703655,GL,5,2102,ACTIVE,2020-11-12,2021-10-12,49400.0,9.73,19,2,9311.26
905858,703655,PL,9,2057,CLOSED,2020-02-24,2022-02-24,578800.0,18.91,0,0,0.0
905859,703656,AL,16,2078,ACTIVE,2021-08-31,2023-03-31,1058500.0,10.98,38,1,60394.65
905860,703657,AL,12,2086,CLOSED,2023-01-04,2024-03-04,649500.0,10.52,0,0,0.0
905861,703658,TWL,24,2016,ACTIVE,2022-05-13,2023-12-13,205800.0,11.1,50,1,11752.45
905862,703658,AL,24,2063,CLOSED,2021-10-04,2023-03-04,107300.0,9.7,0,0,0.0
905863,703659,TWL,12,2086,ACTIVE,2021-01-17,2022-05-17,63600.0,13.38,13,2,8580.56
905864,703659,EL,13,2094,CLOSED,2020-06-14,2022-10-14,2160800.0,10.27,0,0,0.0
905865,703660,CL,20,2080,CLOSED,2021-08-06,2022-08-06,137000.0,12.56,0,0,0.0
905866,703660,EL,19,2002,CLOSED,2025-09-04,2028-05-04,129900.0,8.5,0,0,0.0
905867,703661,MFI,5,2014,CLOSED,2022-08-01,2023-04-01,43000.0,19.87,0,0,0.0
905868,703661,MFI,5,2035,CLOSED,2021-12-01,2022-07-01,5100.0,19.89,0,0,0.0
905869,703661,PL,6,2042,ACTIVE,2022-11-06,2024-09-06,837800.0,13.94,29,1,42876.58
905870,703662,PL,24,2016,ACTIVE,2021-01-15,2022-08-15,187000.0,14.37,16,2,21734.32
905871,703662,TWL,13,2054,CLOSED,2023-06-18,2025-06-18,65300.0,12.21,0,0,0.0
905872,703663,PL,21,2066,ACTIVE,2023-10-31,2024-11-30,1021400.0,14.77,34,1,84464.56
905873,703663,AL,22,2019,CLOSED,2025-07-09,2026-09-09,769300.0,10.36,0,0,0.0
905874,703664,MFI,3,2097,CLOSED,2025-07-26,2026-01-26,54800.0,20.98,0,0,0.0
905875,703665,GL,14,2050,CLOSED,2024-09-17,2025-07-17,1339900.0,9.58,0,0,0.0
905876,703665,GL,10,2071,CLOSED,2022-04-20,2022-11-20,647100.0,9.64,0,0,0.0
905877,703666,EL,6,2042,ACTIVE,2023-02-02,2025-09-02,2133700.0,10.01,38,1,77748.0
905878,703666,CL,5,2099,ACTIVE,2024-01-02,2025-02-02,394300.0,15.42,313,10,309027.87
905879,703667,CL,6,2092,CLOSED,2024-02-20,2024-08-20,206100.0,15.2,0,0,0.0
905880,703668,AL,14,2100,ACTIVE,2021-12-22,2025-06-22,2185300.0,11.08,38,2,124290.09
905881,703668,GL,6,2044,CLOSED,2022-11-08,2023-10-08,797600.0,8.79,0,0,0.0
905882,703669,GL,10,2101,CLOSED,2025-09-05,2026-09-05,1010200.0,7.85,0,0,0.0
905883,703670,GL,1,2020,CLOSED,2025-02-05,2025-11-05,1065500.0,7.3,0,0,0.0
905884,703671,EL,21,2113,CLOSED,2022-08-29,2027-08-29,2775300.0,9.33,0,0,0.0
905885,703672,AL,19,2109,CLOSED,2019-11-02,2022-03-02,1109100.0,10.33,0,0,0.0
905886,703673,AL,13,2029,CLOSED,2024-12-10,2026-06-10,156300.0,11.26,0,0,0.0
905887,703674,GL,12,2086,CLOSED,2021-08-29,2022-04-29,1097500.0,10.34,0,0,0.0
905888,703674,LAP,1,2049,CLOSED,2020-01-31,2026-08-31,14257500.0,13.29,0,0,0.0
905889,703674,GL,1,2004,CLOSED,2018-01-30,2019-01-30,896400.0,10.67,0,0,0.0
905890,703675,CL,12,2033,ACTIVE,2024-04-01,2025-07-01,237700.0,15.01,365,12,193638.05
905891,703676,TWL,25,2068,CLOSED,2023-01-22,2024-03-22,192900.0,12.43,0,0,0.0
905892,703677,AL,23,2069,ACTIVE,2018-09-18,2021-02-18,1600700.0,9.76,28,2,122868.69
905893,703678,LAP,22,2093,CLOSED,2023-05-13,2028-02-13,4970700.0,9.0,0,0,0.0
905894,703679,MFI,1,2032,ACTIVE,2023-03-09,2024-01-09,16300.0,20.88,42,1,1759.41
905895,703680,MFI,17,2028,CLOSED,2018-04-25,2018-10-25,88100.0,19.46,0,0,0.0
905896,703681,GL,10,2101,CLOSED,2025-02-20,2026-01-20,15600.0,7.75,0,0,0.0
905897,703682,HL,13,2029,CLOSED,2025-08-10,2029-01-10,697700.0,9.56,0,0,0.0
905898,703682,CL,12,2096,CLOSED,2023-12-27,2025-03-27,338500.0,14.79,0,0,0.0
905899,703683,BL,9,2006,CLOSED,2024-08-09,2028-10-09,4365500.0,16.14,0,0,0.0
905900,703683,GL,10,2101,ACTIVE,2024-11-26,2025-10-26,280800.0,8.0,214,7,181057.42
905901,703684,CL,22,2019,ACTIVE,2023-02-16,2024-02-16,55100.0,14.81,37,1,4907.72
905902,703685,GL,19,2109,CLOSED,2018-04-24,2019-01-24,1423500.0,7.94,0,0,0.0
905903,703685,TWL,8,2114,CLOSED,2018-02-22,2019-12-22,182900.0,11.2,0,0,0.0
905904,703686,PL,11,2048,CLOSED,2024-04-08,2026-04-08,282200.0,17.84,0,0,0.0
905905,703686,GL,11,2030,ACTIVE,2024-11-17,2025-08-17,119100.0,9.83,203,6,80367.59
905906,703687,CL,13,2107,ACTIVE,2025-06-01,2026-01-01,160000.0,17.9,41,1,23884.86
905907,703687,GL,16,2024,CLOSED,2024-11-21,2025-09-21,592500.0,10.96,0,0,0.0
905908,703687,GL,13,2007,CLOSED,2025-01-18,2025-08-18,781700.0,10.87,0,0,0.0
905909,703688,GL,24,2089,CLOSED,2018-11-10,2019-08-10,835000.0,8.58,0,0,0.0
905910,703689,GL,14,2050,CLOSED,2018-06-06,2019-02-06,63200.0,7.97,0,0,0.0
905911,703690,EL,7,2112,CLOSED,2022-06-07,2026-05-07,1356100.0,9.18,0,0,0.0
905912,703690,TWL,5,2014,CLOSED,2022-07-21,2023-08-21,137600.0,11.84,0,0,0.0
905913,703691,PL,4,2115,CLOSED,2022-01-16,2023-01-16,1259900.0,16.9,0,0,0.0
905914,703691,GL,3,2067,ACTIVE,2022-03-30,2023-01-30,1363900.0,9.48,315,10,1363900.0
905915,703692,TWL,10,2045,CLOSED,2025-02-17,2026-12-17,143600.0,12.34,0,0,0.0
905916,703692,AL,10,2101,CLOSED,2024-10-24,2028-09-24,908300.0,10.36,0,0,0.0
905917,703693,PL,11,2064,CLOSED,2025-12-27,2026-12-27,65500.0,17.03,0,0,0.0
905918,703694,BL,1,2004,CLOSED,2021-06-08,2024-10-08,552600.0,16.4,0,0,0.0
905919,703694,PL,2,2106,CLOSED,2024-06-26,2025-06-26,52600.0,14.18,0,0,0.0
905920,703695,GL,25,2068,ACTIVE,2022-11-27,2023-09-27,924100.0,9.47,105,3,284896.41
905921,703696,EL,16,2027,CLOSED,2024-05-05,2029-04-05,2143200.0,10.97,0,0,0.0
905922,703697,GL,16,2078,CLOSED,2022-04-18,2022-11-18,1738600.0,8.25,0,0,0.0
905923,703698,CL,25,2061,CLOSED,2023-03-20,2024-07-20,304600.0,16.37,0,0,0.0
905924,703698,GL,25,2061,CLOSED,2020-03-16,2020-10-16,53700.0,9.83,0,0,0.0
905925,703699,CL,20,2080,CLOSED,2024-11-03,2025-12-03,353100.0,17.06,0,0,0.0
905926,703700,GL,25,2061,ACTIVE,2021-03-13,2021-09-13,1220000.0,8.23,53,1,206823.52
905927,703700,EL,20,2056,CLOSED,2020-03-19,2023-10-19,1769000.0,9.19,0,0,0.0
905928,703701,PL,4,2085,CLOSED,2019-01-07,2020-01-07,399700.0,15.83,0,0,0.0
905929,703701,GL,1,2020,CLOSED,2019-06-04,2020-02-04,1204100.0,9.04,0,0,0.0
905930,703701,EL,25,2061,ACTIVE,2022-05-27,2027-05-27,80400.0,9.89,254,8,13139.34
905931,703701,PL,1,2049,ACTIVE,2018-09-29,2019-11-29,243500.0,15.5,47,1,18880.74
905932,703702,TWL,25,2013,CLOSED,2020-08-06,2022-07-06,38200.0,16.1,0,0,0.0
905933,703702,PL,25,2068,CLOSED,2021-11-02,2023-02-02,739000.0,20.59,0,0,0.0
905934,703703,BL,15,2074,CLOSED,2024-04-02,2028-04-02,1924300.0,15.66,0,0,0.0
905935,703704,PL,11,2075,CLOSED,2022-08-14,2024-04-14,163300.0,18.38,0,0,0.0
905936,703705,PL,2,2062,ACTIVE,2020-10-21,2021-11-21,882900.0,17.1,51,1,73829.48
905937,703706,GL,25,2011,CLOSED,2022-05-23,2022-12-23,882300.0,9.16,0,0,0.0
905938,703706,EL,25,2068,ACTIVE,2023-12-15,2027-10-15,51900.0,10.09,84,2,2696.28
905939,703706,CL,25,2068,ACTIVE,2019-07-30,2020-05-30,435600.0,14.92,45,2,91478.37
905940,703707,GL,14,2009,ACTIVE,2019-04-15,2019-12-15,1382700.0,7.43,2,2,352102.21
905941,703707,MFI,10,2095,CLOSED,2019-11-22,2020-10-22,5200.0,18.65,0,0,0.0
905942,703708,LAP,14,2043,CLOSED,2025-10-26,2032-10-26,2189200.0,11.47,0,0,0.0
905943,703709,LAP,21,2036,CLOSED,2024-08-23,2029-07-23,1186700.0,10.19,0,0,0.0
905944,703710,MFI,5,2099,ACTIVE,2023-07-16,2024-01-16,93800.0,20.98,10,1,16318.48
905945,703710,LAP,19,2111,CLOSED,2025-04-01,2030-08-01,501900.0,11.09,0,0,0.0
905946,703710,TWL,6,2092,ACTIVE,2019-03-15,2020-07-15,93800.0,13.47,319,10,60572.38
905947,703711,MFI,24,2047,CLOSED,2019-07-19,2020-03-19,26100.0,20.61,0,0,0.0
905948,703711,EL,16,2027,CLOSED,2025-05-21,2027-10-21,2064300.0,9.67,0,0,0.0
905949,703712,HL,25,2061,CLOSED,2024-06-29,2027-06-29,6418400.0,10.18,0,0,0.0
905950,703712,CL,25,2013,ACTIVE,2025-02-06,2026-01-06,68000.0,16.64,342,11,68000.0
905951,703713,EL,25,2068,ACTIVE,2023-01-09,2025-03-09,320600.0,10.99,34,1,13786.91
905952,703713,MFI,25,2011,ACTIVE,2024-06-23,2025-02-23,38800.0,22.58,245,8,38800.0
905953,703713,GL,25,2013,CLOSED,2018-03-17,2019-01-17,1646200.0,9.88,0,0,0.0
905954,703713,EL,25,2068,ACTIVE,2024-02-01,2027-05-01,155400.0,10.72,136,4,18530.52
905955,703713,CL,25,2013,ACTIVE,2025-07-07,2026-11-07,276800.0,17.03,263,8,146193.03
905956,703714,CL,3,2083,ACTIVE,2021-04-24,2022-01-24,433400.0,14.77,21,2,100476.09
905957,703715,GL,5,2099,CLOSED,2025-09-29,2026-07-29,912000.0,9.44,0,0,0.0
905958,703716,GL,20,2056,ACTIVE,2024-09-09,2025-05-09,324800.0,9.66,41,1,41748.42
905959,703716,BL,19,2116,ACTIVE,2019-10-06,2021-04-06,743300.0,18.08,26,1,46750.81
905960,703717,MFI,3,2052,CLOSED,2025-03-25,2025-09-25,40000.0,20.74,0,0,0.0
905961,703718,GL,22,2026,CLOSED,2019-12-03,2020-11-03,852900.0,8.2,0,0,0.0
905962,703718,CL,7,2018,CLOSED,2021-12-28,2023-06-28,263000.0,13.52,0,0,0.0
905963,703719,EL,22,2026,CLOSED,2025-05-04,2028-07-04,633400.0,9.37,0,0,0.0
905964,703719,CL,21,2113,ACTIVE,2025-07-05,2026-11-05,183900.0,14.67,215,7,84869.91
905965,703720,PL,19,2002,CLOSED,2022-08-12,2023-08-12,1113500.0,16.51,0,0,0.0
905966,703720,AL,20,2056,CLOSED,2018-08-17,2021-07-17,664100.0,11.08,0,0,0.0
905967,703721,PL,13,2094,CLOSED,2024-08-22,2025-08-22,185700.0,14.42,0,0,0.0
905968,703722,MFI,8,2076,CLOSED,2025-03-31,2025-09-30,93700.0,22.16,0,0,0.0
905969,703723,PL,21,2088,CLOSED,2022-09-30,2024-05-30,506200.0,15.35,0,0,0.0
905970,703723,AL,22,2093,ACTIVE,2024-01-13,2025-01-13,586200.0,10.36,41,1,51192.53
905971,703723,TWL,15,2015,CLOSED,2025-09-25,2027-08-25,205800.0,12.51,0,0,0.0
905972,703724,BL,5,2014,CLOSED,2025-09-18,2030-07-18,1927800.0,16.22,0,0,0.0
905973,703724,PL,6,2092,ACTIVE,2021-12-04,2023-02-04,148600.0,14.8,145,4,45089.89
905974,703725,GL,2,2059,CLOSED,2023-09-05,2024-08-05,1719400.0,8.7,0,0,0.0
905975,703726,GL,2,2059,CLOSED,2021-11-06,2022-10-06,1032900.0,8.78,0,0,0.0
905976,703726,EL,3,2117,ACTIVE,2020-03-07,2024-08-07,1455000.0,10.31,261,8,264024.37
905977,703727,AL,9,2006,ACTIVE,2023-11-11,2025-08-11,2698600.0,10.74,36,1,140276.12
905978,703727,GL,18,2040,ACTIVE,2025-08-24,2026-08-24,1697800.0,9.05,26,1,147402.82
905979,703727,PL,17,2060,CLOSED,2023-11-06,2025-03-06,1064900.0,15.33,0,0,0.0
905980,703727,GL,18,2103,CLOSED,2024-09-08,2025-05-08,106500.0,8.67,0,0,0.0
905981,703728,CL,17,2055,ACTIVE,2025-02-02,2026-01-02,78400.0,15.82,16,1,7603.11
905982,703729,MFI,1,2020,CLOSED,2023-08-16,2024-06-16,86600.0,21.15,0,0,0.0
905983,703730,CL,10,2071,CLOSED,2025-09-13,2027-03-13,102900.0,14.13,0,0,0.0
905984,703730,CL,16,2024,ACTIVE,2023-05-05,2024-07-05,252900.0,13.94,95,3,57687.09
905985,703731,TWL,2,2104,CLOSED,2025-04-11,2027-03-11,287000.0,15.56,0,0,0.0
905986,703732,BL,5,2014,CLOSED,2023-09-02,2025-02-02,872900.0,15.34,0,0,0.0
905987,703732,LAP,24,2047,CLOSED,2024-11-23,2031-08-23,3996700.0,9.83,0,0,0.0
905988,703733,PL,18,2077,ACTIVE,2023-01-07,2024-07-07,551300.0,15.09,30,1,33988.68
905989,703734,PL,5,2102,CLOSED,2023-06-22,2024-12-22,766300.0,15.51,0,0,0.0
905990,703734,LAP,12,2072,ACTIVE,2025-11-03,2030-01-03,1263200.0,10.77,42,1,31186.59
905991,703734,PL,13,2054,CLOSED,2020-10-04,2021-10-04,789000.0,15.59,0,0,0.0
905992,703735,EL,7,2018,CLOSED,2025-09-14,2029-03-14,1265400.0,10.49,0,0,0.0
905993,703736,TWL,14,2009,CLOSED,2022-03-19,2023-06-19,249800.0,13.59,0,0,0.0
905994,703737,PL,24,2047,ACTIVE,2021-09-12,2023-04-12,224800.0,17.2,189,6,77656.56
905995,703738,PL,15,2012,CLOSED,2018-01-20,2019-12-20,355400.0,14.53,0,0,0.0
905996,703739,MFI,4,2025,CLOSED,2025-01-28,2025-10-28,22100.0,20.12,0,0,0.0
905997,703740,TWL,16,2037,ACTIVE,2025-06-24,2027-04-24,33600.0,11.26,121,4,6633.51
905998,703741,TWL,23,2023,ACTIVE,2023-06-10,2024-08-10,266300.0,12.95,69,2,40536.18
905999,703742,CL,1,2004,ACTIVE,2022-03-25,2023-09-25,432500.0,17.54,133,4,106099.82
906000,703743,GL,22,2019,ACTIVE,2020-09-29,2021-04-29,720200.0,9.62,60,2,209895.17
906001,703743,EL,22,2019,ACTIVE,2025-05-03,2030-05-03,1953700.0,10.48,32,1,41609.89
906002,703744,TWL,23,2005,CLOSED,2023-04-18,2024-11-18,134200.0,13.75,0,0,0.0
906003,703745,GL,1,2032,CLOSED,2025-03-03,2026-01-03,1687100.0,8.84,0,0,0.0
906004,703746,MFI,7,2018,CLOSED,2022-10-06,2023-10-06,54300.0,23.08,0,0,0.0
906005,703747,CL,19,2111,ACTIVE,2019-02-01,2020-07-01,155500.0,15.49,244,8,77404.76
906006,703747,PL,20,2080,CLOSED,2019-04-04,2020-09-04,1131000.0,16.2,0,0,0.0
906007,703748,CL,9,2006,ACTIVE,2024-08-18,2025-03-18,72400.0,14.76,221,7,72400.0
906008,703749,AL,18,2098,CLOSED,2021-08-19,2024-11-19,2091900.0,11.21,0,0,0.0
906009,703750,MFI,12,2033,ACTIVE,2022-11-20,2023-05-20,40200.0,21.54,30,1,7001.49
906010,703750,PL,23,2041,CLOSED,2018-10-08,2020-05-08,84800.0,16.21,0,0,0.0
906011,703751,MFI,17,2060,ACTIVE,2020-10-31,2021-05-31,53800.0,18.11,9,1,8035.36
906012,703752,MFI,17,2060,ACTIVE,2020-09-22,2021-04-22,8100.0,20.89,218,7,8100.0
906013,703753,TWL,20,2031,CLOSED,2018-10-13,2020-02-13,60300.0,10.36,0,0,0.0
906014,703753,TWL,20,2065,CLOSED,2020-09-12,2022-03-12,122200.0,10.24,0,0,0.0
906015,703754,CL,14,2009,ACTIVE,2025-12-26,2026-10-26,107400.0,14.6,40,1,11333.82
906016,703755,AL,9,2006,ACTIVE,2018-03-02,2021-04-02,1176800.0,11.4,37,1,37514.91
906017,703755,PL,10,2071,CLOSED,2023-05-12,2024-05-12,1415300.0,17.37,0,0,0.0
906018,703756,TWL,4,2090,CLOSED,2025-03-19,2027-03-19,280500.0,12.33,0,0,0.0
906019,703757,AL,1,2032,CLOSED,2025-08-22,2028-06-22,677800.0,11.37,0,0,0.0
906020,703758,TWL,19,2111,CLOSED,2023-01-21,2025-01-21,84300.0,12.97,0,0,0.0
906021,703759,MFI,2,2118,CLOSED,2018-12-22,2019-12-22,70300.0,23.94,0,0,0.0
906022,703759,EL,1,2020,CLOSED,2023-02-04,2026-05-04,920300.0,11.68,0,0,0.0
906023,703760,GL,11,2064,CLOSED,2023-09-24,2024-09-24,374000.0,8.46,0,0,0.0
906024,703760,MFI,11,2039,ACTIVE,2022-06-29,2023-04-29,12800.0,20.9,53,1,1381.72
906025,703761,PL,25,2011,CLOSED,2025-11-30,2027-07-30,1301200.0,17.24,0,0,0.0
906026,703761,AL,18,2077,CLOSED,2024-01-26,2026-03-26,794100.0,11.17,0,0,0.0
906027,703762,PL,11,2048,ACTIVE,2025-07-22,2027-03-22,1126500.0,13.49,43,1,62505.95
906028,703763,TWL,11,2064,ACTIVE,2025-02-15,2026-09-15,175100.0,13.19,259,8,78179.38
906029,703764,GL,24,2047,CLOSED,2023-01-18,2024-01-18,36200.0,9.23,0,0,0.0
906030,703764,PL,12,2017,CLOSED,2024-06-02,2025-07-02,261100.0,16.52,0,0,0.0
906031,703765,EL,19,2002,CLOSED,2021-08-05,2025-04-05,2421800.0,11.02,0,0,0.0
906032,703766,TWL,18,2098,CLOSED,2019-04-30,2021-01-30,79800.0,15.07,0,0,0.0
906033,703767,MFI,17,2060,ACTIVE,2020-02-20,2020-09-20,31500.0,21.05,13,1,4738.12
906034,703767,AL,17,2058,CLOSED,2021-10-30,2024-03-30,102000.0,10.67,0,0,0.0
906035,703768,PL,9,2046,CLOSED,2025-06-18,2027-03-18,245400.0,16.53,0,0,0.0
906036,703769,MFI,8,2034,CLOSED,2020-03-06,2021-03-06,44700.0,22.64,0,0,0.0
906037,703770,HL,10,2071,CLOSED,2023-10-04,2026-12-04,5719500.0,9.97,0,0,0.0
906038,703771,CL,24,2016,ACTIVE,2023-10-20,2024-08-20,170800.0,12.42,61,2,35581.24
906039,703772,LAP,24,2089,CLOSED,2025-10-11,2031-04-11,1194300.0,11.41,0,0,0.0
906040,703772,PL,24,2063,CLOSED,2022-01-03,2023-06-03,64500.0,16.29,0,0,0.0
906041,703773,PL,7,2087,ACTIVE,2024-03-06,2025-08-06,560200.0,14.17,246,8,277565.47
906042,703774,PL,5,2099,ACTIVE,2025-11-16,2027-05-16,88400.0,12.98,21,1,5373.02
906043,703775,CL,5,2014,CLOSED,2020-03-05,2020-09-05,172200.0,14.55,0,0,0.0
906044,703776,TWL,14,2119,ACTIVE,2025-05-22,2027-03-22,245700.0,12.2,48,1,12394.11
906045,703777,MFI,21,2088,CLOSED,2025-04-30,2026-02-28,90900.0,20.71,0,0,0.0
906046,703778,PL,9,2057,CLOSED,2018-11-20,2020-03-20,315500.0,14.09,0,0,0.0
906047,703779,CL,8,2114,CLOSED,2023-05-06,2023-11-06,10300.0,14.61,0,0,0.0
906048,703780,MFI,17,2060,CLOSED,2024-10-30,2025-09-30,11700.0,20.44,0,0,0.0
906049,703781,GL,7,2010,CLOSED,2019-06-18,2020-02-18,1015300.0,8.67,0,0,0.0
906050,703782,PL,22,2026,CLOSED,2022-11-14,2024-01-14,685800.0,16.95,0,0,0.0
906051,703782,TWL,20,2056,CLOSED,2023-05-19,2025-03-19,79800.0,13.53,0,0,0.0
906052,703782,HL,21,2113,CLOSED,2020-12-07,2025-11-07,3130500.0,9.67,0,0,0.0
906053,703783,TWL,9,2046,CLOSED,2018-10-30,2019-10-30,140500.0,13.84,0,0,0.0
906054,703783,GL,9,2001,ACTIVE,2020-12-20,2021-07-20,1246800.0,9.38,220,7,1246800.0
906055,703784,CL,23,2041,CLOSED,2021-07-11,2022-03-11,15900.0,15.9,0,0,0.0
906056,703785,CL,23,2041,ACTIVE,2022-12-30,2023-11-30,179100.0,14.72,30,1,17292.38
906057,703785,CL,23,2041,CLOSED,2025-02-27,2026-08-27,164100.0,14.78,0,0,0.0
906058,703786,HL,23,2069,CLOSED,2025-03-25,2028-04-25,5665700.0,8.45,0,0,0.0
906059,703786,PL,23,2005,CLOSED,2020-08-12,2022-07-12,137800.0,13.02,0,0,0.0
906060,703787,EL,14,2009,CLOSED,2021-05-09,2025-07-09,1248600.0,10.64,0,0,0.0
906061,703787,PL,11,2039,CLOSED,2021-12-29,2023-05-29,296000.0,18.11,0,0,0.0
906062,703787,MFI,14,2119,ACTIVE,2025-12-12,2026-10-12,15600.0,22.22,39,1,1691.91
906063,703787,PL,15,2012,CLOSED,2022-02-09,2023-12-09,544000.0,17.93,0,0,0.0
906064,703788,MFI,2,2104,CLOSED,2024-09-21,2025-07-21,8900.0,22.99,0,0,0.0
906065,703789,PL,4,2085,ACTIVE,2020-06-02,2021-11-02,922100.0,17.4,48,1,60710.81
906066,703790,GL,15,2073,CLOSED,2023-04-04,2024-03-04,75200.0,9.86,0,0,0.0
906067,703790,TWL,17,2028,ACTIVE,2018-10-11,2020-02-11,104900.0,14.45,11,1,7161.15
906068,703790,AL,16,2078,CLOSED,2024-10-18,2027-02-18,670200.0,11.75,0,0,0.0
906069,703791,EL,23,2005,CLOSED,2018-07-30,2022-03-30,869100.0,9.86,0,0,0.0
906070,703791,PL,23,2069,ACTIVE,2021-10-18,2023-05-18,476900.0,15.97,61,2,56024.62
906071,703792,EL,2,2108,CLOSED,2025-07-17,2028-08-17,1302200.0,9.1,0,0,0.0
906072,703793,HL,15,2073,CLOSED,2022-11-14,2026-03-14,7381600.0,10.01,0,0,0.0
906073,703794,EL,15,2012,ACTIVE,2021-07-17,2026-07-17,1017400.0,9.66,8,2,42381.42
906074,703794,TWL,7,2112,ACTIVE,2020-10-14,2022-05-14,89300.0,12.87,365,12,58485.47
906075,703795,MFI,16,2037,ACTIVE,2020-01-01,2020-12-01,20800.0,23.85,333,11,20800.0
906076,703795,MFI,18,2077,ACTIVE,2025-11-03,2026-06-03,85300.0,23.75,42,1,12913.73
906077,703796,BL,19,2116,CLOSED,2024-04-02,2025-07-02,1689500.0,17.51,0,0,0.0
906078,703797,PL,5,2102,CLOSED,2025-05-21,2026-10-21,787200.0,15.02,0,0,0.0
906079,703798,CL,13,2029,ACTIVE,2021-02-12,2022-01-12,205200.0,15.59,36,2,39508.3
906080,703798,PL,13,2054,CLOSED,2023-01-10,2024-05-10,1399400.0,17.0,0,0,0.0
906081,703798,MFI,13,2094,CLOSED,2023-03-22,2024-02-22,24500.0,22.11,0,0,0.0
906082,703799,AL,19,2116,ACTIVE,2024-04-21,2026-07-21,287200.0,12.22,311,10,115625.8
906083,703799,CL,20,2065,CLOSED,2024-08-24,2025-09-24,440900.0,16.84,0,0,0.0
906084,703800,CL,10,2095,ACTIVE,2024-10-19,2026-01-19,228400.0,14.34,42,1,16525.19
906085,703801,AL,11,2039,ACTIVE,2019-03-25,2022-03-25,2466600.0,11.29,33,1,80336.65
906086,703801,GL,23,2041,CLOSED,2020-07-18,2021-01-18,22600.0,9.07,0,0,0.0
906087,703801,GL,11,2048,ACTIVE,2022-08-31,2023-05-31,1155200.0,9.01,10,2,263473.52
906088,703802,MFI,6,2042,CLOSED,2018-08-24,2019-05-24,66000.0,19.05,0,0,0.0
906089,703803,AL,13,2029,ACTIVE,2022-06-20,2024-04-20,702700.0,11.55,234,7,239841.35
906090,703804,EL,11,2075,ACTIVE,2024-07-21,2028-02-21,2928600.0,10.12,30,1,80802.87
906091,703805,PL,18,2120,ACTIVE,2023-02-07,2025-02-07,50600.0,17.06,3,1,2468.15
906092,703806,AL,14,2050,ACTIVE,2020-11-08,2023-08-08,1005400.0,10.73,39,1,35004.41
906093,703807,EL,22,2019,CLOSED,2024-05-13,2027-08-13,2060100.0,10.96,0,0,0.0
906094,703807,MFI,21,2008,CLOSED,2021-10-25,2022-08-25,94400.0,22.75,0,0,0.0
906095,703808,GL,3,2110,ACTIVE,2025-09-28,2026-08-28,1036400.0,10.17,53,1,98243.94
906096,703808,AL,4,2025,CLOSED,2025-09-10,2028-01-10,267700.0,12.43,0,0,0.0
906097,703809,EL,14,2050,CLOSED,2018-01-25,2022-11-25,1743300.0,8.85,0,0,0.0
906098,703809,GL,14,2050,CLOSED,2021-05-27,2022-04-27,1090800.0,8.08,0,0,0.0
906099,703810,GL,11,2039,CLOSED,2018-07-07,2019-06-07,808600.0,8.34,0,0,0.0
906100,703810,GL,11,2048,ACTIVE,2019-02-23,2020-02-23,856300.0,8.38,37,1,74121.11
906101,703811,HL,24,2063,CLOSED,2018-01-20,2022-06-20,841000.0,9.86,0,0,0.0
906102,703811,TWL,24,2016,ACTIVE,2023-09-20,2025-05-20,68900.0,13.21,365,12,43135.46
906103,703812,TWL,22,2093,ACTIVE,2024-11-02,2026-03-02,78600.0,13.79,71,2,10628.54
906104,703813,GL,11,2075,CLOSED,2025-06-21,2025-12-21,1038900.0,8.61,0,0,0.0
906105,703814,PL,8,2070,CLOSED,2022-07-28,2024-01-28,621900.0,15.32,0,0,0.0
906106,703815,GL,19,2111,CLOSED,2018-08-08,2019-07-08,1089000.0,8.98,0,0,0.0
906107,703815,GL,5,2014,CLOSED,2023-04-01,2023-10-01,195300.0,9.36,0,0,0.0
906108,703815,PL,20,2080,CLOSED,2022-05-09,2023-12-09,498800.0,16.88,0,0,0.0
906109,703816,PL,2,2118,ACTIVE,2020-08-05,2021-08-05,573100.0,16.58,72,2,102187.88
906110,703817,MFI,15,2015,ACTIVE,2022-05-20,2023-04-20,5200.0,20.38,42,1,513.53
906111,703817,EL,16,2078,CLOSED,2020-11-14,2023-07-14,1569700.0,9.42,0,0,0.0
906112,703818,PL,3,2110,CLOSED,2020-04-18,2021-09-18,1348200.0,16.8,0,0,0.0
906113,703819,PL,9,2001,CLOSED,2024-11-22,2026-08-22,714600.0,16.48,0,0,0.0
906114,703820,GL,21,2113,CLOSED,2025-12-16,2026-10-16,589800.0,9.54,0,0,0.0
906115,703821,PL,17,2058,ACTIVE,2025-08-10,2027-07-10,404600.0,16.43,37,2,40418.89
906116,703821,MFI,22,2019,CLOSED,2022-08-19,2023-06-19,76600.0,21.72,0,0,0.0
906117,703822,GL,17,2058,ACTIVE,2024-06-10,2025-06-10,262500.0,9.88,43,1,22874.94
906118,703822,BL,15,2012,ACTIVE,2022-05-10,2027-01-10,457100.0,18.82,154,5,58827.95
906119,703823,AL,14,2050,CLOSED,2023-03-21,2024-10-21,2445700.0,11.6,0,0,0.0
906120,703824,TWL,23,2069,ACTIVE,2020-07-25,2022-03-25,30400.0,12.34,320,10,15976.86
906121,703825,MFI,19,2002,ACTIVE,2022-11-29,2023-05-29,5500.0,19.82,16,3,2817.56
906122,703825,EL,20,2080,ACTIVE,2019-02-09,2021-10-09,1005500.0,9.33,27,1,35339.28
906123,703826,PL,17,2028,CLOSED,2023-08-23,2024-11-23,332200.0,16.03,0,0,0.0
906124,703826,PL,15,2074,ACTIVE,2023-07-04,2025-02-04,788600.0,16.33,2,2,92864.57
906125,703827,TWL,18,2103,CLOSED,2024-12-03,2026-12-03,177400.0,17.62,0,0,0.0
906126,703828,BL,22,2019,CLOSED,2025-11-29,2027-06-29,3756700.0,18.94,0,0,0.0
906127,703828,CL,10,2095,CLOSED,2025-09-21,2026-09-21,197500.0,16.85,0,0,0.0
906128,703828,MFI,1,2032,CLOSED,2025-07-11,2026-03-11,67500.0,23.15,0,0,0.0
906129,703829,BL,19,2111,ACTIVE,2022-11-27,2025-12-27,827600.0,16.79,344,11,291815.85
906130,703830,CL,23,2041,ACTIVE,2020-06-22,2021-11-22,333900.0,12.74,31,1,21344.11
906131,703831,LAP,15,2073,ACTIVE,2025-10-15,2030-03-15,8577200.0,10.47,4,2,400388.75
906132,703832,EL,17,2060,CLOSED,2025-03-03,2030-03-03,192800.0,10.3,0,0,0.0
906133,703832,PL,11,2064,CLOSED,2021-10-02,2023-10-02,992200.0,16.47,0,0,0.0
906134,703833,TWL,21,2113,CLOSED,2021-06-06,2022-11-06,174700.0,13.77,0,0,0.0
906135,703834,MFI,13,2054,CLOSED,2024-09-04,2025-03-04,24900.0,21.56,0,0,0.0
906136,703835,PL,8,2070,ACTIVE,2024-02-21,2025-09-21,511800.0,12.64,47,1,29552.04
906137,703835,PL,1,2020,CLOSED,2024-12-17,2026-03-17,573900.0,12.16,0,0,0.0
906138,703836,MFI,18,2103,CLOSED,2025-11-15,2026-06-15,9300.0,20.48,0,0,0.0
906139,703837,EL,17,2055,CLOSED,2023-08-12,2025-11-12,1651100.0,10.71,0,0,0.0
906140,703837,PL,1,2020,ACTIVE,2024-02-14,2025-09-14,85900.0,18.09,6,2,10234.31
906141,703837,TWL,2,2118,ACTIVE,2024-02-09,2025-10-09,86000.0,14.35,40,1,4802.79
906142,703838,TWL,14,2043,ACTIVE,2020-06-08,2022-05-08,41100.0,15.0,261,8,15644.77
906143,703839,EL,8,2114,ACTIVE,2022-10-22,2026-06-22,1259600.0,9.22,271,9,293244.08
906144,703840,AL,25,2061,CLOSED,2023-01-20,2024-08-20,1268700.0,10.05,0,0,0.0
906145,703840,TWL,25,2011,CLOSED,2023-04-15,2024-12-15,47100.0,12.14,0,0,0.0
906146,703840,PL,25,2061,ACTIVE,2025-07-03,2026-08-03,813500.0,14.38,33,2,133497.79
906147,703840,GL,15,2012,CLOSED,2025-12-29,2026-10-29,1864100.0,8.48,0,0,0.0
906148,703841,CL,14,2082,CLOSED,2023-10-21,2024-06-21,28700.0,17.85,0,0,0.0
906149,703841,MFI,14,2082,CLOSED,2020-11-14,2021-09-14,17500.0,23.34,0,0,0.0
906150,703842,AL,17,2028,CLOSED,2021-02-12,2024-03-12,277900.0,11.27,0,0,0.0
906151,703842,BL,18,2098,ACTIVE,2025-05-18,2026-08-18,2193000.0,18.01,26,3,478651.32
906152,703842,GL,17,2055,ACTIVE,2023-06-20,2024-06-20,143400.0,9.15,11,1,12455.55
906153,703843,PL,1,2049,ACTIVE,2024-05-29,2025-08-29,422900.0,13.64,25,1,30478.19
906154,703843,MFI,3,2067,CLOSED,2022-05-09,2023-01-09,67000.0,20.0,0,0,0.0
906155,703844,CL,5,2035,CLOSED,2025-10-25,2026-12-25,477900.0,13.76,0,0,0.0
906156,703844,GL,17,2055,CLOSED,2024-11-21,2025-06-21,163700.0,8.35,0,0,0.0
906157,703845,MFI,15,2073,CLOSED,2021-03-18,2021-09-18,62500.0,22.4,0,0,0.0
906158,703845,CL,18,2098,CLOSED,2020-04-05,2021-02-05,53100.0,16.63,0,0,0.0
906159,703846,TWL,8,2070,CLOSED,2025-06-21,2027-05-21,32000.0,13.3,0,0,0.0
906160,703847,AL,10,2095,CLOSED,2021-05-01,2023-10-01,1390000.0,12.0,0,0,0.0
906161,703848,GL,12,2086,CLOSED,2023-07-22,2024-03-22,1625400.0,8.19,0,0,0.0
906162,703849,CL,9,2057,ACTIVE,2021-10-20,2022-05-20,15100.0,14.54,6,1,2235.86
906163,703849,LAP,9,2057,ACTIVE,2024-08-16,2031-01-16,6139500.0,10.89,175,5,540968.54
906164,703850,PL,7,2087,ACTIVE,2025-03-28,2027-01-28,880800.0,18.4,36,1,46754.5
906165,703850,PL,14,2050,ACTIVE,2021-10-13,2022-10-13,54200.0,18.17,32,2,9725.44
906166,703851,PL,13,2054,CLOSED,2025-03-19,2027-02-19,178000.0,16.55,0,0,0.0
906167,703851,GL,12,2072,ACTIVE,2024-08-01,2025-05-01,1839400.0,9.12,2,2,419654.95
906168,703852,PL,4,2091,CLOSED,2019-07-19,2020-09-19,1231200.0,14.71,0,0,0.0
906169,703853,LAP,14,2043,CLOSED,2023-03-18,2028-10-18,13526300.0,10.82,0,0,0.0
906170,703854,AL,10,2045,CLOSED,2024-11-06,2028-02-06,1291300.0,11.76,0,0,0.0
906171,703855,LAP,23,2023,CLOSED,2023-02-11,2025-09-11,806300.0,9.0,0,0,0.0
906172,703855,AL,7,2018,CLOSED,2021-01-20,2024-02-20,726300.0,9.1,0,0,0.0
906173,703856,PL,18,2077,CLOSED,2019-11-03,2021-03-03,371500.0,15.79,0,0,0.0
906174,703857,TWL,24,2047,ACTIVE,2021-12-23,2023-06-23,133100.0,15.06,84,2,16306.74
906175,703858,EL,25,2068,CLOSED,2025-09-24,2029-09-24,1877800.0,10.33,0,0,0.0
906176,703858,PL,17,2051,ACTIVE,2023-10-28,2025-07-28,414100.0,16.55,128,4,88321.85
906177,703859,GL,20,2056,CLOSED,2021-11-25,2022-08-25,249600.0,11.1,0,0,0.0
906178,703860,AL,15,2015,ACTIVE,2025-05-18,2028-09-18,105100.0,11.68,312,10,30206.46
906179,703861,GL,12,2017,CLOSED,2024-04-20,2024-11-20,884900.0,8.86,0,0,0.0
906180,703862,CL,6,2042,CLOSED,2022-06-24,2023-08-24,48900.0,12.32,0,0,0.0
906181,703862,GL,6,2053,CLOSED,2025-08-08,2026-03-08,610300.0,7.0,0,0,0.0
906182,703863,CL,18,2098,ACTIVE,2021-06-13,2022-09-13,363900.0,15.05,43,1,26433.32
906183,703863,EL,17,2028,CLOSED,2024-07-04,2027-06-04,710700.0,9.81,0,0,0.0
906184,703864,EL,12,2086,CLOSED,2022-05-30,2024-10-30,457000.0,9.76,0,0,0.0
906185,703865,GL,19,2116,CLOSED,2023-10-30,2024-04-30,1096400.0,8.08,0,0,0.0
906186,703865,CL,12,2072,ACTIVE,2024-07-04,2025-07-04,127400.0,14.06,145,4,44460.01
906187,703866,GL,5,2099,CLOSED,2019-03-03,2019-12-03,18100.0,10.03,0,0,0.0
906188,703866,HL,6,2053,CLOSED,2025-09-24,2031-04-24,2957200.0,10.58,0,0,0.0
906189,703866,EL,5,2102,CLOSED,2020-12-08,2023-04-08,2518200.0,10.89,0,0,0.0
906190,703866,EL,8,2070,CLOSED,2025-01-23,2029-03-23,398400.0,10.93,0,0,0.0
906191,703867,MFI,10,2095,ACTIVE,2022-06-10,2023-03-10,9900.0,20.61,181,6,6767.08
906192,703868,AL,2,2118,CLOSED,2024-07-08,2026-12-08,2980900.0,11.2,0,0,0.0
906193,703869,GL,22,2022,CLOSED,2024-08-08,2025-02-08,1349200.0,8.09,0,0,0.0
906194,703869,CL,13,2094,CLOSED,2024-12-06,2026-03-06,416400.0,13.32,0,0,0.0
906195,703870,PL,3,2052,CLOSED,2022-06-20,2023-08-20,1288900.0,15.15,0,0,0.0
906196,703870,GL,1,2004,CLOSED,2021-05-31,2021-12-31,949900.0,8.24,0,0,0.0
906197,703871,EL,16,2024,ACTIVE,2021-04-07,2023-12-07,698100.0,8.6,355,11,258161.56
906198,703871,PL,17,2060,CLOSED,2025-01-20,2026-04-20,788700.0,12.6,0,0,0.0
906199,703872,LAP,12,2096,ACTIVE,2024-11-07,2031-06-07,12795600.0,12.59,121,4,931685.96
906200,703872,BL,9,2001,CLOSED,2020-05-23,2023-12-23,4306200.0,18.81,0,0,0.0
906201,703872,GL,10,2045,ACTIVE,2024-05-15,2025-04-15,100100.0,9.94,224,7,64746.45
906202,703872,MFI,9,2046,CLOSED,2023-10-17,2024-10-17,49600.0,22.96,0,0,0.0
906203,703873,LAP,20,2031,CLOSED,2025-10-15,2032-08-15,2063800.0,10.59,0,0,0.0
906204,703874,GL,12,2017,CLOSED,2024-04-12,2024-12-12,761500.0,9.79,0,0,0.0
906205,703875,GL,3,2110,CLOSED,2019-04-24,2020-02-24,10100.0,9.26,0,0,0.0
906206,703875,TWL,1,2049,CLOSED,2023-06-21,2024-09-21,207000.0,13.33,0,0,0.0
906207,703876,CL,2,2062,ACTIVE,2025-02-03,2026-05-03,20300.0,15.62,55,1,1479.26
906208,703876,EL,4,2115,CLOSED,2024-04-23,2028-02-23,86300.0,10.04,0,0,0.0
906209,703877,PL,7,2087,CLOSED,2020-04-13,2022-02-13,205200.0,16.59,0,0,0.0
906210,703877,TWL,23,2023,ACTIVE,2023-01-21,2024-01-21,249700.0,13.67,27,2,44008.76
906211,703878,BL,9,2057,ACTIVE,2025-09-16,2026-10-16,2890000.0,16.68,319,10,2268346.24
906212,703878,MFI,5,2003,CLOSED,2020-01-31,2020-08-31,61600.0,20.6,0,0,0.0
906213,703878,EL,10,2045,ACTIVE,2021-05-14,2024-08-14,1633200.0,9.48,316,10,467667.12
906214,703879,BL,12,2072,ACTIVE,2024-09-29,2027-11-29,1605600.0,17.28,14,1,54375.11
906215,703880,AL,18,2077,ACTIVE,2021-06-02,2023-05-02,116500.0,11.25,98,3,16650.44
906216,703881,MFI,3,2084,CLOSED,2025-12-23,2026-10-23,43700.0,19.28,0,0,0.0
906217,703882,LAP,21,2088,CLOSED,2019-11-14,2025-12-14,2174100.0,9.89,0,0,0.0
906218,703882,TWL,24,2047,CLOSED,2022-10-04,2023-12-04,118500.0,11.12,0,0,0.0
906219,703883,BL,3,2084,CLOSED,2025-06-26,2026-10-26,162700.0,17.2,0,0,0.0
906220,703884,CL,12,2096,ACTIVE,2023-08-09,2024-03-09,476800.0,16.15,224,7,476800.0
906221,703885,EL,12,2096,ACTIVE,2024-10-11,2028-05-11,1088100.0,10.34,41,1,30129.4
906222,703886,LAP,1,2020,CLOSED,2021-08-26,2026-04-26,2120200.0,12.26,0,0,0.0
906223,703887,BL,3,2067,CLOSED,2022-01-07,2025-11-07,4511400.0,18.1,0,0,0.0
906224,703888,MFI,8,2070,ACTIVE,2021-03-11,2021-12-11,73700.0,22.37,287,9,73700.0
906225,703889,GL,6,2042,ACTIVE,2020-12-11,2021-11-11,562900.0,8.64,20,1,53028.02
906226,703890,GL,19,2109,CLOSED,2020-04-25,2021-02-25,909000.0,8.66,0,0,0.0
906227,703890,GL,20,2080,ACTIVE,2019-11-11,2020-11-11,707600.0,8.66,36,1,61326.58
906228,703891,PL,13,2054,ACTIVE,2025-11-30,2027-03-30,548300.0,15.32,248,8,288049.39
906229,703892,EL,11,2048,CLOSED,2022-11-26,2026-08-26,1167500.0,10.67,0,0,0.0
906230,703893,GL,23,2005,CLOSED,2020-03-20,2020-11-20,360300.0,8.76,0,0,0.0
906231,703893,PL,23,2023,CLOSED,2024-04-16,2025-06-16,109400.0,15.37,0,0,0.0
906232,703894,AL,20,2031,CLOSED,2019-05-21,2023-04-21,162000.0,9.18,0,0,0.0
906233,703894,TWL,6,2092,CLOSED,2021-11-20,2023-06-20,217200.0,10.45,0,0,0.0
906234,703894,CL,17,2060,ACTIVE,2021-08-17,2023-02-17,51700.0,12.61,35,1,3134.5
906235,703895,CL,16,2037,ACTIVE,2024-02-27,2025-02-27,68300.0,14.66,50,1,6079.42
906236,703896,MFI,7,2010,ACTIVE,2023-06-29,2024-01-29,64600.0,21.34,222,7,64600.0
906237,703897,AL,2,2118,CLOSED,2020-09-18,2022-10-18,392500.0,9.21,0,0,0.0
906238,703897,EL,3,2084,CLOSED,2019-01-17,2023-07-17,1749200.0,8.07,0,0,0.0
906239,703898,GL,15,2073,CLOSED,2023-08-15,2024-04-15,711500.0,8.62,0,0,0.0
906240,703898,PL,17,2060,CLOSED,2018-07-05,2020-01-05,78600.0,15.2,0,0,0.0
906241,703898,MFI,23,2069,CLOSED,2019-08-17,2020-02-17,88500.0,20.63,0,0,0.0
906242,703899,AL,11,2048,CLOSED,2022-06-16,2026-02-16,318900.0,11.61,0,0,0.0
906243,703899,PL,11,2030,CLOSED,2020-06-17,2021-09-17,1285900.0,17.09,0,0,0.0
906244,703900,AL,21,2088,CLOSED,2022-03-18,2024-12-18,2190400.0,10.03,0,0,0.0
906245,703901,CL,17,2055,ACTIVE,2020-07-05,2021-08-05,17600.0,15.77,37,1,1462.42
906246,703902,BL,16,2024,ACTIVE,2022-04-09,2026-11-09,2319800.0,17.46,142,4,237584.89
906247,703903,CL,8,2070,CLOSED,2025-01-25,2026-07-25,404400.0,13.88,0,0,0.0
906248,703904,PL,1,2004,CLOSED,2023-06-11,2025-02-11,646000.0,17.4,0,0,0.0
906249,703904,LAP,1,2049,CLOSED,2018-11-06,2023-03-06,5728000.0,11.7,0,0,0.0
906250,703905,BL,8,2038,CLOSED,2019-07-27,2022-03-27,687200.0,18.8,0,0,0.0
906251,703906,EL,22,2022,CLOSED,2025-08-30,2029-07-30,55300.0,9.36,0,0,0.0
906252,703907,MFI,12,2033,CLOSED,2020-01-16,2020-09-16,54200.0,19.84,0,0,0.0
906253,703907,PL,9,2006,ACTIVE,2025-11-26,2027-08-26,1314000.0,14.37,54,1,70298.53
906254,703908,AL,10,2071,CLOSED,2024-05-16,2026-04-16,1584300.0,11.66,0,0,0.0
906255,703909,LAP,10,2095,CLOSED,2024-04-18,2026-09-18,9159700.0,11.74,0,0,0.0
906256,703910,GL,23,2005,CLOSED,2020-08-29,2021-02-28,851400.0,8.03,0,0,0.0
906257,703911,BL,1,2020,CLOSED,2024-07-27,2026-10-27,2461400.0,16.75,0,0,0.0
906258,703912,HL,6,2092,ACTIVE,2018-03-12,2023-12-12,2719900.0,8.88,54,1,50106.95
906259,703912,PL,22,2019,CLOSED,2018-12-18,2020-09-18,962300.0,14.37,0,0,0.0
906260,703913,BL,24,2089,CLOSED,2021-02-20,2023-09-20,4663100.0,16.94,0,0,0.0
906261,703913,PL,24,2016,CLOSED,2023-12-19,2025-05-19,603400.0,16.13,0,0,0.0
906262,703914,PL,9,2001,CLOSED,2025-03-10,2026-11-10,1175400.0,17.32,0,0,0.0
906263,703915,MFI,20,2065,CLOSED,2025-10-29,2026-05-29,5700.0,21.86,0,0,0.0
906264,703915,MFI,20,2065,ACTIVE,2025-01-07,2025-12-07,74700.0,21.88,19,1,7420.89
906265,703916,GL,7,2112,ACTIVE,2025-08-31,2026-04-30,1992900.0,9.85,7,2,510509.48
906266,703917,EL,13,2007,CLOSED,2024-07-07,2027-08-07,1063800.0,10.02,0,0,0.0
906267,703918,EL,1,2049,ACTIVE,2022-11-13,2025-04-13,975800.0,9.63,309,10,362313.04
906268,703919,PL,22,2019,CLOSED,2021-08-02,2023-03-02,350000.0,18.55,0,0,0.0
906269,703919,AL,21,2008,ACTIVE,2021-10-08,2024-10-08,1814300.0,12.27,55,1,59882.66
906270,703920,AL,24,2047,ACTIVE,2018-08-14,2022-01-14,2312900.0,13.14,25,1,69561.18
906271,703921,AL,18,2103,CLOSED,2025-04-14,2027-10-14,373100.0,12.2,0,0,0.0
906272,703921,PL,17,2058,ACTIVE,2025-11-04,2027-02-04,456400.0,19.78,92,3,100446.08
906273,703921,PL,16,2027,CLOSED,2025-09-04,2027-08-04,1039000.0,19.63,0,0,0.0
906274,703922,AL,25,2011,ACTIVE,2019-11-04,2022-10-04,436400.0,10.77,24,1,14454.96
906275,703923,TWL,17,2058,CLOSED,2025-09-13,2026-09-13,245000.0,12.36,0,0,0.0
906276,703924,BL,20,2056,CLOSED,2023-09-10,2027-06-10,101400.0,17.6,0,0,0.0
906277,703924,TWL,19,2111,CLOSED,2023-04-02,2024-12-02,229900.0,13.94,0,0,0.0
906278,703925,TWL,5,2014,CLOSED,2025-09-29,2026-11-29,256800.0,13.13,0,0,0.0
906279,703926,PL,11,2030,CLOSED,2025-09-04,2027-09-04,1261700.0,18.28,0,0,0.0
906280,703926,AL,11,2039,ACTIVE,2019-11-14,2023-03-14,1766500.0,11.88,47,1,53171.32
906281,703927,AL,1,2004,ACTIVE,2023-11-18,2025-03-18,339500.0,11.8,262,8,176390.83
906282,703927,MFI,24,2089,ACTIVE,2024-01-12,2024-10-12,12800.0,22.66,40,1,1530.94
906283,703928,AL,17,2055,ACTIVE,2025-05-27,2026-10-27,505100.0,10.68,47,1,31864.3
906284,703928,AL,13,2029,CLOSED,2024-03-21,2026-08-21,1709900.0,10.51,0,0,0.0
906285,703928,CL,12,2096,ACTIVE,2022-06-15,2023-06-15,103100.0,14.88,39,1,9185.89
906286,703929,MFI,14,2082,ACTIVE,2024-02-02,2024-10-02,96500.0,21.36,22,1,12820.39
906287,703930,GL,7,2018,CLOSED,2018-12-23,2019-10-23,1214300.0,9.11,0,0,0.0
906288,703930,PL,19,2111,CLOSED,2020-02-12,2022-01-12,245300.0,16.87,0,0,0.0
906289,703931,MFI,16,2027,CLOSED,2024-01-26,2024-07-26,63400.0,22.37,0,0,0.0
906290,703932,MFI,6,2044,CLOSED,2023-04-20,2024-01-20,93000.0,21.02,0,0,0.0
906291,703933,PL,24,2063,CLOSED,2025-11-21,2027-06-21,613400.0,15.71,0,0,0.0
906292,703933,PL,24,2089,CLOSED,2020-06-10,2021-09-10,1175800.0,15.87,0,0,0.0
906293,703934,TWL,18,2103,CLOSED,2024-07-20,2026-01-20,134800.0,13.03,0,0,0.0
906294,703934,EL,2,2062,CLOSED,2024-11-14,2027-11-14,586800.0,10.23,0,0,0.0
906295,703935,MFI,24,2063,ACTIVE,2023-02-16,2024-02-16,11000.0,20.9,36,1,1006.2
906296,703936,TWL,22,2022,CLOSED,2025-12-24,2027-12-24,237800.0,13.4,0,0,0.0
906297,703937,PL,5,2003,ACTIVE,2025-08-10,2026-09-10,1448900.0,14.52,312,10,1134356.69
906298,703937,PL,6,2053,ACTIVE,2018-03-16,2019-03-16,107100.0,14.56,30,1,9528.83
906299,703938,BL,6,2042,ACTIVE,2025-11-23,2029-09-23,1067500.0,16.49,22,1,31036.2
906300,703938,BL,7,2087,CLOSED,2025-05-09,2028-06-09,3260500.0,16.26,0,0,0.0
906301,703939,HL,12,2072,ACTIVE,2024-03-04,2028-01-04,3873400.0,8.65,93,3,293464.67
906302,703940,GL,14,2100,ACTIVE,2022-12-11,2023-09-11,95700.0,7.96,31,1,10916.7
906303,703940,PL,3,2083,ACTIVE,2025-03-25,2026-11-25,1393800.0,13.32,365,12,872898.94
906304,703941,PL,16,2024,CLOSED,2025-04-16,2026-12-16,1141800.0,15.66,0,0,0.0
906305,703941,HL,17,2055,CLOSED,2018-02-11,2022-03-11,3656500.0,9.59,0,0,0.0
906306,703941,PL,18,2040,ACTIVE,2021-05-13,2023-03-13,680200.0,15.99,31,2,70341.35
906307,703942,CL,20,2080,ACTIVE,2025-01-07,2026-02-07,32800.0,16.49,35,1,2734.82
906308,703942,PL,19,2111,CLOSED,2024-08-13,2026-06-13,1063500.0,18.27,0,0,0.0
906309,703943,TWL,2,2105,CLOSED,2019-12-27,2021-11-27,45000.0,12.05,0,0,0.0
906310,703943,GL,1,2049,CLOSED,2025-05-30,2026-01-30,117500.0,8.57,0,0,0.0
906311,703944,EL,14,2082,CLOSED,2018-12-31,2021-01-31,2806000.0,10.63,0,0,0.0
906312,703945,AL,16,2078,ACTIVE,2021-06-06,2025-04-06,687500.0,9.56,28,2,35396.22
906313,703946,BL,8,2114,CLOSED,2023-04-09,2027-02-09,997800.0,18.59,0,0,0.0
906314,703947,GL,9,2046,ACTIVE,2025-07-15,2026-03-15,498900.0,9.24,12,2,127609.62
906315,703947,PL,9,2001,ACTIVE,2024-07-08,2025-08-08,79400.0,16.48,37,1,6619.94
906316,703947,CL,9,2006,CLOSED,2024-08-08,2025-05-08,357100.0,15.65,0,0,0.0
906317,703948,MFI,18,2120,ACTIVE,2019-08-23,2020-06-23,7700.0,19.01,12,1,825.59
906318,703949,MFI,17,2051,CLOSED,2022-12-19,2023-08-19,70000.0,21.11,0,0,0.0
906319,703949,GL,8,2076,ACTIVE,2020-11-16,2021-10-16,1308100.0,8.76,123,4,487824.56
906320,703950,PL,3,2083,ACTIVE,2019-03-01,2020-07-01,173400.0,18.93,10,1,12155.72
906321,703950,TWL,7,2087,CLOSED,2019-12-03,2021-02-03,135000.0,14.74,0,0,0.0
906322,703950,TWL,15,2073,ACTIVE,2025-10-23,2027-09-23,77400.0,15.05,16,1,3846.55
906323,703951,CL,20,2080,CLOSED,2020-06-28,2021-08-28,115800.0,14.23,0,0,0.0
906324,703951,TWL,19,2111,ACTIVE,2018-07-31,2019-09-30,50400.0,11.96,348,11,40181.14
906325,703951,GL,17,2060,ACTIVE,2024-06-12,2025-06-12,1424400.0,8.09,10,1,123135.46
906326,703951,BL,2,2106,ACTIVE,2019-05-05,2022-07-05,4547900.0,16.08,282,9,1293399.15
906327,703952,PL,12,2096,ACTIVE,2023-07-25,2025-01-25,169900.0,14.66,45,1,10444.41
906328,703953,MFI,3,2067,CLOSED,2023-04-12,2023-10-12,56900.0,21.62,0,0,0.0
906329,703953,PL,1,2004,CLOSED,2020-03-06,2021-09-06,74300.0,16.93,0,0,0.0
906330,703954,BL,13,2029,ACTIVE,2022-07-10,2025-12-10,3934600.0,15.79,244,8,941660.86
906331,703954,AL,13,2007,CLOSED,2023-08-25,2027-01-25,501500.0,10.08,0,0,0.0
906332,703955,PL,17,2051,CLOSED,2025-12-16,2027-01-16,335400.0,17.62,0,0,0.0
906333,703955,TWL,17,2060,ACTIVE,2021-06-02,2022-08-02,143700.0,14.04,317,10,105001.93
906334,703956,BL,2,2105,ACTIVE,2025-02-22,2026-07-22,4976800.0,17.25,37,1,327362.14
906335,703956,MFI,10,2095,ACTIVE,2023-05-10,2023-12-10,85600.0,21.23,34,1,12881.23
906336,703957,PL,14,2119,CLOSED,2021-10-17,2022-12-17,884300.0,11.63,0,0,0.0
906337,703958,GL,10,2095,ACTIVE,2021-01-02,2022-01-02,212700.0,9.14,276,9,161326.66
906338,703958,GL,25,2011,CLOSED,2023-06-14,2023-12-14,968000.0,9.14,0,0,0.0
906339,703959,BL,21,2008,CLOSED,2025-04-25,2027-12-25,4311300.0,16.63,0,0,0.0
906340,703959,AL,22,2093,CLOSED,2021-06-26,2025-03-26,402000.0,10.38,0,0,0.0
906341,703960,CL,11,2048,CLOSED,2022-04-22,2023-09-22,302100.0,16.63,0,0,0.0
906342,703961,BL,19,2081,CLOSED,2019-05-31,2021-08-31,1252000.0,18.59,0,0,0.0
906343,703961,CL,23,2041,ACTIVE,2019-01-19,2019-10-19,412300.0,16.55,284,9,412300.0
906344,703961,PL,1,2032,CLOSED,2019-02-18,2020-08-18,243400.0,19.0,0,0,0.0
906345,703962,LAP,14,2009,ACTIVE,2024-11-07,2027-12-07,12194000.0,9.95,22,2,758664.32
906346,703962,MFI,17,2051,CLOSED,2022-09-12,2023-09-12,12000.0,19.41,0,0,0.0
906347,703963,LAP,1,2004,ACTIVE,2019-10-20,2026-10-20,1089800.0,11.97,11,1,19030.64
906348,703963,PL,24,2016,CLOSED,2019-04-21,2020-11-21,264000.0,17.5,0,0,0.0
906349,703964,GL,9,2006,ACTIVE,2025-03-06,2025-12-06,1576300.0,9.66,245,8,1406719.85
906350,703965,BL,15,2074,CLOSED,2019-12-10,2024-10-10,1922500.0,18.03,0,0,0.0
906351,703966,BL,17,2060,CLOSED,2025-04-24,2026-06-24,217000.0,19.02,0,0,0.0
906352,703966,AL,15,2074,CLOSED,2025-11-11,2027-04-11,507400.0,11.88,0,0,0.0
906353,703966,EL,18,2098,CLOSED,2024-07-14,2029-04-14,147700.0,11.07,0,0,0.0
906354,703967,LAP,19,2116,ACTIVE,2021-03-23,2024-06-23,7423800.0,11.88,13,1,228131.19
906355,703968,PL,3,2052,ACTIVE,2019-07-10,2020-09-10,101000.0,18.53,40,3,23502.97
906356,703968,PL,4,2115,CLOSED,2022-09-19,2024-02-19,80400.0,18.56,0,0,0.0
906357,703969,PL,24,2047,CLOSED,2019-03-30,2021-03-30,980300.0,16.81,0,0,0.0
906358,703970,MFI,24,2016,ACTIVE,2025-07-02,2026-02-02,24400.0,21.9,218,7,24400.0
906359,703971,GL,3,2083,CLOSED,2022-04-18,2022-12-18,141100.0,8.97,0,0,0.0
906360,703972,EL,2,2108,ACTIVE,2021-04-25,2024-12-25,2363800.0,10.64,34,1,64544.47
906361,703972,CL,4,2090,CLOSED,2023-05-26,2024-10-26,166100.0,16.38,0,0,0.0
906362,703972,CL,1,2020,ACTIVE,2024-07-12,2025-12-12,77600.0,16.55,138,4,19916.5
906363,703973,MFI,14,2050,CLOSED,2019-12-02,2020-12-02,10000.0,21.93,0,0,0.0
906364,703973,PL,24,2063,ACTIVE,2022-02-20,2023-06-20,816400.0,18.04,19,2,113021.31
906365,703974,CL,11,2048,ACTIVE,2019-08-14,2020-05-14,10000.0,15.46,39,1,1168.85
906366,703975,PL,24,2063,ACTIVE,2024-02-03,2025-07-03,174300.0,16.26,3,1,11393.74
906367,703976,BL,15,2015,CLOSED,2024-12-17,2027-06-17,1119900.0,18.45,0,0,0.0
906368,703977,CL,16,2024,ACTIVE,2023-07-02,2024-10-02,466400.0,15.11,104,3,100411.35
906369,703978,CL,20,2065,CLOSED,2025-10-07,2027-03-07,219200.0,15.28,0,0,0.0
906370,703979,BL,3,2097,CLOSED,2022-03-24,2025-07-24,1083500.0,15.71,0,0,0.0
906371,703980,BL,20,2080,CLOSED,2021-10-27,2026-08-27,200300.0,16.37,0,0,0.0
906372,703980,LAP,23,2069,CLOSED,2018-09-12,2023-06-12,10727300.0,10.92,0,0,0.0
906373,703981,EL,5,2102,ACTIVE,2025-06-25,2029-04-25,403100.0,9.31,10,1,10372.67
906374,703981,CL,13,2107,CLOSED,2025-11-14,2026-07-14,72900.0,14.58,0,0,0.0
906375,703982,AL,9,2057,CLOSED,2021-08-27,2024-01-27,202100.0,11.88,0,0,0.0
906376,703983,EL,10,2101,CLOSED,2025-10-09,2029-11-09,1755000.0,9.39,0,0,0.0
906377,703984,CL,13,2029,ACTIVE,2024-09-01,2026-02-01,461300.0,15.63,10,1,30034.71
906378,703984,MFI,13,2029,CLOSED,2025-10-11,2026-08-11,41900.0,21.78,0,0,0.0
906379,703985,GL,14,2119,ACTIVE,2020-05-24,2020-12-24,1620300.0,7.78,50,1,235983.09
906380,703986,TWL,19,2111,CLOSED,2025-01-31,2026-11-30,41100.0,13.01,0,0,0.0
906381,703987,GL,7,2079,ACTIVE,2022-08-08,2023-05-08,300000.0,9.19,55,1,34359.57
906382,703988,AL,3,2021,ACTIVE,2025-06-04,2029-03-04,1705700.0,10.77,245,8,355417.35
906383,703988,LAP,2,2105,CLOSED,2022-10-21,2026-09-21,8798300.0,11.17,0,0,0.0
906384,703989,GL,2,2108,CLOSED,2023-10-18,2024-09-18,565400.0,9.56,0,0,0.0
906385,703989,PL,10,2101,ACTIVE,2024-01-22,2025-05-22,906100.0,17.96,303,10,591274.15
906386,703990,BL,25,2011,ACTIVE,2022-02-03,2024-09-03,1171700.0,14.69,20,2,89648.92
906387,703990,EL,25,2061,CLOSED,2018-02-27,2022-05-27,530600.0,8.6,0,0,0.0
906388,703991,PL,15,2015,ACTIVE,2020-05-05,2021-12-05,944100.0,15.53,344,11,574483.05
906389,703991,AL,14,2043,CLOSED,2023-04-21,2026-02-21,2386600.0,10.49,0,0,0.0
906390,703992,PL,13,2107,ACTIVE,2022-09-01,2024-04-01,1235800.0,18.74,25,1,74507.47
906391,703993,AL,12,2072,CLOSED,2024-01-15,2025-01-15,331600.0,11.95,0,0,0.0
906392,703993,GL,1,2004,ACTIVE,2019-05-10,2020-03-10,1750300.0,9.88,27,2,361634.54
906393,703994,LAP,12,2072,ACTIVE,2024-01-23,2026-06-23,1305000.0,11.87,365,12,585475.12
906394,703994,MFI,12,2033,ACTIVE,2024-06-20,2025-03-20,82600.0,21.74,282,9,82600.0
906395,703995,AL,5,2014,CLOSED,2020-06-30,2022-03-30,861300.0,11.46,0,0,0.0
906396,703996,AL,4,2115,CLOSED,2022-11-16,2025-09-16,1675200.0,10.36,0,0,0.0
906397,703997,MFI,7,2010,CLOSED,2020-10-08,2021-04-08,6900.0,20.24,0,0,0.0
906398,703998,AL,24,2047,ACTIVE,2020-12-01,2023-01-01,1432700.0,10.16,23,2,126053.4
906399,703999,CL,22,2093,ACTIVE,2022-03-22,2023-04-22,26200.0,14.65,28,1,2165.36
906400,703999,MFI,25,2061,ACTIVE,2024-07-25,2025-06-25,28900.0,20.38,6,2,5660.4
906401,704000,AL,7,2010,CLOSED,2024-01-29,2026-10-29,2948900.0,11.54,0,0,0.0
906402,704000,BL,7,2079,CLOSED,2022-06-20,2025-07-20,2628200.0,18.22,0,0,0.0
906403,704001,BL,11,2075,ACTIVE,2018-12-11,2022-11-11,2271200.0,15.59,173,5,312094.66
906404,704002,GL,24,2047,CLOSED,2024-07-10,2025-02-10,34000.0,8.14,0,0,0.0
906405,704002,AL,15,2073,ACTIVE,2025-04-26,2027-07-26,732000.0,9.8,42,3,89494.23
906406,704002,AL,24,2063,CLOSED,2025-05-22,2028-09-22,1107700.0,9.84,0,0,0.0
906407,704003,PL,12,2033,CLOSED,2020-03-06,2021-06-06,557000.0,19.55,0,0,0.0
906408,704004,GL,18,2120,CLOSED,2023-04-02,2024-03-02,31800.0,9.57,0,0,0.0
906409,704005,GL,15,2074,CLOSED,2021-07-01,2022-01-01,1951100.0,9.43,0,0,0.0
906410,704006,CL,15,2015,ACTIVE,2022-05-31,2023-05-31,82000.0,16.06,9,2,14590.96
906411,704006,PL,8,2034,ACTIVE,2025-08-08,2026-08-08,58100.0,17.67,43,2,10404.6
906412,704006,TWL,17,2055,ACTIVE,2022-06-09,2023-08-09,31300.0,13.88,38,1,2406.66
906413,704007,CL,11,2048,CLOSED,2023-09-24,2024-05-24,414400.0,13.54,0,0,0.0
906414,704007,CL,11,2030,ACTIVE,2025-06-05,2026-09-05,460300.0,13.63,42,1,33171.73
906415,704007,CL,11,2075,ACTIVE,2023-02-01,2024-04-01,439500.0,13.91,47,1,33798.41
906416,704008,TWL,21,2088,ACTIVE,2023-08-18,2025-05-18,105200.0,12.37,8,2,11023.19
906417,704008,GL,22,2026,CLOSED,2023-08-20,2024-02-20,353600.0,8.54,0,0,0.0
906418,704009,MFI,14,2050,ACTIVE,2020-07-07,2021-05-07,6900.0,20.7,323,10,6900.0
906419,704010,BL,16,2027,CLOSED,2025-09-18,2030-09-18,2488300.0,18.45,0,0,0.0
906420,704011,PL,20,2080,CLOSED,2025-10-18,2027-03-18,67700.0,20.09,0,0,0.0
906421,704011,CL,20,2056,ACTIVE,2025-12-31,2027-02-28,372700.0,17.45,274,9,248150.45
906422,704011,PL,19,2109,CLOSED,2025-06-29,2027-04-29,167000.0,19.86,0,0,0.0
906423,704011,PL,19,2109,ACTIVE,2024-11-09,2026-05-09,918300.0,19.96,35,1,58481.65
906424,704012,PL,9,2006,ACTIVE,2022-12-09,2023-12-09,1349400.0,17.74,26,3,359943.82
906425,704012,BL,16,2037,ACTIVE,2018-07-07,2023-07-07,909200.0,17.91,212,7,152088.33
906426,704013,MFI,11,2064,CLOSED,2022-08-29,2023-04-29,66300.0,21.82,0,0,0.0
906427,704014,CL,8,2114,CLOSED,2018-01-10,2018-10-10,318100.0,16.22,0,0,0.0
906428,704014,TWL,8,2038,ACTIVE,2019-10-01,2021-09-01,106200.0,14.03,319,10,49677.72
906429,704014,BL,15,2012,CLOSED,2018-05-09,2021-07-09,3089900.0,18.46,0,0,0.0
906430,704015,CL,12,2017,CLOSED,2024-01-24,2025-06-24,337600.0,17.46,0,0,0.0
906431,704016,HL,7,2079,ACTIVE,2022-04-02,2027-12-02,979500.0,10.74,40,2,38072.09
906432,704016,MFI,7,2010,CLOSED,2018-01-17,2018-07-17,5000.0,23.11,0,0,0.0
906433,704016,CL,7,2112,CLOSED,2023-09-14,2024-03-14,122800.0,17.05,0,0,0.0
906434,704017,HL,25,2068,CLOSED,2024-02-03,2027-03-03,2841800.0,10.02,0,0,0.0
906435,704017,PL,10,2071,ACTIVE,2024-11-26,2026-11-26,1210100.0,17.08,44,1,59036.33
906436,704018,TWL,19,2002,ACTIVE,2021-07-24,2022-11-24,211900.0,12.59,7,2,28462.53
906437,704019,CL,6,2044,ACTIVE,2022-07-23,2023-12-23,149800.0,16.0,25,1,9776.14
906438,704020,AL,2,2106,ACTIVE,2022-12-03,2025-10-03,2816900.0,11.14,355,11,1009806.38
906439,704020,CL,3,2110,ACTIVE,2022-02-03,2022-08-03,21600.0,15.34,102,3,11005.75
906440,704021,TWL,16,2024,ACTIVE,2020-12-23,2022-07-23,298700.0,13.04,11,2,34407.66
906441,704021,GL,16,2027,CLOSED,2021-11-21,2022-06-21,61200.0,8.69,0,0,0.0
906442,704022,MFI,6,2042,ACTIVE,2024-12-15,2025-12-15,31800.0,20.88,137,4,11339.24
906443,704023,PL,25,2061,CLOSED,2018-08-15,2019-09-15,333900.0,13.42,0,0,0.0
906444,704023,TWL,25,2011,CLOSED,2021-01-20,2022-09-20,54000.0,11.88,0,0,0.0
906445,704023,CL,25,2013,CLOSED,2023-06-25,2024-07-25,373500.0,13.9,0,0,0.0
906446,704023,MFI,25,2013,ACTIVE,2023-01-26,2023-09-26,8000.0,19.4,38,1,1057.02
906447,704024,PL,18,2103,CLOSED,2024-06-25,2026-03-25,1168900.0,17.62,0,0,0.0
906448,704025,TWL,23,2023,CLOSED,2020-02-03,2021-07-03,201500.0,12.76,0,0,0.0
906449,704026,MFI,1,2004,CLOSED,2024-06-02,2025-03-02,37300.0,22.99,0,0,0.0
906450,704027,LAP,16,2037,CLOSED,2022-07-02,2029-03-02,5051900.0,10.3,0,0,0.0
906451,704027,PL,16,2027,CLOSED,2023-09-17,2025-07-17,1127300.0,13.86,0,0,0.0
906452,704028,HL,25,2011,CLOSED,2024-12-12,2030-10-12,5380700.0,9.22,0,0,0.0
906453,704029,GL,18,2040,CLOSED,2024-07-18,2025-07-18,1221700.0,7.94,0,0,0.0
906454,704030,AL,5,2099,CLOSED,2022-07-10,2026-06-10,1632100.0,10.91,0,0,0.0
906455,704031,TWL,22,2022,ACTIVE,2025-10-02,2027-07-02,278600.0,13.32,16,2,29401.72
906456,704032,BL,21,2113,CLOSED,2024-04-15,2025-11-15,1969300.0,18.56,0,0,0.0
906457,704033,CL,1,2032,CLOSED,2024-08-14,2026-02-14,140400.0,14.62,0,0,0.0
906458,704034,PL,14,2009,ACTIVE,2020-12-03,2022-09-03,107500.0,13.57,44,1,5715.03
906459,704035,PL,4,2115,ACTIVE,2020-11-16,2022-10-16,874700.0,21.26,104,3,135090.06
906460,704036,PL,1,2020,CLOSED,2022-12-03,2024-04-03,783600.0,12.4,0,0,0.0
906461,704036,TWL,23,2005,CLOSED,2025-04-09,2026-07-09,36900.0,11.18,0,0,0.0
906462,704036,MFI,23,2005,ACTIVE,2025-04-28,2026-03-28,31200.0,18.79,78,2,6076.39
906463,704037,CL,20,2080,CLOSED,2021-12-31,2022-11-30,249900.0,16.35,0,0,0.0
906464,704038,PL,8,2070,CLOSED,2024-12-07,2026-10-07,586900.0,14.99,0,0,0.0
906465,704038,CL,8,2038,CLOSED,2025-10-08,2026-05-08,102500.0,14.35,0,0,0.0
906466,704038,EL,8,2076,CLOSED,2024-06-14,2028-07-14,1450300.0,9.65,0,0,0.0
906467,704039,CL,5,2014,ACTIVE,2025-11-23,2027-02-23,70200.0,15.86,3,1,5122.28
906468,704039,LAP,6,2042,ACTIVE,2025-11-11,2030-06-11,8977300.0,12.31,40,1,212213.94
906469,704040,GL,4,2085,ACTIVE,2023-06-13,2024-02-13,959300.0,9.17,42,1,123131.68
906470,704041,PL,21,2088,CLOSED,2019-04-30,2020-07-30,1307400.0,14.58,0,0,0.0
906471,704042,PL,25,2061,CLOSED,2023-05-22,2024-08-22,71200.0,16.54,0,0,0.0
906472,704043,AL,10,2071,ACTIVE,2018-09-30,2021-05-30,433800.0,9.6,200,6,89979.43
906473,704043,GL,9,2057,CLOSED,2019-06-28,2020-05-28,1078300.0,7.42,0,0,0.0
906474,704044,GL,13,2107,CLOSED,2019-06-01,2020-01-01,11700.0,8.76,0,0,0.0
906475,704044,MFI,25,2011,CLOSED,2022-08-16,2023-08-16,25500.0,21.06,0,0,0.0
906476,704044,PL,14,2043,CLOSED,2023-01-26,2024-03-26,718400.0,15.99,0,0,0.0
906477,704045,TWL,9,2001,CLOSED,2019-04-21,2021-04-21,68300.0,12.08,0,0,0.0
906478,704045,EL,10,2071,CLOSED,2021-12-20,2024-10-20,2593300.0,9.47,0,0,0.0
906479,704046,GL,3,2097,CLOSED,2023-07-28,2024-03-28,1020100.0,9.32,0,0,0.0
906480,704046,TWL,4,2090,CLOSED,2022-10-14,2023-10-14,247700.0,14.14,0,0,0.0
906481,704047,AL,23,2023,CLOSED,2023-06-02,2026-04-02,2812500.0,12.11,0,0,0.0
906482,704048,PL,4,2025,ACTIVE,2025-02-02,2026-07-02,134300.0,16.92,36,1,8815.61
906483,704049,CL,12,2096,ACTIVE,2024-05-26,2025-11-26,11700.0,15.68,7,1,724.19
906484,704049,GL,13,2094,CLOSED,2025-12-20,2026-12-20,853700.0,9.0,0,0,0.0
906485,704050,TWL,14,2009,ACTIVE,2025-02-02,2026-06-02,74500.0,12.59,310,10,48009.49
906486,704051,AL,25,2011,CLOSED,2025-11-20,2028-03-20,116600.0,9.89,0,0,0.0
906487,704051,PL,25,2013,CLOSED,2019-12-29,2021-12-29,179200.0,12.71,0,0,0.0
906488,704051,GL,25,2061,CLOSED,2020-06-07,2021-03-07,615300.0,7.5,0,0,0.0
906489,704052,CL,25,2068,CLOSED,2025-01-02,2026-05-02,130900.0,14.96,0,0,0.0
906490,704052,GL,25,2013,CLOSED,2025-02-15,2025-11-15,1079200.0,8.81,0,0,0.0
906491,704053,MFI,25,2013,CLOSED,2020-10-28,2021-07-28,6000.0,22.57,0,0,0.0
906492,704054,PL,17,2028,CLOSED,2025-08-13,2027-05-13,905300.0,17.09,0,0,0.0
906493,704054,TWL,9,2057,CLOSED,2025-03-29,2026-09-29,62600.0,13.71,0,0,0.0
906494,704055,PL,10,2071,CLOSED,2023-12-07,2024-12-07,73600.0,19.04,0,0,0.0
906495,704055,TWL,10,2095,ACTIVE,2025-04-28,2027-03-28,39000.0,14.89,43,1,1935.52
906496,704056,CL,7,2010,ACTIVE,2021-01-14,2022-02-14,10500.0,14.57,365,12,9749.49
906497,704056,BL,7,2112,CLOSED,2021-07-29,2024-06-29,2489000.0,16.47,0,0,0.0
906498,704057,HL,2,2105,ACTIVE,2020-01-04,2023-08-04,7746200.0,9.5,4,1,211572.89
906499,704058,PL,18,2103,CLOSED,2022-07-01,2024-02-01,1214500.0,17.94,0,0,0.0
906500,704059,AL,21,2088,ACTIVE,2021-01-30,2022-03-30,454600.0,11.44,48,1,34511.84
906501,704060,AL,10,2101,CLOSED,2023-01-14,2025-04-14,2728900.0,10.32,0,0,0.0
906502,704060,GL,10,2045,CLOSED,2024-01-23,2024-11-23,670000.0,8.33,0,0,0.0
906503,704060,GL,9,2001,CLOSED,2024-06-18,2024-12-18,1730800.0,8.42,0,0,0.0
906504,704061,GL,1,2004,ACTIVE,2025-08-24,2026-04-24,530000.0,8.51,259,8,530000.0
906505,704062,HL,21,2066,CLOSED,2023-11-23,2029-11-23,5207000.0,9.78,0,0,0.0
906506,704063,TWL,5,2099,ACTIVE,2018-01-05,2019-11-05,97300.0,12.34,5,2,9777.85
906507,704064,TWL,13,2054,CLOSED,2025-10-11,2026-12-11,291800.0,12.41,0,0,0.0
906508,704065,TWL,13,2054,CLOSED,2025-09-26,2027-07-26,38900.0,14.0,0,0,0.0
906509,704065,PL,13,2054,CLOSED,2025-05-18,2026-07-18,113700.0,17.04,0,0,0.0
906510,704066,PL,7,2010,CLOSED,2024-04-24,2026-01-24,63900.0,15.67,0,0,0.0
906511,704067,TWL,3,2021,CLOSED,2023-08-13,2024-12-13,141600.0,10.75,0,0,0.0
906512,704068,EL,25,2011,CLOSED,2024-09-04,2028-06-04,524600.0,10.78,0,0,0.0
906513,704068,MFI,25,2013,CLOSED,2023-11-27,2024-07-27,94900.0,22.73,0,0,0.0
906514,704068,GL,10,2045,ACTIVE,2024-07-25,2025-06-25,1167700.0,9.73,4,1,110492.55
906515,704069,GL,5,2014,ACTIVE,2024-04-15,2025-02-15,82500.0,8.12,133,4,33669.08
906516,704069,TWL,6,2042,ACTIVE,2023-12-06,2025-10-06,219300.0,12.07,330,11,115679.54
906517,704070,PL,3,2083,CLOSED,2025-08-27,2026-10-27,672300.0,16.2,0,0,0.0
906518,704071,LAP,5,2003,ACTIVE,2025-08-10,2029-12-10,7467600.0,10.89,26,1,179159.96
906519,704071,GL,4,2090,ACTIVE,2025-01-16,2025-10-16,604000.0,8.59,275,9,604000.0
906520,704072,GL,18,2040,CLOSED,2021-01-25,2021-12-25,245700.0,8.44,0,0,0.0
906521,704073,GL,12,2017,ACTIVE,2021-04-14,2021-11-14,1815200.0,8.43,229,7,1815200.0
906522,704073,CL,6,2053,CLOSED,2018-08-01,2020-02-01,52300.0,14.96,0,0,0.0
906523,704074,PL,11,2030,CLOSED,2023-03-28,2025-02-28,644300.0,16.28,0,0,0.0
906524,704074,GL,18,2077,ACTIVE,2023-02-17,2023-10-17,11900.0,9.29,21,1,1527.96
906525,704074,CL,15,2074,ACTIVE,2023-03-26,2024-05-26,280500.0,15.47,33,1,21746.31
906526,704075,GL,7,2112,ACTIVE,2025-08-24,2026-05-24,133900.0,9.03,188,6,90266.65
906527,704075,TWL,7,2112,ACTIVE,2025-11-06,2027-07-06,213600.0,13.12,36,1,11819.03
906528,704076,CL,1,2032,CLOSED,2019-08-28,2021-01-28,476700.0,14.47,0,0,0.0
906529,704076,GL,8,2038,CLOSED,2022-01-23,2022-12-23,1206500.0,8.25,0,0,0.0
906530,704076,BL,2,2105,ACTIVE,2021-11-26,2026-11-26,197400.0,16.13,52,1,4750.18
906531,704077,PL,1,2049,ACTIVE,2024-04-05,2025-10-05,991800.0,15.17,39,1,61179.2
906532,704077,TWL,1,2004,CLOSED,2024-03-09,2025-07-09,247100.0,12.42,0,0,0.0
906533,704077,PL,1,2004,CLOSED,2025-09-22,2026-12-22,1316600.0,15.0,0,0,0.0
906534,704077,BL,3,2067,CLOSED,2025-08-26,2029-08-26,1730200.0,16.74,0,0,0.0
906535,704078,MFI,2,2059,CLOSED,2020-10-19,2021-07-19,34900.0,22.86,0,0,0.0
906536,704078,TWL,4,2025,CLOSED,2025-12-02,2027-06-02,113100.0,15.09,0,0,0.0
906537,704079,AL,19,2116,CLOSED,2025-11-23,2027-01-23,372700.0,10.66,0,0,0.0
906538,704080,GL,24,2089,CLOSED,2022-07-15,2023-01-15,473100.0,7.75,0,0,0.0
906539,704081,AL,19,2081,ACTIVE,2021-06-09,2024-10-09,1576900.0,10.52,37,1,46500.87
906540,704082,BL,3,2052,CLOSED,2021-04-01,2023-08-01,4314100.0,16.65,0,0,0.0
906541,704083,AL,18,2077,ACTIVE,2022-04-17,2023-10-17,2644600.0,12.28,217,7,1086398.54
906542,704083,GL,15,2012,CLOSED,2024-07-07,2025-04-07,1872700.0,10.32,0,0,0.0
906543,704083,PL,15,2012,CLOSED,2022-05-12,2023-05-12,197700.0,19.87,0,0,0.0
906544,704083,AL,17,2028,CLOSED,2022-12-01,2025-09-01,291400.0,12.12,0,0,0.0
906545,704084,PL,14,2082,CLOSED,2024-02-26,2025-04-26,1447500.0,14.98,0,0,0.0
906546,704084,EL,14,2119,CLOSED,2022-06-07,2025-06-07,108500.0,9.56,0,0,0.0
906547,704085,GL,5,2003,ACTIVE,2022-03-20,2023-01-20,1415600.0,8.5,223,7,1001361.14
906548,704086,GL,17,2060,ACTIVE,2021-09-11,2022-07-11,368900.0,7.73,30,1,37965.01
906549,704087,AL,6,2092,CLOSED,2022-05-27,2023-07-27,1021900.0,11.81,0,0,0.0
906550,704087,PL,8,2076,ACTIVE,2020-06-06,2021-07-06,960800.0,17.82,3,2,160059.43
906551,704088,AL,5,2014,CLOSED,2022-03-15,2024-09-15,465300.0,11.0,0,0,0.0
906552,704088,PL,5,2099,ACTIVE,2025-01-20,2026-10-20,390300.0,16.45,49,1,21224.35
906553,704088,AL,21,2008,ACTIVE,2025-05-19,2027-10-19,2971100.0,11.04,5,1,116125.23
906554,704088,PL,13,2054,CLOSED,2021-10-17,2023-05-17,885200.0,16.59,0,0,0.0
906555,704089,AL,2,2108,ACTIVE,2024-02-26,2027-05-26,1545400.0,11.06,82,2,93413.55
906556,704090,AL,7,2018,ACTIVE,2022-07-02,2025-09-02,124600.0,11.08,39,1,3867.01
906557,704090,BL,7,2087,ACTIVE,2025-08-18,2028-10-18,3842900.0,17.16,27,2,258024.26
906558,704091,MFI,8,2034,CLOSED,2022-03-27,2022-11-27,72700.0,23.27,0,0,0.0
906559,704091,PL,21,2066,CLOSED,2023-05-22,2025-02-22,531700.0,19.59,0,0,0.0
906560,704092,TWL,5,2003,ACTIVE,2021-10-02,2023-08-02,214900.0,13.88,317,10,104438.92
906561,704093,EL,10,2095,CLOSED,2019-09-01,2021-10-01,1639500.0,10.14,0,0,0.0
906562,704094,TWL,22,2022,ACTIVE,2022-10-11,2024-05-11,104700.0,13.33,26,1,6075.44
906563,704094,PL,21,2113,CLOSED,2024-08-06,2026-03-06,194600.0,16.51,0,0,0.0
906564,704095,TWL,2,2106,CLOSED,2021-08-05,2022-08-05,178600.0,11.18,0,0,0.0
906565,704095,TWL,2,2104,ACTIVE,2020-05-10,2021-06-10,244200.0,11.07,68,2,39492.49
906566,704096,PL,7,2010,CLOSED,2024-03-01,2026-02-01,754400.0,17.11,0,0,0.0
906567,704096,PL,7,2087,ACTIVE,2024-12-28,2026-11-28,110800.0,17.0,47,1,5599.19
906568,704096,HL,12,2086,ACTIVE,2019-04-15,2024-10-15,986800.0,10.05,43,1,19361.31
906569,704097,MFI,1,2032,CLOSED,2025-09-11,2026-03-11,99100.0,21.67,0,0,0.0
906570,704098,GL,5,2099,ACTIVE,2020-09-10,2021-07-10,180200.0,7.81,31,1,18550.58
906571,704099,TWL,7,2079,CLOSED,2025-02-16,2026-10-16,258400.0,13.5,0,0,0.0
906572,704100,GL,20,2056,CLOSED,2024-07-25,2025-01-25,104100.0,8.06,0,0,0.0
906573,704100,MFI,22,2093,ACTIVE,2023-07-19,2024-01-19,17900.0,19.43,188,6,17900.0
906574,704100,GL,3,2021,CLOSED,2023-03-12,2023-10-12,1576100.0,7.75,0,0,0.0
906575,704101,HL,11,2048,CLOSED,2023-04-24,2027-07-24,7319400.0,9.2,0,0,0.0
906576,704102,GL,9,2006,CLOSED,2024-12-23,2025-12-23,1488100.0,9.57,0,0,0.0
906577,704102,PL,13,2054,CLOSED,2024-12-26,2026-07-26,1493900.0,17.23,0,0,0.0
906578,704103,TWL,19,2111,CLOSED,2025-01-01,2026-08-01,40500.0,14.96,0,0,0.0
906579,704104,LAP,4,2091,CLOSED,2021-01-10,2025-12-10,1976400.0,12.07,0,0,0.0
906580,704104,MFI,14,2050,ACTIVE,2020-01-22,2021-01-22,37700.0,22.01,1,1,3465.13
906581,704105,TWL,6,2044,ACTIVE,2018-09-04,2020-03-04,65800.0,12.76,6,1,3993.42
906582,704106,CL,21,2088,ACTIVE,2022-09-15,2023-08-15,159000.0,15.08,306,10,145431.0
906583,704107,MFI,20,2065,ACTIVE,2025-11-25,2026-09-25,70000.0,21.13,41,1,7562.5
906584,704108,GL,20,2031,ACTIVE,2022-10-27,2023-10-27,1744800.0,9.39,365,12,1744800.0
906585,704108,GL,19,2002,CLOSED,2019-11-12,2020-09-12,1446100.0,9.18,0,0,0.0
906586,704109,GL,9,2057,CLOSED,2024-06-06,2025-03-06,80600.0,8.24,0,0,0.0
906587,704109,PL,9,2057,ACTIVE,2024-09-13,2026-09-13,1274000.0,15.03,224,7,411650.68
906588,704110,BL,22,2026,CLOSED,2022-12-28,2026-01-28,1902000.0,17.73,0,0,0.0
906589,704111,GL,1,2020,ACTIVE,2022-04-03,2022-10-03,1573800.0,9.22,48,1,267344.58
906590,704112,PL,5,2099,ACTIVE,2025-04-17,2027-03-17,1438900.0,16.61,140,4,284005.22
906591,704113,GL,23,2023,ACTIVE,2025-04-28,2026-01-28,156300.0,9.72,82,2,35720.57
906592,704114,PL,2,2105,ACTIVE,2019-10-26,2021-05-26,476800.0,16.47,70,2,56199.73
906593,704114,PL,2,2105,ACTIVE,2024-11-01,2026-06-01,880300.0,16.44,54,1,52222.38
906594,704115,BL,23,2023,CLOSED,2021-02-12,2023-11-12,4022400.0,17.49,0,0,0.0
906595,704116,AL,17,2060,ACTIVE,2025-07-15,2028-04-15,1251700.0,11.8,27,2,87903.94
906596,704117,PL,4,2090,ACTIVE,2023-04-20,2025-03-20,148400.0,19.72,224,7,51183.57
906597,704118,GL,11,2064,CLOSED,2022-11-22,2023-07-22,103500.0,7.74,0,0,0.0
906598,704118,GL,11,2030,CLOSED,2024-10-17,2025-08-17,832800.0,7.77,0,0,0.0
906599,704118,LAP,11,2030,CLOSED,2025-05-22,2027-06-22,12897200.0,10.22,0,0,0.0
906600,704118,CL,11,2039,ACTIVE,2025-03-21,2026-05-21,219000.0,13.68,154,5,82232.19
906601,704119,PL,5,2003,ACTIVE,2025-07-06,2027-02-06,93000.0,16.76,45,1,5529.55
906602,704119,AL,10,2045,CLOSED,2024-11-17,2028-02-17,1565200.0,11.32,0,0,0.0
906603,704120,PL,22,2093,ACTIVE,2025-03-17,2026-11-17,959200.0,19.09,365,12,611400.56
906604,704121,MFI,8,2076,ACTIVE,2024-11-15,2025-11-15,60800.0,21.11,44,2,11036.97
906605,704121,AL,25,2011,ACTIVE,2024-09-25,2026-03-25,296100.0,11.07,226,7,120998.07
906606,704121,PL,8,2038,CLOSED,2022-10-16,2024-09-16,437100.0,16.12,0,0,0.0
906607,704121,CL,8,2034,ACTIVE,2023-02-09,2024-07-09,31700.0,15.07,34,1,2056.65
906608,704122,PL,9,2046,CLOSED,2024-03-24,2025-08-24,916400.0,17.39,0,0,0.0
906609,704123,EL,20,2080,ACTIVE,2023-07-26,2028-06-26,134900.0,8.81,35,2,5589.43
906610,704123,EL,20,2056,CLOSED,2019-12-02,2023-08-02,843300.0,8.43,0,0,0.0
906611,704124,HL,1,2020,CLOSED,2020-10-16,2027-01-16,1691500.0,9.82,0,0,0.0
906612,704125,AL,13,2007,CLOSED,2020-05-02,2022-06-02,2144300.0,12.57,0,0,0.0
906613,704126,CL,19,2002,ACTIVE,2021-06-16,2022-09-16,115300.0,14.22,45,1,8336.59
906614,704126,CL,20,2056,CLOSED,2022-11-02,2024-01-02,393400.0,14.22,0,0,0.0
906615,704127,TWL,8,2114,ACTIVE,2023-04-21,2024-10-21,151800.0,14.46,43,3,27625.99
906616,704127,GL,3,2097,CLOSED,2022-10-25,2023-04-25,67100.0,9.57,0,0,0.0
906617,704127,TWL,8,2038,ACTIVE,2022-09-06,2024-02-06,54900.0,14.52,37,1,3549.42
906618,704128,EL,6,2053,ACTIVE,2022-11-09,2026-12-09,2538600.0,9.61,45,1,62341.54
906619,704128,AL,3,2084,ACTIVE,2021-11-18,2025-04-18,568800.0,10.88,227,7,112592.22
906620,704129,PL,22,2026,CLOSED,2024-06-01,2025-12-01,97000.0,16.6,0,0,0.0
906621,704129,PL,25,2061,CLOSED,2019-08-19,2020-12-19,211200.0,16.52,0,0,0.0
906622,704130,TWL,15,2015,ACTIVE,2024-12-12,2026-08-12,241400.0,11.56,174,5,64756.2
906623,704131,MFI,12,2017,ACTIVE,2021-11-26,2022-07-26,40200.0,20.32,1,1,5325.23
906624,704132,MFI,4,2091,CLOSED,2023-01-12,2023-09-12,60800.0,21.74,0,0,0.0
906625,704132,TWL,1,2049,CLOSED,2018-07-22,2020-05-22,99300.0,13.27,0,0,0.0
906626,704133,GL,6,2042,CLOSED,2021-01-08,2021-08-08,963800.0,7.82,0,0,0.0
906627,704134,CL,18,2077,ACTIVE,2019-02-07,2020-01-07,79800.0,12.3,75,2,15182.73
906628,704135,HL,3,2052,CLOSED,2025-01-18,2029-03-18,2045800.0,9.69,0,0,0.0
906629,704135,PL,19,2111,ACTIVE,2024-10-27,2026-01-27,590100.0,16.8,365,12,481714.13
906630,704136,AL,5,2003,CLOSED,2021-09-01,2024-08-01,1619000.0,10.05,0,0,0.0
906631,704136,EL,5,2099,ACTIVE,2023-01-27,2026-11-27,1333800.0,8.95,34,2,67959.6
906632,704136,CL,5,2014,CLOSED,2024-03-20,2025-03-20,90200.0,13.93,0,0,0.0
906633,704137,LAP,17,2028,CLOSED,2019-11-10,2024-11-10,12896100.0,11.06,0,0,0.0
906634,704138,CL,6,2044,CLOSED,2025-11-02,2027-01-02,69900.0,14.46,0,0,0.0
906635,704139,PL,11,2064,CLOSED,2025-04-18,2026-07-18,984100.0,18.64,0,0,0.0
906636,704140,BL,15,2015,CLOSED,2024-02-17,2029-02-17,3929500.0,18.4,0,0,0.0
906637,704141,PL,23,2041,ACTIVE,2024-04-29,2025-09-29,968700.0,13.0,40,2,123386.72
906638,704142,CL,16,2027,CLOSED,2021-07-08,2022-02-08,234200.0,14.89,0,0,0.0
906639,704143,EL,15,2012,CLOSED,2022-09-18,2026-03-18,911400.0,10.34,0,0,0.0
906640,704143,PL,15,2012,CLOSED,2025-01-28,2026-11-28,104500.0,16.87,0,0,0.0
906641,704143,AL,18,2098,ACTIVE,2024-05-14,2027-09-14,924100.0,11.44,5,1,27631.86
906642,704143,HL,17,2028,CLOSED,2024-06-21,2029-10-21,8051200.0,9.99,0,0,0.0
906643,704144,PL,11,2064,ACTIVE,2025-12-11,2027-06-11,160500.0,12.23,45,1,9705.86
906644,704144,CL,15,2015,CLOSED,2024-10-31,2026-02-28,343300.0,12.6,0,0,0.0
906645,704145,EL,1,2004,ACTIVE,2025-09-22,2028-03-22,990400.0,8.94,39,1,36688.87
906646,704145,BL,12,2096,CLOSED,2022-10-17,2025-01-17,1779400.0,15.3,0,0,0.0
906647,704146,GL,14,2082,ACTIVE,2023-04-29,2023-10-29,177400.0,8.19,200,6,177400.0
906648,704147,HL,11,2075,CLOSED,2020-12-17,2025-06-17,5568600.0,9.99,0,0,0.0
906649,704147,CL,14,2050,CLOSED,2019-05-22,2020-11-22,459400.0,16.25,0,0,0.0
906650,704148,TWL,12,2072,ACTIVE,2018-05-08,2020-02-08,30100.0,14.62,29,1,1613.51
906651,704149,BL,14,2043,CLOSED,2018-10-08,2021-12-08,2853200.0,16.94,0,0,0.0
906652,704150,GL,19,2081,CLOSED,2025-12-08,2026-10-08,1453200.0,7.95,0,0,0.0
906653,704150,GL,19,2116,ACTIVE,2024-08-03,2025-02-03,481300.0,7.76,199,6,481300.0
906654,704151,MFI,8,2076,CLOSED,2023-06-16,2024-06-16,58900.0,23.74,0,0,0.0
906655,704152,AL,23,2023,CLOSED,2019-07-01,2020-09-01,1880700.0,12.32,0,0,0.0
906656,704153,PL,19,2081,CLOSED,2024-11-16,2026-04-16,1208200.0,17.71,0,0,0.0
906657,704154,AL,24,2016,CLOSED,2019-12-05,2021-12-05,1077800.0,10.13,0,0,0.0
906658,704154,GL,24,2016,CLOSED,2021-01-01,2021-11-01,1461700.0,7.95,0,0,0.0
906659,704155,PL,23,2023,ACTIVE,2024-11-23,2026-01-23,259500.0,15.36,20,1,20106.79
906660,704156,PL,12,2017,CLOSED,2019-04-25,2020-11-25,728200.0,14.95,0,0,0.0
906661,704156,CL,13,2054,CLOSED,2024-01-25,2025-05-25,158100.0,14.36,0,0,0.0
906662,704157,AL,1,2049,ACTIVE,2025-03-14,2029-03-14,1334600.0,10.52,2,2,67477.7
906663,704157,GL,23,2005,CLOSED,2024-02-15,2025-02-15,1862600.0,8.8,0,0,0.0
906664,704158,MFI,23,2023,ACTIVE,2025-09-05,2026-09-05,18900.0,20.67,168,5,8348.0
906665,704158,GL,23,2041,ACTIVE,2018-05-11,2018-12-11,655200.0,8.9,54,1,95687.63
906666,704159,EL,15,2074,CLOSED,2025-08-24,2030-07-24,569100.0,9.06,0,0,0.0
906667,704160,MFI,5,2035,CLOSED,2025-02-24,2026-01-24,52100.0,18.01,0,0,0.0
906668,704161,AL,14,2119,CLOSED,2025-03-05,2028-02-05,1411400.0,10.48,0,0,0.0
906669,704161,PL,14,2119,ACTIVE,2021-03-16,2022-06-16,168400.0,15.15,90,3,36261.76
906670,704161,PL,5,2102,CLOSED,2024-10-25,2026-08-25,117300.0,15.25,0,0,0.0
906671,704162,BL,10,2095,ACTIVE,2025-11-12,2028-02-12,4911200.0,15.46,95,3,633177.34
906672,704163,CL,9,2006,CLOSED,2018-03-25,2019-03-25,96700.0,15.87,0,0,0.0
906673,704164,AL,24,2063,CLOSED,2023-11-29,2027-04-29,2871100.0,9.6,0,0,0.0
906674,704165,CL,13,2029,CLOSED,2023-06-16,2024-08-16,26600.0,16.64,0,0,0.0
906675,704166,EL,21,2113,ACTIVE,2020-04-10,2024-08-10,537800.0,9.87,49,1,12648.99
906676,704167,PL,3,2052,CLOSED,2023-05-27,2025-05-27,98100.0,15.51,0,0,0.0
906677,704167,MFI,5,2014,ACTIVE,2024-10-10,2025-07-10,83600.0,20.75,33,2,19708.04
906678,704168,PL,11,2030,CLOSED,2025-12-23,2027-03-23,718500.0,16.67,0,0,0.0
906679,704169,MFI,15,2074,CLOSED,2021-10-12,2022-07-12,91500.0,21.87,0,0,0.0
906680,704169,MFI,14,2082,ACTIVE,2019-09-12,2020-03-12,24300.0,21.99,26,1,4236.06
906681,704169,AL,16,2024,CLOSED,2021-05-14,2023-08-14,1028500.0,11.69,0,0,0.0
906682,704170,GL,1,2049,ACTIVE,2022-08-11,2023-06-11,19500.0,9.61,46,1,2020.73
906683,704171,TWL,7,2087,CLOSED,2025-06-28,2026-07-28,32000.0,14.5,0,0,0.0
906684,704172,CL,15,2073,CLOSED,2020-09-01,2021-11-01,12300.0,16.44,0,0,0.0
906685,704172,MFI,15,2012,ACTIVE,2023-08-01,2024-05-01,64800.0,22.74,28,1,7752.36
906686,704173,BL,8,2034,CLOSED,2018-06-05,2020-12-05,1660600.0,14.98,0,0,0.0
906687,704173,LAP,8,2034,CLOSED,2020-07-24,2023-11-24,9073300.0,9.41,0,0,0.0
906688,704174,GL,6,2044,CLOSED,2022-02-13,2022-09-13,252300.0,8.84,0,0,0.0
906689,704175,CL,1,2004,CLOSED,2025-07-22,2026-02-22,333000.0,13.52,0,0,0.0
906690,704176,EL,1,2032,CLOSED,2021-10-14,2024-07-14,1501100.0,9.36,0,0,0.0
906691,704176,PL,8,2034,CLOSED,2023-06-17,2024-09-17,431000.0,14.98,0,0,0.0
906692,704176,CL,8,2034,CLOSED,2024-11-19,2026-04-19,117700.0,14.43,0,0,0.0
906693,704177,BL,20,2065,ACTIVE,2024-04-18,2026-01-18,4958000.0,18.57,43,1,274096.56
906694,704178,AL,12,2033,CLOSED,2023-04-07,2026-12-07,1661400.0,10.76,0,0,0.0
906695,704179,GL,6,2092,CLOSED,2024-10-26,2025-10-26,1555000.0,9.47,0,0,0.0
906696,704180,CL,14,2100,CLOSED,2021-07-29,2022-04-29,119700.0,15.8,0,0,0.0
906697,704181,GL,7,2112,CLOSED,2023-09-20,2024-09-20,1629400.0,9.08,0,0,0.0
906698,704182,BL,24,2089,CLOSED,2022-06-06,2025-10-06,1966200.0,16.93,0,0,0.0
906699,704182,LAP,13,2029,CLOSED,2024-05-15,2027-07-15,6684300.0,11.04,0,0,0.0
906700,704183,AL,2,2108,ACTIVE,2024-10-16,2026-05-16,207400.0,10.92,39,1,11828.47
906701,704183,PL,6,2092,CLOSED,2019-08-15,2021-05-15,398600.0,15.61,0,0,0.0
906702,704184,MFI,1,2049,CLOSED,2023-04-27,2023-12-27,23900.0,20.87,0,0,0.0
906703,704185,EL,3,2021,ACTIVE,2021-03-12,2023-04-12,1705300.0,9.92,163,5,369699.85
906704,704186,HL,17,2028,CLOSED,2020-02-04,2023-02-04,7180400.0,9.71,0,0,0.0
906705,704187,EL,11,2075,ACTIVE,2025-04-09,2029-02-09,779700.0,8.84,43,1,19898.96
906706,704188,EL,25,2068,CLOSED,2019-03-12,2023-10-12,2980600.0,8.0,0,0,0.0
906707,704189,HL,9,2057,CLOSED,2025-03-19,2029-05-19,4375100.0,8.98,0,0,0.0
906708,704190,GL,2,2118,ACTIVE,2023-07-18,2024-03-18,1633000.0,9.36,30,2,417814.7
906709,704191,EL,7,2087,CLOSED,2025-10-10,2028-06-10,880000.0,9.52,0,0,0.0
906710,704191,GL,3,2097,CLOSED,2020-03-06,2020-12-06,1073200.0,8.64,0,0,0.0
906711,704191,GL,18,2040,CLOSED,2025-08-30,2026-06-30,1488700.0,8.46,0,0,0.0
906712,704192,PL,25,2068,ACTIVE,2025-12-11,2027-12-11,703400.0,13.92,5,2,66334.92
906713,704192,AL,25,2061,CLOSED,2025-11-08,2029-08-08,1485200.0,10.24,0,0,0.0
906714,704193,TWL,5,2003,ACTIVE,2025-05-31,2027-01-31,30100.0,11.64,42,1,1646.99
906715,704193,GL,21,2066,ACTIVE,2024-07-07,2025-06-07,144300.0,8.12,14,1,13564.98
906716,704194,PL,9,2006,ACTIVE,2019-04-05,2020-09-05,408200.0,13.58,38,1,26233.83
906717,704194,MFI,9,2046,CLOSED,2024-09-08,2025-04-08,21300.0,19.4,0,0,0.0
906718,704195,GL,16,2078,CLOSED,2020-06-20,2021-01-20,1248700.0,8.0,0,0,0.0
906719,704196,AL,25,2068,CLOSED,2022-04-02,2025-12-02,1212400.0,12.25,0,0,0.0
906720,704196,EL,24,2089,ACTIVE,2023-11-06,2028-01-06,1528700.0,10.87,130,4,149223.64
906721,704196,CL,7,2010,CLOSED,2024-04-01,2025-06-01,186300.0,16.98,0,0,0.0
906722,704197,TWL,11,2075,ACTIVE,2025-07-08,2027-07-08,41000.0,12.41,38,1,1918.04
906723,704198,GL,14,2050,CLOSED,2022-07-16,2023-01-16,997200.0,8.9,0,0,0.0
906724,704198,AL,2,2118,CLOSED,2023-02-26,2025-03-26,946100.0,11.34,0,0,0.0
906725,704198,PL,14,2119,CLOSED,2024-03-23,2026-01-23,951100.0,16.36,0,0,0.0
906726,704199,PL,3,2052,CLOSED,2022-07-09,2023-12-09,729000.0,19.18,0,0,0.0
906727,704199,AL,8,2076,CLOSED,2024-06-17,2026-07-17,1310100.0,12.33,0,0,0.0
906728,704200,AL,17,2055,ACTIVE,2024-11-01,2027-12-01,2004200.0,10.1,36,1,62736.75
906729,704201,TWL,12,2086,CLOSED,2025-09-04,2027-05-04,293100.0,12.18,0,0,0.0
906730,704202,EL,11,2030,ACTIVE,2025-08-18,2027-08-18,485800.0,10.68,15,3,66522.35
906731,704202,EL,22,2093,CLOSED,2025-11-17,2030-10-17,1630600.0,10.83,0,0,0.0
906732,704203,GL,3,2067,CLOSED,2018-01-28,2018-12-28,454600.0,8.79,0,0,0.0
906733,704204,EL,24,2063,ACTIVE,2019-03-08,2021-06-08,2687000.0,10.48,8,1,111173.46
906734,704205,CL,7,2112,CLOSED,2024-04-21,2025-09-21,66300.0,15.49,0,0,0.0
906735,704206,PL,23,2069,ACTIVE,2018-04-01,2020-01-01,55400.0,12.17,78,2,5796.25
906736,704207,GL,7,2087,CLOSED,2022-01-01,2022-07-01,495700.0,10.1,0,0,0.0
906737,704207,MFI,7,2079,ACTIVE,2020-01-03,2020-08-03,7100.0,22.6,41,2,2124.05
906738,704208,AL,1,2004,ACTIVE,2019-01-07,2022-05-07,772800.0,11.41,31,1,23097.35
906739,704209,GL,13,2029,CLOSED,2023-04-29,2023-11-29,1384500.0,7.24,0,0,0.0
906740,704209,MFI,12,2072,CLOSED,2024-07-13,2025-02-13,60600.0,18.0,0,0,0.0
906741,704210,BL,2,2118,ACTIVE,2024-10-21,2027-04-21,4633500.0,17.53,49,1,189103.2
906742,704210,MFI,4,2025,CLOSED,2021-11-01,2022-10-01,50400.0,21.12,0,0,0.0
906743,704210,EL,11,2075,ACTIVE,2018-09-24,2022-07-24,404800.0,10.11,191,6,62066.9
906744,704211,PL,15,2015,CLOSED,2025-12-10,2027-08-10,364400.0,17.7,0,0,0.0
906745,704212,MFI,11,2039,CLOSED,2025-04-06,2026-04-06,14900.0,21.05,0,0,0.0
906746,704213,LAP,13,2007,ACTIVE,2022-09-30,2027-02-28,9763300.0,9.0,35,1,222258.81
906747,704213,EL,2,2059,CLOSED,2024-08-01,2028-09-01,486500.0,8.2,0,0,0.0
906748,704213,PL,16,2078,ACTIVE,2023-03-23,2025-03-23,462700.0,11.24,250,8,165868.91
906749,704213,TWL,4,2090,CLOSED,2024-06-08,2025-06-08,33200.0,10.0,0,0,0.0
906750,704214,AL,11,2030,ACTIVE,2020-09-30,2023-07-30,2874800.0,11.04,68,2,195005.87
906751,704215,EL,9,2046,ACTIVE,2023-07-02,2028-07-02,525200.0,9.49,221,7,74808.21
906752,704216,CL,18,2103,CLOSED,2025-02-16,2025-09-16,357300.0,17.78,0,0,0.0
906753,704216,PL,17,2051,ACTIVE,2023-06-20,2024-12-20,524100.0,20.87,41,1,33578.01
906754,704217,PL,15,2012,CLOSED,2023-10-21,2025-07-21,382900.0,14.51,0,0,0.0
906755,704217,CL,15,2074,CLOSED,2020-08-31,2021-11-30,11800.0,14.42,0,0,0.0
906756,704218,CL,5,2099,CLOSED,2024-08-11,2026-01-11,41400.0,17.01,0,0,0.0
906757,704218,MFI,6,2042,CLOSED,2018-07-30,2019-04-30,24300.0,22.88,0,0,0.0
906758,704219,HL,3,2083,CLOSED,2025-12-05,2032-12-05,8704200.0,9.43,0,0,0.0
906759,704220,AL,17,2055,CLOSED,2023-03-19,2024-07-19,738900.0,9.67,0,0,0.0
906760,704221,CL,8,2114,CLOSED,2024-01-20,2025-06-20,86100.0,15.54,0,0,0.0
906761,704221,GL,10,2045,CLOSED,2023-05-22,2023-12-22,274400.0,9.21,0,0,0.0
906762,704222,LAP,19,2116,ACTIVE,2023-06-27,2026-06-27,11601000.0,10.48,20,1,373687.91
906763,704222,PL,19,2109,ACTIVE,2022-07-27,2024-05-27,472500.0,14.76,45,1,24345.61
906764,704223,CL,6,2092,ACTIVE,2018-04-27,2018-10-27,277700.0,15.43,180,6,277700.0
906765,704224,GL,16,2037,CLOSED,2021-07-06,2022-03-06,608500.0,9.13,0,0,0.0
906766,704224,PL,7,2079,ACTIVE,2022-05-15,2024-04-15,495500.0,16.67,32,1,24969.27
906767,704225,AL,2,2062,CLOSED,2024-09-11,2027-10-11,1082800.0,10.72,0,0,0.0
906768,704225,PL,3,2117,ACTIVE,2023-10-06,2025-08-06,1398700.0,15.15,233,7,487558.4
906769,704226,EL,15,2012,ACTIVE,2025-12-23,2029-11-23,812500.0,8.87,205,6,120036.28
906770,704226,TWL,13,2054,ACTIVE,2025-10-24,2027-02-24,70100.0,11.45,10,1,4700.17
906771,704227,CL,24,2063,CLOSED,2025-10-21,2027-04-21,12000.0,14.68,0,0,0.0
906772,704227,GL,24,2047,ACTIVE,2022-03-11,2022-09-11,367500.0,8.6,181,6,367500.0
906773,704227,AL,24,2016,CLOSED,2023-06-21,2025-12-21,520300.0,10.8,0,0,0.0
906774,704228,PL,12,2096,CLOSED,2018-11-03,2020-10-03,337300.0,16.14,0,0,0.0
906775,704228,AL,13,2107,CLOSED,2018-10-15,2019-11-15,2265200.0,11.22,0,0,0.0
906776,704228,PL,12,2017,ACTIVE,2018-12-05,2020-03-05,1485100.0,16.16,45,1,108543.96
906777,704229,MFI,9,2057,CLOSED,2020-10-31,2021-09-30,51200.0,22.47,0,0,0.0
906778,704229,EL,13,2029,ACTIVE,2022-12-18,2026-08-18,288800.0,10.97,9,2,15786.22
906779,704229,GL,9,2057,CLOSED,2021-08-31,2022-04-30,1858000.0,9.59,0,0,0.0
906780,704229,PL,10,2101,ACTIVE,2021-01-14,2022-04-14,354700.0,17.82,26,1,26163.9
906781,704230,GL,25,2011,ACTIVE,2024-03-02,2024-09-02,25800.0,10.32,32,2,8747.7
906782,704231,AL,16,2024,ACTIVE,2025-11-30,2029-11-30,841300.0,10.88,365,12,245623.24
906783,704232,EL,11,2030,CLOSED,2020-08-04,2024-05-04,1416700.0,10.04,0,0,0.0
906784,704232,BL,11,2048,ACTIVE,2019-09-22,2022-07-22,2296600.0,17.28,301,10,794729.87
906785,704233,TWL,6,2042,CLOSED,2021-12-14,2023-06-14,91400.0,12.55,0,0,0.0
906786,704234,PL,18,2098,CLOSED,2024-10-25,2026-07-25,76300.0,14.06,0,0,0.0
906787,704234,MFI,6,2092,ACTIVE,2023-02-27,2023-08-27,86400.0,19.87,183,6,86400.0
906788,704234,PL,13,2094,ACTIVE,2022-08-31,2024-03-31,55400.0,14.02,187,6,18832.33
906789,704235,MFI,7,2112,CLOSED,2025-03-29,2026-01-29,29100.0,20.24,0,0,0.0
906790,704235,GL,7,2079,CLOSED,2025-03-22,2026-02-22,737600.0,8.04,0,0,0.0
906791,704236,GL,20,2056,CLOSED,2025-11-16,2026-08-16,1505900.0,9.34,0,0,0.0
906792,704237,EL,1,2020,CLOSED,2019-01-07,2022-03-07,2593300.0,9.55,0,0,0.0
906793,704238,BL,23,2069,CLOSED,2018-02-10,2022-12-10,2968700.0,16.66,0,0,0.0
906794,704239,TWL,25,2068,CLOSED,2025-03-19,2026-11-19,131100.0,13.19,0,0,0.0
906795,704240,HL,5,2099,CLOSED,2019-01-05,2025-04-05,6148400.0,11.21,0,0,0.0
906796,704241,AL,1,2032,ACTIVE,2025-12-21,2028-04-21,1657300.0,11.34,76,2,133391.37
906797,704241,AL,3,2110,CLOSED,2024-08-08,2028-02-08,1742200.0,11.77,0,0,0.0
906798,704242,LAP,14,2009,CLOSED,2023-06-07,2028-06-07,5388200.0,11.3,0,0,0.0
906799,704243,GL,23,2023,ACTIVE,2023-12-05,2024-06-05,1633800.0,8.13,8,1,276917.13
906800,704243,GL,23,2069,CLOSED,2020-11-15,2021-10-15,541800.0,8.12,0,0,0.0
906801,704244,PL,3,2117,CLOSED,2020-10-09,2022-05-09,423100.0,16.93,0,0,0.0
906802,704245,EL,24,2089,CLOSED,2025-07-26,2028-06-26,897300.0,11.06,0,0,0.0
906803,704246,PL,24,2063,ACTIVE,2024-02-26,2025-09-26,51100.0,13.42,332,11,30891.76
906804,704246,GL,24,2047,CLOSED,2025-05-12,2025-12-12,991800.0,7.92,0,0,0.0
906805,704247,EL,23,2005,ACTIVE,2025-04-14,2029-06-14,1620500.0,10.21,38,1,39589.99
906806,704247,AL,23,2005,CLOSED,2023-12-22,2025-08-22,2056500.0,10.68,0,0,0.0
906807,704248,CL,25,2011,CLOSED,2024-08-23,2025-04-23,341600.0,15.76,0,0,0.0
906808,704249,CL,3,2117,CLOSED,2021-01-24,2022-04-24,342800.0,14.52,0,0,0.0
906809,704250,TWL,5,2014,CLOSED,2025-11-14,2027-07-14,287100.0,12.34,0,0,0.0
906810,704250,MFI,5,2014,ACTIVE,2025-07-15,2026-01-15,43000.0,20.16,201,6,43000.0
906811,704251,PL,16,2078,ACTIVE,2019-12-11,2021-10-11,1284200.0,18.56,30,1,68256.27
906812,704251,GL,16,2027,CLOSED,2023-03-10,2023-09-10,550000.0,10.18,0,0,0.0
906813,704252,GL,4,2091,CLOSED,2025-04-21,2026-04-21,398700.0,8.76,0,0,0.0
906814,704253,BL,6,2042,CLOSED,2019-08-08,2024-05-08,3380100.0,17.65,0,0,0.0
906815,704253,HL,1,2004,CLOSED,2025-08-12,2031-02-12,8646800.0,9.94,0,0,0.0
906816,704254,EL,13,2029,CLOSED,2018-03-22,2020-03-22,1015700.0,10.5,0,0,0.0
906817,704254,GL,13,2054,CLOSED,2025-09-04,2026-05-04,39600.0,9.43,0,0,0.0
906818,704255,BL,14,2043,ACTIVE,2023-07-23,2024-10-23,2638500.0,16.27,36,1,192962.17
906819,704255,CL,14,2050,ACTIVE,2023-05-12,2023-11-12,205600.0,14.06,21,1,35272.25
906820,704256,AL,21,2036,ACTIVE,2019-07-09,2022-11-09,623900.0,11.01,247,8,143645.79
906821,704257,PL,7,2087,CLOSED,2023-06-24,2024-12-24,1190600.0,14.83,0,0,0.0
906822,704257,BL,20,2031,CLOSED,2025-12-23,2029-09-23,3553200.0,16.59,0,0,0.0
906823,704258,PL,17,2060,CLOSED,2025-12-26,2027-02-26,479400.0,20.1,0,0,0.0
906824,704258,TWL,17,2028,ACTIVE,2022-07-24,2024-05-24,232800.0,15.37,30,1,12055.41
906825,704258,EL,18,2103,CLOSED,2020-12-22,2025-07-22,593400.0,11.16,0,0,0.0
906826,704259,BL,20,2056,CLOSED,2021-12-31,2024-08-31,3600200.0,17.56,0,0,0.0
906827,704259,GL,20,2065,CLOSED,2024-01-10,2024-11-10,1208400.0,9.39,0,0,0.0
906828,704260,GL,21,2036,CLOSED,2024-12-09,2025-12-09,1253900.0,9.44,0,0,0.0
906829,704260,MFI,22,2022,ACTIVE,2020-11-18,2021-10-18,18200.0,21.83,46,1,1807.68
906830,704260,GL,21,2066,ACTIVE,2023-09-02,2024-04-02,1979700.0,9.51,21,2,576834.39
906831,704261,PL,4,2091,ACTIVE,2023-04-12,2024-05-12,695300.0,16.8,34,1,58058.95
906832,704261,PL,12,2096,ACTIVE,2024-07-23,2026-01-23,186100.0,16.78,15,1,11604.04
906833,704262,PL,21,2088,ACTIVE,2021-02-19,2022-07-19,1329300.0,20.21,199,6,512793.61
906834,704263,AL,5,2102,ACTIVE,2023-05-31,2025-11-30,2046600.0,11.13,2,2,154772.52
906835,704264,CL,11,2075,CLOSED,2021-06-21,2022-04-21,287200.0,12.94,0,0,0.0
906836,704264,LAP,10,2095,CLOSED,2022-03-30,2027-05-30,14608200.0,9.95,0,0,0.0
906837,704264,PL,9,2057,CLOSED,2025-07-07,2026-07-07,406100.0,12.79,0,0,0.0
906838,704265,PL,1,2020,CLOSED,2021-12-18,2023-10-18,1300600.0,15.51,0,0,0.0
906839,704265,CL,16,2037,ACTIVE,2018-12-08,2019-09-08,346000.0,14.96,68,2,80256.88
906840,704265,BL,17,2028,ACTIVE,2021-04-29,2024-01-29,1477200.0,16.57,38,1,55274.22
906841,704266,PL,12,2017,CLOSED,2024-09-03,2026-08-03,1135400.0,17.08,0,0,0.0
906842,704266,CL,13,2107,ACTIVE,2024-11-11,2025-09-11,84800.0,15.53,182,6,52182.46
906843,704266,EL,12,2086,CLOSED,2025-04-03,2027-04-03,1559100.0,10.19,0,0,0.0
906844,704267,CL,13,2094,CLOSED,2025-11-25,2027-05-25,145800.0,15.82,0,0,0.0
906845,704268,BL,15,2073,CLOSED,2019-09-05,2022-12-05,282600.0,19.0,0,0,0.0
906846,704269,BL,13,2107,CLOSED,2018-07-09,2023-07-09,458100.0,16.86,0,0,0.0
906847,704270,BL,6,2053,CLOSED,2022-03-25,2023-11-25,347500.0,18.2,0,0,0.0
906848,704270,MFI,12,2096,ACTIVE,2023-03-29,2023-09-29,44600.0,22.4,24,1,7781.21
906849,704270,GL,11,2048,CLOSED,2025-03-15,2026-02-15,823000.0,9.27,0,0,0.0
906850,704271,CL,22,2026,ACTIVE,2023-12-26,2024-12-26,31800.0,15.79,198,6,16523.24
906851,704272,PL,18,2077,ACTIVE,2024-10-16,2026-09-16,560000.0,14.39,26,1,27672.58
906852,704273,LAP,14,2009,CLOSED,2018-10-14,2021-07-14,1799500.0,10.24,0,0,0.0
906853,704273,CL,14,2119,CLOSED,2025-09-05,2026-12-05,194500.0,14.1,0,0,0.0
906854,704274,LAP,16,2027,CLOSED,2018-07-14,2020-09-14,13040900.0,10.65,0,0,0.0
906855,704274,GL,21,2008,CLOSED,2018-10-05,2019-07-05,54400.0,8.58,0,0,0.0
906856,704275,MFI,19,2116,ACTIVE,2023-06-02,2024-01-02,79600.0,23.42,35,1,12041.31
906857,704276,TWL,22,2093,CLOSED,2023-07-27,2025-03-27,206500.0,14.81,0,0,0.0
906858,704276,TWL,1,2004,CLOSED,2021-01-06,2022-01-06,165000.0,14.72,0,0,0.0
906859,704277,CL,6,2042,ACTIVE,2022-11-05,2024-05-05,116700.0,15.87,47,1,7232.53
906860,704277,GL,5,2102,CLOSED,2019-02-08,2019-08-08,808900.0,9.53,0,0,0.0
906861,704278,GL,25,2013,CLOSED,2024-05-19,2025-05-19,284700.0,7.75,0,0,0.0
906862,704279,TWL,18,2098,CLOSED,2025-08-24,2027-07-24,85500.0,14.56,0,0,0.0
906863,704280,AL,22,2022,CLOSED,2022-10-31,2026-07-31,871500.0,10.06,0,0,0.0
906864,704281,LAP,6,2042,ACTIVE,2021-11-19,2025-01-19,11907900.0,12.58,10,2,751235.43
906865,704282,PL,6,2053,CLOSED,2023-04-15,2025-03-15,1073000.0,15.98,0,0,0.0
906866,704283,PL,11,2048,CLOSED,2020-10-09,2021-11-09,561700.0,14.34,0,0,0.0
906867,704283,CL,11,2039,CLOSED,2019-12-26,2020-11-26,165900.0,14.0,0,0,0.0
906868,704283,TWL,16,2078,CLOSED,2021-07-18,2022-12-18,44100.0,12.18,0,0,0.0
906869,704284,BL,6,2092,CLOSED,2025-11-06,2028-12-06,4608200.0,19.04,0,0,0.0
906870,704285,PL,11,2075,CLOSED,2022-08-13,2024-04-13,370100.0,16.98,0,0,0.0
906871,704286,CL,9,2006,CLOSED,2025-12-13,2026-06-13,280800.0,16.88,0,0,0.0
906872,704287,CL,23,2005,ACTIVE,2023-02-26,2023-12-26,20600.0,16.26,243,8,16698.77
906873,704288,PL,11,2030,CLOSED,2021-09-02,2022-11-02,145100.0,13.02,0,0,0.0
906874,704288,PL,22,2093,ACTIVE,2019-03-23,2020-11-23,880100.0,13.34,53,1,48778.9
906875,704289,AL,8,2076,CLOSED,2025-12-08,2027-06-08,505100.0,11.18,0,0,0.0
906876,704290,GL,8,2070,CLOSED,2022-03-01,2022-10-01,378700.0,10.0,0,0,0.0
906877,704291,CL,4,2115,CLOSED,2023-05-12,2024-01-12,119800.0,14.18,0,0,0.0
906878,704292,MFI,6,2092,CLOSED,2023-05-18,2024-04-18,27600.0,22.79,0,0,0.0
906879,704292,TWL,10,2045,ACTIVE,2022-07-20,2024-03-20,171100.0,15.35,31,1,9627.1
906880,704293,PL,9,2046,CLOSED,2023-04-07,2025-02-07,119300.0,16.5,0,0,0.0
906881,704294,PL,23,2023,CLOSED,2022-03-27,2023-10-27,113500.0,15.08,0,0,0.0
906882,704295,AL,5,2099,ACTIVE,2022-11-15,2025-11-15,1280700.0,11.78,38,2,83573.62
906883,704295,PL,3,2097,CLOSED,2025-07-16,2027-01-16,1442800.0,18.92,0,0,0.0
906884,704296,MFI,23,2023,ACTIVE,2022-07-06,2023-02-06,9500.0,20.59,25,2,2830.68
906885,704296,TWL,5,2102,CLOSED,2024-10-14,2026-05-14,47000.0,12.98,0,0,0.0
906886,704297,EL,13,2054,CLOSED,2020-09-15,2023-05-15,281500.0,9.9,0,0,0.0
906887,704298,GL,2,2118,ACTIVE,2020-02-11,2020-11-11,10400.0,9.28,189,6,7013.13
906888,704299,TWL,20,2031,CLOSED,2023-09-05,2025-01-05,187000.0,16.3,0,0,0.0
906889,704300,LAP,22,2022,ACTIVE,2020-05-29,2024-02-29,1550900.0,10.95,77,2,83215.58
906890,704301,MFI,25,2061,CLOSED,2018-03-05,2018-10-05,13600.0,23.03,0,0,0.0
906891,704301,PL,25,2061,CLOSED,2021-06-11,2022-06-11,494900.0,18.9,0,0,0.0
906892,704301,EL,25,2013,CLOSED,2022-04-07,2026-12-07,1116000.0,11.27,0,0,0.0
906893,704301,GL,25,2068,ACTIVE,2021-02-09,2021-12-09,84600.0,9.8,34,1,8772.98
906894,704302,EL,20,2056,ACTIVE,2019-05-21,2022-03-21,202400.0,9.81,55,1,6787.19
906895,704302,BL,6,2042,ACTIVE,2021-01-03,2024-12-03,3844100.0,17.41,337,11,1145203.66
906896,704303,BL,6,2042,CLOSED,2018-08-05,2023-06-05,1684400.0,17.19,0,0,0.0
906897,704304,BL,20,2065,CLOSED,2021-07-27,2025-06-27,865600.0,16.24,0,0,0.0
906898,704305,TWL,5,2035,ACTIVE,2025-04-18,2026-08-18,247300.0,12.02,96,3,49421.62
906899,704305,EL,6,2092,CLOSED,2020-09-05,2022-10-05,1850600.0,9.48,0,0,0.0
906900,704306,PL,23,2023,CLOSED,2023-10-09,2024-11-09,1314900.0,15.36,0,0,0.0
906901,704306,PL,23,2005,CLOSED,2020-05-11,2022-02-11,637000.0,15.65,0,0,0.0
906902,704307,CL,24,2089,CLOSED,2018-05-26,2019-06-26,87900.0,16.96,0,0,0.0
906903,704307,GL,24,2047,ACTIVE,2019-10-18,2020-09-18,940700.0,9.97,44,1,89099.77
906904,704308,BL,7,2079,CLOSED,2024-11-19,2026-03-19,2641300.0,15.02,0,0,0.0
906905,704309,EL,1,2004,CLOSED,2022-01-28,2025-02-28,327900.0,8.2,0,0,0.0
906906,704309,PL,4,2090,ACTIVE,2020-04-22,2021-10-22,191300.0,11.44,314,10,110296.14
906907,704310,EL,23,2041,ACTIVE,2021-11-11,2025-09-11,70800.0,9.55,289,9,15954.91
906908,704310,MFI,23,2041,CLOSED,2023-07-13,2024-02-13,41500.0,20.78,0,0,0.0
906909,704311,GL,9,2046,ACTIVE,2024-09-22,2025-07-22,1591700.0,9.12,20,1,164647.54
906910,704311,PL,10,2095,ACTIVE,2019-04-02,2020-05-02,1454400.0,17.02,37,1,121572.82
906911,704312,CL,16,2027,CLOSED,2020-02-20,2021-04-20,408400.0,16.84,0,0,0.0
906912,704313,CL,18,2077,ACTIVE,2019-06-16,2020-05-16,20700.0,14.51,346,11,20700.0
906913,704314,AL,25,2013,CLOSED,2024-10-23,2027-11-23,168000.0,12.19,0,0,0.0
906914,704315,AL,5,2099,CLOSED,2021-06-29,2024-12-29,215400.0,9.78,0,0,0.0
906915,704315,HL,6,2042,CLOSED,2019-06-05,2025-04-05,1713600.0,8.48,0,0,0.0
906916,704315,CL,7,2112,ACTIVE,2022-10-02,2023-11-02,344900.0,13.02,39,1,28282.39
906917,704316,CL,3,2084,CLOSED,2022-01-21,2022-10-21,280100.0,14.11,0,0,0.0
906918,704316,BL,4,2115,ACTIVE,2022-07-06,2024-06-06,3718000.0,15.78,188,6,1080036.09
906919,704316,PL,1,2049,ACTIVE,2022-03-11,2024-03-11,589500.0,14.02,313,10,265719.52
906920,704317,MFI,10,2071,CLOSED,2018-08-23,2019-04-23,35000.0,21.85,0,0,0.0
906921,704317,MFI,9,2057,CLOSED,2023-07-23,2024-01-23,7900.0,21.64,0,0,0.0
906922,704317,LAP,1,2049,ACTIVE,2024-12-23,2030-12-23,2785900.0,11.99,102,3,160140.44
906923,704318,MFI,2,2118,CLOSED,2020-11-25,2021-11-25,61800.0,20.44,0,0,0.0
906924,704318,PL,12,2072,CLOSED,2022-02-12,2023-12-12,1397200.0,14.44,0,0,0.0
906925,704319,TWL,13,2007,ACTIVE,2025-10-08,2027-02-08,52500.0,14.02,28,3,10601.02
906926,704320,PL,11,2048,ACTIVE,2023-04-23,2024-08-23,1237300.0,18.14,52,1,86334.92
906927,704320,CL,4,2090,CLOSED,2021-10-26,2022-11-26,194300.0,16.52,0,0,0.0
906928,704321,PL,4,2115,CLOSED,2024-08-31,2025-11-30,1484000.0,14.76,0,0,0.0
906929,704322,BL,1,2032,CLOSED,2024-02-05,2027-11-05,3684700.0,18.56,0,0,0.0
906930,704322,CL,1,2020,ACTIVE,2023-06-30,2024-11-30,10100.0,16.64,172,5,3219.75
906931,704323,HL,8,2114,CLOSED,2021-09-04,2026-06-04,1558100.0,9.38,0,0,0.0
906932,704324,CL,25,2061,ACTIVE,2021-02-15,2022-02-15,291900.0,15.58,285,9,223104.93
906933,704325,MFI,1,2004,CLOSED,2021-02-11,2021-10-11,17200.0,19.0,0,0,0.0
906934,704325,TWL,11,2039,CLOSED,2019-10-26,2021-09-26,284500.0,11.3,0,0,0.0
906935,704325,PL,2,2108,ACTIVE,2020-05-03,2021-10-03,538200.0,12.75,43,1,34405.91
906936,704325,MFI,8,2114,CLOSED,2018-04-11,2019-03-11,65700.0,19.32,0,0,0.0
906937,704326,LAP,12,2086,CLOSED,2021-08-11,2025-04-11,11805200.0,10.84,0,0,0.0
906938,704327,PL,14,2043,ACTIVE,2025-11-15,2027-03-15,246300.0,13.04,360,12,188658.67
906939,704327,PL,2,2108,CLOSED,2024-12-16,2026-12-16,756200.0,12.95,0,0,0.0
906940,704328,PL,19,2111,CLOSED,2020-06-26,2021-09-26,169700.0,14.19,0,0,0.0
906941,704328,TWL,19,2109,ACTIVE,2019-07-22,2020-10-22,198600.0,11.99,43,1,14181.17
906942,704328,CL,20,2080,ACTIVE,2025-02-13,2026-01-13,387800.0,14.23,48,1,37369.04
906943,704329,CL,9,2006,CLOSED,2018-02-02,2019-08-02,122800.0,16.37,0,0,0.0
906944,704329,AL,12,2033,CLOSED,2024-06-08,2025-06-08,1261100.0,11.44,0,0,0.0
906945,704330,AL,8,2038,ACTIVE,2018-12-07,2021-08-07,996800.0,12.12,44,1,36244.15
906946,704331,PL,20,2065,ACTIVE,2024-12-23,2026-12-23,920900.0,20.7,91,3,136809.54
906947,704332,CL,8,2038,ACTIVE,2020-12-13,2021-12-13,136500.0,15.16,22,1,12176.73
906948,704333,PL,20,2056,ACTIVE,2024-10-27,2025-12-27,1257600.0,22.03,22,1,100832.7
906949,704334,EL,21,2088,CLOSED,2024-07-13,2026-08-13,1241500.0,10.52,0,0,0.0
906950,704335,PL,15,2015,CLOSED,2022-04-24,2023-11-24,316900.0,21.17,0,0,0.0
906951,704335,PL,23,2023,ACTIVE,2018-06-13,2020-05-13,499800.0,21.19,255,8,197060.27
906952,704336,PL,12,2017,CLOSED,2025-07-20,2026-12-20,376800.0,17.33,0,0,0.0
906953,704337,MFI,22,2019,CLOSED,2022-03-01,2023-03-01,5500.0,20.23,0,0,0.0
906954,704337,MFI,10,2101,CLOSED,2024-10-04,2025-07-04,65200.0,20.49,0,0,0.0
906955,704338,PL,22,2022,CLOSED,2025-04-15,2026-04-15,418000.0,17.89,0,0,0.0
906956,704339,TWL,4,2025,ACTIVE,2025-04-07,2026-12-07,64900.0,13.75,41,2,7175.41
906957,704339,PL,17,2055,CLOSED,2025-03-28,2026-12-28,404300.0,17.12,0,0,0.0
906958,704340,TWL,7,2010,CLOSED,2025-12-07,2027-06-07,78100.0,13.46,0,0,0.0
906959,704341,BL,20,2065,CLOSED,2020-05-13,2024-05-13,1920000.0,16.9,0,0,0.0
906960,704341,CL,20,2080,CLOSED,2025-06-30,2026-12-30,13600.0,14.56,0,0,0.0
906961,704342,PL,10,2101,ACTIVE,2020-01-06,2021-10-06,617900.0,18.58,205,6,197318.43
906962,704343,EL,4,2091,ACTIVE,2022-09-22,2026-06-22,1789300.0,11.29,31,1,48499.26
906963,704344,PL,24,2063,CLOSED,2025-09-08,2026-09-08,265400.0,15.78,0,0,0.0
906964,704344,TWL,23,2041,CLOSED,2024-12-20,2026-02-20,235300.0,13.1,0,0,0.0
906965,704345,MFI,11,2064,ACTIVE,2024-06-10,2024-12-10,77600.0,21.43,36,1,13512.33
906966,704345,CL,25,2013,ACTIVE,2025-08-17,2026-04-17,330500.0,15.21,257,8,330500.0
906967,704346,MFI,1,2020,CLOSED,2021-04-28,2022-04-28,88700.0,22.71,0,0,0.0
906968,704346,CL,3,2084,CLOSED,2022-10-11,2024-04-11,388100.0,16.2,0,0,0.0
906969,704346,AL,4,2025,ACTIVE,2024-02-29,2027-07-29,2475800.0,11.95,41,1,73117.26
906970,704347,CL,15,2073,ACTIVE,2020-02-26,2020-09-26,13500.0,16.65,21,1,2009.2
906971,704348,EL,13,2107,CLOSED,2023-03-17,2027-12-17,199000.0,8.87,0,0,0.0
906972,704349,EL,16,2037,CLOSED,2022-06-19,2026-09-19,1740100.0,9.58,0,0,0.0
906973,704349,AL,6,2042,ACTIVE,2025-03-14,2027-06-14,1359400.0,10.28,41,1,56128.74
906974,704349,EL,18,2077,CLOSED,2025-11-28,2029-03-28,448900.0,9.64,0,0,0.0
906975,704350,AL,1,2049,ACTIVE,2025-08-05,2027-04-05,2462100.0,11.79,79,2,268433.05
906976,704350,AL,1,2032,ACTIVE,2019-08-28,2022-06-28,1316100.0,11.75,343,11,474342.13
906977,704351,MFI,4,2025,CLOSED,2020-03-03,2021-01-03,59400.0,20.43,0,0,0.0
906978,704351,PL,21,2036,ACTIVE,2025-03-31,2026-10-31,631900.0,15.31,7,2,73907.16
906979,704351,BL,10,2071,CLOSED,2022-12-15,2024-11-15,216100.0,16.31,0,0,0.0
906980,704351,GL,6,2092,ACTIVE,2022-03-18,2022-09-18,71000.0,8.48,201,6,71000.0
906981,704352,GL,6,2053,CLOSED,2024-05-09,2025-05-09,362000.0,9.43,0,0,0.0
906982,704353,TWL,20,2056,CLOSED,2024-10-05,2026-03-05,232100.0,13.81,0,0,0.0
906983,704354,CL,16,2027,CLOSED,2019-08-18,2020-11-18,215000.0,16.92,0,0,0.0
906984,704354,GL,16,2078,ACTIVE,2020-11-11,2021-08-11,1824200.0,9.82,12,1,209359.1
906985,704355,PL,5,2035,CLOSED,2018-06-19,2020-03-19,443300.0,19.48,0,0,0.0
906986,704356,BL,9,2046,CLOSED,2020-09-07,2023-07-07,689100.0,17.95,0,0,0.0
906987,704356,MFI,9,2001,ACTIVE,2018-09-06,2019-04-06,46500.0,21.63,16,1,7004.11
906988,704357,PL,20,2065,ACTIVE,2018-08-26,2020-04-26,177200.0,17.11,247,8,76948.02
906989,704358,CL,14,2050,CLOSED,2024-11-17,2026-01-17,46900.0,16.49,0,0,0.0
906990,704359,GL,2,2062,CLOSED,2024-12-24,2025-07-24,739700.0,10.18,0,0,0.0
906991,704360,BL,4,2085,ACTIVE,2020-12-08,2022-05-08,4545800.0,16.7,26,1,297978.2
906992,704361,PL,10,2095,ACTIVE,2021-11-16,2023-09-16,572300.0,16.96,310,10,282100.64
906993,704361,MFI,5,2003,ACTIVE,2021-12-10,2022-11-10,9400.0,21.76,47,1,933.38
906994,704362,MFI,17,2055,CLOSED,2022-11-19,2023-07-19,5100.0,23.2,0,0,0.0
906995,704363,PL,7,2079,CLOSED,2023-06-18,2025-05-18,717000.0,12.17,0,0,0.0
906996,704364,BL,5,2014,CLOSED,2025-11-21,2028-11-21,1422100.0,19.12,0,0,0.0
906997,704365,CL,10,2095,CLOSED,2024-07-12,2025-07-12,468400.0,14.82,0,0,0.0
906998,704366,AL,20,2056,CLOSED,2021-02-27,2023-04-27,281200.0,11.95,0,0,0.0
906999,704367,LAP,19,2081,ACTIVE,2022-07-30,2028-05-30,2817800.0,10.89,42,2,107654.59
907000,704367,GL,25,2061,CLOSED,2023-09-03,2024-10-03,1424000.0,8.4,0,0,0.0
907001,704368,PL,5,2102,CLOSED,2024-02-09,2025-05-09,189600.0,15.92,0,0,0.0
907002,704368,MFI,16,2027,CLOSED,2024-10-11,2025-08-11,53100.0,21.09,0,0,0.0
907003,704368,GL,5,2035,ACTIVE,2018-01-01,2018-09-01,443500.0,8.81,69,2,113319.84
907004,704369,GL,22,2093,CLOSED,2020-06-25,2021-01-25,1778900.0,7.91,0,0,0.0
907005,704370,EL,12,2096,CLOSED,2024-01-26,2028-10-26,105300.0,9.79,0,0,0.0
907006,704371,CL,7,2087,ACTIVE,2025-06-20,2025-12-20,218200.0,16.39,25,1,37611.09
907007,704372,LAP,11,2064,CLOSED,2024-02-01,2028-07-01,5997900.0,10.2,0,0,0.0
907008,704372,GL,20,2031,CLOSED,2018-02-17,2018-09-17,1756900.0,7.97,0,0,0.0
907009,704373,TWL,7,2087,ACTIVE,2023-06-02,2024-06-02,248400.0,13.49,9,2,43748.04
907010,704374,CL,19,2002,CLOSED,2024-09-14,2025-07-14,293300.0,15.16,0,0,0.0
907011,704375,CL,2,2106,CLOSED,2025-12-23,2026-12-23,149400.0,15.25,0,0,0.0
907012,704375,LAP,2,2104,ACTIVE,2025-05-31,2027-08-31,10971400.0,11.66,81,2,914526.57
907013,704375,BL,16,2027,CLOSED,2025-08-04,2030-04-04,209300.0,17.53,0,0,0.0
907014,704376,GL,2,2118,ACTIVE,2024-07-16,2025-06-16,75400.0,9.5,273,9,62172.85
907015,704377,AL,7,2018,ACTIVE,2019-06-03,2022-08-03,2210800.0,10.83,41,2,136122.26
907016,704378,PL,13,2094,ACTIVE,2023-07-20,2025-01-20,1221600.0,12.63,275,9,639556.56
907017,704379,TWL,1,2049,ACTIVE,2024-05-30,2026-01-30,264900.0,11.43,35,2,28806.59
907018,704380,TWL,22,2022,CLOSED,2023-03-31,2025-02-28,39000.0,12.61,0,0,0.0
907019,704380,MFI,19,2111,CLOSED,2021-07-30,2022-03-30,53700.0,20.52,0,0,0.0
907020,704380,LAP,22,2026,CLOSED,2025-02-18,2030-05-18,5051900.0,11.28,0,0,0.0
907021,704381,PL,11,2030,ACTIVE,2022-10-21,2023-11-21,1113200.0,14.57,41,1,91967.63
907022,704382,CL,25,2061,ACTIVE,2018-12-25,2020-02-25,92500.0,14.45,31,1,7133.42
907023,704382,PL,23,2023,ACTIVE,2018-01-31,2019-06-30,279800.0,14.88,8,1,18131.12
907024,704383,MFI,12,2072,ACTIVE,2025-12-07,2026-08-07,56200.0,22.26,192,6,42914.97
907025,704383,PL,13,2094,CLOSED,2025-06-03,2027-03-03,64800.0,17.39,0,0,0.0
907026,704383,AL,6,2042,CLOSED,2025-09-11,2027-01-11,1742400.0,11.27,0,0,0.0
907027,704384,AL,8,2038,ACTIVE,2021-02-13,2024-03-13,2067800.0,9.92,45,1,64563.59
907028,704385,LAP,14,2043,CLOSED,2024-11-26,2029-05-26,7300900.0,11.23,0,0,0.0
907029,704386,PL,13,2007,ACTIVE,2023-09-30,2025-09-30,1116300.0,19.04,33,1,55413.61
907030,704386,TWL,13,2107,ACTIVE,2025-05-29,2027-05-29,196400.0,14.78,27,1,9386.65
907031,704387,AL,7,2018,ACTIVE,2021-07-29,2022-09-29,2692300.0,12.18,364,12,2330593.82
907032,704388,EL,22,2022,ACTIVE,2025-03-08,2028-01-08,1718100.0,9.25,198,6,336677.7
907033,704389,CL,16,2078,CLOSED,2019-11-16,2020-12-16,110100.0,16.58,0,0,0.0
907034,704390,EL,10,2071,ACTIVE,2024-06-11,2029-02-11,2190500.0,9.71,290,9,421952.95
907035,704390,BL,13,2054,CLOSED,2025-12-22,2027-12-22,4945100.0,16.59,0,0,0.0
907036,704391,MFI,21,2008,ACTIVE,2024-12-22,2025-07-22,16300.0,20.31,40,1,2447.44
907037,704391,PL,2,2105,CLOSED,2023-08-23,2025-07-23,480000.0,14.96,0,0,0.0
907038,704392,CL,3,2117,ACTIVE,2021-04-15,2022-09-15,24100.0,15.52,35,1,1568.03
907039,704393,EL,11,2075,CLOSED,2021-12-17,2025-08-17,131600.0,9.98,0,0,0.0
907040,704394,GL,11,2030,ACTIVE,2024-09-29,2025-06-29,1503000.0,8.2,24,1,171585.14
907041,704394,MFI,11,2075,CLOSED,2024-03-27,2025-02-27,33400.0,19.46,0,0,0.0
907042,704394,TWL,11,2064,CLOSED,2023-10-10,2025-05-10,89500.0,11.52,0,0,0.0
907043,704395,TWL,8,2034,CLOSED,2018-02-16,2019-07-16,123200.0,14.91,0,0,0.0
907044,704396,AL,2,2104,ACTIVE,2020-10-02,2021-10-02,2482800.0,12.43,53,1,218826.84
907045,704397,AL,20,2065,ACTIVE,2025-09-24,2027-09-24,1166900.0,10.85,23,2,107155.44
907046,704397,PL,20,2031,ACTIVE,2024-08-12,2025-08-12,365200.0,16.34,52,1,32747.78
907047,704398,LAP,23,2069,CLOSED,2025-06-05,2032-03-05,6492500.0,11.73,0,0,0.0
907048,704399,GL,3,2084,CLOSED,2020-05-02,2021-02-02,134300.0,7.37,0,0,0.0
907049,704399,HL,4,2091,CLOSED,2022-10-23,2029-09-23,5470400.0,8.36,0,0,0.0
907050,704399,PL,2,2106,CLOSED,2019-01-11,2020-02-11,94600.0,11.65,0,0,0.0
907051,704400,HL,3,2097,CLOSED,2025-06-30,2030-08-30,1625400.0,9.11,0,0,0.0
907052,704401,TWL,7,2010,CLOSED,2025-09-18,2027-02-18,41100.0,12.81,0,0,0.0
907053,704401,GL,7,2018,CLOSED,2025-12-22,2026-09-22,686600.0,8.38,0,0,0.0
907054,704401,GL,7,2010,ACTIVE,2025-07-18,2026-04-18,1992400.0,8.72,61,2,454042.59
907055,704402,MFI,5,2014,CLOSED,2018-05-04,2019-02-04,9900.0,21.56,0,0,0.0
907056,704402,AL,5,2102,CLOSED,2022-12-21,2024-11-21,2994200.0,11.3,0,0,0.0
907057,704402,GL,6,2092,ACTIVE,2024-11-28,2025-10-28,46300.0,9.34,132,4,17294.95
907058,704403,TWL,1,2020,ACTIVE,2025-02-20,2026-06-20,31900.0,15.54,354,11,22627.11
907059,704404,AL,5,2003,CLOSED,2025-02-20,2028-11-20,708000.0,12.09,0,0,0.0
907060,704404,LAP,6,2092,CLOSED,2023-08-11,2027-10-11,2867600.0,12.48,0,0,0.0
907061,704405,MFI,21,2113,ACTIVE,2019-11-14,2020-05-14,21800.0,21.58,45,2,7527.19
907062,704406,TWL,12,2033,ACTIVE,2024-07-14,2026-04-14,48800.0,12.9,287,9,22261.84
907063,704407,AL,4,2091,CLOSED,2020-07-13,2023-03-13,1879200.0,11.48,0,0,0.0
907064,704408,MFI,11,2064,ACTIVE,2025-10-11,2026-10-11,66100.0,21.26,365,12,66100.0
907065,704409,LAP,10,2071,CLOSED,2022-12-01,2027-02-01,695000.0,10.98,0,0,0.0
907066,704409,CL,13,2054,CLOSED,2021-09-09,2022-11-09,142100.0,14.35,0,0,0.0
907067,704410,TWL,18,2120,CLOSED,2023-03-22,2025-03-22,230900.0,14.13,0,0,0.0
907068,704410,GL,1,2049,ACTIVE,2024-09-13,2025-09-13,345300.0,9.42,33,1,30028.57
907069,704411,PL,17,2051,CLOSED,2024-01-21,2025-12-21,942700.0,18.66,0,0,0.0
907070,704412,CL,5,2014,CLOSED,2025-05-30,2026-01-30,84100.0,15.5,0,0,0.0
907071,704412,CL,18,2120,CLOSED,2021-12-08,2022-08-08,66700.0,15.94,0,0,0.0
907072,704412,HL,17,2060,CLOSED,2024-01-05,2030-05-05,2194900.0,9.93,0,0,0.0
907073,704413,GL,21,2008,ACTIVE,2025-07-18,2026-03-18,1840700.0,9.63,23,1,236575.49
907074,704413,BL,21,2008,CLOSED,2023-07-14,2026-11-14,3029900.0,18.54,0,0,0.0
907075,704414,GL,15,2012,CLOSED,2023-02-01,2024-02-01,707700.0,8.19,0,0,0.0
907076,704414,CL,18,2120,CLOSED,2023-12-11,2025-05-11,380800.0,13.82,0,0,0.0
907077,704415,MFI,16,2037,CLOSED,2024-08-16,2025-05-16,8600.0,23.5,0,0,0.0
907078,704415,MFI,15,2074,ACTIVE,2025-09-12,2026-03-12,88400.0,23.97,126,4,60090.94
907079,704415,PL,14,2009,ACTIVE,2022-02-06,2024-01-06,129600.0,20.62,213,7,44941.89
907080,704416,AL,4,2025,CLOSED,2020-06-27,2022-06-27,181200.0,10.67,0,0,0.0
907081,704416,TWL,25,2011,CLOSED,2018-12-28,2020-07-28,69700.0,12.2,0,0,0.0
907082,704417,EL,15,2015,ACTIVE,2019-11-23,2024-10-23,55400.0,9.62,19,1,1172.77
907083,704418,EL,12,2072,ACTIVE,2018-08-31,2023-07-31,93900.0,11.42,163,5,10145.0
907084,704419,CL,3,2097,ACTIVE,2024-06-08,2025-04-08,183500.0,16.05,115,3,57631.82
907085,704420,EL,22,2026,ACTIVE,2024-08-16,2028-03-16,136000.0,9.42,24,1,3709.72
907086,704421,GL,23,2005,ACTIVE,2019-01-05,2019-08-05,11200.0,9.72,234,7,11200.0
907087,704422,AL,15,2073,ACTIVE,2024-08-09,2026-12-09,184400.0,11.86,183,6,43896.41
907088,704422,AL,1,2049,CLOSED,2021-11-19,2024-09-19,533700.0,11.7,0,0,0.0
907089,704422,MFI,25,2061,CLOSED,2020-03-19,2020-09-19,50400.0,22.34,0,0,0.0
907090,704423,TWL,17,2055,CLOSED,2025-04-23,2026-10-23,173000.0,14.07,0,0,0.0
907091,704424,AL,14,2100,CLOSED,2024-01-02,2026-09-02,2526600.0,11.18,0,0,0.0
907092,704425,TWL,25,2061,CLOSED,2023-07-04,2025-05-04,299200.0,11.71,0,0,0.0
907093,704425,PL,25,2011,ACTIVE,2022-09-08,2024-07-08,216700.0,13.23,231,7,74696.91
907094,704425,PL,25,2011,CLOSED,2024-12-24,2026-03-24,269400.0,13.25,0,0,0.0
907095,704426,PL,6,2092,CLOSED,2024-12-13,2026-12-13,64900.0,14.94,0,0,0.0
907096,704427,PL,22,2026,CLOSED,2025-11-11,2027-01-11,187400.0,17.9,0,0,0.0
907097,704427,AL,22,2093,CLOSED,2021-04-26,2024-03-26,1115900.0,11.37,0,0,0.0
907098,704427,EL,21,2008,CLOSED,2023-01-19,2027-11-19,100400.0,10.61,0,0,0.0
907099,704428,GL,2,2104,CLOSED,2024-08-08,2025-03-08,1304300.0,10.23,0,0,0.0
907100,704428,PL,24,2063,CLOSED,2018-12-28,2020-10-28,936000.0,18.94,0,0,0.0
907101,704429,CL,12,2017,ACTIVE,2025-06-19,2026-02-19,192200.0,17.33,46,1,25247.82
907102,704429,AL,1,2032,CLOSED,2025-04-15,2026-07-15,1543000.0,12.43,0,0,0.0
907103,704430,MFI,14,2043,CLOSED,2025-10-14,2026-06-14,63900.0,20.49,0,0,0.0
907104,704431,TWL,6,2042,CLOSED,2021-01-31,2022-07-31,54300.0,15.72,0,0,0.0
907105,704432,CL,19,2002,CLOSED,2024-03-06,2025-07-06,35800.0,16.24,0,0,0.0
907106,704433,CL,7,2010,CLOSED,2025-01-20,2026-02-20,43600.0,14.17,0,0,0.0
907107,704434,GL,10,2071,ACTIVE,2023-06-19,2024-06-19,1619700.0,10.02,5,1,141233.13
907108,704434,MFI,10,2045,CLOSED,2020-09-28,2021-08-28,88800.0,22.63,0,0,0.0
907109,704434,AL,10,2071,CLOSED,2024-02-02,2025-10-02,2548200.0,12.15,0,0,0.0
907110,704434,PL,7,2018,ACTIVE,2018-03-20,2019-05-20,1336500.0,18.41,41,1,105196.83
907111,704435,PL,11,2064,ACTIVE,2022-05-29,2023-09-29,950700.0,16.87,341,11,676079.44
907112,704435,BL,19,2081,ACTIVE,2020-06-12,2022-08-12,1300200.0,17.75,97,3,176560.39
907113,704435,GL,11,2030,ACTIVE,2018-12-12,2019-11-12,1594900.0,8.97,36,1,150449.84
907114,704436,EL,11,2030,ACTIVE,2025-07-09,2030-01-09,2879300.0,9.97,291,9,573429.65
907115,704437,PL,18,2120,ACTIVE,2024-10-17,2025-11-17,654800.0,18.84,36,1,55210.36
907116,704438,PL,9,2057,CLOSED,2022-10-06,2024-06-06,90800.0,18.91,0,0,0.0
907117,704438,TWL,14,2082,CLOSED,2023-07-08,2025-01-08,180700.0,14.59,0,0,0.0
907118,704439,AL,13,2029,ACTIVE,2019-04-25,2021-09-25,1406400.0,10.54,19,2,108856.61
907119,704440,GL,25,2068,CLOSED,2022-09-23,2023-08-23,1089800.0,9.79,0,0,0.0
907120,704440,CL,25,2068,CLOSED,2024-08-19,2025-11-19,141600.0,16.56,0,0,0.0
907121,704441,GL,4,2090,CLOSED,2023-08-27,2024-06-27,1449400.0,10.11,0,0,0.0
907122,704442,PL,4,2115,CLOSED,2022-12-12,2024-05-12,663500.0,15.95,0,0,0.0
907123,704443,CL,11,2039,CLOSED,2021-04-16,2022-01-16,472900.0,15.13,0,0,0.0
907124,704443,CL,22,2093,ACTIVE,2021-08-13,2022-04-13,348100.0,15.09,2,1,45439.26
907125,704444,PL,20,2080,ACTIVE,2019-02-25,2020-10-25,1344900.0,16.3,50,1,76209.9
907126,704445,GL,23,2005,ACTIVE,2022-02-02,2022-12-02,1631300.0,10.55,52,1,169630.24
907127,704445,BL,23,2005,CLOSED,2018-01-23,2022-04-23,2373600.0,19.26,0,0,0.0
907128,704445,EL,23,2041,CLOSED,2018-11-14,2022-10-14,633900.0,10.98,0,0,0.0
907129,704446,PL,22,2022,CLOSED,2025-02-16,2026-07-16,50300.0,15.33,0,0,0.0
907130,704447,PL,20,2031,CLOSED,2025-04-04,2026-09-04,301400.0,17.91,0,0,0.0
907131,704448,PL,11,2075,CLOSED,2020-10-15,2021-12-15,1013700.0,16.6,0,0,0.0
907132,704448,CL,11,2039,ACTIVE,2019-04-17,2020-08-17,107900.0,15.22,317,10,69963.94
907133,704448,TWL,4,2090,CLOSED,2021-03-22,2022-03-22,209400.0,13.1,0,0,0.0
907134,704449,MFI,13,2054,CLOSED,2025-06-08,2026-01-08,97700.0,22.58,0,0,0.0
907135,704450,BL,12,2033,CLOSED,2022-08-13,2023-10-13,2523700.0,14.82,0,0,0.0
907136,704450,BL,13,2094,ACTIVE,2020-02-21,2023-03-21,1265400.0,15.04,280,9,363404.38
907137,704451,GL,19,2081,CLOSED,2025-07-27,2026-05-27,557800.0,8.81,0,0,0.0
907138,704451,GL,20,2056,CLOSED,2021-05-16,2021-11-16,91600.0,9.03,0,0,0.0
907139,704451,BL,20,2065,CLOSED,2018-05-17,2022-04-17,133600.0,17.18,0,0,0.0
907140,704452,GL,24,2089,ACTIVE,2023-05-20,2024-03-20,278100.0,7.42,81,2,56999.82
907141,704452,TWL,24,2047,ACTIVE,2025-06-06,2026-06-06,169300.0,10.58,152,5,72714.78
907142,704452,PL,24,2089,CLOSED,2024-08-06,2026-06-06,789800.0,11.54,0,0,0.0
907143,704452,GL,22,2093,CLOSED,2024-12-30,2025-08-30,1014900.0,7.44,0,0,0.0
907144,704452,CL,24,2047,CLOSED,2023-10-13,2025-01-13,23900.0,12.81,0,0,0.0
907145,704453,AL,16,2037,ACTIVE,2024-07-21,2026-10-21,2109300.0,11.6,200,6,517172.15
907146,704454,BL,7,2079,CLOSED,2020-11-04,2025-01-04,2405700.0,17.59,0,0,0.0
907147,704454,AL,7,2087,ACTIVE,2023-11-29,2027-05-29,834800.0,11.38,41,1,23962.24
907148,704455,BL,14,2043,ACTIVE,2019-09-08,2021-01-08,333100.0,15.54,25,1,22887.64
907149,704455,BL,14,2009,ACTIVE,2018-01-07,2021-01-07,3924300.0,15.35,32,1,134984.05
907150,704455,GL,4,2091,CLOSED,2020-09-24,2021-05-24,335100.0,7.9,0,0,0.0
907151,704456,PL,19,2002,ACTIVE,2021-08-29,2023-02-28,599700.0,18.75,175,5,183695.64
907152,704457,TWL,10,2045,CLOSED,2020-10-21,2022-06-21,160400.0,13.85,0,0,0.0
907153,704457,PL,23,2005,CLOSED,2024-12-23,2026-11-23,193600.0,16.84,0,0,0.0
907154,704457,PL,25,2013,ACTIVE,2023-08-01,2025-05-01,50600.0,16.72,258,8,21026.99
907155,704458,TWL,20,2031,ACTIVE,2025-11-28,2027-07-28,113500.0,12.94,320,10,59790.48
907156,704458,PL,25,2061,ACTIVE,2024-10-08,2026-05-08,1119800.0,15.34,260,8,504604.59
907157,704458,PL,17,2051,ACTIVE,2024-12-16,2026-09-16,196300.0,15.07,37,1,10559.96
907158,704459,MFI,20,2031,CLOSED,2023-05-13,2023-12-13,54400.0,20.0,0,0,0.0
907159,704460,GL,13,2054,ACTIVE,2024-02-29,2024-08-29,745300.0,9.22,38,1,126605.61
907160,704460,AL,5,2102,CLOSED,2024-10-07,2027-01-07,926100.0,11.18,0,0,0.0
907161,704461,EL,21,2008,CLOSED,2019-01-06,2021-01-06,1636000.0,10.28,0,0,0.0
907162,704462,PL,10,2071,CLOSED,2024-12-13,2026-11-13,51400.0,16.72,0,0,0.0
907163,704463,PL,9,2006,ACTIVE,2024-02-13,2025-07-13,318500.0,13.85,91,3,60813.67
907164,704463,TWL,13,2029,CLOSED,2019-06-12,2020-12-12,293500.0,11.98,0,0,0.0
907165,704464,GL,6,2053,CLOSED,2023-12-16,2024-09-16,311800.0,8.45,0,0,0.0
907166,704465,AL,16,2027,CLOSED,2023-09-19,2027-07-19,2680100.0,9.96,0,0,0.0
907167,704465,MFI,16,2078,ACTIVE,2024-08-28,2025-02-28,12400.0,19.41,45,1,2150.45
907168,704466,MFI,9,2046,ACTIVE,2020-07-19,2021-03-19,66800.0,21.69,140,4,34596.12
907169,704467,GL,18,2103,CLOSED,2021-05-08,2022-01-08,1411100.0,9.65,0,0,0.0
907170,704468,PL,25,2011,CLOSED,2024-03-25,2025-12-25,806600.0,18.4,0,0,0.0
907171,704469,MFI,18,2077,ACTIVE,2021-06-30,2021-12-30,96100.0,21.68,191,6,96100.0
907172,704469,PL,15,2012,ACTIVE,2021-12-04,2023-08-04,111500.0,16.67,347,11,65108.76
907173,704470,BL,23,2069,CLOSED,2024-05-12,2027-10-12,1597000.0,17.75,0,0,0.0
907174,704471,MFI,8,2070,ACTIVE,2019-01-19,2019-11-19,50700.0,21.14,52,1,5477.61
907175,704472,AL,18,2040,CLOSED,2021-05-15,2023-08-15,2446100.0,12.04,0,0,0.0
907176,704473,MFI,11,2039,ACTIVE,2025-11-01,2026-10-01,69400.0,22.24,2,1,6904.16
907177,704473,AL,20,2080,CLOSED,2025-12-30,2028-01-30,574800.0,11.45,0,0,0.0
907178,704473,CL,9,2006,ACTIVE,2025-12-22,2027-02-22,296600.0,15.89,53,1,23044.51
907179,704474,HL,22,2026,ACTIVE,2025-12-01,2029-09-01,4584900.0,9.64,15,2,240723.68
907180,704474,CL,18,2098,CLOSED,2025-08-20,2026-04-20,45300.0,15.54,0,0,0.0
907181,704475,CL,19,2109,CLOSED,2020-10-05,2021-08-05,418600.0,13.79,0,0,0.0
907182,704475,GL,19,2081,CLOSED,2024-09-22,2025-06-22,90300.0,7.98,0,0,0.0
907183,704475,PL,20,2065,ACTIVE,2025-10-12,2026-11-12,670100.0,14.26,22,2,109907.44
907184,704475,GL,19,2109,CLOSED,2024-12-31,2025-07-31,1051500.0,8.43,0,0,0.0
907185,704476,GL,14,2119,CLOSED,2024-04-11,2025-02-11,941000.0,9.23,0,0,0.0
907186,704477,HL,21,2066,CLOSED,2019-03-17,2023-09-17,2148700.0,9.93,0,0,0.0
907187,704478,GL,22,2019,CLOSED,2024-10-17,2025-04-17,1211600.0,10.07,0,0,0.0
907188,704479,GL,24,2016,CLOSED,2024-07-09,2025-01-09,432200.0,8.46,0,0,0.0
907189,704480,MFI,24,2089,ACTIVE,2025-01-12,2025-07-12,82500.0,19.44,204,6,82500.0
907190,704480,PL,24,2089,CLOSED,2018-12-06,2020-01-06,58400.0,13.33,0,0,0.0
907191,704480,EL,24,2047,ACTIVE,2021-12-07,2024-09-07,2673100.0,9.15,34,1,91232.34
907192,704481,BL,14,2009,CLOSED,2018-03-18,2022-12-18,264700.0,17.32,0,0,0.0
907193,704482,EL,11,2048,CLOSED,2023-12-28,2026-08-28,59900.0,10.06,0,0,0.0
907194,704482,EL,3,2110,CLOSED,2019-06-21,2023-02-21,437400.0,10.19,0,0,0.0
907195,704483,AL,13,2094,CLOSED,2025-09-23,2027-07-23,2541600.0,12.44,0,0,0.0
907196,704484,PL,16,2078,CLOSED,2025-10-31,2027-10-31,86700.0,19.14,0,0,0.0
907197,704484,CL,15,2074,CLOSED,2025-08-30,2026-09-30,67500.0,17.08,0,0,0.0
907198,704485,PL,9,2057,CLOSED,2023-03-11,2024-06-11,734400.0,16.37,0,0,0.0
907199,704486,AL,20,2031,CLOSED,2025-10-09,2028-02-09,1515500.0,9.91,0,0,0.0
907200,704486,TWL,11,2064,CLOSED,2022-04-27,2023-08-27,223700.0,11.57,0,0,0.0
907201,704487,PL,13,2007,CLOSED,2025-11-07,2027-01-07,236400.0,19.07,0,0,0.0
907202,704488,TWL,4,2115,CLOSED,2020-04-05,2021-10-05,64200.0,10.6,0,0,0.0
907203,704488,AL,4,2090,CLOSED,2025-02-04,2027-12-04,275400.0,9.59,0,0,0.0
907204,704489,MFI,10,2071,CLOSED,2024-05-02,2025-03-02,14600.0,22.83,0,0,0.0
907205,704489,TWL,10,2045,CLOSED,2023-07-17,2024-07-17,41100.0,14.52,0,0,0.0
907206,704490,EL,8,2070,CLOSED,2023-11-13,2028-02-13,314400.0,9.49,0,0,0.0
907207,704491,CL,4,2090,CLOSED,2024-12-22,2025-12-22,175400.0,15.59,0,0,0.0
907208,704491,PL,4,2025,CLOSED,2025-07-14,2026-09-14,369600.0,16.95,0,0,0.0
907209,704491,EL,1,2049,CLOSED,2024-10-11,2027-08-11,292400.0,10.23,0,0,0.0
907210,704491,GL,3,2083,ACTIVE,2025-09-25,2026-06-25,1217400.0,9.15,45,1,139412.91
907211,704491,TWL,4,2090,ACTIVE,2024-09-09,2025-11-09,291300.0,13.54,4,1,22358.46
907212,704492,PL,23,2005,CLOSED,2018-04-29,2019-04-29,1205000.0,15.46,0,0,0.0
907213,704492,AL,23,2005,ACTIVE,2022-12-03,2024-04-03,880100.0,10.7,35,1,58743.96
907214,704492,PL,23,2041,CLOSED,2023-03-10,2024-07-10,58400.0,15.29,0,0,0.0
907215,704493,MFI,8,2038,CLOSED,2021-09-29,2022-05-29,50800.0,23.28,0,0,0.0
907216,704494,GL,8,2034,ACTIVE,2024-12-11,2025-07-11,1380300.0,8.99,90,3,600398.1
907217,704495,TWL,25,2061,ACTIVE,2021-10-28,2023-08-28,115600.0,14.79,54,1,5957.77
907218,704495,PL,25,2013,ACTIVE,2019-04-01,2020-06-01,602700.0,18.49,307,10,443454.09
907219,704496,PL,9,2001,CLOSED,2025-10-19,2027-06-19,900500.0,16.21,0,0,0.0
907220,704497,PL,6,2042,ACTIVE,2024-04-01,2025-12-01,731400.0,13.17,69,2,80531.41
907221,704498,PL,21,2066,ACTIVE,2019-03-30,2021-01-30,851300.0,11.91,365,12,487177.28
907222,704499,MFI,10,2045,CLOSED,2024-08-04,2025-04-04,17100.0,20.77,0,0,0.0
907223,704500,MFI,11,2048,ACTIVE,2022-09-11,2023-05-11,33700.0,20.62,64,2,8860.38
907224,704500,GL,11,2030,ACTIVE,2020-12-16,2021-10-16,190600.0,8.59,50,1,19677.58
907225,704501,PL,17,2028,CLOSED,2022-10-15,2024-09-15,1283100.0,19.3,0,0,0.0
907226,704501,GL,17,2028,CLOSED,2024-06-03,2025-03-03,1204700.0,10.18,0,0,0.0
907227,704502,BL,5,2102,CLOSED,2022-04-22,2023-08-22,962400.0,18.19,0,0,0.0
907228,704502,PL,6,2042,CLOSED,2024-11-09,2026-05-09,195000.0,17.54,0,0,0.0
907229,704502,LAP,5,2035,CLOSED,2021-05-03,2027-07-03,4776900.0,11.89,0,0,0.0
907230,704503,AL,23,2069,ACTIVE,2023-05-10,2026-10-10,1286500.0,10.07,365,12,423146.8
907231,704504,PL,3,2084,CLOSED,2024-10-07,2026-05-07,1457600.0,14.01,0,0,0.0
907232,704505,MFI,21,2008,CLOSED,2025-12-03,2026-12-03,5100.0,19.94,0,0,0.0
907233,704505,BL,22,2019,ACTIVE,2021-11-21,2024-05-21,3025400.0,16.3,274,9,1039284.95
907234,704506,CL,23,2005,CLOSED,2018-01-13,2019-01-13,175000.0,14.67,0,0,0.0
907235,704506,BL,23,2041,ACTIVE,2022-08-12,2025-07-12,922100.0,16.86,41,1,33068.63
907236,704507,BL,4,2025,ACTIVE,2018-04-08,2021-09-08,3089200.0,14.97,314,10,903923.21
907237,704507,EL,2,2104,ACTIVE,2022-03-07,2024-04-07,502200.0,8.46,54,1,21826.89
907238,704508,BL,22,2022,CLOSED,2025-02-07,2029-08-07,1950700.0,17.36,0,0,0.0
907239,704509,PL,25,2068,CLOSED,2022-06-26,2024-02-26,1192300.0,16.32,0,0,0.0
907240,704509,BL,25,2061,ACTIVE,2022-12-31,2026-03-31,1589100.0,17.3,2,2,104835.87
907241,704509,PL,25,2011,ACTIVE,2025-11-06,2027-08-06,393900.0,16.52,341,11,220377.8
907242,704510,HL,9,2046,ACTIVE,2020-08-12,2025-11-12,789100.0,8.0,34,1,15278.56
907243,704511,GL,10,2071,CLOSED,2019-11-08,2020-10-08,565300.0,9.44,0,0,0.0
907244,704511,HL,9,2046,CLOSED,2018-09-18,2025-06-18,874500.0,9.85,0,0,0.0
907245,704511,CL,10,2095,CLOSED,2024-12-16,2026-02-16,442400.0,16.28,0,0,0.0
907246,704512,AL,14,2009,CLOSED,2024-07-15,2027-02-15,949600.0,10.78,0,0,0.0
907247,704513,AL,21,2113,CLOSED,2025-03-02,2029-01-02,295100.0,12.08,0,0,0.0
907248,704514,GL,8,2076,CLOSED,2021-11-23,2022-07-23,143800.0,9.56,0,0,0.0
907249,704515,CL,25,2011,CLOSED,2025-06-12,2026-10-12,102400.0,13.01,0,0,0.0
907250,704516,TWL,11,2064,ACTIVE,2024-03-16,2025-06-16,57600.0,13.54,41,1,4148.88
907251,704516,GL,11,2030,ACTIVE,2020-12-12,2021-10-12,1324700.0,9.37,78,2,273246.26
907252,704517,PL,21,2066,CLOSED,2018-09-05,2020-05-05,1402900.0,17.02,0,0,0.0
907253,704518,AL,6,2044,CLOSED,2025-06-23,2028-04-23,183700.0,11.73,0,0,0.0
907254,704518,BL,5,2102,CLOSED,2021-01-22,2022-08-22,583500.0,18.65,0,0,0.0
907255,704518,TWL,5,2014,CLOSED,2023-01-08,2024-07-08,56900.0,14.57,0,0,0.0
907256,704519,GL,14,2009,ACTIVE,2024-09-21,2025-08-21,1044800.0,9.22,30,1,98658.31
907257,704520,PL,3,2021,ACTIVE,2024-10-13,2025-11-13,193900.0,14.24,337,11,165970.0
907258,704520,TWL,3,2110,CLOSED,2023-10-22,2024-12-22,246000.0,12.43,0,0,0.0
907259,704520,GL,2,2104,ACTIVE,2023-04-01,2024-04-01,1369000.0,8.32,365,12,1369000.0
907260,704521,MFI,2,2105,CLOSED,2025-06-15,2026-05-15,52900.0,22.33,0,0,0.0
907261,704522,LAP,21,2088,ACTIVE,2023-07-11,2025-07-11,5829300.0,13.07,249,8,2113710.62
907262,704522,LAP,7,2087,CLOSED,2019-01-11,2024-06-11,9958100.0,12.74,0,0,0.0
907263,704523,GL,15,2012,ACTIVE,2023-02-01,2023-08-01,62500.0,9.3,180,6,62500.0
907264,704523,EL,18,2040,ACTIVE,2024-10-11,2026-10-11,2484200.0,9.98,76,2,226392.45
907265,704524,TWL,1,2020,CLOSED,2022-07-31,2023-09-30,115200.0,13.49,0,0,0.0
907266,704525,EL,23,2041,CLOSED,2021-11-17,2026-03-17,735800.0,9.61,0,0,0.0
907267,704526,GL,7,2087,CLOSED,2021-01-23,2022-01-23,419000.0,9.01,0,0,0.0
907268,704527,PL,8,2034,CLOSED,2023-08-04,2025-04-04,552800.0,17.46,0,0,0.0
907269,704528,AL,21,2008,ACTIVE,2018-07-27,2022-02-27,487300.0,10.67,226,7,92486.49
907270,704529,TWL,3,2084,ACTIVE,2022-10-16,2024-06-16,130200.0,12.62,271,9,61969.95
907271,704530,HL,7,2079,CLOSED,2022-04-19,2028-02-19,5140200.0,8.66,0,0,0.0
907272,704531,TWL,24,2089,CLOSED,2018-04-29,2019-05-29,54200.0,13.09,0,0,0.0
907273,704532,PL,1,2020,CLOSED,2024-10-13,2026-01-13,149600.0,20.11,0,0,0.0
907274,704532,PL,3,2083,CLOSED,2025-12-06,2027-01-06,89700.0,19.98,0,0,0.0
907275,704533,HL,7,2079,CLOSED,2025-04-28,2030-05-28,5840200.0,9.57,0,0,0.0
907276,704534,MFI,8,2070,CLOSED,2021-04-30,2021-12-30,70100.0,20.95,0,0,0.0
907277,704535,HL,19,2116,CLOSED,2020-08-02,2024-11-02,8885300.0,9.66,0,0,0.0
907278,704536,CL,16,2037,CLOSED,2021-08-16,2022-04-16,343500.0,14.8,0,0,0.0
907279,704537,AL,15,2012,CLOSED,2022-03-15,2023-05-15,127000.0,11.34,0,0,0.0
907280,704538,TWL,5,2099,ACTIVE,2022-10-09,2024-09-09,35800.0,11.84,48,1,1730.37
907281,704538,CL,5,2099,ACTIVE,2025-07-09,2026-07-09,257900.0,13.86,19,3,67844.14
907282,704539,TWL,1,2020,CLOSED,2023-05-23,2025-01-23,284700.0,13.72,0,0,0.0
907283,704540,GL,13,2054,ACTIVE,2025-04-03,2025-11-03,1418500.0,7.86,2,2,411921.98
907284,704541,EL,13,2007,CLOSED,2025-08-12,2028-08-12,1539200.0,10.73,0,0,0.0
907285,704542,GL,23,2069,CLOSED,2022-12-29,2023-07-29,152800.0,11.09,0,0,0.0
907286,704543,HL,9,2046,ACTIVE,2025-05-25,2029-11-25,720900.0,10.42,42,1,16636.0
907287,704544,MFI,23,2005,CLOSED,2025-07-17,2026-07-17,26000.0,18.09,0,0,0.0
907288,704545,AL,13,2007,CLOSED,2020-10-12,2023-03-12,2053200.0,11.08,0,0,0.0
907289,704546,TWL,5,2099,CLOSED,2019-06-19,2021-05-19,227100.0,13.08,0,0,0.0
907290,704547,PL,2,2106,CLOSED,2025-05-30,2027-05-30,1280600.0,19.04,0,0,0.0
907291,704547,MFI,1,2004,ACTIVE,2025-07-24,2026-03-24,94100.0,22.56,35,1,12543.41
907292,704547,PL,2,2062,CLOSED,2024-06-28,2026-01-28,1040200.0,18.76,0,0,0.0
907293,704548,PL,7,2010,ACTIVE,2024-04-27,2026-01-27,499300.0,15.56,110,3,79858.88
907294,704548,GL,7,2010,ACTIVE,2025-03-23,2026-02-23,824500.0,9.0,341,11,824500.0
907295,704549,PL,6,2042,CLOSED,2020-04-23,2021-12-23,545700.0,16.78,0,0,0.0
907296,704550,MFI,14,2082,ACTIVE,2024-09-09,2025-08-09,72100.0,20.56,34,1,7125.34
907297,704551,PL,2,2105,ACTIVE,2023-04-14,2025-02-14,854300.0,15.97,45,2,88331.74
907298,704552,CL,18,2103,ACTIVE,2024-02-03,2024-12-03,272100.0,12.67,22,2,56729.96
907299,704552,GL,1,2020,ACTIVE,2024-01-09,2024-12-09,34000.0,7.63,36,1,3189.79
907300,704553,BL,15,2073,ACTIVE,2023-05-27,2027-01-27,1987900.0,15.39,75,2,116555.26
907301,704553,TWL,18,2098,ACTIVE,2021-01-22,2022-01-22,65000.0,11.69,37,1,5710.12
907302,704554,MFI,4,2025,CLOSED,2024-01-08,2025-01-08,77800.0,20.94,0,0,0.0
907303,704555,GL,11,2030,ACTIVE,2019-11-29,2020-11-29,121400.0,8.52,63,2,20955.77
907304,704555,GL,18,2077,CLOSED,2023-01-05,2023-08-05,1527100.0,8.55,0,0,0.0
907305,704556,CL,13,2054,ACTIVE,2020-11-08,2021-09-08,311300.0,14.66,45,1,32858.35
907306,704556,CL,14,2043,CLOSED,2021-10-24,2022-07-24,201600.0,14.28,0,0,0.0
907307,704557,LAP,20,2065,ACTIVE,2022-12-05,2027-07-05,9892800.0,12.66,353,11,2459516.83
907308,704557,AL,10,2095,CLOSED,2025-02-07,2027-07-07,1854700.0,12.01,0,0,0.0
907309,704558,HL,15,2012,CLOSED,2024-03-01,2029-11-01,3884900.0,8.9,0,0,0.0
907310,704558,LAP,1,2020,ACTIVE,2023-11-16,2028-12-16,3344700.0,10.18,41,1,69870.84
907311,704559,GL,12,2086,ACTIVE,2025-05-14,2025-11-14,640200.0,9.23,36,1,108754.29
907312,704560,GL,4,2091,ACTIVE,2024-01-10,2024-08-10,1575100.0,8.1,41,1,229580.87
907313,704561,BL,14,2050,CLOSED,2019-06-09,2020-08-09,2133500.0,16.97,0,0,0.0
907314,704562,HL,10,2095,CLOSED,2018-05-09,2022-02-09,6233200.0,8.87,0,0,0.0
907315,704563,EL,5,2099,CLOSED,2025-02-06,2028-05-06,1822500.0,9.07,0,0,0.0
907316,704564,PL,12,2033,CLOSED,2020-08-16,2021-10-16,1013100.0,14.94,0,0,0.0
907317,704564,EL,13,2054,ACTIVE,2025-11-11,2028-03-11,2744100.0,9.39,37,1,108662.74
907318,704565,PL,7,2087,ACTIVE,2024-07-07,2026-02-07,916000.0,17.26,4,2,108535.82
907319,704565,PL,7,2087,CLOSED,2019-10-11,2021-05-11,190900.0,16.87,0,0,0.0
907320,704566,GL,10,2101,ACTIVE,2024-05-30,2024-12-30,952100.0,9.06,211,7,952100.0
907321,704566,MFI,9,2046,CLOSED,2024-03-07,2024-11-07,16200.0,21.41,0,0,0.0
907322,704567,CL,24,2063,CLOSED,2023-03-07,2024-01-07,146200.0,14.72,0,0,0.0
907323,704568,EL,6,2092,CLOSED,2025-05-18,2028-08-18,2186400.0,10.45,0,0,0.0
907324,704568,GL,5,2035,CLOSED,2020-07-19,2021-04-19,164300.0,9.56,0,0,0.0
907325,704569,CL,16,2024,ACTIVE,2018-01-11,2018-12-11,22900.0,15.93,154,5,10821.63
907326,704570,PL,11,2039,ACTIVE,2018-06-07,2019-11-07,502800.0,16.21,16,1,32856.94
907327,704571,GL,24,2063,ACTIVE,2025-04-25,2025-10-25,1765900.0,9.44,202,6,1765900.0
907328,704572,EL,17,2060,ACTIVE,2018-01-24,2020-10-24,103800.0,9.72,180,6,20984.28
907329,704573,BL,25,2061,ACTIVE,2024-08-25,2026-03-25,140800.0,17.93,190,6,48817.4
907330,704573,TWL,25,2013,CLOSED,2023-01-01,2024-08-01,278900.0,13.74,0,0,0.0
907331,704573,GL,25,2011,ACTIVE,2023-05-18,2024-02-18,504500.0,9.57,72,2,115248.4
907332,704574,PL,8,2070,ACTIVE,2023-06-15,2025-04-15,287000.0,16.11,67,2,29707.2
907333,704575,CL,17,2060,ACTIVE,2021-02-14,2022-07-14,37000.0,15.96,33,1,2414.06
907334,704576,GL,5,2035,CLOSED,2022-12-22,2023-09-22,567200.0,10.26,0,0,0.0
907335,704577,AL,2,2105,CLOSED,2023-03-19,2025-10-19,1255900.0,10.39,0,0,0.0
907336,704578,CL,22,2093,ACTIVE,2025-02-01,2026-02-01,203000.0,16.7,183,6,105706.0
907337,704578,MFI,22,2019,CLOSED,2023-11-01,2024-05-01,60100.0,22.57,0,0,0.0
907338,704579,BL,25,2068,ACTIVE,2022-08-17,2024-03-17,2547000.0,15.85,36,1,150467.61
907339,704579,PL,25,2068,ACTIVE,2020-04-19,2021-04-19,426400.0,14.27,365,12,426400.0
907340,704580,GL,21,2113,CLOSED,2019-05-15,2020-02-15,211200.0,9.17,0,0,0.0
907341,704581,CL,19,2116,ACTIVE,2023-09-07,2024-12-07,411800.0,14.33,113,3,88328.03
907342,704582,GL,12,2072,CLOSED,2020-11-03,2021-05-03,524900.0,9.94,0,0,0.0
907343,704582,TWL,13,2007,ACTIVE,2018-08-19,2020-02-19,134600.0,14.71,264,8,63477.71
907344,704583,LAP,21,2113,ACTIVE,2025-08-17,2031-09-17,619200.0,11.37,36,1,11679.06
907345,704583,GL,21,2008,ACTIVE,2025-04-11,2025-12-11,1492800.0,8.62,105,3,569840.4
907346,704583,MFI,2,2059,ACTIVE,2025-03-15,2025-12-15,14500.0,20.62,48,1,1723.07
907347,704584,EL,19,2109,ACTIVE,2024-09-05,2027-05-05,990200.0,10.68,20,2,70449.29
907348,704584,GL,14,2119,CLOSED,2024-08-04,2025-05-04,189100.0,9.64,0,0,0.0
907349,704585,TWL,18,2120,CLOSED,2022-09-26,2024-07-26,137300.0,11.44,0,0,0.0
907350,704586,EL,11,2039,ACTIVE,2022-10-30,2027-03-30,829400.0,11.41,312,10,189876.21
907351,704586,GL,3,2052,ACTIVE,2024-12-29,2025-06-29,459300.0,10.45,12,1,78218.88
907352,704586,AL,2,2062,CLOSED,2021-01-04,2024-10-04,113900.0,12.74,0,0,0.0
907353,704587,GL,11,2048,ACTIVE,2024-07-02,2025-03-02,183300.0,9.22,35,1,23530.98
907354,704587,TWL,10,2071,ACTIVE,2025-08-22,2026-12-22,88700.0,13.18,7,2,11953.57
907355,704588,CL,17,2060,ACTIVE,2025-05-05,2025-11-05,327600.0,14.52,5,3,166754.81
907356,704588,EL,17,2060,CLOSED,2022-01-12,2025-09-12,243400.0,9.13,0,0,0.0
907357,704588,BL,16,2024,ACTIVE,2021-02-27,2023-03-27,632900.0,16.14,83,2,58768.94
907358,704589,BL,10,2095,CLOSED,2020-10-20,2022-01-20,2832400.0,18.43,0,0,0.0
907359,704589,TWL,9,2001,CLOSED,2022-01-30,2023-01-30,133200.0,14.45,0,0,0.0
907360,704590,MFI,18,2040,CLOSED,2018-02-13,2019-01-13,64100.0,19.24,0,0,0.0
907361,704590,PL,14,2100,CLOSED,2022-08-08,2024-03-08,52800.0,12.78,0,0,0.0
907362,704591,CL,5,2014,CLOSED,2020-03-23,2020-11-23,24600.0,16.06,0,0,0.0
907363,704591,CL,25,2061,ACTIVE,2021-11-12,2022-05-12,355000.0,15.9,40,1,61130.63
907364,704592,PL,18,2120,CLOSED,2018-04-09,2020-03-09,572000.0,13.38,0,0,0.0
907365,704593,CL,15,2073,CLOSED,2021-07-01,2022-09-01,215600.0,15.47,0,0,0.0
907366,704593,PL,14,2119,ACTIVE,2025-02-10,2026-09-10,1140300.0,16.48,221,7,454837.44
907367,704594,MFI,15,2073,CLOSED,2024-03-21,2025-03-21,66800.0,20.39,0,0,0.0
907368,704594,PL,15,2073,CLOSED,2024-06-22,2025-12-22,1114000.0,14.67,0,0,0.0
907369,704594,MFI,18,2103,ACTIVE,2025-11-25,2026-06-25,38900.0,20.54,222,7,38900.0
907370,704595,TWL,18,2120,CLOSED,2025-12-20,2027-04-20,134800.0,13.42,0,0,0.0
907371,704595,TWL,9,2006,CLOSED,2025-01-26,2026-11-26,219200.0,13.49,0,0,0.0
907372,704596,GL,6,2044,CLOSED,2021-04-13,2022-04-13,286600.0,7.23,0,0,0.0
907373,704597,PL,14,2082,ACTIVE,2023-12-19,2024-12-19,1337800.0,15.12,29,2,237155.09
907374,704597,PL,14,2009,CLOSED,2024-04-11,2025-06-11,993300.0,14.97,0,0,0.0
907375,704598,EL,21,2036,CLOSED,2023-03-08,2027-05-08,314500.0,9.13,0,0,0.0
907376,704599,PL,17,2055,CLOSED,2025-09-29,2026-09-29,106500.0,14.36,0,0,0.0
907377,704600,AL,8,2034,CLOSED,2021-05-05,2022-08-05,561900.0,10.95,0,0,0.0
907378,704600,PL,22,2019,CLOSED,2022-10-27,2023-10-27,712600.0,15.84,0,0,0.0
907379,704600,GL,22,2022,CLOSED,2020-11-01,2021-11-01,362300.0,8.96,0,0,0.0
907380,704601,MFI,6,2092,CLOSED,2019-02-03,2020-02-03,24000.0,21.19,0,0,0.0
907381,704601,AL,6,2092,ACTIVE,2019-02-19,2021-11-19,1517900.0,11.43,213,7,362793.45
907382,704602,BL,3,2117,ACTIVE,2025-11-30,2027-11-30,3351600.0,16.33,304,10,1529537.38
907383,704603,PL,24,2016,ACTIVE,2021-04-09,2022-05-09,944400.0,13.78,319,10,738733.84
907384,704604,LAP,18,2103,ACTIVE,2023-01-27,2026-02-27,12254100.0,10.57,18,1,386129.87
907385,704604,EL,15,2012,CLOSED,2021-07-09,2025-05-09,827400.0,9.1,0,0,0.0
907386,704605,GL,9,2046,CLOSED,2020-03-23,2020-09-23,125400.0,8.35,0,0,0.0
907387,704606,PL,3,2021,ACTIVE,2019-02-28,2020-03-28,324000.0,16.21,365,12,301033.73
907388,704606,GL,20,2080,CLOSED,2024-09-29,2025-06-29,1643100.0,8.95,0,0,0.0
907389,704607,PL,24,2047,CLOSED,2025-08-31,2027-05-31,801600.0,14.47,0,0,0.0
907390,704608,PL,23,2023,CLOSED,2023-08-10,2024-12-10,61300.0,18.14,0,0,0.0
907391,704609,EL,23,2041,ACTIVE,2020-12-27,2024-06-27,1729300.0,9.71,42,1,48339.43
907392,704610,AL,19,2081,CLOSED,2024-10-22,2026-04-22,223800.0,12.38,0,0,0.0
907393,704611,GL,14,2082,ACTIVE,2024-08-17,2025-02-17,838500.0,9.39,42,2,283868.29
907394,704611,LAP,14,2043,CLOSED,2024-07-04,2030-12-04,1646500.0,12.06,0,0,0.0
907395,704611,PL,2,2062,CLOSED,2024-07-25,2026-04-25,62900.0,17.64,0,0,0.0
907396,704612,GL,3,2084,CLOSED,2021-08-18,2022-04-18,1757500.0,9.01,0,0,0.0
907397,704612,BL,2,2062,CLOSED,2022-12-22,2024-07-22,1109200.0,17.54,0,0,0.0
907398,704613,MFI,9,2057,ACTIVE,2025-06-22,2026-01-22,96800.0,22.95,91,3,43061.96
907399,704614,MFI,14,2009,ACTIVE,2019-11-11,2020-06-11,33400.0,22.55,216,7,33400.0
907400,704614,AL,15,2074,CLOSED,2020-11-06,2022-03-06,192400.0,11.71,0,0,0.0
907401,704615,MFI,3,2083,ACTIVE,2023-09-05,2024-08-05,10700.0,19.67,96,3,3110.43
907402,704616,PL,9,2006,ACTIVE,2021-06-21,2022-09-21,1068000.0,15.07,71,2,154211.81
907403,704617,EL,23,2005,CLOSED,2025-05-03,2029-05-03,2258300.0,9.35,0,0,0.0
907404,704618,CL,1,2004,CLOSED,2025-06-28,2026-01-28,34800.0,13.38,0,0,0.0
907405,704619,PL,1,2032,ACTIVE,2023-01-13,2024-03-13,408300.0,14.58,48,1,31508.56
907406,704619,MFI,14,2050,CLOSED,2024-11-29,2025-10-29,20600.0,20.36,0,0,0.0
907407,704619,MFI,15,2012,CLOSED,2023-01-01,2023-12-01,11600.0,20.06,0,0,0.0
907408,704619,PL,9,2006,CLOSED,2025-12-23,2027-06-23,137600.0,14.63,0,0,0.0
907409,704620,GL,1,2020,ACTIVE,2019-03-15,2019-09-15,186200.0,8.19,37,1,31563.42
907410,704620,CL,2,2118,CLOSED,2022-09-28,2023-06-28,124400.0,14.21,0,0,0.0
907411,704621,CL,8,2034,CLOSED,2018-11-23,2020-01-23,10600.0,14.48,0,0,0.0
907412,704621,PL,8,2114,ACTIVE,2020-09-23,2021-11-23,202400.0,15.49,32,1,15693.08
907413,704621,GL,19,2081,ACTIVE,2022-06-07,2023-04-07,734300.0,8.58,24,1,75806.48
907414,704622,PL,5,2099,ACTIVE,2025-07-07,2027-02-07,94200.0,13.57,211,7,37066.64
907415,704622,PL,5,2035,CLOSED,2024-12-02,2026-08-02,1151500.0,13.25,0,0,0.0
907416,704623,GL,22,2093,CLOSED,2025-08-03,2026-07-03,291400.0,10.12,0,0,0.0
907417,704623,HL,8,2034,ACTIVE,2025-05-19,2031-07-19,2000400.0,10.69,7,2,73082.92
907418,704624,MFI,13,2107,CLOSED,2022-06-05,2023-03-05,26900.0,21.54,0,0,0.0
907419,704624,BL,13,2029,ACTIVE,2020-08-01,2024-10-01,263300.0,17.12,21,1,7297.46
907420,704625,GL,4,2090,ACTIVE,2024-11-14,2025-09-14,663800.0,8.02,225,7,469281.74
907421,704626,LAP,2,2106,CLOSED,2022-09-12,2024-10-12,14637500.0,10.4,0,0,0.0
907422,704627,EL,5,2099,CLOSED,2019-10-12,2022-05-12,318500.0,10.09,0,0,0.0
907423,704627,PL,5,2099,CLOSED,2019-07-05,2021-01-05,718300.0,15.81,0,0,0.0
907424,704628,MFI,6,2044,CLOSED,2020-07-01,2021-05-01,31100.0,21.21,0,0,0.0
907425,704628,GL,24,2047,CLOSED,2020-11-04,2021-11-04,813100.0,9.06,0,0,0.0
907426,704629,LAP,17,2060,ACTIVE,2024-05-21,2027-09-21,2676200.0,10.4,45,1,78774.49
907427,704630,EL,21,2008,CLOSED,2025-12-03,2028-05-03,707900.0,10.22,0,0,0.0
907428,704631,PL,16,2078,ACTIVE,2021-11-20,2023-11-20,67100.0,18.09,17,1,3303.03
907429,704632,PL,16,2024,CLOSED,2024-04-03,2025-04-03,204100.0,13.69,0,0,0.0
907430,704633,HL,10,2101,ACTIVE,2024-10-14,2029-12-14,5946600.0,9.49,44,1,120756.94
907431,704633,PL,25,2061,CLOSED,2022-08-26,2024-08-26,1461300.0,16.84,0,0,0.0
907432,704634,MFI,25,2068,CLOSED,2025-08-04,2026-02-04,32200.0,20.68,0,0,0.0
907433,704635,MFI,1,2032,CLOSED,2025-10-22,2026-10-22,26200.0,23.14,0,0,0.0
907434,704635,TWL,13,2094,ACTIVE,2022-10-27,2024-09-27,246500.0,15.34,36,1,12280.91
907435,704636,EL,9,2001,CLOSED,2019-06-14,2024-02-14,2332700.0,11.97,0,0,0.0
907436,704637,BL,4,2025,CLOSED,2023-08-16,2026-10-16,4070500.0,16.71,0,0,0.0
907437,704637,BL,1,2004,CLOSED,2020-04-29,2024-06-29,3945000.0,16.48,0,0,0.0
907438,704637,PL,4,2025,CLOSED,2019-09-14,2021-07-14,564000.0,15.21,0,0,0.0
907439,704637,PL,20,2065,ACTIVE,2018-12-18,2020-06-18,369300.0,15.08,44,1,22766.51
907440,704637,GL,4,2090,CLOSED,2023-06-01,2024-05-01,344100.0,8.75,0,0,0.0
907441,704638,BL,25,2013,CLOSED,2021-04-20,2023-11-20,4818000.0,18.77,0,0,0.0
907442,704639,EL,11,2075,ACTIVE,2020-09-10,2025-08-10,190500.0,8.66,39,1,3947.81
907443,704639,GL,11,2030,ACTIVE,2018-01-24,2018-07-24,239000.0,7.45,190,6,239000.0
907444,704640,LAP,15,2073,ACTIVE,2022-06-15,2027-12-15,14272800.0,13.73,10,1,305766.72
907445,704641,MFI,20,2065,CLOSED,2024-07-10,2025-04-10,79100.0,21.5,0,0,0.0
907446,704642,AL,8,2070,CLOSED,2020-09-29,2022-03-29,326700.0,12.06,0,0,0.0
907447,704643,BL,15,2012,CLOSED,2021-06-23,2024-12-23,3611500.0,16.51,0,0,0.0
907448,704644,BL,19,2081,CLOSED,2022-03-13,2025-12-13,1286600.0,17.01,0,0,0.0
907449,704644,PL,2,2118,CLOSED,2019-01-20,2020-06-20,1032300.0,15.28,0,0,0.0
907450,704645,PL,9,2001,ACTIVE,2024-02-20,2025-02-20,1121400.0,15.6,322,10,946359.11
907451,704646,GL,18,2077,CLOSED,2021-07-08,2022-06-08,1680400.0,8.83,0,0,0.0
907452,704647,AL,24,2016,ACTIVE,2022-07-03,2025-12-03,287900.0,11.81,28,1,8484.21
907453,704648,EL,14,2119,CLOSED,2025-06-08,2028-04-08,131800.0,9.07,0,0,0.0
907454,704648,PL,14,2043,ACTIVE,2024-06-20,2025-06-20,112800.0,13.75,45,1,10000.14
907455,704648,CL,14,2082,CLOSED,2024-12-13,2025-12-13,129300.0,13.52,0,0,0.0
907456,704649,GL,2,2062,ACTIVE,2022-05-12,2023-03-12,1751500.0,7.86,100,3,537508.02
907457,704649,CL,20,2031,ACTIVE,2025-03-07,2026-05-07,409300.0,13.86,30,1,31467.79
907458,704649,PL,18,2120,CLOSED,2022-02-27,2023-05-27,115900.0,13.7,0,0,0.0
907459,704649,GL,3,2117,CLOSED,2022-08-17,2023-03-17,1163000.0,8.05,0,0,0.0
907460,704650,TWL,17,2055,CLOSED,2025-01-24,2026-04-24,75900.0,12.64,0,0,0.0
907461,704651,AL,9,2046,CLOSED,2024-11-23,2026-03-23,2942200.0,12.8,0,0,0.0
907462,704651,MFI,15,2015,ACTIVE,2024-07-10,2025-07-10,46500.0,23.68,49,1,4304.87
907463,704651,LAP,15,2012,ACTIVE,2023-12-18,2027-01-18,8600200.0,13.65,34,2,562529.3
907464,704652,AL,11,2075,CLOSED,2024-01-04,2025-07-04,322700.0,9.59,0,0,0.0
907465,704653,CL,16,2024,ACTIVE,2021-12-19,2023-06-19,449800.0,14.98,28,2,55079.39
907466,704653,EL,15,2073,ACTIVE,2025-12-25,2029-09-25,619700.0,9.69,51,1,16347.26
907467,704653,PL,6,2053,ACTIVE,2021-10-31,2022-12-31,988200.0,16.12,4,1,76870.09
907468,704653,PL,18,2040,ACTIVE,2022-11-30,2023-12-30,1093700.0,15.86,29,2,180647.95
907469,704653,AL,15,2074,CLOSED,2025-10-11,2028-12-11,212700.0,11.08,0,0,0.0
907470,704654,TWL,10,2101,ACTIVE,2021-05-28,2023-04-28,30500.0,12.14,52,1,1478.06
907471,704654,AL,22,2019,CLOSED,2025-12-28,2027-10-28,389100.0,10.25,0,0,0.0
907472,704654,TWL,1,2004,ACTIVE,2025-01-17,2026-04-17,30100.0,12.25,13,1,2152.45
907473,704655,TWL,21,2008,CLOSED,2021-05-28,2022-12-28,59100.0,10.35,0,0,0.0
907474,704656,PL,2,2062,ACTIVE,2024-12-02,2026-01-02,139300.0,13.33,4,3,33944.09
907475,704657,CL,20,2031,CLOSED,2023-05-23,2024-04-23,107400.0,15.46,0,0,0.0
907476,704657,MFI,25,2011,CLOSED,2025-07-01,2026-02-01,14400.0,21.34,0,0,0.0
907477,704658,MFI,13,2094,CLOSED,2022-07-03,2023-02-03,24800.0,19.59,0,0,0.0
907478,704658,MFI,13,2029,CLOSED,2019-04-12,2020-02-12,13800.0,19.4,0,0,0.0
907479,704659,CL,9,2001,CLOSED,2020-09-09,2021-12-09,453200.0,14.31,0,0,0.0
907480,704659,GL,22,2022,CLOSED,2023-10-07,2024-08-07,989400.0,8.35,0,0,0.0
907481,704660,GL,12,2033,CLOSED,2018-01-20,2018-12-20,1293900.0,9.61,0,0,0.0
907482,704660,BL,14,2082,ACTIVE,2024-11-21,2029-02-21,102200.0,17.51,121,4,11015.76
907483,704660,CL,14,2082,CLOSED,2021-05-26,2021-12-26,433400.0,15.72,0,0,0.0
907484,704660,AL,7,2018,CLOSED,2019-08-30,2021-06-30,265700.0,11.34,0,0,0.0
907485,704661,AL,25,2061,ACTIVE,2025-10-11,2028-05-11,1032300.0,10.87,300,10,365005.22
907486,704661,BL,25,2061,CLOSED,2025-06-13,2028-01-13,4132200.0,17.17,0,0,0.0
907487,704662,GL,6,2042,CLOSED,2024-11-21,2025-11-21,1894100.0,10.59,0,0,0.0
907488,704663,GL,11,2030,CLOSED,2018-03-20,2018-10-20,579700.0,9.88,0,0,0.0
907489,704663,PL,24,2089,CLOSED,2024-08-15,2025-09-15,883800.0,19.12,0,0,0.0
907490,704664,TWL,13,2054,CLOSED,2020-04-28,2021-10-28,30400.0,12.63,0,0,0.0
907491,704664,GL,12,2072,ACTIVE,2022-03-13,2022-12-13,808100.0,8.66,234,7,633014.42
907492,704664,AL,12,2086,CLOSED,2021-05-25,2024-08-25,2334400.0,10.73,0,0,0.0
907493,704665,PL,3,2110,CLOSED,2024-10-04,2026-04-04,1170800.0,12.97,0,0,0.0
907494,704666,PL,22,2093,ACTIVE,2022-11-02,2024-01-02,1337600.0,17.7,1,3,310148.07
907495,704666,LAP,20,2080,CLOSED,2021-07-27,2026-02-27,12448600.0,12.01,0,0,0.0
907496,704666,PL,17,2051,CLOSED,2019-07-22,2021-02-22,1345100.0,18.17,0,0,0.0
907497,704667,BL,23,2069,CLOSED,2024-02-04,2027-09-04,385800.0,15.72,0,0,0.0
907498,704667,PL,2,2104,CLOSED,2023-07-24,2025-03-24,196200.0,13.51,0,0,0.0
907499,704668,AL,11,2075,CLOSED,2018-10-06,2020-04-06,1183800.0,10.95,0,0,0.0
907500,704669,LAP,10,2045,CLOSED,2025-04-04,2032-04-04,13134500.0,9.56,0,0,0.0
907501,704669,TWL,9,2001,ACTIVE,2024-04-19,2026-04-19,43500.0,10.88,10,2,3995.61
907502,704670,CL,19,2109,CLOSED,2019-05-26,2020-03-26,409900.0,15.79,0,0,0.0
907503,704671,AL,2,2062,CLOSED,2020-03-31,2022-06-30,2258700.0,9.22,0,0,0.0
907504,704672,GL,23,2041,ACTIVE,2024-01-21,2024-09-21,819100.0,8.8,225,7,719311.65
907505,704673,GL,8,2038,ACTIVE,2025-03-30,2025-12-30,1416900.0,8.98,290,9,1416900.0
907506,704674,CL,3,2084,CLOSED,2025-09-29,2026-05-29,428000.0,14.83,0,0,0.0
907507,704675,TWL,22,2022,ACTIVE,2018-10-28,2019-12-28,173400.0,15.3,342,11,138787.19
907508,704675,HL,22,2019,ACTIVE,2019-10-26,2026-09-26,4222900.0,10.79,36,1,71776.38
907509,704676,AL,13,2094,CLOSED,2021-08-19,2023-07-19,1073400.0,10.64,0,0,0.0
907510,704677,GL,2,2059,ACTIVE,2020-08-05,2021-05-05,68300.0,8.86,283,9,68300.0
907511,704678,GL,13,2094,ACTIVE,2024-09-29,2025-03-29,348800.0,8.38,201,6,348800.0
907512,704678,CL,12,2096,CLOSED,2020-05-17,2021-01-17,101600.0,14.61,0,0,0.0
907513,704679,GL,22,2026,CLOSED,2019-04-17,2019-11-17,521500.0,8.99,0,0,0.0
907514,704680,EL,10,2095,ACTIVE,2024-12-17,2028-09-17,182000.0,12.14,201,6,29282.94
907515,704680,GL,9,2001,CLOSED,2021-06-11,2022-03-11,472300.0,10.9,0,0,0.0
907516,704681,AL,18,2098,CLOSED,2025-01-21,2028-11-21,2655000.0,12.73,0,0,0.0
907517,704682,EL,16,2024,ACTIVE,2021-11-03,2024-03-03,314600.0,10.22,262,8,97630.36
907518,704682,AL,11,2039,ACTIVE,2024-10-24,2026-03-24,500000.0,11.41,6,1,31690.84
907519,704683,PL,25,2068,CLOSED,2023-02-20,2024-11-20,221100.0,18.37,0,0,0.0
907520,704684,PL,3,2021,ACTIVE,2025-11-27,2027-10-27,503700.0,14.2,35,1,24849.72
907521,704685,MFI,2,2059,CLOSED,2021-01-24,2021-10-24,95500.0,22.13,0,0,0.0
907522,704685,CL,3,2084,ACTIVE,2022-12-27,2023-09-27,308300.0,16.22,278,9,308300.0
907523,704686,AL,14,2009,CLOSED,2018-01-04,2019-10-04,1383600.0,10.47,0,0,0.0
907524,704687,CL,11,2030,ACTIVE,2019-07-26,2020-12-26,26100.0,15.05,363,12,18988.81
907525,704688,CL,20,2065,ACTIVE,2024-02-12,2025-05-12,86700.0,13.06,131,4,24513.23
907526,704688,MFI,20,2080,CLOSED,2024-01-12,2024-08-12,19700.0,19.08,0,0,0.0
907527,704688,CL,20,2056,CLOSED,2024-07-22,2025-05-22,15500.0,12.94,0,0,0.0
907528,704689,AL,15,2074,ACTIVE,2024-11-04,2026-08-04,873800.0,10.73,55,1,45417.43
907529,704690,PL,21,2066,CLOSED,2019-04-28,2020-09-28,348900.0,15.36,0,0,0.0
907530,704691,MFI,7,2112,ACTIVE,2019-09-25,2020-06-25,18100.0,22.06,138,4,8411.71
907531,704692,CL,17,2028,CLOSED,2023-05-16,2024-08-16,102100.0,14.65,0,0,0.0
907532,704692,HL,16,2024,CLOSED,2023-05-12,2026-08-12,1840300.0,9.34,0,0,0.0
907533,704693,PL,4,2091,ACTIVE,2020-05-11,2022-01-11,816500.0,14.68,39,1,45711.48
907534,704693,CL,17,2058,ACTIVE,2023-06-14,2024-05-14,170200.0,14.11,339,11,170200.0
907535,704693,TWL,2,2059,CLOSED,2023-10-24,2025-04-24,164000.0,12.2,0,0,0.0
907536,704694,BL,5,2102,CLOSED,2022-12-13,2026-08-13,2208400.0,16.94,0,0,0.0
907537,704694,EL,11,2048,CLOSED,2021-04-20,2024-07-20,1873400.0,10.19,0,0,0.0
907538,704695,GL,6,2053,ACTIVE,2019-04-22,2019-10-22,151700.0,8.06,187,6,151700.0
907539,704696,AL,19,2116,CLOSED,2022-06-11,2025-02-11,2992800.0,11.81,0,0,0.0
907540,704697,CL,23,2041,CLOSED,2021-01-14,2021-08-14,48200.0,15.14,0,0,0.0
907541,704698,PL,3,2021,CLOSED,2022-06-27,2024-02-27,213900.0,15.0,0,0,0.0
907542,704698,AL,2,2106,CLOSED,2021-12-09,2024-03-09,2935600.0,10.76,0,0,0.0
907543,704699,GL,5,2099,CLOSED,2024-08-06,2025-08-06,1458200.0,9.27,0,0,0.0
907544,704699,GL,6,2044,CLOSED,2024-08-10,2025-02-10,712500.0,9.38,0,0,0.0
907545,704700,AL,9,2057,ACTIVE,2019-02-18,2022-10-18,2907600.0,10.08,2,1,78657.6
907546,704701,CL,7,2010,ACTIVE,2024-01-03,2024-12-03,395000.0,14.0,165,5,185803.14
907547,704702,MFI,6,2044,ACTIVE,2020-09-16,2021-08-16,57800.0,21.82,41,1,5740.64
907548,704703,MFI,21,2008,ACTIVE,2025-03-26,2025-10-26,18900.0,22.58,20,1,2853.32
907549,704704,EL,4,2091,CLOSED,2024-10-30,2026-12-30,746500.0,10.85,0,0,0.0
907550,704704,GL,3,2021,ACTIVE,2020-08-09,2021-03-09,797000.0,9.64,31,1,116608.27
907551,704704,TWL,4,2025,ACTIVE,2022-03-24,2023-05-24,238100.0,14.52,284,9,157627.32
907552,704705,CL,9,2057,ACTIVE,2020-01-09,2021-03-09,14200.0,14.88,365,12,12318.3
907553,704705,CL,24,2047,CLOSED,2024-06-02,2025-05-02,234500.0,14.9,0,0,0.0
907554,704705,TWL,24,2016,CLOSED,2024-12-01,2026-04-01,205100.0,13.11,0,0,0.0
907555,704706,AL,20,2056,ACTIVE,2021-11-20,2023-10-20,1371600.0,11.35,52,1,66012.41
907556,704707,CL,7,2087,CLOSED,2025-12-31,2027-05-31,166000.0,15.31,0,0,0.0
907557,704707,GL,1,2049,CLOSED,2025-01-18,2025-11-18,1700300.0,9.3,0,0,0.0
907558,704708,PL,23,2005,ACTIVE,2023-05-20,2024-09-20,477500.0,18.32,365,12,368748.27
907559,704709,PL,14,2100,ACTIVE,2025-08-17,2026-12-17,266200.0,14.28,34,1,18154.09
907560,704710,EL,3,2021,CLOSED,2024-02-28,2026-11-28,76600.0,9.49,0,0,0.0
907561,704710,PL,1,2049,CLOSED,2022-06-25,2023-07-25,158000.0,15.86,0,0,0.0
907562,704710,CL,4,2115,CLOSED,2023-07-12,2024-03-12,421200.0,14.95,0,0,0.0
907563,704711,PL,18,2103,CLOSED,2018-11-06,2020-03-06,1154200.0,15.54,0,0,0.0
907564,704711,AL,7,2112,ACTIVE,2023-01-01,2024-04-01,177700.0,10.83,314,10,121106.77
907565,704712,PL,2,2104,CLOSED,2023-09-28,2024-12-28,725600.0,14.2,0,0,0.0
907566,704713,AL,12,2086,CLOSED,2023-02-24,2025-05-24,270200.0,12.46,0,0,0.0
907567,704714,PL,2,2106,ACTIVE,2023-04-26,2024-07-26,65900.0,15.94,313,10,45365.71
907568,704715,HL,20,2031,CLOSED,2024-01-08,2030-11-08,4885600.0,9.74,0,0,0.0
907569,704716,EL,9,2057,CLOSED,2025-10-29,2029-03-29,1024200.0,9.14,0,0,0.0
907570,704717,EL,12,2086,ACTIVE,2024-01-09,2026-06-09,2259900.0,9.81,92,3,259287.72
907571,704718,MFI,4,2025,CLOSED,2021-09-01,2022-09-01,57800.0,20.22,0,0,0.0
907572,704718,AL,25,2068,ACTIVE,2023-06-09,2026-02-09,132800.0,10.74,252,8,36829.48
907573,704719,AL,5,2014,CLOSED,2025-01-19,2028-04-19,333300.0,9.7,0,0,0.0
907574,704720,GL,8,2114,ACTIVE,2021-11-05,2022-11-05,1812600.0,10.35,133,4,625070.24
907575,704720,GL,5,2003,ACTIVE,2023-02-15,2023-12-15,385200.0,10.34,8,2,79706.36
907576,704721,LAP,18,2120,ACTIVE,2025-09-01,2030-12-01,10709100.0,12.5,22,1,230273.73
907577,704722,BL,14,2119,CLOSED,2022-11-02,2026-07-02,1742100.0,15.59,0,0,0.0
907578,704722,AL,14,2050,CLOSED,2023-01-21,2024-06-21,2798600.0,9.99,0,0,0.0
907579,704723,PL,17,2055,CLOSED,2025-10-31,2027-01-31,513000.0,13.24,0,0,0.0
907580,704723,GL,5,2099,CLOSED,2025-08-19,2026-02-19,1682700.0,8.05,0,0,0.0
907581,704724,GL,10,2095,ACTIVE,2024-08-19,2025-06-19,274300.0,9.34,293,9,247817.08
907582,704725,MFI,1,2049,CLOSED,2022-03-25,2022-10-25,23800.0,19.88,0,0,0.0
907583,704726,PL,11,2048,CLOSED,2018-12-20,2019-12-20,968400.0,13.89,0,0,0.0
907584,704726,BL,5,2014,CLOSED,2021-06-25,2024-06-25,428700.0,16.11,0,0,0.0
907585,704727,MFI,19,2081,ACTIVE,2021-08-15,2022-08-15,38400.0,22.79,121,4,13774.41
907586,704727,GL,11,2064,CLOSED,2019-07-03,2020-02-03,190900.0,9.99,0,0,0.0
907587,704728,LAP,1,2049,CLOSED,2025-01-07,2027-10-07,983600.0,11.61,0,0,0.0
907588,704729,PL,10,2045,ACTIVE,2024-12-08,2026-04-08,226500.0,15.11,2,1,15523.28
907589,704730,AL,19,2109,CLOSED,2021-11-03,2024-04-03,2336900.0,11.14,0,0,0.0
907590,704731,GL,13,2029,ACTIVE,2020-02-23,2020-11-23,1243100.0,7.7,17,1,141682.31
907591,704732,PL,23,2069,ACTIVE,2024-06-07,2025-12-07,476700.0,14.93,12,1,29357.87
907592,704733,AL,8,2114,CLOSED,2021-07-27,2025-02-27,1723900.0,9.9,0,0,0.0
907593,704734,TWL,12,2017,CLOSED,2022-05-04,2023-12-04,58300.0,13.8,0,0,0.0
907594,704735,MFI,2,2059,ACTIVE,2023-05-06,2024-01-06,29300.0,22.85,183,6,22384.15
907595,704736,CL,16,2027,ACTIVE,2022-11-13,2024-04-13,36900.0,15.88,166,5,11721.39
907596,704737,MFI,4,2085,CLOSED,2023-03-06,2024-03-06,80500.0,19.55,0,0,0.0
907597,704738,LAP,24,2063,CLOSED,2024-10-11,2027-09-11,868600.0,9.81,0,0,0.0
907598,704739,PL,13,2054,CLOSED,2025-08-02,2026-09-02,254700.0,17.79,0,0,0.0
907599,704740,PL,22,2019,ACTIVE,2025-06-09,2026-07-09,407000.0,16.32,36,2,67360.09
907600,704741,EL,11,2048,CLOSED,2019-12-26,2023-12-26,949500.0,11.65,0,0,0.0
907601,704742,BL,25,2011,ACTIVE,2020-04-28,2021-10-28,3849400.0,15.55,32,1,238056.76
907602,704742,PL,25,2068,CLOSED,2018-09-11,2020-07-11,57400.0,13.37,0,0,0.0
907603,704743,MFI,20,2031,CLOSED,2023-09-06,2024-09-06,81500.0,22.88,0,0,0.0
907604,704743,CL,20,2056,CLOSED,2021-10-22,2023-01-22,493700.0,16.67,0,0,0.0
907605,704744,MFI,5,2099,ACTIVE,2024-02-07,2024-09-07,53400.0,19.9,44,1,8010.09
907606,704745,EL,16,2037,CLOSED,2023-07-25,2026-04-25,399900.0,9.15,0,0,0.0
907607,704746,AL,4,2025,CLOSED,2021-07-22,2025-01-22,1413800.0,11.85,0,0,0.0
907608,704746,MFI,3,2084,CLOSED,2023-10-29,2024-07-29,8700.0,22.6,0,0,0.0
907609,704746,AL,4,2115,CLOSED,2021-12-07,2024-06-07,475000.0,11.76,0,0,0.0
907610,704747,GL,10,2101,CLOSED,2020-09-17,2021-06-17,39400.0,9.69,0,0,0.0
907611,704748,LAP,10,2095,ACTIVE,2025-09-14,2031-07-14,13147700.0,10.51,34,1,249854.74
907612,704748,CL,25,2011,CLOSED,2019-07-01,2020-10-01,381400.0,13.99,0,0,0.0
907613,704749,GL,15,2073,ACTIVE,2019-11-18,2020-11-18,588200.0,7.84,16,2,101252.83
907614,704750,GL,13,2054,CLOSED,2021-03-27,2022-01-27,246500.0,9.56,0,0,0.0
907615,704750,PL,13,2007,CLOSED,2020-12-05,2022-07-05,325900.0,16.93,0,0,0.0
907616,704750,CL,12,2072,ACTIVE,2020-02-12,2020-09-12,67200.0,15.76,219,7,67200.0
907617,704751,GL,5,2003,CLOSED,2021-09-26,2022-08-26,642400.0,9.75,0,0,0.0
907618,704752,CL,8,2070,CLOSED,2020-11-14,2022-04-14,153700.0,14.65,0,0,0.0
907619,704752,MFI,8,2034,CLOSED,2019-07-04,2020-05-04,5100.0,20.34,0,0,0.0
907620,704753,EL,8,2114,CLOSED,2023-06-13,2028-03-13,613400.0,9.12,0,0,0.0
907621,704753,GL,8,2034,ACTIVE,2023-06-19,2024-06-19,1607100.0,8.14,42,1,138960.54
907622,704754,EL,19,2111,CLOSED,2025-09-12,2028-12-12,305200.0,11.03,0,0,0.0
907623,704755,TWL,2,2062,CLOSED,2022-02-19,2023-10-19,31200.0,14.38,0,0,0.0
907624,704756,HL,23,2041,CLOSED,2025-05-28,2032-02-28,3451100.0,10.12,0,0,0.0
907625,704756,CL,22,2019,CLOSED,2018-07-19,2019-01-19,76900.0,15.82,0,0,0.0
907626,704757,PL,2,2104,ACTIVE,2019-05-23,2020-07-23,904200.0,13.62,31,1,69429.93
907627,704757,MFI,3,2083,ACTIVE,2022-10-05,2023-04-05,59500.0,19.65,157,5,49981.61
907628,704758,CL,17,2028,ACTIVE,2019-02-26,2020-04-26,18800.0,14.97,365,12,16309.88
907629,704759,CL,22,2022,CLOSED,2022-10-01,2023-10-01,210900.0,16.31,0,0,0.0
907630,704760,GL,8,2038,ACTIVE,2020-05-09,2021-03-09,862800.0,8.98,11,1,89203.31
907631,704760,GL,8,2114,ACTIVE,2022-06-03,2023-06-03,1407100.0,8.84,365,12,1407100.0
907632,704760,PL,8,2076,ACTIVE,2019-11-21,2021-08-21,120700.0,16.23,22,2,13017.25
907633,704761,PL,23,2041,CLOSED,2018-03-15,2019-08-15,364300.0,14.92,0,0,0.0
907634,704762,MFI,15,2074,ACTIVE,2024-11-23,2025-11-23,55500.0,20.04,344,11,51284.57
907635,704763,PL,19,2081,CLOSED,2023-07-26,2024-10-26,662500.0,15.39,0,0,0.0
907636,704764,CL,8,2070,ACTIVE,2025-11-21,2027-03-21,474900.0,14.81,30,1,32489.38
907637,704765,MFI,12,2096,ACTIVE,2019-10-19,2020-09-19,46300.0,22.5,308,10,42470.86
907638,704766,MFI,23,2041,CLOSED,2025-02-14,2025-11-14,22100.0,22.94,0,0,0.0
907639,704766,HL,23,2023,ACTIVE,2025-10-06,2029-07-06,2965800.0,10.55,69,2,158085.8
907640,704767,MFI,9,2006,CLOSED,2025-02-03,2026-01-03,13600.0,20.27,0,0,0.0
907641,704768,PL,15,2015,ACTIVE,2021-11-15,2023-09-15,261100.0,15.07,49,1,13487.59
907642,704768,GL,15,2012,CLOSED,2025-12-25,2026-09-25,334500.0,8.53,0,0,0.0
907643,704769,GL,22,2026,CLOSED,2025-09-22,2026-07-22,694200.0,8.62,0,0,0.0
907644,704770,CL,11,2048,CLOSED,2024-03-04,2025-07-04,392100.0,14.86,0,0,0.0
907645,704770,AL,19,2111,CLOSED,2021-01-22,2022-04-22,1528000.0,11.11,0,0,0.0
907646,704770,PL,11,2039,ACTIVE,2024-06-08,2026-03-08,333400.0,16.17,354,11,186280.6
907647,704771,PL,10,2071,CLOSED,2025-12-30,2027-11-30,370900.0,15.85,0,0,0.0
907648,704772,AL,17,2060,CLOSED,2025-05-02,2028-09-02,561000.0,9.93,0,0,0.0
907649,704772,BL,3,2052,CLOSED,2025-02-07,2029-05-07,1891300.0,16.01,0,0,0.0
907650,704772,EL,15,2074,ACTIVE,2022-12-08,2027-02-08,2400400.0,9.17,220,7,393483.06
907651,704773,CL,6,2042,ACTIVE,2025-10-13,2027-02-13,484600.0,15.79,39,1,33346.87
907652,704773,TWL,23,2005,ACTIVE,2022-12-28,2024-06-28,188900.0,13.27,277,9,99120.46
907653,704774,GL,15,2015,ACTIVE,2019-06-04,2020-06-04,1941000.0,9.64,12,2,336578.66
907654,704774,PL,16,2078,CLOSED,2019-04-13,2020-05-13,1249600.0,18.4,0,0,0.0
907655,704774,BL,16,2024,CLOSED,2025-07-31,2029-12-31,4312700.0,18.42,0,0,0.0
907656,704775,CL,11,2048,CLOSED,2023-09-28,2024-03-28,201700.0,13.74,0,0,0.0
907657,704776,GL,15,2015,CLOSED,2023-08-10,2024-07-10,1710500.0,9.04,0,0,0.0
907658,704777,TWL,9,2046,CLOSED,2020-10-26,2021-12-26,199100.0,13.71,0,0,0.0
907659,704777,MFI,18,2103,CLOSED,2021-11-05,2022-05-05,8300.0,21.24,0,0,0.0
907660,704778,MFI,15,2073,CLOSED,2025-01-09,2025-08-09,5100.0,20.67,0,0,0.0
907661,704778,GL,9,2046,CLOSED,2025-01-06,2025-11-06,175700.0,8.79,0,0,0.0
907662,704779,EL,11,2075,CLOSED,2024-04-18,2026-04-18,1047400.0,10.2,0,0,0.0
907663,704780,TWL,14,2050,CLOSED,2022-08-05,2024-03-05,89800.0,13.06,0,0,0.0
907664,704781,EL,13,2107,ACTIVE,2022-01-01,2025-03-01,2527600.0,10.51,55,1,77804.19
907665,704782,PL,12,2072,CLOSED,2024-06-14,2026-01-14,853100.0,13.6,0,0,0.0
907666,704782,HL,12,2033,CLOSED,2024-11-25,2030-12-25,6562900.0,9.0,0,0,0.0
907667,704783,MFI,23,2005,ACTIVE,2025-06-29,2026-05-29,8600.0,22.52,70,2,1697.23
907668,704783,PL,12,2096,ACTIVE,2025-01-25,2026-06-25,92200.0,18.58,124,4,23908.35
907669,704784,CL,24,2047,CLOSED,2023-11-28,2024-06-28,153200.0,13.65,0,0,0.0
907670,704785,TWL,15,2074,CLOSED,2022-04-24,2023-08-24,51500.0,14.53,0,0,0.0
907671,704785,PL,4,2115,ACTIVE,2020-02-20,2021-04-20,74900.0,18.49,157,5,28607.76
907672,704786,PL,15,2074,CLOSED,2023-08-01,2024-09-01,502900.0,17.32,0,0,0.0
907673,704787,MFI,14,2082,CLOSED,2025-05-13,2026-05-13,9600.0,21.81,0,0,0.0
907674,704787,GL,5,2102,CLOSED,2020-06-06,2021-04-06,256300.0,8.98,0,0,0.0
907675,704787,EL,9,2057,CLOSED,2022-06-13,2024-08-13,1231600.0,10.11,0,0,0.0
907676,704788,EL,3,2097,CLOSED,2024-02-04,2026-04-04,2797800.0,8.95,0,0,0.0
907677,704788,PL,4,2091,ACTIVE,2025-09-23,2027-02-23,536700.0,14.09,33,2,68806.97
907678,704788,PL,1,2049,CLOSED,2023-07-27,2025-06-27,789800.0,14.27,0,0,0.0
907679,704789,PL,5,2099,ACTIVE,2024-04-04,2026-03-04,1390000.0,15.74,50,1,69489.59
907680,704790,CL,6,2044,CLOSED,2023-09-20,2025-02-20,471700.0,15.75,0,0,0.0
907681,704790,PL,9,2001,CLOSED,2023-07-13,2025-05-13,968300.0,16.75,0,0,0.0
907682,704791,EL,14,2009,ACTIVE,2018-11-26,2022-06-26,174200.0,11.25,50,1,4895.25
907683,704791,MFI,14,2119,CLOSED,2023-07-03,2024-02-03,35600.0,22.56,0,0,0.0
907684,704792,PL,21,2066,CLOSED,2021-12-30,2023-11-30,301900.0,18.55,0,0,0.0
907685,704792,AL,10,2095,CLOSED,2022-08-07,2024-06-07,453300.0,11.82,0,0,0.0
907686,704793,TWL,4,2115,CLOSED,2020-05-23,2021-08-23,38500.0,12.06,0,0,0.0
907687,704794,PL,18,2040,ACTIVE,2023-10-22,2025-08-22,493600.0,16.13,111,3,76143.12
907688,704795,BL,24,2063,ACTIVE,2023-10-01,2025-06-01,1561200.0,16.45,53,1,88565.51
907689,704795,PL,12,2017,CLOSED,2020-02-03,2021-02-03,1300500.0,15.07,0,0,0.0
907690,704796,PL,18,2040,CLOSED,2021-01-15,2022-02-15,390000.0,16.53,0,0,0.0
907691,704797,AL,4,2085,CLOSED,2018-11-15,2022-03-15,1672000.0,11.47,0,0,0.0
907692,704797,GL,4,2091,CLOSED,2024-07-29,2025-02-28,1618100.0,9.33,0,0,0.0
907693,704797,BL,1,2020,ACTIVE,2021-10-15,2024-10-15,1585800.0,18.01,52,1,56490.59
907694,704798,AL,24,2063,ACTIVE,2024-12-20,2028-08-20,2068900.0,10.58,33,2,112378.58
907695,704798,AL,24,2063,ACTIVE,2022-05-30,2026-02-28,2817600.0,10.68,12,2,150509.53
907696,704799,CL,19,2002,CLOSED,2019-12-17,2020-07-17,81100.0,14.85,0,0,0.0
907697,704799,TWL,20,2080,ACTIVE,2019-11-30,2021-09-30,79900.0,12.44,272,9,34890.32
907698,704800,AL,13,2107,ACTIVE,2020-08-17,2023-07-17,1357000.0,10.1,28,2,88726.03
907699,704800,MFI,20,2031,CLOSED,2021-06-11,2021-12-11,54200.0,19.72,0,0,0.0
907700,704800,GL,20,2080,ACTIVE,2025-12-10,2026-12-10,1058100.0,8.13,53,1,91486.25
907701,704801,GL,24,2047,CLOSED,2022-03-19,2023-03-19,82400.0,9.07,0,0,0.0
907702,704802,MFI,10,2045,ACTIVE,2018-09-01,2019-07-01,72600.0,23.17,31,1,7900.54
907703,704803,CL,23,2005,ACTIVE,2025-11-01,2027-01-01,454200.0,14.06,30,1,34956.12
907704,704804,PL,9,2057,ACTIVE,2019-01-23,2020-04-23,409300.0,15.62,44,1,29825.58
907705,704805,TWL,25,2068,CLOSED,2021-11-17,2023-04-17,221400.0,13.5,0,0,0.0
907706,704806,CL,7,2087,ACTIVE,2023-07-16,2024-02-16,346800.0,19.06,6,2,103019.26
907707,704806,TWL,10,2045,ACTIVE,2018-02-20,2019-07-20,30200.0,16.81,257,8,15102.45
907708,704806,GL,1,2032,CLOSED,2019-06-09,2019-12-09,136700.0,11.1,0,0,0.0
907709,704806,CL,9,2006,CLOSED,2019-10-10,2020-09-10,72800.0,19.06,0,0,0.0
907710,704807,AL,8,2038,ACTIVE,2024-12-30,2026-05-30,1120900.0,11.69,233,7,484015.55
907711,704808,LAP,9,2001,CLOSED,2023-09-27,2029-08-27,4480000.0,10.96,0,0,0.0
907712,704808,PL,1,2049,ACTIVE,2022-10-09,2024-06-09,251100.0,15.67,9,1,14162.16
907713,704809,GL,24,2047,ACTIVE,2020-11-22,2021-05-22,1349800.0,9.19,202,6,1349800.0
907714,704810,AL,15,2074,CLOSED,2023-10-04,2026-05-04,934000.0,10.67,0,0,0.0
907715,704811,EL,23,2041,ACTIVE,2018-03-14,2022-05-14,2210300.0,9.73,248,8,416247.58
907716,704811,EL,25,2061,CLOSED,2024-04-26,2026-04-26,2929800.0,9.63,0,0,0.0
907717,704812,HL,18,2103,CLOSED,2023-10-21,2029-04-21,1558700.0,9.35,0,0,0.0
907718,704812,GL,15,2074,ACTIVE,2025-01-27,2026-01-27,64500.0,9.19,18,1,5603.39
907719,704813,EL,15,2015,CLOSED,2021-09-15,2025-09-15,290700.0,10.9,0,0,0.0
907720,704814,BL,22,2019,ACTIVE,2025-10-03,2026-10-03,906900.0,16.76,40,1,81472.43
907721,704815,PL,16,2037,CLOSED,2023-03-24,2024-10-24,707600.0,19.06,0,0,0.0
907722,704816,CL,12,2086,CLOSED,2025-03-07,2026-02-07,310100.0,14.71,0,0,0.0
907723,704817,GL,14,2119,ACTIVE,2020-08-01,2021-04-01,159300.0,8.86,36,1,20428.94
907724,704818,GL,11,2039,CLOSED,2019-07-14,2020-02-14,1595300.0,10.58,0,0,0.0
907725,704819,GL,17,2051,CLOSED,2024-06-19,2025-06-19,592200.0,9.64,0,0,0.0
907726,704820,TWL,9,2057,CLOSED,2025-11-04,2027-05-04,274200.0,11.87,0,0,0.0
907727,704820,GL,5,2014,ACTIVE,2020-03-21,2021-03-21,800400.0,8.55,38,1,69335.23
907728,704821,TWL,6,2042,ACTIVE,2025-08-08,2026-10-08,85800.0,13.7,7,2,13107.57
907729,704822,AL,2,2062,CLOSED,2025-09-12,2026-10-12,500400.0,12.17,0,0,0.0
907730,704823,PL,9,2046,CLOSED,2018-05-03,2019-06-03,360400.0,16.49,0,0,0.0
907731,704823,TWL,9,2006,CLOSED,2020-10-17,2021-12-17,152700.0,13.09,0,0,0.0
907732,704824,MFI,15,2012,ACTIVE,2025-09-22,2026-05-22,53900.0,22.55,256,8,53900.0
907733,704824,MFI,24,2047,CLOSED,2023-12-24,2024-12-24,81900.0,23.01,0,0,0.0
907734,704825,AL,8,2038,CLOSED,2023-06-06,2024-06-06,2831300.0,11.01,0,0,0.0
907735,704825,CL,2,2062,CLOSED,2024-02-13,2025-03-13,414800.0,14.97,0,0,0.0
907736,704826,EL,12,2072,CLOSED,2021-07-26,2026-06-26,276300.0,9.21,0,0,0.0
907737,704826,MFI,13,2029,CLOSED,2025-06-06,2025-12-06,29800.0,20.31,0,0,0.0
907738,704827,PL,24,2089,ACTIVE,2025-03-19,2027-01-19,629300.0,15.28,50,1,32563.81
907739,704828,GL,25,2068,CLOSED,2024-05-27,2025-02-27,99300.0,8.39,0,0,0.0
907740,704828,BL,24,2016,CLOSED,2023-12-24,2024-12-24,3153800.0,16.63,0,0,0.0
907741,704829,PL,25,2011,CLOSED,2023-01-19,2024-11-19,198900.0,17.78,0,0,0.0
907742,704829,TWL,16,2024,CLOSED,2021-12-31,2023-02-28,253200.0,14.15,0,0,0.0
907743,704829,EL,25,2011,ACTIVE,2020-01-22,2024-12-22,289700.0,10.52,14,2,12456.02
907744,704830,EL,15,2073,CLOSED,2023-12-13,2028-01-13,525600.0,11.16,0,0,0.0
907745,704831,MFI,4,2025,ACTIVE,2025-03-04,2025-12-04,46000.0,22.1,294,9,46000.0
907746,704832,PL,10,2095,ACTIVE,2025-11-10,2027-10-10,523600.0,13.51,45,1,25677.82
907747,704833,PL,1,2032,CLOSED,2025-03-17,2026-03-17,118600.0,19.16,0,0,0.0
907748,704833,AL,23,2041,ACTIVE,2024-02-14,2025-06-14,766900.0,12.2,134,4,203513.25
907749,704833,MFI,3,2117,CLOSED,2023-07-19,2024-06-19,83200.0,23.23,0,0,0.0
907750,704834,GL,11,2075,CLOSED,2021-07-15,2022-07-15,34100.0,8.35,0,0,0.0
907751,704835,MFI,13,2094,CLOSED,2025-01-07,2025-10-07,21400.0,22.99,0,0,0.0
907752,704836,AL,16,2027,ACTIVE,2024-08-23,2025-11-23,1122100.0,11.75,30,1,80016.21
907753,704836,TWL,17,2028,ACTIVE,2018-09-14,2020-02-14,53700.0,14.77,34,1,3477.35
907754,704837,PL,21,2008,ACTIVE,2025-02-24,2026-05-24,835600.0,15.61,94,3,180324.13
907755,704838,CL,4,2025,CLOSED,2024-07-24,2025-03-24,118100.0,16.28,0,0,0.0
907756,704839,BL,4,2091,ACTIVE,2018-08-13,2022-12-13,4988400.0,17.12,32,2,267319.93
907757,704839,PL,7,2079,CLOSED,2021-05-24,2022-05-24,799800.0,16.61,0,0,0.0
907758,704839,PL,3,2110,CLOSED,2020-09-20,2022-03-20,128200.0,16.33,0,0,0.0
907759,704840,PL,9,2046,CLOSED,2023-11-11,2024-11-11,67200.0,18.32,0,0,0.0
907760,704840,TWL,9,2001,ACTIVE,2020-09-28,2022-03-28,193500.0,14.73,2,2,23657.29
907761,704840,LAP,15,2015,CLOSED,2018-09-25,2023-07-25,14730500.0,12.31,0,0,0.0
907762,704841,CL,9,2006,CLOSED,2020-08-02,2022-02-02,36100.0,15.19,0,0,0.0
907763,704842,CL,5,2003,ACTIVE,2025-12-20,2026-09-20,11900.0,14.01,5,1,1384.44
907764,704842,MFI,18,2120,CLOSED,2024-10-05,2025-04-05,44300.0,20.06,0,0,0.0
907765,704843,PL,21,2066,CLOSED,2025-12-04,2027-01-04,1117800.0,18.82,0,0,0.0
907766,704843,MFI,22,2019,CLOSED,2025-03-22,2026-03-22,49500.0,22.96,0,0,0.0
907767,704844,EL,1,2020,ACTIVE,2022-05-16,2024-06-16,552700.0,9.48,201,6,142727.18
907768,704845,CL,18,2077,CLOSED,2025-10-08,2026-06-08,270900.0,14.52,0,0,0.0
907769,704845,AL,17,2058,CLOSED,2021-06-09,2023-08-09,1607200.0,10.66,0,0,0.0
907770,704846,PL,3,2084,CLOSED,2025-05-22,2026-09-22,251300.0,14.21,0,0,0.0
907771,704847,CL,25,2011,ACTIVE,2023-10-07,2025-02-07,114700.0,17.85,34,1,7989.73
907772,704848,AL,25,2013,ACTIVE,2019-04-01,2021-11-01,1423200.0,10.09,24,1,51907.89
907773,704848,CL,25,2061,ACTIVE,2025-07-05,2026-09-05,415100.0,14.26,212,7,216126.58
907774,704849,CL,17,2051,CLOSED,2024-12-23,2026-03-23,132700.0,16.86,0,0,0.0
907775,704849,BL,13,2094,ACTIVE,2023-03-04,2027-12-04,4554500.0,18.84,249,8,906808.37
907776,704850,MFI,6,2044,CLOSED,2023-07-04,2024-04-04,15300.0,21.54,0,0,0.0
907777,704851,PL,7,2112,CLOSED,2022-02-25,2023-03-25,200900.0,17.14,0,0,0.0
907778,704852,MFI,9,2057,CLOSED,2024-08-12,2025-07-12,71900.0,22.6,0,0,0.0
907779,704853,PL,9,2046,ACTIVE,2025-03-20,2026-04-20,382200.0,17.86,37,1,32076.04
907780,704854,GL,22,2022,ACTIVE,2025-06-09,2026-06-09,1917500.0,9.49,14,1,166805.08
907781,704855,AL,14,2043,CLOSED,2025-02-18,2028-05-18,2089800.0,10.87,0,0,0.0
907782,704856,BL,6,2044,CLOSED,2025-04-02,2027-09-02,668500.0,16.21,0,0,0.0
907783,704856,BL,21,2036,CLOSED,2021-11-09,2026-05-09,121100.0,16.12,0,0,0.0
907784,704856,TWL,14,2009,CLOSED,2023-10-21,2025-07-21,41400.0,12.03,0,0,0.0
907785,704857,MFI,17,2058,CLOSED,2020-01-30,2020-08-30,41000.0,21.65,0,0,0.0
907786,704858,AL,20,2080,CLOSED,2019-01-30,2020-05-30,2716400.0,10.49,0,0,0.0
907787,704859,GL,11,2039,CLOSED,2020-06-25,2021-06-25,915100.0,8.77,0,0,0.0
907788,704860,PL,21,2113,CLOSED,2024-03-28,2026-03-28,258500.0,13.8,0,0,0.0
907789,704861,TWL,3,2097,CLOSED,2024-02-15,2025-10-15,50700.0,15.03,0,0,0.0
907790,704861,CL,4,2115,CLOSED,2019-03-08,2020-08-08,456200.0,16.93,0,0,0.0
907791,704861,TWL,4,2115,ACTIVE,2023-07-05,2024-09-05,159000.0,14.91,39,1,12291.07
907792,704861,CL,4,2085,CLOSED,2020-07-12,2021-01-12,114100.0,16.66,0,0,0.0
907793,704861,PL,16,2024,CLOSED,2022-12-19,2024-06-19,775200.0,18.64,0,0,0.0
907794,704861,MFI,3,2117,CLOSED,2020-12-02,2021-07-02,54500.0,22.86,0,0,0.0
907795,704862,PL,10,2071,CLOSED,2020-06-25,2022-03-25,638600.0,15.89,0,0,0.0
907796,704862,PL,10,2095,CLOSED,2024-11-25,2026-05-25,269600.0,16.02,0,0,0.0
907797,704863,PL,1,2004,CLOSED,2019-01-17,2020-09-17,63900.0,16.32,0,0,0.0
907798,704864,GL,23,2069,CLOSED,2023-10-31,2024-04-30,771100.0,8.56,0,0,0.0
907799,704865,GL,19,2002,CLOSED,2021-01-21,2021-08-21,1316300.0,8.78,0,0,0.0
907800,704866,PL,2,2106,ACTIVE,2025-08-14,2026-11-14,1000600.0,14.57,30,3,214866.73
907801,704866,CL,2,2118,ACTIVE,2021-12-22,2022-10-22,283800.0,14.33,31,1,29919.86
907802,704866,BL,1,2020,ACTIVE,2022-02-18,2023-07-18,4093100.0,16.39,164,5,1303299.59
907803,704867,GL,4,2025,CLOSED,2025-01-18,2025-10-18,228900.0,8.67,0,0,0.0
907804,704868,CL,16,2078,ACTIVE,2024-12-29,2025-11-29,208200.0,14.54,45,2,39934.53
907805,704868,BL,13,2094,CLOSED,2022-05-06,2025-08-06,366800.0,16.56,0,0,0.0
907806,704869,AL,9,2057,ACTIVE,2025-11-21,2028-02-21,1182900.0,11.01,343,11,517358.54
907807,704870,GL,9,2006,CLOSED,2019-02-25,2020-01-25,407400.0,9.03,0,0,0.0
907808,704871,PL,18,2103,ACTIVE,2021-02-16,2022-07-16,412000.0,17.46,39,2,53883.23
907809,704871,MFI,21,2088,CLOSED,2018-09-25,2019-07-25,85900.0,22.01,0,0,0.0
907810,704872,CL,4,2025,CLOSED,2020-08-25,2022-02-25,240900.0,13.98,0,0,0.0
907811,704873,TWL,22,2093,CLOSED,2021-05-20,2022-05-20,38900.0,11.98,0,0,0.0
907812,704873,PL,21,2066,CLOSED,2025-05-28,2027-03-28,919600.0,14.28,0,0,0.0
907813,704873,MFI,7,2087,CLOSED,2023-02-14,2023-08-14,14600.0,19.91,0,0,0.0
907814,704874,GL,13,2107,ACTIVE,2021-04-11,2021-10-11,861900.0,8.2,55,1,146106.73
907815,704875,EL,12,2096,ACTIVE,2018-10-04,2021-03-04,111000.0,10.47,66,2,8585.1
907816,704876,TWL,18,2098,CLOSED,2022-01-26,2023-01-26,165700.0,13.1,0,0,0.0
907817,704877,AL,25,2011,ACTIVE,2024-09-05,2028-06-05,255100.0,9.0,55,1,6650.38
907818,704878,AL,24,2063,ACTIVE,2023-05-23,2026-07-23,1944300.0,10.24,50,1,59616.4
907819,704878,CL,24,2063,CLOSED,2020-12-09,2021-06-09,322400.0,14.06,0,0,0.0
907820,704878,AL,24,2063,ACTIVE,2022-11-02,2025-03-02,163500.0,10.02,40,2,12982.58
907821,704879,PL,1,2032,CLOSED,2020-07-28,2021-09-28,391500.0,19.25,0,0,0.0
907822,704879,AL,3,2052,ACTIVE,2025-08-05,2026-09-05,113200.0,12.05,39,1,9239.22
907823,704880,BL,14,2050,ACTIVE,2025-12-09,2029-03-09,142800.0,16.21,38,1,4671.35
907824,704881,HL,15,2015,CLOSED,2020-07-21,2026-05-21,4635400.0,9.25,0,0,0.0
907825,704882,AL,12,2086,ACTIVE,2022-05-20,2024-03-20,2939000.0,11.44,306,10,1412132.98
907826,704882,TWL,13,2007,CLOSED,2022-05-11,2023-08-11,49200.0,13.55,0,0,0.0
907827,704883,PL,24,2016,ACTIVE,2019-11-13,2021-10-13,1115800.0,16.37,36,1,56083.47
907828,704884,PL,4,2085,ACTIVE,2024-06-14,2025-12-14,317700.0,17.74,108,3,58943.93
907829,704885,MFI,12,2033,ACTIVE,2025-08-15,2026-07-15,5700.0,21.64,24,2,1121.41
907830,704886,GL,11,2039,ACTIVE,2025-07-17,2026-05-17,540100.0,9.85,31,1,56018.4
907831,704887,CL,25,2068,CLOSED,2023-11-12,2025-01-12,125400.0,16.84,0,0,0.0
907832,704887,LAP,25,2068,CLOSED,2025-08-18,2032-02-18,789900.0,12.3,0,0,0.0
907833,704888,MFI,24,2047,ACTIVE,2018-12-07,2019-10-07,12600.0,21.34,16,1,1362.27
907834,704888,HL,24,2016,ACTIVE,2021-10-26,2026-03-26,731500.0,9.67,41,1,16877.09
907835,704888,AL,24,2089,CLOSED,2022-02-12,2023-07-12,1846000.0,11.51,0,0,0.0
907836,704889,LAP,19,2109,CLOSED,2022-07-22,2025-05-22,3679400.0,12.35,0,0,0.0
907837,704890,TWL,12,2086,ACTIVE,2025-01-28,2026-08-28,138500.0,12.5,41,1,7989.16
907838,704890,EL,11,2075,ACTIVE,2025-02-25,2028-02-25,2906600.0,9.47,126,4,365034.73
907839,704891,EL,1,2004,CLOSED,2020-02-07,2022-05-07,1528000.0,9.11,0,0,0.0
907840,704892,GL,4,2115,CLOSED,2020-12-27,2021-07-27,81500.0,8.91,0,0,0.0
907841,704893,GL,21,2008,ACTIVE,2022-03-15,2022-10-15,357000.0,9.48,41,1,52211.81
907842,704894,EL,15,2015,ACTIVE,2025-10-14,2029-10-14,166700.0,9.6,43,2,8292.34
907843,704895,CL,22,2019,CLOSED,2025-04-10,2026-02-10,463100.0,15.39,0,0,0.0
907844,704895,EL,21,2113,ACTIVE,2021-08-04,2023-09-04,2435500.0,9.9,3,3,319350.58
907845,704896,GL,15,2012,ACTIVE,2021-12-06,2022-12-06,263300.0,7.07,16,1,22657.5
907846,704896,GL,17,2058,CLOSED,2022-08-23,2023-04-23,1406600.0,7.14,0,0,0.0
907847,704896,EL,15,2012,ACTIVE,2021-09-18,2025-04-18,1726800.0,8.09,54,1,46083.33
907848,704897,EL,9,2046,CLOSED,2019-09-01,2022-03-01,441900.0,11.82,0,0,0.0
907849,704897,AL,9,2006,ACTIVE,2025-01-07,2026-12-07,1318300.0,13.08,38,1,64410.14
907850,704898,GL,20,2056,ACTIVE,2024-12-16,2025-11-16,1200200.0,10.81,25,1,114067.01
907851,704898,GL,22,2026,CLOSED,2023-12-16,2024-08-16,92000.0,10.92,0,0,0.0
907852,704899,GL,9,2001,CLOSED,2024-05-31,2025-02-28,321100.0,9.92,0,0,0.0
907853,704900,PL,12,2017,ACTIVE,2021-04-05,2023-04-05,662600.0,14.98,115,3,94006.15
907854,704900,AL,13,2107,CLOSED,2023-07-12,2026-07-12,148300.0,10.65,0,0,0.0
907855,704901,BL,8,2034,CLOSED,2025-03-08,2028-09-08,1421000.0,16.44,0,0,0.0
907856,704902,BL,14,2100,CLOSED,2019-07-08,2022-08-08,682500.0,17.48,0,0,0.0
907857,704902,LAP,14,2050,ACTIVE,2024-02-07,2027-08-07,7923500.0,11.58,256,8,1765342.17
907858,704903,PL,9,2001,CLOSED,2021-02-01,2022-11-01,569400.0,16.09,0,0,0.0
907859,704904,PL,7,2079,CLOSED,2025-12-26,2026-12-26,569800.0,16.76,0,0,0.0
907860,704905,PL,4,2090,ACTIVE,2021-09-20,2023-02-20,1253500.0,15.04,43,1,81309.6
907861,704906,MFI,14,2050,ACTIVE,2023-02-09,2023-11-09,94600.0,18.48,283,9,94600.0
907862,704907,GL,13,2094,CLOSED,2024-05-10,2025-02-10,1820000.0,10.7,0,0,0.0
907863,704908,TWL,6,2044,CLOSED,2021-05-19,2023-03-19,31100.0,10.58,0,0,0.0
907864,704909,TWL,4,2085,CLOSED,2024-06-19,2025-07-19,30400.0,11.68,0,0,0.0
907865,704910,EL,16,2024,CLOSED,2025-08-03,2030-07-03,182800.0,10.21,0,0,0.0
907866,704911,LAP,11,2030,CLOSED,2020-07-14,2025-10-14,1599900.0,10.7,0,0,0.0
907867,704912,CL,2,2059,CLOSED,2022-02-01,2023-04-01,488300.0,15.01,0,0,0.0
907868,704912,MFI,2,2108,CLOSED,2024-05-14,2025-05-14,12900.0,21.12,0,0,0.0
907869,704913,GL,19,2111,ACTIVE,2023-02-12,2024-02-12,1121900.0,8.64,31,1,97224.6
907870,704913,LAP,20,2065,ACTIVE,2019-09-24,2023-11-24,2867000.0,11.08,41,1,71193.16
907871,704913,CL,19,2111,CLOSED,2021-03-17,2022-03-17,280500.0,14.39,0,0,0.0
907872,704914,CL,5,2035,ACTIVE,2022-09-06,2023-12-06,127300.0,14.51,42,1,9219.15
907873,704914,CL,6,2042,CLOSED,2024-04-26,2025-07-26,12700.0,14.63,0,0,0.0
907874,704915,LAP,18,2103,CLOSED,2018-05-08,2024-11-08,2189400.0,10.44,0,0,0.0
907875,704916,PL,6,2044,CLOSED,2025-05-20,2026-06-20,189600.0,18.31,0,0,0.0
907876,704916,PL,6,2053,CLOSED,2022-06-07,2024-03-07,198900.0,18.04,0,0,0.0
907877,704916,TWL,5,2102,ACTIVE,2024-03-28,2025-04-28,252900.0,14.34,14,1,20870.41
907878,704917,BL,11,2064,ACTIVE,2025-06-07,2029-12-07,3909000.0,16.39,104,3,300186.4
907879,704918,CL,5,2014,CLOSED,2023-01-16,2023-07-16,241200.0,15.89,0,0,0.0
907880,704919,MFI,7,2079,ACTIVE,2021-03-10,2021-09-10,61600.0,21.34,15,1,10724.35
907881,704920,TWL,23,2041,CLOSED,2025-04-18,2026-06-18,31800.0,12.07,0,0,0.0
907882,704921,MFI,22,2026,ACTIVE,2025-02-21,2025-11-21,17600.0,21.41,20,1,2096.71
907883,704921,MFI,3,2067,CLOSED,2024-06-28,2025-03-28,44400.0,21.59,0,0,0.0
907884,704922,CL,21,2036,CLOSED,2020-06-25,2021-12-25,13700.0,16.86,0,0,0.0
907885,704922,CL,3,2084,CLOSED,2018-06-17,2019-07-17,110800.0,16.93,0,0,0.0
907886,704923,MFI,12,2033,CLOSED,2024-03-22,2025-02-22,9000.0,20.86,0,0,0.0
907887,704923,MFI,5,2003,CLOSED,2024-01-31,2025-01-31,10300.0,20.99,0,0,0.0
907888,704924,MFI,9,2057,ACTIVE,2021-08-09,2022-04-09,73600.0,20.59,43,1,9757.04
907889,704924,PL,2,2059,ACTIVE,2021-10-18,2023-10-18,1258700.0,15.09,46,1,60325.39
907890,704925,CL,23,2069,ACTIVE,2018-04-07,2018-11-07,391600.0,15.25,214,7,391600.0
907891,704926,BL,23,2069,ACTIVE,2023-12-27,2027-02-27,168800.0,18.77,13,1,5834.67
907892,704926,PL,23,2069,CLOSED,2025-02-07,2026-09-07,1366800.0,18.69,0,0,0.0
907893,704926,BL,23,2069,ACTIVE,2024-11-09,2026-03-09,2206300.0,18.59,115,3,456043.71
907894,704926,PL,23,2005,CLOSED,2022-01-25,2023-01-25,184000.0,18.3,0,0,0.0
907895,704927,LAP,7,2018,CLOSED,2025-03-27,2032-03-27,13486400.0,10.58,0,0,0.0
907896,704928,GL,7,2087,ACTIVE,2018-02-07,2018-11-07,503700.0,9.09,289,9,503700.0
907897,704928,GL,22,2026,ACTIVE,2023-05-02,2024-04-02,1519600.0,8.95,334,11,1519600.0
907898,704929,GL,20,2080,CLOSED,2020-09-10,2021-06-10,1341700.0,7.03,0,0,0.0
907899,704930,MFI,11,2075,CLOSED,2021-12-31,2022-09-30,21700.0,22.47,0,0,0.0
907900,704931,MFI,8,2070,CLOSED,2025-10-06,2026-05-06,94200.0,19.69,0,0,0.0
907901,704932,MFI,11,2039,CLOSED,2020-04-27,2021-01-27,35900.0,21.36,0,0,0.0
907902,704932,CL,1,2049,ACTIVE,2023-08-23,2024-11-23,200500.0,15.46,34,2,29009.1
907903,704933,PL,17,2051,CLOSED,2021-05-03,2023-05-03,1362000.0,16.47,0,0,0.0
907904,704934,AL,5,2035,CLOSED,2018-06-27,2019-07-27,1310900.0,9.47,0,0,0.0
907905,704935,AL,12,2096,ACTIVE,2020-07-07,2021-07-07,1098500.0,11.2,63,2,191691.68
907906,704936,TWL,7,2087,CLOSED,2025-07-29,2027-05-29,228700.0,11.84,0,0,0.0
907907,704937,AL,13,2094,CLOSED,2023-06-25,2026-05-25,403800.0,11.11,0,0,0.0
907908,704938,PL,23,2005,CLOSED,2019-06-30,2021-02-28,723200.0,18.18,0,0,0.0
907909,704939,MFI,7,2087,CLOSED,2018-03-20,2019-01-20,19600.0,21.18,0,0,0.0
907910,704940,PL,13,2054,CLOSED,2021-02-03,2022-11-03,1073900.0,16.83,0,0,0.0
907911,704941,GL,18,2120,CLOSED,2024-08-27,2025-04-27,1470200.0,8.87,0,0,0.0
907912,704941,TWL,17,2058,ACTIVE,2021-05-30,2022-08-30,52900.0,13.39,39,1,3807.15
907913,704941,GL,22,2093,CLOSED,2025-07-14,2026-02-14,178000.0,8.94,0,0,0.0
907914,704941,BL,9,2001,CLOSED,2021-08-01,2023-03-01,3535200.0,17.14,0,0,0.0
907915,704942,BL,3,2097,ACTIVE,2023-10-04,2026-11-04,1905300.0,14.54,26,2,126110.06
907916,704943,PL,11,2064,ACTIVE,2019-05-17,2021-03-17,706500.0,15.15,38,2,72583.79
907917,704943,EL,11,2075,ACTIVE,2018-05-12,2022-01-12,1195700.0,9.39,71,2,63703.79
907918,704944,BL,5,2003,ACTIVE,2019-02-24,2020-12-24,3021300.0,19.48,210,7,1079645.49
907919,704945,AL,24,2063,ACTIVE,2024-01-05,2025-02-05,2239300.0,9.25,13,1,180301.27
907920,704945,PL,24,2089,ACTIVE,2025-07-27,2026-11-27,857700.0,11.87,213,7,391910.76
907921,704945,LAP,24,2016,CLOSED,2022-05-18,2024-10-18,654000.0,9.71,0,0,0.0
907922,704946,AL,16,2078,CLOSED,2022-07-05,2023-11-05,1722500.0,10.61,0,0,0.0
907923,704946,PL,5,2014,CLOSED,2018-04-29,2019-09-29,297600.0,15.31,0,0,0.0
907924,704947,GL,21,2113,CLOSED,2023-07-05,2024-05-05,139500.0,10.23,0,0,0.0
907925,704948,GL,21,2066,CLOSED,2025-06-21,2026-05-21,44800.0,8.26,0,0,0.0
907926,704949,PL,5,2003,CLOSED,2021-12-07,2023-10-07,129900.0,12.56,0,0,0.0
907927,704950,CL,14,2050,ACTIVE,2019-03-16,2020-04-16,72400.0,16.21,22,1,6028.54
907928,704951,EL,2,2062,CLOSED,2021-04-28,2023-12-28,1057000.0,9.46,0,0,0.0
907929,704952,TWL,11,2039,CLOSED,2025-05-13,2026-07-13,266300.0,14.79,0,0,0.0
907930,704953,MFI,4,2091,CLOSED,2025-12-22,2026-12-22,10000.0,21.43,0,0,0.0
907931,704954,GL,10,2095,CLOSED,2024-02-15,2024-11-15,376900.0,9.23,0,0,0.0
907932,704954,PL,21,2113,ACTIVE,2025-12-27,2027-06-27,930500.0,16.83,38,1,58039.59
907933,704955,PL,9,2006,CLOSED,2025-09-11,2027-05-11,338200.0,16.35,0,0,0.0
907934,704956,TWL,4,2115,ACTIVE,2020-11-29,2022-08-29,108000.0,13.17,34,1,5723.48
907935,704956,PL,1,2049,ACTIVE,2022-06-22,2023-08-22,1144300.0,15.58,190,6,515811.09
907936,704957,TWL,24,2063,CLOSED,2025-12-19,2027-12-19,251300.0,11.81,0,0,0.0
907937,704958,GL,7,2112,CLOSED,2024-07-09,2025-01-09,616700.0,8.24,0,0,0.0
907938,704959,TWL,5,2035,CLOSED,2019-11-16,2021-06-16,106300.0,12.73,0,0,0.0
907939,704959,EL,16,2078,CLOSED,2021-08-02,2026-07-02,765800.0,9.91,0,0,0.0
907940,704960,PL,19,2109,ACTIVE,2019-02-17,2020-09-17,623800.0,13.24,16,1,36174.04
907941,704960,AL,19,2002,CLOSED,2022-12-10,2025-04-10,386200.0,10.01,0,0,0.0
907942,704961,BL,20,2080,ACTIVE,2025-05-20,2030-01-20,4587000.0,20.0,62,2,247068.27
907943,704961,CL,20,2031,ACTIVE,2025-09-19,2026-11-19,94200.0,18.29,26,3,21897.88
907944,704962,AL,13,2029,ACTIVE,2025-08-30,2029-07-30,914500.0,10.77,52,1,23721.93
907945,704963,TWL,4,2090,ACTIVE,2025-09-22,2027-06-22,193200.0,12.49,48,1,10183.66
907946,704964,PL,24,2016,ACTIVE,2018-07-03,2019-12-03,68600.0,15.24,13,2,8855.03
907947,704965,PL,3,2117,ACTIVE,2018-01-07,2020-01-07,132000.0,12.76,54,1,6194.78
907948,704965,CL,17,2051,ACTIVE,2024-11-07,2026-03-07,209000.0,13.5,355,11,147658.93
907949,704966,MFI,2,2118,CLOSED,2025-10-31,2026-04-30,6000.0,21.05,0,0,0.0
907950,704967,TWL,12,2086,CLOSED,2021-08-14,2022-10-14,128700.0,11.1,0,0,0.0
907951,704968,MFI,18,2103,CLOSED,2022-10-14,2023-04-14,55700.0,21.12,0,0,0.0
907952,704969,BL,12,2033,ACTIVE,2023-11-07,2027-05-07,1937700.0,16.47,31,1,60185.02
907953,704970,PL,5,2099,ACTIVE,2023-09-05,2025-04-05,482600.0,15.85,1,1,28510.27
907954,704971,MFI,16,2024,ACTIVE,2024-10-01,2025-09-01,7200.0,21.18,123,4,2779.8
907955,704972,PL,22,2093,CLOSED,2023-12-15,2025-07-15,93000.0,14.79,0,0,0.0
907956,704973,PL,6,2053,CLOSED,2024-03-31,2025-04-30,1290900.0,14.55,0,0,0.0
907957,704974,PL,12,2086,CLOSED,2025-01-13,2026-09-13,233300.0,18.06,0,0,0.0
907958,704975,BL,23,2005,CLOSED,2020-03-26,2021-10-26,1483100.0,15.95,0,0,0.0
907959,704976,HL,16,2078,CLOSED,2022-11-10,2027-05-10,766700.0,9.47,0,0,0.0
907960,704977,LAP,20,2056,ACTIVE,2019-01-13,2022-12-13,1838200.0,11.12,55,1,47977.45
907961,704978,AL,6,2053,ACTIVE,2020-07-14,2024-04-14,2602200.0,12.91,7,2,144177.04
907962,704978,MFI,5,2035,ACTIVE,2020-01-28,2020-10-28,17500.0,24.33,294,9,17500.0
907963,704979,GL,3,2083,CLOSED,2025-04-14,2026-02-14,102900.0,8.9,0,0,0.0
907964,704980,PL,22,2093,CLOSED,2021-10-13,2023-06-13,310800.0,20.17,0,0,0.0
907965,704981,EL,2,2105,CLOSED,2018-06-27,2021-11-27,120800.0,9.23,0,0,0.0
907966,704981,GL,1,2004,CLOSED,2024-08-17,2025-07-17,325500.0,8.38,0,0,0.0
907967,704982,BL,5,2102,ACTIVE,2021-07-18,2023-07-18,102100.0,18.32,11,2,9996.6
907968,704982,CL,3,2097,CLOSED,2022-04-30,2023-05-30,102100.0,15.89,0,0,0.0
907969,704983,BL,14,2009,CLOSED,2020-12-22,2022-08-22,355300.0,17.77,0,0,0.0
907970,704983,AL,14,2119,ACTIVE,2022-01-11,2025-03-11,1845900.0,11.26,14,1,57436.46
907971,704984,EL,11,2064,ACTIVE,2021-03-09,2025-11-09,397300.0,10.06,29,1,8844.83
907972,704984,PL,11,2048,CLOSED,2022-05-26,2024-05-26,165400.0,16.3,0,0,0.0
907973,704985,CL,21,2066,CLOSED,2023-12-24,2025-02-24,440600.0,16.59,0,0,0.0
907974,704986,CL,10,2045,CLOSED,2025-04-08,2026-05-08,225700.0,15.25,0,0,0.0
907975,704986,PL,12,2017,ACTIVE,2025-06-14,2027-06-14,966300.0,16.04,24,1,46707.2
907976,704986,HL,10,2101,CLOSED,2024-11-30,2030-12-30,5393900.0,9.75,0,0,0.0
907977,704987,EL,22,2093,ACTIVE,2022-10-25,2027-09-25,145500.0,10.8,365,12,36124.25
907978,704988,AL,19,2111,CLOSED,2025-04-04,2028-10-04,907000.0,10.89,0,0,0.0
907979,704988,CL,2,2108,CLOSED,2024-03-31,2024-10-31,400100.0,15.31,0,0,0.0
907980,704989,MFI,4,2025,CLOSED,2025-07-25,2026-05-25,5700.0,19.77,0,0,0.0
907981,704989,GL,21,2113,ACTIVE,2024-01-10,2024-07-10,1062700.0,8.5,151,5,888693.95
907982,704990,AL,15,2074,ACTIVE,2023-07-05,2024-07-05,1600700.0,9.88,39,2,277839.28
907983,704991,PL,14,2043,CLOSED,2023-11-16,2025-04-16,944500.0,13.21,0,0,0.0
907984,704991,TWL,14,2100,CLOSED,2021-08-29,2023-01-29,135200.0,11.47,0,0,0.0
907985,704992,TWL,3,2021,CLOSED,2025-11-19,2027-03-19,59600.0,13.45,0,0,0.0
907986,704993,TWL,21,2088,CLOSED,2025-10-07,2027-05-07,268500.0,14.19,0,0,0.0
907987,704993,GL,15,2012,ACTIVE,2022-12-25,2023-11-25,1869800.0,9.93,197,6,1040870.66
907988,704993,BL,19,2109,CLOSED,2024-08-10,2026-01-10,418300.0,18.17,0,0,0.0
907989,704994,EL,14,2082,CLOSED,2024-10-09,2027-05-09,2511300.0,9.29,0,0,0.0
907990,704995,LAP,11,2030,CLOSED,2025-02-05,2029-04-05,10149000.0,10.05,0,0,0.0
907991,704996,CL,4,2085,ACTIVE,2025-05-27,2026-05-27,29300.0,16.03,16,2,5212.97
907992,704996,LAP,3,2052,CLOSED,2021-02-02,2027-11-02,11063800.0,12.22,0,0,0.0
907993,704996,EL,7,2079,CLOSED,2020-12-05,2025-04-05,68300.0,10.76,0,0,0.0
907994,704997,AL,11,2039,CLOSED,2019-01-05,2023-01-05,756000.0,9.98,0,0,0.0
907995,704998,CL,4,2085,CLOSED,2025-08-04,2026-04-04,284800.0,15.31,0,0,0.0
907996,704998,BL,3,2117,CLOSED,2020-11-10,2023-06-10,3905000.0,17.01,0,0,0.0
907997,704999,MFI,8,2076,CLOSED,2024-11-07,2025-09-07,13900.0,22.93,0,0,0.0
907998,705000,HL,9,2001,CLOSED,2025-01-27,2031-04-27,1920000.0,11.02,0,0,0.0
907999,705000,PL,13,2107,ACTIVE,2025-07-11,2026-11-11,930600.0,21.54,308,10,612251.36
908000,705000,CL,13,2007,CLOSED,2025-01-04,2026-05-04,88200.0,18.68,0,0,0.0
