NPA_ID,LOAN_ID,AS_OF_DATE,NPA_CATEGORY,DPD_AS_OF_DATE,PROVISION_AMT
1,901355,2026-07-25,REGULAR,50,301.18318
2,906027,2026-07-25,REGULAR,43,156.26487
3,901725,2026-07-25,NPA,235,21935.1572
4,903993,2026-07-25,NPA,130,14402.8047
5,903449,2026-07-25,REGULAR,38,33.46298
6,907491,2026-07-25,NPA,234,99999.99999
7,901155,2026-07-25,REGULAR,38,179.50595
8,906385,2026-07-25,NPA,303,99999.99999
9,902960,2026-07-25,REGULAR,49,18.1462
10,907652,2026-07-25,NPA,277,51939.12104
11,900932,2026-07-25,NPA,272,99999.99999
12,903467,2026-07-25,NPA,245,66838.0
13,904079,2026-07-25,NPA,138,1554.99798
14,900510,2026-07-25,REGULAR,35,36.30497
15,901488,2026-07-25,REGULAR,51,166.90787
16,901056,2026-07-25,REGULAR,42,85.14805
17,907636,2026-07-25,REGULAR,30,81.22345
18,906360,2026-07-25,REGULAR,34,161.36118
19,901914,2026-07-25,NPA,164,99999.99999
20,904055,2026-07-25,REGULAR,52,21.78125
21,902923,2026-07-25,REGULAR,44,12.09405
22,900535,2026-07-25,REGULAR,31,463.524
23,905580,2026-07-25,NPA,347,85675.0236
24,901724,2026-07-25,REGULAR,51,18.04642
25,907611,2026-07-25,REGULAR,34,624.63685
26,906782,2026-07-25,WRITE_OFF,365,99999.99999
27,901640,2026-07-25,REGULAR,30,1509.60638
28,902613,2026-07-25,REGULAR,81,1105.68038
29,904924,2026-07-25,REGULAR,35,113.84353
30,901675,2026-07-25,NPA,94,64169.07562
31,905460,2026-07-25,REGULAR,17,595.41325
32,900034,2026-07-25,REGULAR,48,179.53045
33,903382,2026-07-25,REGULAR,8,123.56163
34,901807,2026-07-25,NPA,263,99999.99999
35,906580,2026-07-25,REGULAR,1,8.66282
36,906301,2026-07-25,NPA,93,45780.48852
37,904685,2026-07-25,REGULAR,35,89.45482
38,904273,2026-07-25,REGULAR,39,119.498
39,902836,2026-07-25,NPA,338,20961.48552
40,904153,2026-07-25,REGULAR,44,520.11662
41,901340,2026-07-25,NPA,242,75311.23612
42,905180,2026-07-25,NPA,261,6583.11744
43,902473,2026-07-25,WRITE_OFF,365,88057.15
44,900676,2026-07-25,NPA,201,99999.99999
45,906947,2026-07-25,REGULAR,22,30.44182
46,904705,2026-07-25,NPA,105,3292.7238
47,902002,2026-07-25,REGULAR,25,200.93558
48,900997,2026-07-25,NPA,164,63914.82842
49,901344,2026-07-25,NPA,295,84273.8624
50,902883,2026-07-25,NPA,255,31581.9024
51,907802,2026-07-25,NPA,164,99999.99999
52,904328,2026-07-25,REGULAR,81,333.54878
53,900771,2026-07-25,REGULAR,34,26.3102
54,901700,2026-07-25,REGULAR,10,67.3118
55,904319,2026-07-25,NPA,201,99999.99999
56,906343,2026-07-25,NPA,284,99999.99999
57,903194,2026-07-25,REGULAR,15,542.1458
58,901269,2026-07-25,REGULAR,11,10.49225
59,907263,2026-07-25,NPA,180,20625.0
60,903412,2026-07-25,NPA,273,99999.99999
61,902485,2026-07-25,REGULAR,42,7.28083
62,907236,2026-07-25,NPA,314,99999.99999
63,906109,2026-07-25,REGULAR,72,255.4697
64,900711,2026-07-25,REGULAR,52,85.4479
65,904386,2026-07-25,REGULAR,41,4.3048
66,904093,2026-07-25,REGULAR,5,107.7867
67,901890,2026-07-25,NPA,308,18474.16568
68,906115,2026-07-25,REGULAR,37,101.04722
69,904321,2026-07-25,REGULAR,41,10.6357
70,901548,2026-07-25,NPA,303,99999.99999
71,904758,2026-07-25,NPA,187,5400.8
72,900559,2026-07-25,REGULAR,9,16.16445
73,904914,2026-07-25,REGULAR,71,40.78395
74,905678,2026-07-25,REGULAR,11,61.1957
75,902571,2026-07-25,REGULAR,40,177.68155
76,901395,2026-07-25,NPA,343,99999.99999
77,906788,2026-07-25,NPA,187,6478.32152
78,907454,2026-07-25,REGULAR,45,25.00035
79,903576,2026-07-25,NPA,233,15622.58632
80,900933,2026-07-25,REGULAR,18,69.31065
81,904385,2026-07-25,NPA,242,63782.6416
82,900037,2026-07-25,WRITE_OFF,365,99999.99999
83,903243,2026-07-25,REGULAR,36,6.6543
84,904427,2026-07-25,NPA,234,99999.99999
85,903435,2026-07-25,REGULAR,42,655.88157
86,901729,2026-07-25,REGULAR,31,53.97938
87,901948,2026-07-25,REGULAR,55,357.89073
88,907210,2026-07-25,REGULAR,45,348.53228
89,905374,2026-07-25,REGULAR,19,64.81307
90,902715,2026-07-25,REGULAR,46,458.22128
91,901499,2026-07-25,NPA,204,3293.61606
92,903807,2026-07-25,REGULAR,3,265.76825
93,900344,2026-07-25,REGULAR,11,28.15162
94,906299,2026-07-25,REGULAR,22,77.5905
95,906220,2026-07-25,NPA,224,99999.99999
96,901263,2026-07-25,NPA,141,99999.99999
97,903447,2026-07-25,REGULAR,48,3.696
98,901411,2026-07-25,NPA,285,99999.99999
99,900186,2026-07-25,NPA,210,38142.0
100,904926,2026-07-25,NPA,171,96761.35872
101,906182,2026-07-25,REGULAR,43,66.0833
102,900756,2026-07-25,NPA,215,47080.0
103,904611,2026-07-25,NPA,167,99999.99999
104,901216,2026-07-25,REGULAR,13,353.36703
105,905332,2026-07-25,REGULAR,17,20.4614
106,902248,2026-07-25,REGULAR,39,646.12082
107,904472,2026-07-25,REGULAR,23,13.33955
108,906153,2026-07-25,REGULAR,25,76.19548
109,901334,2026-07-25,REGULAR,48,16.7158
110,903515,2026-07-25,NPA,157,99999.99999
111,900674,2026-07-25,REGULAR,34,413.45155
112,905272,2026-07-25,NPA,103,38131.16912
113,903856,2026-07-25,REGULAR,33,6.9493
114,904474,2026-07-25,REGULAR,38,164.57978
115,907467,2026-07-25,REGULAR,4,192.17522
116,903535,2026-07-25,NPA,121,7791.86284
117,903281,2026-07-25,NPA,102,4176.95178
118,903561,2026-07-25,REGULAR,30,171.0696
119,907890,2026-07-25,NPA,214,99999.99999
120,900775,2026-07-25,NPA,307,10640.4216
121,901751,2026-07-25,NPA,108,54114.93858
122,900738,2026-07-25,REGULAR,34,461.07965
123,904866,2026-07-25,REGULAR,21,965.03995
124,900422,2026-07-25,REGULAR,40,193.12203
125,907746,2026-07-25,REGULAR,45,64.19455
126,906283,2026-07-25,REGULAR,47,79.66075
127,907338,2026-07-25,REGULAR,36,376.16902
128,907073,2026-07-25,REGULAR,23,591.43872
129,902536,2026-07-25,NPA,281,99999.99999
130,903229,2026-07-25,NPA,171,70885.7136
131,904533,2026-07-25,NPA,224,99999.99999
132,906682,2026-07-25,REGULAR,46,5.05183
133,904917,2026-07-25,NPA,110,65187.1228
134,900323,2026-07-25,REGULAR,48,4.59215
135,900662,2026-07-25,REGULAR,1,115.20465
136,904704,2026-07-25,REGULAR,28,410.52443
137,905541,2026-07-25,NPA,255,28433.7072
138,900379,2026-07-25,REGULAR,33,146.86777
139,901568,2026-07-25,NPA,228,99999.99999
140,907814,2026-07-25,REGULAR,55,365.26683
141,901810,2026-07-25,REGULAR,8,76.2015
142,902932,2026-07-25,REGULAR,33,6.50888
143,901370,2026-07-25,REGULAR,16,346.69643
144,903210,2026-07-25,NPA,152,4765.23812
145,902825,2026-07-25,REGULAR,80,54.66068
146,907707,2026-07-25,NPA,257,7309.5858
147,905590,2026-07-25,REGULAR,41,131.29073
148,900078,2026-07-25,REGULAR,38,31.85718
149,902082,2026-07-25,NPA,291,29523.07968
150,900171,2026-07-25,NPA,310,47413.7393
151,900375,2026-07-25,NPA,343,95432.19696
152,904034,2026-07-25,REGULAR,42,229.63592
153,900355,2026-07-25,REGULAR,17,164.81607
154,907632,2026-07-25,REGULAR,22,32.54313
155,907242,2026-07-25,REGULAR,34,38.1964
156,900513,2026-07-25,REGULAR,18,125.95703
157,905519,2026-07-25,REGULAR,8,34.7617
158,907357,2026-07-25,REGULAR,83,146.92235
159,900384,2026-07-25,REGULAR,40,15.26445
160,907630,2026-07-25,REGULAR,11,223.00827
161,901180,2026-07-25,NPA,194,99999.99999
162,902955,2026-07-25,REGULAR,27,31.36065
163,902522,2026-07-25,REGULAR,33,27.1727
164,902171,2026-07-25,REGULAR,32,96.4218
165,903290,2026-07-25,REGULAR,15,72.0704
166,905779,2026-07-25,NPA,365,99999.99999
167,903220,2026-07-25,REGULAR,35,28.69083
168,902854,2026-07-25,WRITE_OFF,365,21674.42
169,902043,2026-07-25,REGULAR,10,189.94873
170,900465,2026-07-25,NPA,139,78840.4028
171,905653,2026-07-25,REGULAR,50,195.56265
172,903177,2026-07-25,NPA,263,99999.99999
173,901151,2026-07-25,NPA,253,4880.47084
174,907952,2026-07-25,REGULAR,31,150.46255
175,904517,2026-07-25,NPA,309,99999.99999
176,900787,2026-07-25,REGULAR,35,53.5824
177,903171,2026-07-25,REGULAR,18,24.55845
178,905226,2026-07-25,REGULAR,49,186.60158
179,905326,2026-07-25,REGULAR,6,42.38672
180,900308,2026-07-25,REGULAR,78,1257.3799
181,900391,2026-07-25,NPA,122,40203.15922
182,904147,2026-07-25,REGULAR,43,833.4255
183,903437,2026-07-25,REGULAR,44,3.70027
184,901061,2026-07-25,REGULAR,38,19.01838
185,907328,2026-07-25,NPA,180,6924.8124
186,902031,2026-07-25,REGULAR,42,78.17725
187,905270,2026-07-25,REGULAR,14,124.44532
188,904937,2026-07-25,REGULAR,23,375.44395
189,902213,2026-07-25,REGULAR,34,74.1923
190,905437,2026-07-25,REGULAR,46,26.3201
191,906246,2026-07-25,NPA,142,60346.56206
192,905244,2026-07-25,NPA,325,18222.8788
193,902295,2026-07-25,REGULAR,41,12.4677
194,905568,2026-07-25,WRITE_OFF,365,99999.99999
195,905657,2026-07-25,REGULAR,23,289.32878
196,904382,2026-07-25,REGULAR,14,55.85752
197,906009,2026-07-25,REGULAR,30,17.50372
198,904875,2026-07-25,NPA,250,99999.99999
199,904674,2026-07-25,REGULAR,45,74.61415
200,901298,2026-07-25,REGULAR,30,274.36105
201,901565,2026-07-25,REGULAR,77,1158.6781
202,904880,2026-07-25,REGULAR,55,41.95273
203,907149,2026-07-25,REGULAR,32,337.46013
204,907369,2026-07-25,NPA,222,16104.6
205,904627,2026-07-25,REGULAR,54,9.90475
206,907027,2026-07-25,REGULAR,45,161.40897
207,907079,2026-07-25,NPA,213,17796.98844
208,904026,2026-07-25,NPA,162,10134.85032
209,900140,2026-07-25,REGULAR,35,103.5916
210,905497,2026-07-25,NPA,270,99999.99999
211,904369,2026-07-25,NPA,181,6833.56596
212,901329,2026-07-25,NPA,162,32820.10788
213,902615,2026-07-25,REGULAR,50,35.60975
214,906889,2026-07-25,REGULAR,77,208.03895
215,905184,2026-07-25,NPA,311,44424.31344
216,902215,2026-07-25,REGULAR,63,419.28663
217,902174,2026-07-25,REGULAR,10,104.3033
218,907728,2026-07-25,REGULAR,7,32.76893
219,901293,2026-07-25,REGULAR,10,655.68585
220,901940,2026-07-25,REGULAR,17,72.6274
221,901999,2026-07-25,NPA,253,7976.86036
222,901004,2026-07-25,REGULAR,37,165.57987
223,903690,2026-07-25,WRITE_OFF,365,99999.99999
224,907307,2026-07-25,NPA,353,99999.99999
225,906613,2026-07-25,REGULAR,45,20.84147
226,906560,2026-07-25,NPA,317,63081.10768
227,902254,2026-07-25,REGULAR,45,427.64058
228,904456,2026-07-25,REGULAR,40,73.41367
229,906946,2026-07-25,NPA,91,20795.05008
230,905310,2026-07-25,REGULAR,60,48.4556
231,901754,2026-07-25,REGULAR,37,73.53725
232,902826,2026-07-25,REGULAR,31,76.84955
233,906805,2026-07-25,REGULAR,38,98.97498
234,904835,2026-07-25,REGULAR,8,246.78815
235,904885,2026-07-25,REGULAR,29,47.83958
236,906335,2026-07-25,REGULAR,34,32.20307
237,903468,2026-07-25,REGULAR,40,22.75135
238,907350,2026-07-25,NPA,312,99999.99999
239,902436,2026-07-25,NPA,167,14249.68992
240,906738,2026-07-25,REGULAR,31,57.74338
241,902381,2026-07-25,REGULAR,52,22.3183
242,903350,2026-07-25,REGULAR,43,100.48125
243,905167,2026-07-25,REGULAR,11,46.37355
244,903918,2026-07-25,NPA,353,77998.75252
245,902824,2026-07-25,NPA,244,3938.8
246,903141,2026-07-25,NPA,253,99999.99999
247,900913,2026-07-25,REGULAR,31,150.79895
248,904326,2026-07-25,NPA,249,11091.6
249,907760,2026-07-25,REGULAR,2,59.14323
250,905998,2026-07-25,REGULAR,69,101.34045
251,902709,2026-07-25,NPA,152,32430.28928
252,906438,2026-07-25,NPA,355,99999.99999
253,906887,2026-07-25,NPA,189,2440.56924
254,905082,2026-07-25,NPA,334,21956.98692
255,907595,2026-07-25,NPA,166,3539.85978
256,903503,2026-07-25,REGULAR,34,73.45118
257,902257,2026-07-25,NPA,315,99999.99999
258,905003,2026-07-25,REGULAR,30,155.84418
259,901275,2026-07-25,NPA,91,9342.0416
260,905015,2026-07-25,REGULAR,27,134.15823
261,901590,2026-07-25,REGULAR,40,15.73757
262,902562,2026-07-25,NPA,113,4306.79228
263,901252,2026-07-25,REGULAR,30,64.75923
264,903757,2026-07-25,NPA,205,99999.99999
265,900057,2026-07-25,REGULAR,9,59.4032
266,902645,2026-07-25,NPA,233,31261.2
267,900492,2026-07-25,REGULAR,40,94.94405
268,905139,2026-07-25,REGULAR,33,202.74758
269,902000,2026-07-25,NPA,244,99999.99999
270,901028,2026-07-25,REGULAR,8,14.7859
271,903042,2026-07-25,NPA,138,53932.07568
272,900742,2026-07-25,REGULAR,13,77.43125
273,903523,2026-07-25,NPA,219,33578.4
274,905172,2026-07-25,REGULAR,9,21.01602
275,901442,2026-07-25,REGULAR,36,134.15273
276,906906,2026-07-25,NPA,314,65957.09172
277,906334,2026-07-25,REGULAR,37,818.40535
278,900830,2026-07-25,REGULAR,52,485.49325
279,907419,2026-07-25,REGULAR,21,18.24365
280,900240,2026-07-25,REGULAR,33,296.26288
281,901321,2026-07-25,REGULAR,71,103.1836
282,903697,2026-07-25,REGULAR,85,604.68562
283,901625,2026-07-25,NPA,114,519.33024
284,907112,2026-07-25,NPA,97,28955.90396
285,906601,2026-07-25,REGULAR,45,13.82388
286,901249,2026-07-25,NPA,278,4014.38992
287,904679,2026-07-25,NPA,133,67206.89056
288,903295,2026-07-25,NPA,260,99999.99999
289,902376,2026-07-25,REGULAR,27,788.47458
290,905548,2026-07-25,REGULAR,49,33.95045
291,901942,2026-07-25,REGULAR,37,6.14107
292,903510,2026-07-25,REGULAR,7,210.42665
293,906894,2026-07-25,REGULAR,55,16.96797
294,907545,2026-07-25,REGULAR,2,196.644
295,902832,2026-07-25,REGULAR,51,211.7428
296,903497,2026-07-25,REGULAR,32,28.80365
297,903796,2026-07-25,REGULAR,24,11.8604
298,907548,2026-07-25,REGULAR,20,7.1333
299,904390,2026-07-25,REGULAR,51,2.7763
300,904840,2026-07-25,NPA,226,34692.06718
301,905101,2026-07-25,REGULAR,52,7.29202
302,904192,2026-07-25,REGULAR,7,12.50213
303,901638,2026-07-25,REGULAR,60,16.36648
304,906440,2026-07-25,REGULAR,11,86.01915
305,901641,2026-07-25,REGULAR,31,105.76882
306,907393,2026-07-25,REGULAR,42,709.67072
307,907732,2026-07-25,NPA,256,25979.8
308,907391,2026-07-25,REGULAR,42,120.84857
309,900825,2026-07-25,REGULAR,71,316.11873
310,903375,2026-07-25,REGULAR,64,262.37835
311,906302,2026-07-25,REGULAR,31,27.29175
312,902087,2026-07-25,REGULAR,16,19.09525
313,903464,2026-07-25,REGULAR,41,311.90555
314,902719,2026-07-25,NPA,217,14886.34556
315,902390,2026-07-25,REGULAR,7,101.50605
316,904899,2026-07-25,REGULAR,3,38.69853
317,902778,2026-07-25,NPA,347,99999.99999
318,901479,2026-07-25,REGULAR,21,153.60038
319,900618,2026-07-25,NPA,227,90406.45448
320,902303,2026-07-25,WRITE_OFF,365,8900.0
321,900468,2026-07-25,REGULAR,47,155.56915
322,902995,2026-07-25,REGULAR,25,15.10428
323,901882,2026-07-25,NPA,248,99999.99999
324,907283,2026-07-25,REGULAR,2,1029.80495
325,904317,2026-07-25,WRITE_OFF,365,99999.99999
326,907412,2026-07-25,REGULAR,32,39.2327
327,903948,2026-07-25,REGULAR,1,25.56658
328,900595,2026-07-25,NPA,274,17828.006
329,900854,2026-07-25,REGULAR,53,36.62803
330,905647,2026-07-25,REGULAR,5,25.7971
331,901217,2026-07-25,NPA,187,29799.58136
332,903721,2026-07-25,REGULAR,5,597.215
333,903829,2026-07-25,REGULAR,36,53.27995
334,905339,2026-07-25,REGULAR,26,907.97727
335,906122,2026-07-25,REGULAR,27,88.3482
336,907801,2026-07-25,REGULAR,31,74.79965
337,904510,2026-07-25,REGULAR,22,274.55415
338,900573,2026-07-25,REGULAR,23,664.93913
339,900844,2026-07-25,REGULAR,6,22.23155
340,907850,2026-07-25,REGULAR,25,285.16753
341,900182,2026-07-25,NPA,279,99999.99999
342,900553,2026-07-25,REGULAR,38,413.80755
343,901019,2026-07-25,NPA,102,472.3926
344,906495,2026-07-25,REGULAR,43,4.8388
345,907468,2026-07-25,REGULAR,29,451.61988
346,905277,2026-07-25,REGULAR,20,211.5602
347,907233,2026-07-25,NPA,274,99999.99999
348,906984,2026-07-25,REGULAR,12,523.39775
349,901716,2026-07-25,REGULAR,30,4.75755
350,904901,2026-07-25,NPA,103,55305.40928
351,905687,2026-07-25,REGULAR,79,18.72413
352,906504,2026-07-25,NPA,259,99999.99999
353,901589,2026-07-25,REGULAR,39,89.98343
354,900519,2026-07-25,REGULAR,12,34.2657
355,902870,2026-07-25,REGULAR,41,40.2687
356,906044,2026-07-25,REGULAR,48,30.98528
357,901803,2026-07-25,REGULAR,49,145.40348
358,902401,2026-07-25,REGULAR,16,6.25838
359,900651,2026-07-25,REGULAR,37,176.27488
360,906975,2026-07-25,REGULAR,79,671.08263
361,905196,2026-07-25,REGULAR,30,132.6427
362,901132,2026-07-25,REGULAR,43,45.79857
363,900672,2026-07-25,REGULAR,76,20.45068
364,905775,2026-07-25,REGULAR,71,508.85163
365,901513,2026-07-25,REGULAR,26,1329.17487
366,902142,2026-07-25,REGULAR,23,1124.73897
367,900992,2026-07-25,NPA,174,14196.57576
368,900168,2026-07-25,NPA,90,3100.317
369,903735,2026-07-25,NPA,184,99999.99999
370,902659,2026-07-25,NPA,187,11045.82968
371,900833,2026-07-25,NPA,361,99999.99999
372,903323,2026-07-25,REGULAR,5,5.1807
373,901063,2026-07-25,NPA,180,93096.9864
374,906075,2026-07-25,NPA,333,13228.8
375,901552,2026-07-25,NPA,137,4230.7526
376,903311,2026-07-25,NPA,257,99999.99999
377,906000,2026-07-25,REGULAR,60,524.73793
378,901429,2026-07-25,REGULAR,23,22.17155
379,907932,2026-07-25,REGULAR,38,145.09897
380,903550,2026-07-25,REGULAR,5,238.843
381,903820,2026-07-25,NPA,142,20911.62442
382,902501,2026-07-25,REGULAR,49,3.99918
383,907036,2026-07-25,REGULAR,40,6.1186
384,906515,2026-07-25,NPA,133,7945.90288
385,903328,2026-07-25,REGULAR,63,227.4936
386,900428,2026-07-25,REGULAR,29,545.17763
387,902483,2026-07-25,REGULAR,30,63.74927
388,900624,2026-07-25,REGULAR,19,363.0807
389,902217,2026-07-25,REGULAR,66,398.89615
390,907136,2026-07-25,NPA,280,99999.99999
391,903874,2026-07-25,REGULAR,9,185.9249
392,902677,2026-07-25,REGULAR,69,422.50565
393,906327,2026-07-25,REGULAR,45,26.11103
394,907339,2026-07-25,WRITE_OFF,365,99999.99999
395,905819,2026-07-25,REGULAR,13,31.57398
396,907927,2026-07-25,REGULAR,22,15.07135
397,905707,2026-07-25,REGULAR,67,236.66688
398,906298,2026-07-25,REGULAR,30,23.82208
399,902734,2026-07-25,REGULAR,35,126.68927
400,903450,2026-07-25,NPA,336,93668.06322
401,906400,2026-07-25,REGULAR,6,14.151
402,900399,2026-07-25,REGULAR,70,11.75503
403,907947,2026-07-25,REGULAR,54,15.48695
404,904694,2026-07-25,NPA,226,92659.52748
405,902764,2026-07-25,REGULAR,32,39.4392
406,903514,2026-07-25,NPA,335,16951.264
407,903498,2026-07-25,REGULAR,34,157.09895
408,900477,2026-07-25,REGULAR,41,641.22888
409,905449,2026-07-25,NPA,303,36507.43872
410,901966,2026-07-25,REGULAR,41,44.1181
411,903692,2026-07-25,REGULAR,29,33.46267
412,901378,2026-07-25,REGULAR,68,83.18185
413,906965,2026-07-25,REGULAR,36,33.78083
414,903989,2026-07-25,NPA,163,51486.02392
415,907383,2026-07-25,NPA,319,99999.99999
416,902802,2026-07-25,NPA,227,93623.64352
417,907919,2026-07-25,REGULAR,13,450.75317
418,902789,2026-07-25,NPA,309,99999.99999
419,907564,2026-07-25,NPA,314,72421.84846
420,902804,2026-07-25,REGULAR,24,136.02935
421,902647,2026-07-25,NPA,334,63916.64554
422,900254,2026-07-25,NPA,285,73570.626
423,900619,2026-07-25,REGULAR,14,158.57878
424,902156,2026-07-25,REGULAR,54,197.59588
425,901351,2026-07-25,REGULAR,42,177.3122
426,901183,2026-07-25,REGULAR,43,8.38235
427,900708,2026-07-25,NPA,313,10700.435
428,903899,2026-07-25,REGULAR,34,5.3404
429,905176,2026-07-25,REGULAR,51,173.28235
430,906082,2026-07-25,NPA,311,68450.4736
431,902915,2026-07-25,NPA,284,99999.99999
432,905002,2026-07-25,REGULAR,31,53.82187
433,904242,2026-07-25,REGULAR,43,180.19158
434,905149,2026-07-25,REGULAR,32,75.6507
435,907524,2026-07-25,NPA,363,13216.21176
436,906197,2026-07-25,NPA,355,99999.99999
437,905880,2026-07-25,REGULAR,38,310.72523
438,902356,2026-07-25,REGULAR,34,177.6366
439,900706,2026-07-25,NPA,228,59663.10624
440,906978,2026-07-25,REGULAR,7,184.7679
441,900038,2026-07-25,REGULAR,54,33.50718
442,906671,2026-07-25,NPA,95,99999.99999
443,907353,2026-07-25,REGULAR,35,58.82745
444,902220,2026-07-25,REGULAR,42,393.66633
445,902582,2026-07-25,NPA,219,4977.6
446,900216,2026-07-25,REGULAR,33,15.23053
447,903783,2026-07-25,REGULAR,38,100.38362
448,903032,2026-07-25,REGULAR,51,14.15455
449,901864,2026-07-25,REGULAR,26,10.72088
450,906976,2026-07-25,NPA,343,99999.99999
451,907628,2026-07-25,WRITE_OFF,365,16309.88
452,904019,2026-07-25,NPA,103,12324.88928
453,903318,2026-07-25,REGULAR,63,174.064
454,900970,2026-07-25,NPA,351,99999.99999
455,905158,2026-07-25,REGULAR,28,91.59247
456,906935,2026-07-25,REGULAR,43,86.01478
457,907697,2026-07-25,NPA,272,17933.62448
458,901177,2026-07-25,REGULAR,2,10.9419
459,905894,2026-07-25,REGULAR,42,4.39853
460,906733,2026-07-25,REGULAR,8,277.93365
461,904325,2026-07-25,REGULAR,33,23.18832
462,902272,2026-07-25,WRITE_OFF,365,99999.99999
463,907818,2026-07-25,REGULAR,50,149.041
464,904808,2026-07-25,REGULAR,37,305.0481
465,904146,2026-07-25,REGULAR,2,26.32457
466,901273,2026-07-25,REGULAR,33,63.39007
467,902747,2026-07-25,NPA,107,14185.95104
468,904218,2026-07-25,REGULAR,45,86.93735
469,900847,2026-07-25,REGULAR,25,52.30222
470,900419,2026-07-25,REGULAR,49,39.30193
471,904215,2026-07-25,NPA,143,19720.82688
472,900922,2026-07-25,REGULAR,81,219.37993
473,906716,2026-07-25,REGULAR,38,65.58458
474,902865,2026-07-25,NPA,228,68029.51194
475,901703,2026-07-25,REGULAR,16,118.31573
476,907032,2026-07-25,NPA,198,99999.99999
477,900983,2026-07-25,NPA,345,99999.99999
478,906832,2026-07-25,REGULAR,15,29.0101
479,901133,2026-07-25,REGULAR,24,316.90678
480,901903,2026-07-25,REGULAR,46,5.71923
481,903740,2026-07-25,REGULAR,46,10.82075
482,901419,2026-07-25,REGULAR,35,11.78193
483,906421,2026-07-25,NPA,274,99999.99999
484,906999,2026-07-25,REGULAR,42,269.13648
485,904199,2026-07-25,NPA,263,99999.99999
486,904363,2026-07-25,REGULAR,32,38.99643
487,907576,2026-07-25,REGULAR,22,575.68433
488,901932,2026-07-25,REGULAR,1,89.07965
489,900367,2026-07-25,REGULAR,54,1501.84047
490,906129,2026-07-25,NPA,344,99999.99999
491,907897,2026-07-25,NPA,334,99999.99999
492,907320,2026-07-25,NPA,211,99999.99999
493,907975,2026-07-25,REGULAR,24,116.768
494,901720,2026-07-25,REGULAR,32,39.6044
495,905078,2026-07-25,REGULAR,25,1396.49825
496,901919,2026-07-25,NPA,278,99999.99999
497,906550,2026-07-25,REGULAR,3,400.14857
498,905118,2026-07-25,NPA,107,5311.18024
499,907878,2026-07-25,NPA,104,53433.1792
500,903941,2026-07-25,REGULAR,43,245.40805
501,903716,2026-07-25,NPA,127,2601.81376
502,903687,2026-07-25,REGULAR,29,2.7483
503,900158,2026-07-25,NPA,142,25078.62904
504,906280,2026-07-25,REGULAR,47,132.9283
505,902399,2026-07-25,NPA,225,78806.2548
506,903574,2026-07-25,REGULAR,54,10.08395
507,901229,2026-07-25,NPA,294,99999.99999
508,903580,2026-07-25,NPA,252,22583.34606
509,904522,2026-07-25,REGULAR,20,204.85243
510,903775,2026-07-25,REGULAR,40,154.26615
511,903186,2026-07-25,WRITE_OFF,365,99999.99999
512,906605,2026-07-25,NPA,226,51061.18554
513,901544,2026-07-25,REGULAR,24,49.68382
514,905122,2026-07-25,REGULAR,39,25.81557
515,901286,2026-07-25,REGULAR,48,5.9424
516,900286,2026-07-25,REGULAR,14,227.40418
517,907230,2026-07-25,WRITE_OFF,365,99999.99999
518,903431,2026-07-25,REGULAR,49,280.67423
519,904451,2026-07-25,REGULAR,33,54.1856
520,903932,2026-07-25,REGULAR,23,46.74005
521,907743,2026-07-25,REGULAR,14,31.14005
522,907217,2026-07-25,REGULAR,54,14.89443
523,904197,2026-07-25,REGULAR,8,89.18903
524,900201,2026-07-25,REGULAR,1,170.25215
525,902477,2026-07-25,REGULAR,9,188.52088
526,900135,2026-07-25,NPA,184,35591.4
527,901206,2026-07-25,REGULAR,50,175.9011
528,906028,2026-07-25,NPA,259,38151.53744
529,907800,2026-07-25,REGULAR,30,537.16683
530,904047,2026-07-25,REGULAR,4,215.7844
531,902957,2026-07-25,REGULAR,17,105.0249
532,904381,2026-07-25,REGULAR,47,26.41823
533,903602,2026-07-25,REGULAR,50,5.4344
534,903907,2026-07-25,NPA,98,3576.40194
535,903160,2026-07-25,REGULAR,41,3.57765
536,903126,2026-07-25,REGULAR,26,321.02752
537,902907,2026-07-25,NPA,306,2617.10268
538,906303,2026-07-25,WRITE_OFF,365,99999.99999
539,906662,2026-07-25,REGULAR,2,168.69425
540,905849,2026-07-25,REGULAR,36,283.4948
541,905663,2026-07-25,REGULAR,20,69.68103
542,900524,2026-07-25,REGULAR,11,329.20165
543,902104,2026-07-25,REGULAR,16,456.25455
544,901099,2026-07-25,REGULAR,39,95.40493
545,900807,2026-07-25,REGULAR,34,192.6982
546,903008,2026-07-25,NPA,167,99999.99999
547,902515,2026-07-25,REGULAR,7,19.0672
548,906700,2026-07-25,REGULAR,39,29.57118
549,902595,2026-07-25,NPA,153,12826.45416
550,902020,2026-07-25,REGULAR,51,153.81088
551,902568,2026-07-25,NPA,276,16491.88008
552,902858,2026-07-25,REGULAR,43,51.88515
553,907745,2026-07-25,NPA,294,25668.0
554,906570,2026-07-25,REGULAR,31,46.37645
555,907815,2026-07-25,REGULAR,66,21.46275
556,904374,2026-07-25,REGULAR,40,49.24595
557,907842,2026-07-25,REGULAR,43,20.73085
558,903469,2026-07-25,REGULAR,36,53.08873
559,905643,2026-07-25,REGULAR,19,9.6941
560,905271,2026-07-25,REGULAR,85,35.91378
561,904489,2026-07-25,REGULAR,37,119.47135
562,903477,2026-07-25,REGULAR,41,500.4661
563,907591,2026-07-25,REGULAR,12,73.39467
564,907748,2026-07-25,NPA,134,48436.1535
565,902855,2026-07-25,REGULAR,42,42.73007
566,901358,2026-07-25,REGULAR,16,181.7405
567,906012,2026-07-25,NPA,218,3288.6
568,906595,2026-07-25,REGULAR,27,219.75985
569,904908,2026-07-25,REGULAR,44,536.01815
570,905423,2026-07-25,REGULAR,26,29.39305
571,905053,2026-07-25,REGULAR,20,15.52908
572,905256,2026-07-25,REGULAR,23,11.52265
573,903990,2026-07-25,REGULAR,20,101.47378
574,906178,2026-07-25,NPA,312,17942.63724
575,900767,2026-07-25,NPA,271,52405.12512
576,900015,2026-07-25,NPA,203,55257.73832
577,902939,2026-07-25,REGULAR,27,65.87862
578,900636,2026-07-25,REGULAR,34,254.80388
579,901537,2026-07-25,REGULAR,53,63.38458
580,904974,2026-07-25,REGULAR,54,96.4083
581,907977,2026-07-25,WRITE_OFF,365,36124.25
582,900014,2026-07-25,REGULAR,41,11.5956
583,907347,2026-07-25,REGULAR,20,176.12322
584,907829,2026-07-25,REGULAR,24,2.80353
585,905342,2026-07-25,NPA,141,82309.31856
586,901232,2026-07-25,NPA,293,39899.62196
587,907409,2026-07-25,REGULAR,37,78.90855
588,906552,2026-07-25,REGULAR,49,53.06087
589,900826,2026-07-25,NPA,122,46526.1145
590,904000,2026-07-25,REGULAR,1,85.2395
591,900501,2026-07-25,REGULAR,36,830.02947
592,901978,2026-07-25,REGULAR,30,102.68353
593,900809,2026-07-25,REGULAR,5,62.35063
594,907465,2026-07-25,REGULAR,28,137.69848
595,903675,2026-07-25,REGULAR,31,10.9522
596,901825,2026-07-25,REGULAR,48,216.93673
597,903507,2026-07-25,NPA,290,8447.758
598,900931,2026-07-25,REGULAR,33,176.4449
599,903822,2026-07-25,REGULAR,31,92.10553
600,907847,2026-07-25,REGULAR,54,115.20833
601,900727,2026-07-25,REGULAR,10,327.28963
602,902812,2026-07-25,REGULAR,1,180.26475
603,900411,2026-07-25,REGULAR,35,9.24178
604,901450,2026-07-25,NPA,323,54379.85168
605,907773,2026-07-25,NPA,212,85153.87252
606,907817,2026-07-25,REGULAR,55,16.62595
607,902593,2026-07-25,REGULAR,36,30.19235
608,902837,2026-07-25,REGULAR,11,128.58715
609,904662,2026-07-25,REGULAR,23,88.6491
610,906005,2026-07-25,NPA,244,35451.38008
611,900580,2026-07-25,NPA,220,2296.0
612,907830,2026-07-25,REGULAR,31,140.046
613,902284,2026-07-25,NPA,334,99999.99999
614,901156,2026-07-25,REGULAR,62,247.91855
615,907318,2026-07-25,REGULAR,4,271.33955
616,903520,2026-07-25,NPA,200,27343.0
617,902271,2026-07-25,REGULAR,68,4.22545
618,905870,2026-07-25,REGULAR,16,54.3358
619,903397,2026-07-25,NPA,96,46456.497
620,906270,2026-07-25,REGULAR,25,173.90295
621,907528,2026-07-25,REGULAR,55,113.54358
622,900036,2026-07-25,REGULAR,40,343.81748
623,905473,2026-07-25,REGULAR,8,8.0309
624,902228,2026-07-25,REGULAR,53,65.8922
625,903212,2026-07-25,REGULAR,36,543.9906
626,905395,2026-07-25,REGULAR,44,77.698
627,902762,2026-07-25,REGULAR,16,62.0108
628,904980,2026-07-25,NPA,134,7719.10398
629,902451,2026-07-25,NPA,300,26503.8087
630,903878,2026-07-25,NPA,233,60197.539
631,907838,2026-07-25,NPA,126,81037.71006
632,903200,2026-07-25,REGULAR,33,124.37895
633,901087,2026-07-25,REGULAR,9,9.24405
634,905639,2026-07-25,REGULAR,39,176.67745
635,901767,2026-07-25,REGULAR,42,1045.51458
636,904117,2026-07-25,REGULAR,45,22.1324
637,900188,2026-07-25,REGULAR,48,69.93212
638,906948,2026-07-25,REGULAR,22,252.08175
639,907417,2026-07-25,REGULAR,7,182.7073
640,900598,2026-07-25,REGULAR,74,357.4014
641,905142,2026-07-25,REGULAR,44,283.12455
642,907756,2026-07-25,REGULAR,32,668.29982
643,905574,2026-07-25,NPA,232,10589.76492
644,906306,2026-07-25,REGULAR,31,175.85338
645,903553,2026-07-25,REGULAR,28,42.17955
646,907485,2026-07-25,NPA,300,99999.99999
647,905104,2026-07-25,NPA,337,51732.7776
648,902641,2026-07-25,NPA,187,11992.58304
649,903965,2026-07-25,NPA,221,99999.99999
650,905535,2026-07-25,REGULAR,55,23.79583
651,900443,2026-07-25,REGULAR,7,20.3057
652,907912,2026-07-25,REGULAR,39,9.51788
653,905547,2026-07-25,REGULAR,44,380.91438
654,905448,2026-07-25,REGULAR,18,49.7769
655,900242,2026-07-25,REGULAR,47,26.55077
656,907366,2026-07-25,NPA,221,99999.99999
657,905662,2026-07-25,REGULAR,34,12.79055
658,901859,2026-07-25,NPA,234,77263.2
659,902232,2026-07-25,NPA,227,10866.13632
660,900765,2026-07-25,REGULAR,45,487.7091
661,902435,2026-07-25,REGULAR,35,12.2593
662,906839,2026-07-25,REGULAR,68,200.6422
663,905946,2026-07-25,NPA,319,36828.00704
664,905335,2026-07-25,REGULAR,47,244.35482
665,903124,2026-07-25,REGULAR,24,707.16035
666,900783,2026-07-25,REGULAR,27,11.10197
667,902204,2026-07-25,NPA,198,99999.99999
668,906584,2026-07-25,NPA,365,99999.99999
669,901108,2026-07-25,REGULAR,38,118.1086
670,903726,2026-07-25,REGULAR,34,193.17533
671,906174,2026-07-25,REGULAR,84,40.76685
672,900834,2026-07-25,REGULAR,55,85.76323
673,900633,2026-07-25,NPA,214,99999.99999
674,906398,2026-07-25,REGULAR,23,315.1335
675,900342,2026-07-25,REGULAR,4,451.30638
676,907213,2026-07-25,REGULAR,35,146.8599
677,903737,2026-07-25,REGULAR,52,171.5638
678,900439,2026-07-25,REGULAR,38,61.53565
679,905892,2026-07-25,REGULAR,28,307.17173
680,903634,2026-07-25,NPA,352,99999.99999
681,907430,2026-07-25,REGULAR,44,301.89235
682,903110,2026-07-25,NPA,159,79825.83264
683,905511,2026-07-25,REGULAR,41,211.27347
684,903420,2026-07-25,REGULAR,23,32.8293
685,905152,2026-07-25,NPA,255,24631.1376
686,907771,2026-07-25,REGULAR,34,19.97433
687,903827,2026-07-25,REGULAR,33,58.48822
688,907837,2026-07-25,REGULAR,41,19.9729
689,904408,2026-07-25,NPA,243,13750.83504
690,901130,2026-07-25,REGULAR,49,23.07558
691,900701,2026-07-25,NPA,321,33058.42236
692,907443,2026-07-25,NPA,190,83650.0
693,903046,2026-07-25,REGULAR,28,538.54185
694,904710,2026-07-25,NPA,280,99999.99999
695,902908,2026-07-25,REGULAR,50,63.83772
696,903529,2026-07-25,REGULAR,50,328.1905
697,904303,2026-07-25,REGULAR,41,180.87925
698,904114,2026-07-25,REGULAR,36,379.95295
699,904198,2026-07-25,NPA,160,36247.2189
700,906596,2026-07-25,NPA,224,21394.73226
701,907218,2026-07-25,NPA,307,99999.99999
702,906167,2026-07-25,REGULAR,2,1049.13738
703,904708,2026-07-25,NPA,125,70886.86
704,907220,2026-07-25,REGULAR,69,201.32853
705,901689,2026-07-25,REGULAR,43,1082.85535
706,902099,2026-07-25,REGULAR,12,413.9747
707,900493,2026-07-25,REGULAR,27,67.84023
708,906918,2026-07-25,NPA,188,99999.99999
709,902309,2026-07-25,NPA,365,99999.99999
710,900961,2026-07-25,NPA,214,99999.99999
711,907298,2026-07-25,REGULAR,22,141.8249
712,905951,2026-07-25,REGULAR,34,34.46728
713,900556,2026-07-25,REGULAR,30,1012.70145
714,907763,2026-07-25,REGULAR,5,3.4611
715,902428,2026-07-25,REGULAR,40,26.86755
716,901602,2026-07-25,NPA,303,99999.99999
717,901388,2026-07-25,REGULAR,45,107.86465
718,905012,2026-07-25,REGULAR,34,12.468
719,902322,2026-07-25,NPA,211,7326.55448
720,902197,2026-07-25,REGULAR,48,10.83355
721,904275,2026-07-25,REGULAR,11,146.6173
722,901573,2026-07-25,REGULAR,20,11.51725
723,906330,2026-07-25,NPA,244,99999.99999
724,904861,2026-07-25,NPA,194,99999.99999
725,902533,2026-07-25,NPA,153,11727.84996
726,907981,2026-07-25,NPA,151,99999.99999
727,901748,2026-07-25,NPA,307,99999.99999
728,907021,2026-07-25,REGULAR,41,229.91908
729,904578,2026-07-25,NPA,152,1808.44932
730,905905,2026-07-25,NPA,203,30218.21384
731,904050,2026-07-25,NPA,215,19129.42
732,904665,2026-07-25,REGULAR,39,45.42932
733,905191,2026-07-25,REGULAR,42,411.56253
734,906811,2026-07-25,REGULAR,30,170.64068
735,905358,2026-07-25,NPA,185,99999.99999
736,907694,2026-07-25,REGULAR,33,280.94645
737,905341,2026-07-25,REGULAR,21,555.9242
738,906368,2026-07-25,NPA,104,17873.2203
739,903138,2026-07-25,NPA,248,99999.99999
740,906038,2026-07-25,REGULAR,61,88.9531
741,900884,2026-07-25,REGULAR,15,555.41838
742,907174,2026-07-25,REGULAR,52,13.69402
743,900605,2026-07-25,NPA,95,47953.3824
744,901481,2026-07-25,REGULAR,25,172.89062
745,903254,2026-07-25,NPA,185,24688.1922
746,905200,2026-07-25,NPA,341,99999.99999
747,904282,2026-07-25,REGULAR,72,52.632
748,904269,2026-07-25,NPA,231,99999.99999
749,906859,2026-07-25,REGULAR,47,18.08132
750,907962,2026-07-25,NPA,294,9765.0
751,900964,2026-07-25,REGULAR,24,102.74605
752,905285,2026-07-25,REGULAR,54,204.29472
753,904537,2026-07-25,REGULAR,41,21.29403
754,901085,2026-07-25,REGULAR,48,263.50907
755,907525,2026-07-25,NPA,131,5687.06936
756,905936,2026-07-25,REGULAR,51,184.5737
757,907880,2026-07-25,REGULAR,15,26.81088
758,906803,2026-07-25,NPA,332,19585.37584
759,900387,2026-07-25,REGULAR,33,64.32273
760,907291,2026-07-25,REGULAR,35,31.35853
761,906054,2026-07-25,NPA,220,99999.99999
762,903244,2026-07-25,REGULAR,13,266.59485
763,902347,2026-07-25,REGULAR,44,119.2052
764,903152,2026-07-25,REGULAR,54,11.80343
765,901122,2026-07-25,REGULAR,45,256.20783
766,903336,2026-07-25,REGULAR,42,9.43407
767,906024,2026-07-25,REGULAR,53,3.4543
768,903824,2026-07-25,REGULAR,25,262.1773
769,903913,2026-07-25,REGULAR,41,15.76865
770,904243,2026-07-25,REGULAR,14,162.25618
771,901260,2026-07-25,REGULAR,37,62.13612
772,902940,2026-07-25,REGULAR,75,22.4749
773,904600,2026-07-25,REGULAR,22,249.18688
774,907718,2026-07-25,REGULAR,18,14.00848
775,901058,2026-07-25,REGULAR,49,135.34683
776,907420,2026-07-25,NPA,225,99999.99999
777,906074,2026-07-25,NPA,365,40939.829
778,905681,2026-07-25,NPA,205,43244.6878
779,904341,2026-07-25,NPA,286,12943.45322
780,902548,2026-07-25,REGULAR,45,11.7936
781,907168,2026-07-25,NPA,140,8649.03
782,900653,2026-07-25,REGULAR,22,71.89145
783,903187,2026-07-25,REGULAR,45,75.0597
784,900508,2026-07-25,REGULAR,30,89.73828
785,904693,2026-07-25,NPA,311,16404.31408
786,905952,2026-07-25,NPA,245,17848.0
787,902594,2026-07-25,REGULAR,36,39.27643
788,907341,2026-07-25,NPA,113,17312.29388
789,907118,2026-07-25,REGULAR,19,272.14153
790,905520,2026-07-25,REGULAR,13,65.87288
791,906236,2026-07-25,NPA,222,26744.4
792,906874,2026-07-25,REGULAR,53,121.94725
793,900361,2026-07-25,REGULAR,10,232.5784
794,902138,2026-07-25,REGULAR,49,185.97193
795,900686,2026-07-25,NPA,287,4243.2
796,904620,2026-07-25,REGULAR,15,28.32015
797,907905,2026-07-25,REGULAR,63,479.2292
798,901915,2026-07-25,NPA,284,99999.99999
799,904134,2026-07-25,NPA,93,765.96468
800,904696,2026-07-25,REGULAR,30,375.20677
801,901185,2026-07-25,REGULAR,71,158.62903
802,906930,2026-07-25,NPA,172,1011.0015
803,903275,2026-07-25,REGULAR,70,36.58343
804,901307,2026-07-25,REGULAR,13,8.16075
805,901721,2026-07-25,REGULAR,50,273.43835
806,902664,2026-07-25,NPA,137,99999.99999
807,906818,2026-07-25,REGULAR,36,482.40543
808,905997,2026-07-25,NPA,121,1406.30412
809,904504,2026-07-25,REGULAR,40,83.57005
810,900335,2026-07-25,REGULAR,78,19.32293
811,904057,2026-07-25,REGULAR,41,957.18718
812,900092,2026-07-25,REGULAR,39,126.24548
813,904558,2026-07-25,NPA,314,24848.87938
814,903832,2026-07-25,REGULAR,39,312.07455
815,907343,2026-07-25,NPA,264,31611.89958
816,906768,2026-07-25,NPA,233,99999.99999
817,907426,2026-07-25,REGULAR,45,196.93623
818,901148,2026-07-25,REGULAR,31,170.87403
819,905127,2026-07-25,REGULAR,43,27.7322
820,907264,2026-07-25,REGULAR,76,565.98113
821,901057,2026-07-25,REGULAR,32,523.78918
822,900579,2026-07-25,REGULAR,1,148.42615
823,905036,2026-07-25,REGULAR,45,43.49445
824,902707,2026-07-25,NPA,273,99999.99999
825,900373,2026-07-25,REGULAR,33,50.42185
826,905292,2026-07-25,REGULAR,83,256.57927
827,904846,2026-07-25,REGULAR,41,9.7274
828,901030,2026-07-25,REGULAR,16,409.51168
829,902233,2026-07-25,REGULAR,16,11.21428
830,900156,2026-07-25,REGULAR,53,463.08753
831,901842,2026-07-25,NPA,99,99999.99999
832,907505,2026-07-25,NPA,290,99999.99999
833,904814,2026-07-25,REGULAR,39,17.22745
834,900855,2026-07-25,NPA,204,99999.99999
835,900389,2026-07-25,REGULAR,41,158.70647
836,906882,2026-07-25,REGULAR,38,208.93405
837,901452,2026-07-25,REGULAR,18,8.9838
838,906922,2026-07-25,NPA,102,27864.43656
839,907844,2026-07-25,REGULAR,3,798.37645
840,902063,2026-07-25,NPA,180,99999.99999
841,907845,2026-07-25,REGULAR,16,56.64375
842,907530,2026-07-25,NPA,138,2069.28066
843,907344,2026-07-25,REGULAR,36,29.19765
844,906355,2026-07-25,REGULAR,40,58.75743
845,901744,2026-07-25,REGULAR,39,619.03925
846,900963,2026-07-25,REGULAR,66,189.31303
847,907508,2026-07-25,REGULAR,36,179.44095
848,902486,2026-07-25,NPA,275,17134.2392
849,902823,2026-07-25,REGULAR,21,19.70668
850,902726,2026-07-25,REGULAR,14,78.3497
851,906467,2026-07-25,REGULAR,3,12.8057
852,904416,2026-07-25,REGULAR,62,686.16
853,904005,2026-07-25,NPA,308,99999.99999
854,900710,2026-07-25,REGULAR,64,128.52808
855,905344,2026-07-25,NPA,157,67002.20584
856,904936,2026-07-25,REGULAR,14,763.2866
857,903353,2026-07-25,REGULAR,35,71.99802
858,907857,2026-07-25,NPA,256,99999.99999
859,907791,2026-07-25,REGULAR,39,30.72768
860,907303,2026-07-25,REGULAR,63,52.38943
861,900316,2026-07-25,REGULAR,30,4.06228
862,901916,2026-07-25,REGULAR,32,185.17393
863,907463,2026-07-25,REGULAR,34,1406.32325
864,902294,2026-07-25,REGULAR,33,378.2508
865,906258,2026-07-25,REGULAR,54,125.26738
866,905973,2026-07-25,NPA,145,11723.3714
867,904542,2026-07-25,NPA,172,4325.78018
868,902919,2026-07-25,REGULAR,39,453.42075
869,902846,2026-07-25,REGULAR,47,31.94195
870,907450,2026-07-25,NPA,322,99999.99999
871,903821,2026-07-25,REGULAR,35,258.16913
872,905582,2026-07-25,REGULAR,34,7.67025
873,906152,2026-07-25,REGULAR,11,31.13887
874,901323,2026-07-25,NPA,194,9630.2
875,907281,2026-07-25,REGULAR,19,169.61035
876,907189,2026-07-25,NPA,204,31185.0
877,905900,2026-07-25,NPA,214,72060.85316
878,906623,2026-07-25,REGULAR,1,13.31307
879,905833,2026-07-25,NPA,283,99999.99999
880,900739,2026-07-25,REGULAR,7,39.78713
881,900115,2026-07-25,REGULAR,54,1.4858
882,904553,2026-07-25,NPA,180,26084.3847
883,903297,2026-07-25,NPA,292,43378.2
884,905304,2026-07-25,REGULAR,55,250.69717
885,905160,2026-07-25,NPA,219,46481.706
886,905175,2026-07-25,NPA,195,19260.0
887,901495,2026-07-25,NPA,167,7530.43264
888,906685,2026-07-25,REGULAR,28,19.3809
889,902790,2026-07-25,REGULAR,48,15.04865
890,905138,2026-07-25,REGULAR,39,346.45855
891,906969,2026-07-25,REGULAR,41,182.79315
892,905603,2026-07-25,REGULAR,25,34.83335
893,900346,2026-07-25,REGULAR,38,11.55622
894,907687,2026-07-25,NPA,111,14619.47904
895,905690,2026-07-25,REGULAR,64,135.46805
896,905287,2026-07-25,NPA,342,45615.29664
897,906041,2026-07-25,NPA,246,99999.99999
898,906557,2026-07-25,REGULAR,27,645.06065
899,907413,2026-07-25,REGULAR,24,189.5162
900,907918,2026-07-25,NPA,210,99999.99999
901,901247,2026-07-25,REGULAR,44,433.26705
902,902351,2026-07-25,NPA,127,41344.352
903,903001,2026-07-25,REGULAR,6,1060.8477
904,902759,2026-07-25,REGULAR,44,150.07765
905,903980,2026-07-25,REGULAR,53,129.62475
906,900488,2026-07-25,REGULAR,64,68.63135
907,904388,2026-07-25,REGULAR,6,129.19598
908,904209,2026-07-25,REGULAR,35,132.91513
909,902102,2026-07-25,REGULAR,1,621.30715
910,906643,2026-07-25,REGULAR,45,24.26465
911,906988,2026-07-25,NPA,247,35703.88128
912,902906,2026-07-25,REGULAR,13,461.84265
913,907533,2026-07-25,REGULAR,39,114.2787
914,902457,2026-07-25,NPA,285,33673.6332
915,901579,2026-07-25,REGULAR,21,29.41563
916,906245,2026-07-25,REGULAR,37,3.65605
917,905492,2026-07-25,NPA,365,99999.99999
918,903342,2026-07-25,NPA,188,83240.0918
919,907720,2026-07-25,REGULAR,40,203.68107
920,902495,2026-07-25,REGULAR,46,181.31127
921,900687,2026-07-25,NPA,197,99999.99999
922,903179,2026-07-25,REGULAR,12,25.98455
923,902640,2026-07-25,REGULAR,34,62.65123
924,905518,2026-07-25,REGULAR,33,109.6721
925,906354,2026-07-25,REGULAR,13,570.32798
926,905563,2026-07-25,REGULAR,39,24.4135
927,907517,2026-07-25,NPA,262,48229.39784
928,905599,2026-07-25,REGULAR,37,246.52973
929,900063,2026-07-25,REGULAR,34,7.12997
930,907646,2026-07-25,NPA,354,99999.99999
931,906872,2026-07-25,NPA,243,7614.63912
932,906693,2026-07-25,REGULAR,43,685.2414
933,906498,2026-07-25,REGULAR,4,528.93223
934,904334,2026-07-25,REGULAR,76,491.24313
935,901826,2026-07-25,REGULAR,49,34.65165
936,905097,2026-07-25,REGULAR,40,25.72173
937,905869,2026-07-25,REGULAR,29,107.19145
938,903995,2026-07-25,NPA,279,99999.99999
939,903654,2026-07-25,REGULAR,46,2.05155
940,902899,2026-07-25,REGULAR,29,113.47958
941,901605,2026-07-25,REGULAR,54,11.96745
942,903922,2026-07-25,REGULAR,23,218.67077
943,903072,2026-07-25,REGULAR,32,1.69752
944,905857,2026-07-25,REGULAR,19,23.27815
945,900067,2026-07-25,REGULAR,3,55.61
946,901413,2026-07-25,REGULAR,77,12.68955
947,907915,2026-07-25,REGULAR,26,315.27515
948,906405,2026-07-25,REGULAR,42,223.73557
949,906741,2026-07-25,REGULAR,49,472.758
950,906435,2026-07-25,REGULAR,44,147.59082
951,907044,2026-07-25,REGULAR,53,547.0671
952,906033,2026-07-25,REGULAR,13,11.8453
953,903422,2026-07-25,REGULAR,62,580.18687
954,906987,2026-07-25,REGULAR,16,17.51028
955,904064,2026-07-25,REGULAR,64,530.5047
956,901901,2026-07-25,REGULAR,46,49.27342
957,907261,2026-07-25,NPA,249,99999.99999
958,906796,2026-07-25,REGULAR,76,333.47843
959,905825,2026-07-25,REGULAR,35,61.238
960,902334,2026-07-25,NPA,163,99999.99999
961,903493,2026-07-25,REGULAR,18,109.63628
962,906541,2026-07-25,NPA,217,99999.99999
963,906909,2026-07-25,REGULAR,20,411.61885
964,907305,2026-07-25,REGULAR,45,82.14588
965,902164,2026-07-25,REGULAR,34,144.4353
966,905618,2026-07-25,REGULAR,21,43.8069
967,903905,2026-07-25,NPA,229,45418.397
968,905069,2026-07-25,REGULAR,31,5.785
969,905073,2026-07-25,NPA,188,64609.40348
970,905380,2026-07-25,REGULAR,18,115.59692
971,900486,2026-07-25,REGULAR,4,39.72205
972,901482,2026-07-25,REGULAR,54,162.70975
973,901687,2026-07-25,WRITE_OFF,365,99999.99999
974,907163,2026-07-25,NPA,91,9243.67784
975,903274,2026-07-25,REGULAR,21,285.94425
976,906784,2026-07-25,NPA,301,99999.99999
977,904718,2026-07-25,REGULAR,55,307.78505
978,906819,2026-07-25,REGULAR,21,88.18063
979,903204,2026-07-25,REGULAR,24,26.4744
980,902234,2026-07-25,REGULAR,76,342.86187
981,905475,2026-07-25,NPA,111,8179.02528
982,900099,2026-07-25,REGULAR,45,40.29355
983,901012,2026-07-25,REGULAR,40,22.07327
984,901410,2026-07-25,NPA,306,99999.99999
985,900851,2026-07-25,NPA,138,3731.60844
986,905872,2026-07-25,REGULAR,34,211.1614
987,907085,2026-07-25,REGULAR,24,9.2743
988,901532,2026-07-25,REGULAR,8,283.25988
989,901115,2026-07-25,NPA,106,11346.9083
990,900330,2026-07-25,NPA,256,15421.71532
991,900053,2026-07-25,REGULAR,16,302.13137
992,905722,2026-07-25,REGULAR,68,1810.16105
993,906469,2026-07-25,REGULAR,42,307.8292
994,902524,2026-07-25,NPA,235,66772.816
995,900021,2026-07-25,REGULAR,37,26.61738
996,904826,2026-07-25,NPA,302,99999.99999
997,904945,2026-07-25,REGULAR,66,909.23117
998,903568,2026-07-25,REGULAR,30,237.90918
999,903848,2026-07-25,NPA,198,99999.99999
1000,905123,2026-07-25,REGULAR,17,26.98455
1001,900671,2026-07-25,REGULAR,33,441.03725
1002,906141,2026-07-25,REGULAR,40,12.00698
1003,902859,2026-07-25,NPA,333,99999.99999
1004,906117,2026-07-25,REGULAR,43,57.18735
1005,902253,2026-07-25,REGULAR,22,166.37835
1006,902753,2026-07-25,REGULAR,42,41.04453
1007,905708,2026-07-25,REGULAR,64,456.2398
1008,900434,2026-07-25,NPA,312,47033.50212
1009,904202,2026-07-25,NPA,231,99999.99999
1010,901648,2026-07-25,NPA,203,99999.99999
1011,905461,2026-07-25,NPA,314,99999.99999
1012,906565,2026-07-25,REGULAR,68,98.73122
1013,906524,2026-07-25,REGULAR,21,3.8199
1014,901141,2026-07-25,REGULAR,5,7.96013
1015,903915,2026-07-25,REGULAR,37,14.39578
1016,900025,2026-07-25,REGULAR,21,1.9673
1017,902702,2026-07-25,REGULAR,48,337.5905
1018,905452,2026-07-25,REGULAR,44,13.1214
1019,907472,2026-07-25,REGULAR,13,5.38112
1020,904016,2026-07-25,REGULAR,34,305.0261
1021,903036,2026-07-25,REGULAR,33,498.26645
1022,901048,2026-07-25,NPA,188,99999.99999
1023,900035,2026-07-25,REGULAR,38,568.79398
1024,904796,2026-07-25,REGULAR,53,127.18805
1025,907572,2026-07-25,NPA,252,17457.17352
1026,906347,2026-07-25,REGULAR,11,47.5766
1027,901194,2026-07-25,REGULAR,50,174.39545
1028,905719,2026-07-25,REGULAR,21,187.91467
1029,905717,2026-07-25,REGULAR,44,32.99598
1030,903221,2026-07-25,REGULAR,27,95.82645
1031,900762,2026-07-25,NPA,105,47136.4416
1032,903474,2026-07-25,WRITE_OFF,365,99999.99999
1033,901952,2026-07-25,NPA,144,23905.78722
1034,902049,2026-07-25,REGULAR,6,130.86695
1035,905920,2026-07-25,NPA,105,51281.3538
1036,905525,2026-07-25,NPA,232,28812.54824
1037,904819,2026-07-25,REGULAR,49,112.9007
1038,907157,2026-07-25,REGULAR,37,26.3999
1039,904262,2026-07-25,REGULAR,41,24.13238
1040,901824,2026-07-25,REGULAR,42,11.16098
1041,903516,2026-07-25,REGULAR,44,40.58123
1042,906424,2026-07-25,REGULAR,26,899.85955
1043,904653,2026-07-25,REGULAR,53,40.72595
1044,900886,2026-07-25,REGULAR,17,105.02308
1045,902634,2026-07-25,REGULAR,26,17.63955
1046,905120,2026-07-25,REGULAR,30,103.0063
1047,902122,2026-07-25,REGULAR,79,32.1144
1048,902044,2026-07-25,REGULAR,17,72.7845
1049,905489,2026-07-25,REGULAR,66,131.93238
1050,900172,2026-07-25,REGULAR,54,74.86813
1051,906136,2026-07-25,REGULAR,47,73.8801
1052,904100,2026-07-25,REGULAR,6,465.71443
1053,906267,2026-07-25,NPA,309,99999.99999
1054,903870,2026-07-25,REGULAR,16,5.3539
1055,907326,2026-07-25,REGULAR,16,82.14235
1056,906992,2026-07-25,NPA,310,99999.99999
1057,902795,2026-07-25,NPA,99,30132.18096
1058,906925,2026-07-25,REGULAR,28,26.50255
1059,902504,2026-07-25,REGULAR,81,300.57988
1060,905281,2026-07-25,REGULAR,43,5.1719
1061,902467,2026-07-25,REGULAR,60,1132.36468
1062,900311,2026-07-25,NPA,108,26998.53984
1063,906746,2026-07-25,REGULAR,35,555.64702
1064,900887,2026-07-25,NPA,282,49262.09808
1065,905906,2026-07-25,REGULAR,41,59.71215
1066,907084,2026-07-25,NPA,115,11526.364
1067,902188,2026-07-25,NPA,227,7332.95704
1068,900277,2026-07-25,NPA,121,43970.37728
1069,904049,2026-07-25,REGULAR,37,19.53705
1070,907221,2026-07-25,NPA,365,99999.99999
1071,906840,2026-07-25,REGULAR,38,138.18555
1072,900514,2026-07-25,NPA,97,27202.43236
1073,905694,2026-07-25,REGULAR,45,378.92945
1074,904923,2026-07-25,REGULAR,23,123.78825
1075,904863,2026-07-25,REGULAR,27,98.06222
1076,907211,2026-07-25,REGULAR,4,55.89615
1077,903511,2026-07-25,REGULAR,24,8.52177
1078,905796,2026-07-25,REGULAR,67,253.25195
1079,902967,2026-07-25,REGULAR,30,178.85752
1080,901173,2026-07-25,WRITE_OFF,365,99999.99999
1081,902817,2026-07-25,REGULAR,1,267.5237
1082,906879,2026-07-25,REGULAR,31,24.06775
1083,900081,2026-07-25,NPA,346,99999.99999
1084,901036,2026-07-25,REGULAR,18,23.70943
1085,907329,2026-07-25,NPA,190,17086.09
1086,900903,2026-07-25,NPA,197,22530.73368
1087,902274,2026-07-25,REGULAR,5,239.34208
1088,902438,2026-07-25,NPA,311,99999.99999
1089,906317,2026-07-25,REGULAR,12,2.06398
1090,905100,2026-07-25,REGULAR,46,91.79063
1091,901288,2026-07-25,NPA,249,23535.99144
1092,906553,2026-07-25,REGULAR,5,290.31307
1093,901251,2026-07-25,REGULAR,5,91.94218
1094,907621,2026-07-25,REGULAR,42,347.40135
1095,900154,2026-07-25,REGULAR,47,56.83115
1096,907058,2026-07-25,NPA,354,15341.18058
1097,900385,2026-07-25,NPA,234,99999.99999
1098,903936,2026-07-25,REGULAR,39,223.15447
1099,905855,2026-07-25,REGULAR,5,247.62255
1100,902250,2026-07-25,NPA,181,99999.99999
1101,902339,2026-07-25,REGULAR,43,214.13018
1102,900841,2026-07-25,REGULAR,11,145.92487
1103,903774,2026-07-25,REGULAR,11,292.818
1104,904807,2026-07-25,WRITE_OFF,365,99999.99999
1105,903294,2026-07-25,REGULAR,1,71.32908
1106,904801,2026-07-25,REGULAR,30,178.66965
1107,907779,2026-07-25,REGULAR,37,80.1901
1108,907653,2026-07-25,REGULAR,12,841.44665
1109,903926,2026-07-25,NPA,201,2351.81376
1110,907613,2026-07-25,REGULAR,16,253.13208
1111,907145,2026-07-25,NPA,200,99999.99999
1112,907702,2026-07-25,REGULAR,31,19.75135
1113,907504,2026-07-25,NPA,225,99999.99999
1114,905729,2026-07-25,WRITE_OFF,365,99999.99999
1115,902426,2026-07-25,REGULAR,38,13.5827
1116,900836,2026-07-25,NPA,348,98046.189
1117,902066,2026-07-25,NPA,96,4259.61666
1118,905626,2026-07-25,REGULAR,36,404.80482
1119,907538,2026-07-25,NPA,187,52184.8
1120,907224,2026-07-25,REGULAR,50,49.19395
1121,900744,2026-07-25,REGULAR,26,35.12015
1122,907641,2026-07-25,REGULAR,49,33.71898
1123,904454,2026-07-25,REGULAR,11,207.58103
1124,903039,2026-07-25,REGULAR,39,254.35408
1125,900908,2026-07-25,REGULAR,23,170.95015
1126,900368,2026-07-25,REGULAR,15,331.54783
1127,902346,2026-07-25,REGULAR,51,14.38723
1128,904184,2026-07-25,REGULAR,41,21.9794
1129,900094,2026-07-25,REGULAR,51,47.32443
1130,901152,2026-07-25,NPA,319,55203.80992
1131,901900,2026-07-25,NPA,352,99999.99999
1132,907147,2026-07-25,REGULAR,41,59.9056
1133,905329,2026-07-25,NPA,253,36638.34832
1134,904943,2026-07-25,NPA,122,99999.99999
1135,903403,2026-07-25,NPA,277,99999.99999
1136,905216,2026-07-25,NPA,114,1738.98252
1137,906764,2026-07-25,NPA,180,91641.0
1138,900757,2026-07-25,REGULAR,35,130.13798
1139,907870,2026-07-25,REGULAR,41,177.9829
1140,902145,2026-07-25,REGULAR,43,209.87888
1141,901695,2026-07-25,NPA,127,7946.13568
1142,907310,2026-07-25,REGULAR,41,174.6771
1143,906349,2026-07-25,NPA,245,99999.99999
1144,904195,2026-07-25,NPA,360,68432.8959
1145,902713,2026-07-25,REGULAR,43,7.1922
1146,907280,2026-07-25,REGULAR,48,4.32592
1147,903235,2026-07-25,REGULAR,44,610.283
1148,901959,2026-07-25,REGULAR,38,366.37488
1149,905225,2026-07-25,REGULAR,38,76.60698
1150,905144,2026-07-25,NPA,95,60862.8352
1151,904859,2026-07-25,NPA,224,99999.99999
1152,900681,2026-07-25,REGULAR,46,10.34152
1153,905143,2026-07-25,REGULAR,35,27.7496
1154,900632,2026-07-25,NPA,336,99999.99999
1155,902471,2026-07-25,REGULAR,38,7.57425
1156,906067,2026-07-25,REGULAR,11,17.90287
1157,901709,2026-07-25,NPA,184,99999.99999
1158,900243,2026-07-25,NPA,281,99999.99999
1159,905699,2026-07-25,REGULAR,34,17.82003
1160,904955,2026-07-25,REGULAR,31,151.903
1161,902639,2026-07-25,REGULAR,32,70.8274
1162,901423,2026-07-25,REGULAR,30,108.20183
1163,903603,2026-07-25,REGULAR,61,18.0332
1164,901887,2026-07-25,NPA,131,99999.99999
1165,907710,2026-07-25,NPA,233,99999.99999
1166,906677,2026-07-25,REGULAR,33,49.2701
1167,902882,2026-07-25,REGULAR,43,325.43667
1168,903185,2026-07-25,REGULAR,31,48.05415
1169,905379,2026-07-25,REGULAR,38,11.37255
1170,907752,2026-07-25,REGULAR,30,200.04053
1171,906516,2026-07-25,NPA,330,72878.1102
1172,901092,2026-07-25,NPA,217,99999.99999
1173,902863,2026-07-25,NPA,317,99999.99999
1174,906722,2026-07-25,REGULAR,38,4.7951
1175,905450,2026-07-25,NPA,182,98597.56152
1176,905728,2026-07-25,REGULAR,4,164.38005
1177,907820,2026-07-25,REGULAR,40,32.45645
1178,901782,2026-07-25,REGULAR,37,34.63665
1179,907141,2026-07-25,NPA,152,19923.84972
1180,906482,2026-07-25,REGULAR,36,22.03903
1181,907861,2026-07-25,NPA,283,50705.6
1182,902774,2026-07-25,REGULAR,43,38.14303
1183,906274,2026-07-25,REGULAR,24,36.1374
1184,907780,2026-07-25,REGULAR,14,417.0127
1185,906472,2026-07-25,NPA,200,33292.3891
1186,904433,2026-07-25,NPA,102,5729.98878
1187,902112,2026-07-25,NPA,188,3708.53872
1188,905841,2026-07-25,REGULAR,11,80.79785
1189,905061,2026-07-25,REGULAR,35,799.38023
1190,904042,2026-07-25,REGULAR,1,1270.81918
1191,905555,2026-07-25,REGULAR,35,19.25603
1192,903309,2026-07-25,REGULAR,7,186.15403
1193,903545,2026-07-25,REGULAR,38,199.99732
1194,907713,2026-07-25,NPA,202,99999.99999
1195,905229,2026-07-25,REGULAR,52,65.60348
1196,904649,2026-07-25,REGULAR,83,125.09652
1197,904707,2026-07-25,REGULAR,36,61.19033
1198,901261,2026-07-25,NPA,321,99999.99999
1199,907294,2026-07-25,NPA,341,99999.99999
1200,901001,2026-07-25,NPA,283,99999.99999
1201,904747,2026-07-25,NPA,217,45692.4
1202,900856,2026-07-25,NPA,98,2563.94138
1203,907250,2026-07-25,REGULAR,41,10.3722
1204,902871,2026-07-25,REGULAR,1,271.83783
1205,902538,2026-07-25,NPA,342,99999.99999
1206,907113,2026-07-25,REGULAR,36,376.1246
1207,903064,2026-07-25,REGULAR,31,370.32232
1208,900604,2026-07-25,REGULAR,14,5.6531
1209,907601,2026-07-25,REGULAR,32,595.1419
1210,906910,2026-07-25,REGULAR,37,303.93205
1211,906548,2026-07-25,REGULAR,30,94.91253
1212,901738,2026-07-25,REGULAR,15,36.72107
1213,903078,2026-07-25,NPA,362,99999.99999
1214,905816,2026-07-25,REGULAR,13,268.37953
1215,903563,2026-07-25,REGULAR,31,145.54933
1216,902653,2026-07-25,REGULAR,31,21.09552
1217,900904,2026-07-25,REGULAR,14,8.01503
1218,903623,2026-07-25,REGULAR,43,6.54307
1219,907971,2026-07-25,REGULAR,29,22.11208
1220,901197,2026-07-25,REGULAR,8,90.67167
1221,901258,2026-07-25,NPA,332,99999.99999
1222,900469,2026-07-25,REGULAR,42,8.51197
1223,904494,2026-07-25,REGULAR,83,275.16188
1224,903264,2026-07-25,REGULAR,39,34.22515
1225,905346,2026-07-25,REGULAR,15,11.17305
1226,900268,2026-07-25,NPA,143,10679.58272
1227,904185,2026-07-25,REGULAR,24,52.10775
1228,904847,2026-07-25,REGULAR,22,20.05037
1229,901354,2026-07-25,NPA,188,8525.55072
1230,905081,2026-07-25,REGULAR,23,13.87898
1231,903041,2026-07-25,REGULAR,51,32.11025
1232,905804,2026-07-25,REGULAR,45,201.72175
1233,902897,2026-07-25,REGULAR,15,287.10095
1234,902456,2026-07-25,REGULAR,16,63.2649
1235,901848,2026-07-25,REGULAR,81,4.84277
1236,904716,2026-07-25,NPA,281,8565.2
1237,906320,2026-07-25,REGULAR,10,30.3893
1238,900843,2026-07-25,REGULAR,41,20.9225
1239,903413,2026-07-25,REGULAR,46,2.8462
1240,902755,2026-07-25,REGULAR,2,45.75535
1241,905620,2026-07-25,NPA,313,99999.99999
1242,902313,2026-07-25,REGULAR,84,41.82488
1243,906521,2026-07-25,NPA,229,99999.99999
1244,902683,2026-07-25,WRITE_OFF,365,99999.99999
1245,904659,2026-07-25,REGULAR,38,304.0212
1246,901081,2026-07-25,REGULAR,42,39.9246
1247,907034,2026-07-25,NPA,290,99999.99999
1248,903056,2026-07-25,REGULAR,53,31.09103
1249,904302,2026-07-25,NPA,186,99999.99999
1250,900950,2026-07-25,REGULAR,40,12.3297
1251,904933,2026-07-25,NPA,140,6489.035
1252,903844,2026-07-25,REGULAR,31,37.39043
1253,904709,2026-07-25,REGULAR,4,42.10255
1254,901624,2026-07-25,NPA,112,25067.58002
1255,903752,2026-07-25,NPA,221,60019.66972
1256,901740,2026-07-25,REGULAR,7,88.3867
1257,906062,2026-07-25,REGULAR,39,4.22978
1258,903306,2026-07-25,REGULAR,19,92.01528
1259,907351,2026-07-25,REGULAR,12,195.5472
1260,902465,2026-07-25,NPA,309,86402.24292
1261,901970,2026-07-25,REGULAR,12,198.15695
1262,903472,2026-07-25,REGULAR,13,946.30288
1263,907373,2026-07-25,REGULAR,29,592.88773
1264,902196,2026-07-25,REGULAR,11,461.17287
1265,905628,2026-07-25,REGULAR,1,195.9589
1266,906428,2026-07-25,NPA,319,30204.05376
1267,901473,2026-07-25,REGULAR,21,50.6191
1268,906831,2026-07-25,REGULAR,34,145.14737
1269,906130,2026-07-25,REGULAR,31,53.36028
1270,901992,2026-07-25,REGULAR,10,222.93033
1271,907216,2026-07-25,NPA,90,90059.715
1272,905258,2026-07-25,NPA,220,99999.99999
1273,907960,2026-07-25,REGULAR,55,119.94362
1274,905181,2026-07-25,REGULAR,50,74.62627
1275,901024,2026-07-25,NPA,134,78099.56196
1276,904169,2026-07-25,REGULAR,14,82.84805
1277,900064,2026-07-25,REGULAR,14,7.92617
1278,906500,2026-07-25,REGULAR,48,86.2796
1279,905822,2026-07-25,REGULAR,80,244.84375
1280,902029,2026-07-25,REGULAR,40,9.58217
1281,904666,2026-07-25,REGULAR,46,162.25425
1282,904786,2026-07-25,REGULAR,43,286.2701
1283,905944,2026-07-25,REGULAR,10,40.7962
1284,902728,2026-07-25,NPA,138,99999.99999
1285,903983,2026-07-25,REGULAR,41,11.48348
1286,904741,2026-07-25,WRITE_OFF,365,99999.99999
1287,902307,2026-07-25,REGULAR,14,188.39708
1288,905131,2026-07-25,NPA,217,99999.99999
1289,907753,2026-07-25,REGULAR,34,8.69337
1290,905316,2026-07-25,REGULAR,22,34.669
1291,900219,2026-07-25,REGULAR,40,14.62908
1292,901357,2026-07-25,REGULAR,10,170.05138
1293,905958,2026-07-25,REGULAR,41,104.37105
1294,904560,2026-07-25,REGULAR,54,35.12687
1295,906631,2026-07-25,REGULAR,34,169.899
1296,905490,2026-07-25,NPA,273,33762.66948
1297,902016,2026-07-25,REGULAR,31,170.89753
1298,906364,2026-07-25,REGULAR,19,282.55327
1299,902298,2026-07-25,REGULAR,18,169.70173
1300,906833,2026-07-25,NPA,199,99999.99999
1301,903841,2026-07-25,NPA,191,99999.99999
1302,905523,2026-07-25,REGULAR,15,21.34613
1303,906120,2026-07-25,NPA,320,9745.8846
1304,904031,2026-07-25,REGULAR,79,202.61265
1305,903080,2026-07-25,NPA,182,9508.09156
1306,903624,2026-07-25,NPA,96,4304.94912
1307,902270,2026-07-25,REGULAR,24,156.21825
1308,903665,2026-07-25,REGULAR,45,10.14735
1309,906705,2026-07-25,REGULAR,43,49.7474
1310,906315,2026-07-25,REGULAR,37,16.54985
1311,905617,2026-07-25,REGULAR,3,296.4818
1312,903991,2026-07-25,REGULAR,50,267.82785
1313,902374,2026-07-25,REGULAR,41,68.20185
1314,903285,2026-07-25,REGULAR,74,313.90458
1315,901003,2026-07-25,NPA,351,99999.99999
1316,904259,2026-07-25,WRITE_OFF,365,99999.99999
1317,904544,2026-07-25,REGULAR,43,6.90733
1318,907012,2026-07-25,REGULAR,81,2286.31642
1319,900751,2026-07-25,REGULAR,31,148.52548
1320,900372,2026-07-25,NPA,126,4693.67496
1321,902038,2026-07-25,NPA,240,67868.8515
1322,905852,2026-07-25,REGULAR,49,86.83745
1323,902091,2026-07-25,NPA,183,99999.99999
1324,901533,2026-07-25,NPA,160,4779.7539
1325,901690,2026-07-25,REGULAR,21,294.4351
1326,905428,2026-07-25,REGULAR,42,903.30413
1327,903446,2026-07-25,REGULAR,25,575.1737
1328,900649,2026-07-25,WRITE_OFF,365,99999.99999
1329,903399,2026-07-25,NPA,123,16536.21912
1330,903033,2026-07-25,NPA,245,99999.99999
1331,906573,2026-07-25,NPA,188,6193.4
1332,902724,2026-07-25,REGULAR,40,12.46128
1333,906312,2026-07-25,REGULAR,28,88.49055
1334,900984,2026-07-25,REGULAR,70,100.59267
1335,906991,2026-07-25,REGULAR,26,744.9455
1336,906772,2026-07-25,NPA,181,99999.99999
1337,903268,2026-07-25,NPA,225,26867.1312
1338,906468,2026-07-25,REGULAR,40,530.53485
1339,903491,2026-07-25,REGULAR,61,170.9895
1340,902705,2026-07-25,REGULAR,44,38.3707
1341,901448,2026-07-25,REGULAR,5,51.76385
1342,905171,2026-07-25,REGULAR,26,20.59218
1343,907382,2026-07-25,NPA,304,99999.99999
1344,906720,2026-07-25,NPA,130,34321.4372
1345,907902,2026-07-25,REGULAR,34,72.52275
1346,907511,2026-07-25,NPA,201,99999.99999
1347,906439,2026-07-25,NPA,102,1915.0005
1348,907107,2026-07-25,REGULAR,5,353.08283
1349,901777,2026-07-25,REGULAR,61,294.30925
1350,902487,2026-07-25,REGULAR,26,25.71755
1351,907256,2026-07-25,REGULAR,30,246.64577
1352,904675,2026-07-25,NPA,280,62381.0
1353,906519,2026-07-25,NPA,275,99999.99999
1354,903321,2026-07-25,NPA,283,99999.99999
1355,901793,2026-07-25,NPA,254,11014.95074
1356,900871,2026-07-25,NPA,160,2017.0109
1357,902211,2026-07-25,REGULAR,41,65.70745
1358,900746,2026-07-25,REGULAR,34,6.27065
1359,900155,2026-07-25,NPA,190,9156.539
1360,902629,2026-07-25,REGULAR,53,87.40645
1361,907332,2026-07-25,REGULAR,67,74.268
1362,907882,2026-07-25,REGULAR,20,5.24178
1363,901509,2026-07-25,REGULAR,39,56.47455
1364,904087,2026-07-25,NPA,334,99999.99999
1365,906345,2026-07-25,REGULAR,22,1896.6608
1366,904978,2026-07-25,REGULAR,37,184.87197
1367,904890,2026-07-25,REGULAR,24,39.05418
1368,905170,2026-07-25,REGULAR,41,51.19228
1369,905623,2026-07-25,REGULAR,14,27.72035
1370,903086,2026-07-25,REGULAR,55,692.88025
1371,901886,2026-07-25,REGULAR,78,250.5056
1372,900593,2026-07-25,REGULAR,44,80.024
1373,906916,2026-07-25,REGULAR,39,70.70597
1374,907110,2026-07-25,REGULAR,41,262.99207
1375,906410,2026-07-25,REGULAR,9,36.4774
1376,905486,2026-07-25,REGULAR,22,23.35528
1377,906587,2026-07-25,NPA,224,99999.99999
1378,905133,2026-07-25,NPA,192,15203.52828
1379,902814,2026-07-25,REGULAR,68,142.1624
1380,901454,2026-07-25,REGULAR,38,20.15707
1381,900165,2026-07-25,REGULAR,40,74.50365
1382,904086,2026-07-25,REGULAR,61,54.5249
1383,904054,2026-07-25,REGULAR,44,144.1624
1384,901879,2026-07-25,REGULAR,71,13.18605
1385,903720,2026-07-25,NPA,322,99999.99999
1386,901973,2026-07-25,REGULAR,12,386.57668
1387,907639,2026-07-25,REGULAR,69,395.2145
1388,907555,2026-07-25,REGULAR,52,165.03102
1389,901717,2026-07-25,NPA,307,26455.2
1390,901811,2026-07-25,REGULAR,9,122.46022
1391,904878,2026-07-25,NPA,115,37883.16
1392,906416,2026-07-25,REGULAR,8,27.55798
1393,901165,2026-07-25,NPA,204,99999.99999
1394,901639,2026-07-25,NPA,309,99999.99999
1395,901292,2026-07-25,REGULAR,4,13.5466
1396,904376,2026-07-25,REGULAR,31,18.08745
1397,905990,2026-07-25,REGULAR,42,77.96648
1398,903154,2026-07-25,REGULAR,49,268.0689
1399,907167,2026-07-25,REGULAR,45,5.37613
1400,903279,2026-07-25,REGULAR,45,298.39252
1401,906961,2026-07-25,NPA,205,74981.0034
1402,900247,2026-07-25,REGULAR,32,64.2494
1403,907336,2026-07-25,NPA,183,35517.216
1404,906163,2026-07-25,NPA,175,99999.99999
1405,903096,2026-07-25,REGULAR,41,356.62107
1406,905185,2026-07-25,REGULAR,32,7.8583
1407,907723,2026-07-25,REGULAR,36,51.07235
1408,907434,2026-07-25,REGULAR,36,30.70228
1409,902455,2026-07-25,REGULAR,1,158.24453
1410,901788,2026-07-25,NPA,92,6437.80676
1411,900423,2026-07-25,REGULAR,1,11.38053
1412,906669,2026-07-25,NPA,90,5439.264
1413,906567,2026-07-25,REGULAR,47,13.99797
1414,905939,2026-07-25,REGULAR,45,228.69592
1415,902231,2026-07-25,NPA,156,3066.83178
1416,902410,2026-07-25,REGULAR,41,70.08258
1417,905116,2026-07-25,REGULAR,18,182.81105
1418,906993,2026-07-25,REGULAR,47,2.33345
1419,905357,2026-07-25,REGULAR,51,735.8527
1420,905654,2026-07-25,REGULAR,51,1037.24715
1421,901270,2026-07-25,REGULAR,37,69.93003
1422,901698,2026-07-25,REGULAR,50,99.14808
1423,902974,2026-07-25,REGULAR,39,61.78913
1424,907775,2026-07-25,NPA,249,99999.99999
1425,902086,2026-07-25,NPA,217,8364.12512
1426,903448,2026-07-25,REGULAR,17,644.36373
1427,904476,2026-07-25,NPA,365,99999.99999
1428,906659,2026-07-25,REGULAR,20,50.26698
1429,904966,2026-07-25,REGULAR,40,6.48805
1430,902591,2026-07-25,REGULAR,76,1258.69695
1431,907954,2026-07-25,NPA,123,600.4368
1432,902751,2026-07-25,REGULAR,37,99.4724
1433,905583,2026-07-25,NPA,365,99999.99999
1434,902937,2026-07-25,NPA,201,99999.99999
1435,900612,2026-07-25,REGULAR,5,20.06305
1436,906314,2026-07-25,REGULAR,12,319.02405
1437,900049,2026-07-25,REGULAR,14,111.12122
1438,906743,2026-07-25,NPA,191,21847.5488
1439,907834,2026-07-25,REGULAR,41,42.19273
1440,906381,2026-07-25,REGULAR,55,85.89893
1441,905035,2026-07-25,NPA,274,69660.81094
1442,905501,2026-07-25,NPA,191,73709.48288
1443,902696,2026-07-25,REGULAR,70,45.91783
1444,904584,2026-07-25,NPA,332,99999.99999
1445,901610,2026-07-25,REGULAR,42,246.531
1446,906820,2026-07-25,NPA,247,66651.64656
1447,903542,2026-07-25,REGULAR,10,10.89838
1448,905471,2026-07-25,REGULAR,50,18.0095
1449,907574,2026-07-25,NPA,133,99999.99999
1450,905530,2026-07-25,REGULAR,33,94.46712
1451,906286,2026-07-25,REGULAR,22,32.05098
1452,906604,2026-07-25,REGULAR,44,27.59242
1453,904931,2026-07-25,REGULAR,14,32.08582
1454,902581,2026-07-25,REGULAR,32,742.35732
1455,900377,2026-07-25,REGULAR,32,26.71128
1456,907384,2026-07-25,REGULAR,18,965.32467
1457,906907,2026-07-25,NPA,289,8743.29068
1458,906131,2026-07-25,REGULAR,4,1000.97188
1459,904651,2026-07-25,REGULAR,44,205.40842
1460,903701,2026-07-25,REGULAR,30,122.36243
1461,906199,2026-07-25,NPA,121,99999.99999
1462,903610,2026-07-25,REGULAR,41,647.52948
1463,907827,2026-07-25,REGULAR,36,140.20867
1464,902326,2026-07-25,REGULAR,30,255.20655
1465,907171,2026-07-25,NPA,191,33827.2
1466,907183,2026-07-25,REGULAR,22,274.7686
1467,904182,2026-07-25,REGULAR,45,29.33142
1468,907082,2026-07-25,REGULAR,19,2.93193
1469,903668,2026-07-25,REGULAR,7,118.33635
1470,901237,2026-07-25,NPA,323,99999.99999
1471,905641,2026-07-25,REGULAR,1,108.42685
1472,901636,2026-07-25,NPA,194,99999.99999
1473,906641,2026-07-25,REGULAR,5,69.07965
1474,901681,2026-07-25,REGULAR,1,60.11923
1475,900938,2026-07-25,REGULAR,15,233.07258
1476,903135,2026-07-25,REGULAR,78,544.07898
1477,906926,2026-07-25,REGULAR,52,215.8373
1478,902943,2026-07-25,NPA,242,60052.45502
1479,904832,2026-07-25,REGULAR,42,6.19738
1480,903771,2026-07-25,NPA,202,16571.09476
1481,902469,2026-07-25,REGULAR,32,133.2788
1482,906735,2026-07-25,REGULAR,78,14.49062
1483,902447,2026-07-25,NPA,113,1418.354
1484,906065,2026-07-25,REGULAR,48,151.77703
1485,904503,2026-07-25,NPA,171,46536.4848
1486,907363,2026-07-25,REGULAR,40,152.82657
1487,900731,2026-07-25,REGULAR,12,53.44705
1488,902673,2026-07-25,REGULAR,34,50.0031
1489,906225,2026-07-25,REGULAR,20,132.57005
1490,903855,2026-07-25,REGULAR,45,15.8011
1491,902482,2026-07-25,REGULAR,39,278.5548
1492,900630,2026-07-25,NPA,289,36825.6
1493,904190,2026-07-25,NPA,115,99999.99999
1494,905715,2026-07-25,REGULAR,55,578.4706
1495,905561,2026-07-25,REGULAR,28,84.28558
1496,900179,2026-07-25,REGULAR,33,8.63945
1497,903048,2026-07-25,WRITE_OFF,365,99999.99999
1498,900011,2026-07-25,NPA,193,99999.99999
1499,904698,2026-07-25,REGULAR,14,16.59948
1500,905068,2026-07-25,REGULAR,20,527.38408
1501,904879,2026-07-25,NPA,232,2604.0
1502,906763,2026-07-25,REGULAR,45,60.86403
1503,907664,2026-07-25,REGULAR,55,194.51048
1504,900004,2026-07-25,REGULAR,27,740.69295
1505,900145,2026-07-25,NPA,270,99999.99999
1506,903260,2026-07-25,NPA,226,4683.63452
1507,905611,2026-07-25,REGULAR,32,84.26202
1508,902765,2026-07-25,REGULAR,37,9.68318
1509,901257,2026-07-25,REGULAR,14,3.53515
1510,903325,2026-07-25,REGULAR,45,602.26673
1511,907677,2026-07-25,REGULAR,33,172.01743
1512,907849,2026-07-25,REGULAR,38,161.02535
1513,902013,2026-07-25,REGULAR,19,152.86335
1514,903944,2026-07-25,NPA,262,86495.4233
1515,904299,2026-07-25,WRITE_OFF,365,99999.99999
1516,901314,2026-07-25,REGULAR,15,396.3375
1517,900271,2026-07-25,REGULAR,31,33.57105
1518,901336,2026-07-25,REGULAR,13,214.0063
1519,904499,2026-07-25,REGULAR,14,10.76598
1520,903661,2026-07-25,NPA,140,31965.9975
1521,901103,2026-07-25,NPA,101,50543.40916
1522,903873,2026-07-25,NPA,280,99999.99999
1523,904618,2026-07-25,WRITE_OFF,365,37462.07
1524,903924,2026-07-25,NPA,232,15177.77422
1525,906411,2026-07-25,REGULAR,43,26.0115
1526,900029,2026-07-25,REGULAR,31,112.45177
1527,902359,2026-07-25,REGULAR,14,354.72655
1528,907693,2026-07-25,REGULAR,52,141.22647
1529,901815,2026-07-25,NPA,282,99999.99999
1530,907688,2026-07-25,REGULAR,53,221.41377
1531,900476,2026-07-25,REGULAR,32,109.28985
1532,906265,2026-07-25,REGULAR,7,1276.2737
1533,904813,2026-07-25,REGULAR,53,33.59995
1534,907552,2026-07-25,WRITE_OFF,365,12318.3
1535,903193,2026-07-25,NPA,310,99999.99999
1536,904483,2026-07-25,REGULAR,38,38.5453
1537,905438,2026-07-25,REGULAR,26,2217.06353
1538,901091,2026-07-25,REGULAR,44,20.6856
1539,900635,2026-07-25,NPA,196,99999.99999
1540,902529,2026-07-25,REGULAR,43,457.9129
1541,906781,2026-07-25,REGULAR,32,21.86925
1542,902972,2026-07-25,REGULAR,39,109.52685
1543,903406,2026-07-25,REGULAR,19,127.08048
1544,905835,2026-07-25,REGULAR,29,147.37528
1545,907240,2026-07-25,REGULAR,2,262.08967
1546,902830,2026-07-25,NPA,311,99999.99999
1547,901518,2026-07-25,NPA,272,99999.99999
1548,902669,2026-07-25,REGULAR,39,9.44155
1549,900193,2026-07-25,REGULAR,39,19.1585
1550,905984,2026-07-25,NPA,95,9229.9344
1551,903674,2026-07-25,NPA,258,86534.05932
1552,906322,2026-07-25,REGULAR,16,9.61638
1553,903598,2026-07-25,REGULAR,38,178.77482
1554,900829,2026-07-25,REGULAR,24,9.0967
1555,902103,2026-07-25,NPA,137,46691.3276
1556,901104,2026-07-25,REGULAR,29,3.4514
1557,904205,2026-07-25,REGULAR,5,94.48042
1558,901195,2026-07-25,REGULAR,44,124.89495
1559,904108,2026-07-25,REGULAR,32,151.59518
1560,900518,2026-07-25,NPA,275,99999.99999
1561,903324,2026-07-25,REGULAR,39,51.03017
1562,902667,2026-07-25,REGULAR,42,42.19712
1563,906851,2026-07-25,REGULAR,26,69.18145
1564,903391,2026-07-25,NPA,241,99999.99999
1565,903147,2026-07-25,REGULAR,46,23.00005
1566,904466,2026-07-25,REGULAR,29,4.6997
1567,901011,2026-07-25,REGULAR,7,13.38915
1568,906186,2026-07-25,NPA,145,11559.6026
1569,907327,2026-07-25,NPA,202,99999.99999
1570,907293,2026-07-25,NPA,110,15173.1872
1571,907101,2026-07-25,REGULAR,46,63.11955
1572,905562,2026-07-25,REGULAR,36,359.82218
1573,903144,2026-07-25,NPA,175,41549.9744
1574,900993,2026-07-25,NPA,264,64789.8
1575,905115,2026-07-25,NPA,290,99999.99999
1576,900543,2026-07-25,REGULAR,1,12.87487
1577,906089,2026-07-25,NPA,234,99999.99999
1578,901796,2026-07-25,REGULAR,36,495.5728
1579,903901,2026-07-25,REGULAR,26,408.85365
1580,906778,2026-07-25,REGULAR,9,39.46555
1581,906609,2026-07-25,REGULAR,35,13.97358
1582,906436,2026-07-25,REGULAR,7,71.15632
1583,900438,2026-07-25,NPA,307,14600.0
1584,906324,2026-07-25,NPA,348,26760.63924
1585,907317,2026-07-25,REGULAR,37,271.65685
1586,902475,2026-07-25,REGULAR,25,260.83435
1587,906824,2026-07-25,REGULAR,30,30.13853
1588,905981,2026-07-25,REGULAR,16,19.00777
1589,900707,2026-07-25,REGULAR,37,41.1233
1590,907738,2026-07-25,REGULAR,50,81.40953
1591,906070,2026-07-25,REGULAR,61,140.06155
1592,902910,2026-07-25,REGULAR,19,136.64902
1593,901667,2026-07-25,NPA,302,99999.99999
1594,902404,2026-07-25,REGULAR,37,249.87217
1595,901146,2026-07-25,REGULAR,14,11.4705
1596,901820,2026-07-25,REGULAR,16,314.40268
1597,903471,2026-07-25,NPA,152,15363.74718
1598,907223,2026-07-25,REGULAR,64,22.15095
1599,905046,2026-07-25,NPA,235,20989.43
1600,901083,2026-07-25,REGULAR,1,374.1891
1601,902255,2026-07-25,REGULAR,23,23.89095
1602,902559,2026-07-25,NPA,106,21314.81534
1603,901819,2026-07-25,REGULAR,5,30.0806
1604,903672,2026-07-25,NPA,158,17468.76274
1605,907853,2026-07-25,NPA,115,18801.23
1606,907948,2026-07-25,NPA,355,99999.99999
1607,903709,2026-07-25,REGULAR,43,88.96778
1608,900574,2026-07-25,REGULAR,43,214.8653
1609,905999,2026-07-25,NPA,133,25039.55752
1610,902698,2026-07-25,REGULAR,1,64.54245
1611,900131,2026-07-25,REGULAR,69,8.29523
1612,902511,2026-07-25,REGULAR,38,4.74772
1613,903641,2026-07-25,REGULAR,3,15.33818
1614,907703,2026-07-25,REGULAR,30,87.3903
1615,901428,2026-07-25,REGULAR,19,99.4704
1616,902958,2026-07-25,REGULAR,20,55.88672
1617,903808,2026-07-25,REGULAR,5,170.71975
1618,904902,2026-07-25,REGULAR,43,1360.66467
1619,903104,2026-07-25,REGULAR,12,46.22625
1620,902970,2026-07-25,REGULAR,30,47.4413
1621,900251,2026-07-25,REGULAR,41,275.43053
1622,901839,2026-07-25,REGULAR,39,42.55248
1623,907872,2026-07-25,REGULAR,42,23.04788
1624,901841,2026-07-25,REGULAR,28,397.77905
1625,902993,2026-07-25,REGULAR,38,10.7105
1626,907581,2026-07-25,NPA,293,99999.99999
1627,907772,2026-07-25,REGULAR,24,129.76972
1628,900305,2026-07-25,NPA,306,99999.99999
1629,900610,2026-07-25,NPA,111,13355.23584
1630,906455,2026-07-25,REGULAR,16,73.5043
1631,906214,2026-07-25,REGULAR,14,135.93778
1632,904471,2026-07-25,REGULAR,45,10.35205
1633,900178,2026-07-25,REGULAR,60,64.14135
1634,904787,2026-07-25,REGULAR,30,70.30565
1635,905351,2026-07-25,REGULAR,22,71.45467
1636,905427,2026-07-25,REGULAR,33,17.17023
1637,905026,2026-07-25,REGULAR,77,165.67722
1638,904051,2026-07-25,NPA,365,99999.99999
1639,907401,2026-07-25,NPA,96,503.88966
1640,907808,2026-07-25,REGULAR,39,134.70808
1641,905306,2026-07-25,REGULAR,13,20.72115
1642,905950,2026-07-25,NPA,342,44472.0
1643,900370,2026-07-25,REGULAR,42,123.435
1644,905005,2026-07-25,REGULAR,37,10.76125
1645,907893,2026-07-25,NPA,115,91208.742
1646,906224,2026-07-25,NPA,287,40092.8
1647,904624,2026-07-25,WRITE_OFF,365,99999.99999
1648,904496,2026-07-25,NPA,194,16897.6
1649,904492,2026-07-25,NPA,278,99999.99999
1650,907715,2026-07-25,NPA,248,99999.99999
1651,903384,2026-07-25,NPA,276,99999.99999
1652,900656,2026-07-25,NPA,92,2974.37602
1653,906555,2026-07-25,REGULAR,82,233.53388
1654,904012,2026-07-25,NPA,131,1310.13648
1655,904766,2026-07-25,NPA,97,4280.98548
1656,907942,2026-07-25,REGULAR,62,617.67067
1657,905001,2026-07-25,REGULAR,5,2.0703
1658,902714,2026-07-25,NPA,111,5003.44896
1659,906056,2026-07-25,REGULAR,30,43.23095
1660,903594,2026-07-25,NPA,249,99999.99999
1661,905890,2026-07-25,NPA,365,99999.99999
1662,905080,2026-07-25,REGULAR,14,67.36458
1663,904424,2026-07-25,REGULAR,41,70.27438
1664,904745,2026-07-25,REGULAR,42,18.177
1665,902921,2026-07-25,REGULAR,37,8.5533
1666,902067,2026-07-25,NPA,139,1469.80672
1667,900103,2026-07-25,REGULAR,45,556.54327
1668,904067,2026-07-25,REGULAR,4,18.83815
1669,902072,2026-07-25,REGULAR,11,150.45515
1670,903616,2026-07-25,REGULAR,34,148.0383
1671,901623,2026-07-25,NPA,274,13778.8
1672,907704,2026-07-25,REGULAR,44,74.56395
1673,907588,2026-07-25,REGULAR,2,38.8082
1674,906762,2026-07-25,REGULAR,20,934.21977
1675,907297,2026-07-25,REGULAR,45,220.82935
1676,905713,2026-07-25,NPA,322,63178.29136
1677,902962,2026-07-25,REGULAR,82,49.14167
1678,902506,2026-07-25,REGULAR,30,129.9094
1679,900320,2026-07-25,NPA,95,49970.248
1680,904445,2026-07-25,REGULAR,49,36.80025
1681,903506,2026-07-25,REGULAR,11,4.15215
1682,902249,2026-07-25,REGULAR,24,171.8012
1683,904460,2026-07-25,NPA,259,30060.8
1684,902706,2026-07-25,NPA,200,99999.99999
1685,900010,2026-07-25,REGULAR,14,68.73507
1686,903270,2026-07-25,REGULAR,36,66.18158
1687,902791,2026-07-25,REGULAR,33,11.73578
1688,900718,2026-07-25,REGULAR,38,166.74355
1689,902335,2026-07-25,NPA,201,99999.99999
1690,905205,2026-07-25,NPA,309,92088.34992
1691,900658,2026-07-25,REGULAR,28,85.22833
1692,906483,2026-07-25,REGULAR,7,1.81048
1693,905675,2026-07-25,NPA,290,99999.99999
1694,906650,2026-07-25,REGULAR,29,4.03378
1695,904989,2026-07-25,REGULAR,45,117.76608
1696,901039,2026-07-25,REGULAR,53,261.80068
1697,902059,2026-07-25,REGULAR,40,379.1812
1698,905529,2026-07-25,REGULAR,53,69.68653
1699,905575,2026-07-25,NPA,256,99999.99999
1700,907823,2026-07-25,REGULAR,38,11.67838
1701,904241,2026-07-25,REGULAR,11,18.71578
1702,901939,2026-07-25,NPA,170,99999.99999
1703,904165,2026-07-25,REGULAR,69,447.6201
1704,902377,2026-07-25,REGULAR,47,55.93993
1705,906776,2026-07-25,REGULAR,45,271.3599
1706,900112,2026-07-25,NPA,244,99999.99999
1707,902462,2026-07-25,REGULAR,42,251.61073
1708,905067,2026-07-25,REGULAR,45,45.43645
1709,903419,2026-07-25,REGULAR,41,324.77458
1710,907061,2026-07-25,REGULAR,45,18.81798
1711,901161,2026-07-25,REGULAR,27,330.8633
1712,902328,2026-07-25,REGULAR,10,172.03065
1713,906556,2026-07-25,REGULAR,39,9.66753
1714,902022,2026-07-25,REGULAR,43,14.9689
1715,907679,2026-07-25,REGULAR,50,173.72397
1716,907078,2026-07-25,NPA,126,13340.18868
1717,905235,2026-07-25,REGULAR,40,114.8224
1718,901241,2026-07-25,REGULAR,16,177.75577
1719,907428,2026-07-25,REGULAR,17,8.25758
1720,906418,2026-07-25,NPA,323,4250.4
1721,904862,2026-07-25,NPA,225,94128.132
1722,903421,2026-07-25,REGULAR,44,33.36543
1723,904677,2026-07-25,NPA,141,14343.06132
1724,907093,2026-07-25,NPA,231,32269.06512
1725,905182,2026-07-25,NPA,175,44131.4272
1726,900960,2026-07-25,REGULAR,12,1.54285
1727,904965,2026-07-25,NPA,124,54561.66348
1728,900828,2026-07-25,NPA,123,39134.85192
1729,901653,2026-07-25,NPA,274,71962.25386
1730,901763,2026-07-25,REGULAR,81,964.1142
1731,902964,2026-07-25,REGULAR,76,208.4038
1732,903509,2026-07-25,REGULAR,12,50.61172
1733,905378,2026-07-25,REGULAR,26,223.51542
1734,907474,2026-07-25,REGULAR,4,84.86022
1735,906850,2026-07-25,NPA,198,6047.50584
1736,902110,2026-07-25,NPA,210,99999.99999
1737,900482,2026-07-25,REGULAR,44,23.526
1738,906365,2026-07-25,REGULAR,39,2.92212
1739,906366,2026-07-25,REGULAR,3,28.48435
1740,902546,2026-07-25,REGULAR,45,37.74905
1741,905107,2026-07-25,REGULAR,36,26.21927
1742,907087,2026-07-25,NPA,183,14749.19376
1743,901432,2026-07-25,REGULAR,52,9.76663
1744,901094,2026-07-25,REGULAR,35,26.69773
1745,904080,2026-07-25,NPA,355,35995.2696
1746,907877,2026-07-25,REGULAR,14,52.17603
1747,900028,2026-07-25,NPA,317,99999.99999
1748,906751,2026-07-25,NPA,221,30820.98252
1749,901765,2026-07-25,REGULAR,8,6.79997
1750,902306,2026-07-25,REGULAR,42,26.68135
1751,901647,2026-07-25,REGULAR,19,439.359
1752,903920,2026-07-25,REGULAR,17,72.6988
1753,900430,2026-07-25,REGULAR,60,57.95065
1754,905794,2026-07-25,REGULAR,44,19.55537
1755,902466,2026-07-25,REGULAR,42,6.95805
1756,900552,2026-07-25,NPA,315,99999.99999
1757,900084,2026-07-25,REGULAR,48,828.20493
1758,903026,2026-07-25,NPA,186,6439.04604
1759,905333,2026-07-25,NPA,165,99999.99999
1760,902260,2026-07-25,REGULAR,6,50.37205
1761,900390,2026-07-25,REGULAR,43,25.03905
1762,901297,2026-07-25,NPA,243,2827.2
1763,904030,2026-07-25,REGULAR,54,261.45317
1764,905785,2026-07-25,REGULAR,41,23.66025
1765,901437,2026-07-25,REGULAR,20,179.62242
1766,904216,2026-07-25,REGULAR,26,5.5723
1767,900555,2026-07-25,REGULAR,8,45.29845
1768,906932,2026-07-25,NPA,285,99999.99999
1769,903308,2026-07-25,REGULAR,34,6.01497
1770,907501,2026-07-25,REGULAR,10,9.98902
1771,905630,2026-07-25,REGULAR,30,53.68313
1772,902503,2026-07-25,REGULAR,23,67.63648
1773,907286,2026-07-25,REGULAR,42,41.59
1774,904322,2026-07-25,REGULAR,29,1360.94935
1775,906164,2026-07-25,REGULAR,36,116.88625
1776,900412,2026-07-25,REGULAR,5,150.68455
1777,904447,2026-07-25,REGULAR,9,397.07428
1778,907452,2026-07-25,REGULAR,28,21.21052
1779,903830,2026-07-25,REGULAR,36,431.7465
1780,906437,2026-07-25,REGULAR,25,24.44035
1781,900769,2026-07-25,NPA,259,24497.6
1782,907546,2026-07-25,NPA,165,55740.942
1783,905458,2026-07-25,NPA,193,99999.99999
1784,903587,2026-07-25,NPA,115,18723.828
1785,901070,2026-07-25,REGULAR,9,419.57645
1786,907825,2026-07-25,NPA,306,99999.99999
1787,901253,2026-07-25,REGULAR,49,1023.92062
1788,906073,2026-07-25,REGULAR,8,105.95355
1789,907442,2026-07-25,REGULAR,39,9.86952
1790,903215,2026-07-25,REGULAR,47,36.08742
1791,904170,2026-07-25,NPA,214,14259.43654
1792,905684,2026-07-25,REGULAR,44,113.61678
1793,907712,2026-07-25,REGULAR,9,35.4054
1794,904691,2026-07-25,NPA,250,99999.99999
1795,904536,2026-07-25,REGULAR,44,19.47022
1796,901853,2026-07-25,REGULAR,12,96.3501
1797,906090,2026-07-25,REGULAR,30,202.00717
1798,904487,2026-07-25,WRITE_OFF,365,99999.99999
1799,901318,2026-07-25,NPA,339,99999.99999
1800,902264,2026-07-25,NPA,335,99999.99999
1801,905648,2026-07-25,REGULAR,20,119.91695
1802,904356,2026-07-25,NPA,318,99999.99999
1803,902929,2026-07-25,REGULAR,11,352.4549
1804,903049,2026-07-25,REGULAR,55,3.40363
1805,903865,2026-07-25,REGULAR,37,16.84783
1806,901685,2026-07-25,REGULAR,71,197.77665
1807,904159,2026-07-25,NPA,290,51936.9015
1808,905686,2026-07-25,NPA,161,56686.62576
1809,901287,2026-07-25,NPA,170,16792.8674
1810,901469,2026-07-25,NPA,113,3942.4714
1811,905704,2026-07-25,REGULAR,13,102.77858
1812,905559,2026-07-25,REGULAR,13,15.72705
1813,901422,2026-07-25,NPA,283,99999.99999
1814,906645,2026-07-25,REGULAR,39,91.72218
1815,905308,2026-07-25,REGULAR,36,7.0784
1816,907355,2026-07-25,REGULAR,5,416.88702
1817,900490,2026-07-25,REGULAR,82,90.9482
1818,904122,2026-07-25,REGULAR,46,522.51175
1819,905007,2026-07-25,REGULAR,85,13.85543
1820,901863,2026-07-25,REGULAR,35,219.99293
1821,900597,2026-07-25,NPA,210,99999.99999
1822,907111,2026-07-25,NPA,341,99999.99999
1823,903579,2026-07-25,REGULAR,36,121.02518
1824,902370,2026-07-25,NPA,108,7315.03032
1825,905782,2026-07-25,REGULAR,8,223.98725
1826,903153,2026-07-25,REGULAR,2,629.65787
1827,904395,2026-07-25,NPA,240,29875.239
1828,907594,2026-07-25,NPA,183,7521.0744
1829,902230,2026-07-25,REGULAR,41,37.02602
1830,907054,2026-07-25,REGULAR,61,1135.10648
1831,902127,2026-07-25,REGULAR,46,140.44315
1832,901732,2026-07-25,NPA,290,99999.99999
1833,900107,2026-07-25,REGULAR,31,73.7903
1834,902565,2026-07-25,REGULAR,60,40.79625
1835,902378,2026-07-25,NPA,253,88631.438
1836,901059,2026-07-25,WRITE_OFF,365,99999.99999
1837,907444,2026-07-25,REGULAR,10,764.4168
1838,906379,2026-07-25,REGULAR,50,589.95772
1839,907155,2026-07-25,NPA,320,36472.1928
1840,905232,2026-07-25,REGULAR,22,218.21537
1841,901026,2026-07-25,REGULAR,24,19.8142
1842,906269,2026-07-25,REGULAR,55,149.70665
1843,903062,2026-07-25,NPA,262,99999.99999
1844,900169,2026-07-25,REGULAR,46,118.17588
1845,901310,2026-07-25,REGULAR,34,150.99377
1846,906272,2026-07-25,NPA,92,15468.69632
1847,905940,2026-07-25,REGULAR,2,880.25553
1848,902372,2026-07-25,REGULAR,43,18.12278
1849,903754,2026-07-25,REGULAR,43,38.13615
1850,903242,2026-07-25,NPA,252,58159.57722
1851,904957,2026-07-25,REGULAR,53,7.64367
1852,907534,2026-07-25,NPA,339,99999.99999
1853,900231,2026-07-25,REGULAR,50,428.08772
1854,904593,2026-07-25,REGULAR,36,78.7458
1855,901100,2026-07-25,NPA,98,20449.36404
1856,906970,2026-07-25,REGULAR,21,5.023
1857,906600,2026-07-25,NPA,154,22860.54882
1858,905496,2026-07-25,NPA,192,99999.99999
1859,901246,2026-07-25,REGULAR,22,33.03535
1860,901390,2026-07-25,REGULAR,48,61.24312
1861,905767,2026-07-25,NPA,173,53125.96424
1862,900398,2026-07-25,REGULAR,34,40.9765
1863,902178,2026-07-25,REGULAR,33,68.8192
1864,907439,2026-07-25,REGULAR,44,56.91627
1865,900645,2026-07-25,REGULAR,44,2.80965
1866,901266,2026-07-25,REGULAR,35,124.56312
1867,902265,2026-07-25,REGULAR,46,386.89938
1868,904058,2026-07-25,NPA,94,97450.11662
1869,902892,2026-07-25,REGULAR,44,228.8623
1870,907257,2026-07-25,NPA,337,99999.99999
1871,905435,2026-07-25,NPA,278,14517.6
1872,901646,2026-07-25,REGULAR,9,66.13117
1873,903777,2026-07-25,NPA,219,99999.99999
1874,905251,2026-07-25,REGULAR,4,5.61203
1875,903731,2026-07-25,REGULAR,83,39.9003
1876,906615,2026-07-25,REGULAR,43,69.06498
1877,904109,2026-07-25,NPA,365,8470.0
1878,905383,2026-07-25,REGULAR,42,431.51985
1879,906124,2026-07-25,REGULAR,2,232.16143
1880,901112,2026-07-25,NPA,351,99999.99999
1881,905178,2026-07-25,NPA,290,99999.99999
1882,907671,2026-07-25,NPA,157,8124.60384
1883,901855,2026-07-25,REGULAR,32,17.0287
1884,905031,2026-07-25,REGULAR,41,7.3596
1885,906210,2026-07-25,REGULAR,27,110.0219
1886,906377,2026-07-25,REGULAR,10,75.08678
1887,901704,2026-07-25,REGULAR,8,384.45095
1888,902949,2026-07-25,REGULAR,31,26.59325
1889,903746,2026-07-25,REGULAR,41,254.9943
1890,906390,2026-07-25,REGULAR,25,186.26868
1891,905640,2026-07-25,REGULAR,30,177.34357
1892,903628,2026-07-25,NPA,95,15460.6528
1893,904345,2026-07-25,REGULAR,20,62.00195
1894,902616,2026-07-25,NPA,215,99999.99999
1895,901449,2026-07-25,REGULAR,12,35.36498
1896,900253,2026-07-25,REGULAR,65,25.1017
1897,906728,2026-07-25,REGULAR,36,156.84188
1898,901936,2026-07-25,NPA,221,42894.72492
1899,906102,2026-07-25,WRITE_OFF,365,43135.46
1900,907828,2026-07-25,NPA,108,10963.57098
1901,901316,2026-07-25,REGULAR,44,5.7549
1902,907331,2026-07-25,REGULAR,72,288.121
1903,905748,2026-07-25,REGULAR,49,56.2558
1904,907151,2026-07-25,NPA,175,58782.6048
1905,906307,2026-07-25,REGULAR,35,6.83705
1906,903681,2026-07-25,NPA,271,99999.99999
1907,904439,2026-07-25,REGULAR,32,355.38173
1908,900143,2026-07-25,REGULAR,27,99.24692
1909,905658,2026-07-25,REGULAR,6,17.82057
1910,902827,2026-07-25,NPA,365,99999.99999
1911,904519,2026-07-25,REGULAR,42,117.9735
1912,904732,2026-07-25,NPA,143,9345.55648
1913,905769,2026-07-25,REGULAR,44,1034.81298
1914,904081,2026-07-25,REGULAR,45,48.6066
1915,901424,2026-07-25,NPA,123,13446.98712
1916,900648,2026-07-25,NPA,123,45547.4448
1917,906842,2026-07-25,NPA,182,17428.94164
1918,907616,2026-07-25,NPA,219,27417.6
1919,905485,2026-07-25,NPA,333,59280.21168
1920,906234,2026-07-25,REGULAR,35,7.83625
1921,901821,2026-07-25,NPA,183,99999.99999
1922,901924,2026-07-25,REGULAR,35,585.82315
1923,902518,2026-07-25,REGULAR,45,29.91548
1924,907651,2026-07-25,REGULAR,39,83.36718
1925,901140,2026-07-25,NPA,235,99999.99999
1926,905195,2026-07-25,REGULAR,49,74.34883
1927,902097,2026-07-25,REGULAR,26,553.07817
1928,901461,2026-07-25,WRITE_OFF,365,50783.65
1929,903803,2026-07-25,REGULAR,35,207.67945
1930,900009,2026-07-25,REGULAR,52,116.76167
1931,900263,2026-07-25,NPA,174,18162.62724
1932,903174,2026-07-25,REGULAR,42,5.1407
1933,906496,2026-07-25,WRITE_OFF,365,9749.49
1934,901367,2026-07-25,REGULAR,33,6.0238
1935,904283,2026-07-25,REGULAR,15,156.30562
1936,907046,2026-07-25,REGULAR,52,81.86945
1937,902651,2026-07-25,NPA,203,99999.99999
1938,902357,2026-07-25,REGULAR,53,55.29115
1939,904642,2026-07-25,NPA,253,48209.042
1940,904061,2026-07-25,NPA,127,6861.00576
1941,905469,2026-07-25,NPA,284,96820.83106
1942,905470,2026-07-25,NPA,258,81095.4423
1943,903938,2026-07-25,NPA,318,99999.99999
1944,904720,2026-07-25,REGULAR,43,256.6279
1945,904570,2026-07-25,REGULAR,55,330.52083
1946,903656,2026-07-25,REGULAR,38,62.36328
1947,903425,2026-07-25,NPA,340,99999.99999
1948,904867,2026-07-25,NPA,173,32695.31604
1949,903565,2026-07-25,REGULAR,55,236.68145
1950,905295,2026-07-25,REGULAR,49,144.14507
1951,906591,2026-07-25,REGULAR,82,89.30142
1952,904977,2026-07-25,REGULAR,44,237.40143
1953,900462,2026-07-25,NPA,248,99999.99999
1954,903836,2026-07-25,NPA,355,64260.8704
1955,905557,2026-07-25,REGULAR,41,46.68762
1956,905594,2026-07-25,REGULAR,6,102.9492
1957,901684,2026-07-25,REGULAR,39,20.62548
1958,905173,2026-07-25,REGULAR,9,200.21627
1959,902977,2026-07-25,NPA,171,71909.03616
1960,900026,2026-07-25,REGULAR,23,96.62465
1961,907031,2026-07-25,NPA,364,99999.99999
1962,907016,2026-07-25,NPA,275,99999.99999
1963,900621,2026-07-25,NPA,301,99999.99999
1964,906110,2026-07-25,REGULAR,42,1.28382
1965,905121,2026-07-25,REGULAR,65,19.68092
1966,907387,2026-07-25,WRITE_OFF,365,99999.99999
1967,903812,2026-07-25,REGULAR,41,539.12137
1968,900588,2026-07-25,REGULAR,49,348.12355
1969,905183,2026-07-25,NPA,242,2643.3923
1970,906622,2026-07-25,NPA,174,20592.4716
1971,906001,2026-07-25,REGULAR,32,104.02473
1972,907176,2026-07-25,REGULAR,2,17.2604
1973,902386,2026-07-25,REGULAR,54,12.06003
1974,901883,2026-07-25,NPA,313,99999.99999
1975,906151,2026-07-25,REGULAR,26,1196.6283
1976,906589,2026-07-25,REGULAR,48,668.36145
1977,907650,2026-07-25,NPA,220,99999.99999
1978,903331,2026-07-25,NPA,175,5035.8272
1979,905502,2026-07-25,NPA,204,99999.99999
1980,904546,2026-07-25,REGULAR,24,137.37728
1981,903417,2026-07-25,NPA,156,8668.96482
1982,902614,2026-07-25,REGULAR,12,131.51775
1983,904907,2026-07-25,NPA,288,20283.70344
1984,900760,2026-07-25,NPA,282,99999.99999
1985,901603,2026-07-25,REGULAR,6,17.14045
1986,900478,2026-07-25,NPA,282,99999.99999
1987,906485,2026-07-25,NPA,310,28325.5991
1988,900928,2026-07-25,REGULAR,40,20.9178
1989,905000,2026-07-25,REGULAR,14,74.97163
1990,903065,2026-07-25,REGULAR,31,50.84885
1991,902794,2026-07-25,NPA,96,18860.87754
1992,906766,2026-07-25,REGULAR,32,62.42318
1993,900838,2026-07-25,REGULAR,44,517.8248
1994,905926,2026-07-25,REGULAR,53,517.0588
1995,905585,2026-07-25,REGULAR,23,174.20432
1996,906431,2026-07-25,REGULAR,40,95.18022
1997,904637,2026-07-25,REGULAR,42,86.87485
1998,902076,2026-07-25,REGULAR,46,728.0516
1999,902454,2026-07-25,REGULAR,13,3.723
2000,901567,2026-07-25,REGULAR,45,135.4136
2001,903259,2026-07-25,REGULAR,20,70.79835
2002,901844,2026-07-25,NPA,201,28841.90028
2003,902415,2026-07-25,REGULAR,15,49.70455
2004,902761,2026-07-25,REGULAR,42,30.83995
2005,903388,2026-07-25,REGULAR,4,7.41793
2006,906140,2026-07-25,REGULAR,6,25.58577
2007,902803,2026-07-25,REGULAR,36,19.53063
2008,901517,2026-07-25,REGULAR,35,28.28823
2009,901332,2026-07-25,NPA,164,87285.70788
2010,902875,2026-07-25,REGULAR,51,28.65938
2011,905795,2026-07-25,REGULAR,31,11.74457
2012,905055,2026-07-25,REGULAR,6,533.61068
2013,906715,2026-07-25,REGULAR,14,33.91245
2014,901166,2026-07-25,NPA,155,3331.9832
2015,903524,2026-07-25,REGULAR,35,47.52065
2016,900153,2026-07-25,REGULAR,45,60.7715
2017,906653,2026-07-25,NPA,199,99999.99999
2018,901406,2026-07-25,REGULAR,15,3.37435
2019,906076,2026-07-25,REGULAR,42,32.28433
2020,900665,2026-07-25,REGULAR,55,485.89488
2021,900505,2026-07-25,REGULAR,54,273.20175
2022,906903,2026-07-25,REGULAR,44,222.74943
2023,902800,2026-07-25,NPA,130,8233.7976
2024,906898,2026-07-25,NPA,96,8006.30244
2025,907057,2026-07-25,NPA,132,4047.0183
2026,906121,2026-07-25,REGULAR,16,7.0439
2027,900100,2026-07-25,REGULAR,62,77.2861
2028,907507,2026-07-25,NPA,342,90766.82226
2029,902186,2026-07-25,REGULAR,42,121.02365
2030,901225,2026-07-25,REGULAR,53,135.03245
2031,907299,2026-07-25,REGULAR,36,7.97447
2032,902685,2026-07-25,REGULAR,68,116.88817
2033,907940,2026-07-25,REGULAR,16,90.4351
2034,906712,2026-07-25,REGULAR,5,165.8373
2035,901054,2026-07-25,NPA,272,2095.74762
2036,901159,2026-07-25,NPA,283,99999.99999
2037,900437,2026-07-25,REGULAR,21,140.2136
2038,906912,2026-07-25,NPA,346,13703.4
2039,900832,2026-07-25,NPA,100,6434.1872
2040,906100,2026-07-25,REGULAR,37,185.30277
2041,904713,2026-07-25,REGULAR,52,336.79902
2042,907935,2026-07-25,NPA,190,99999.99999
2043,901652,2026-07-25,NPA,282,67230.6
2044,904623,2026-07-25,REGULAR,51,121.8998
2045,904078,2026-07-25,REGULAR,44,208.2524
2046,905474,2026-07-25,REGULAR,3,155.26018
2047,903546,2026-07-25,NPA,99,801.26424
2048,904610,2026-07-25,REGULAR,12,161.84055
2049,903358,2026-07-25,REGULAR,44,145.54677
2050,905877,2026-07-25,REGULAR,38,194.37
2051,905802,2026-07-25,NPA,262,99999.99999
2052,902106,2026-07-25,REGULAR,40,201.187
2053,907891,2026-07-25,REGULAR,13,14.58667
2054,907999,2026-07-25,NPA,308,99999.99999
2055,904265,2026-07-25,NPA,270,99999.99999
2056,903487,2026-07-25,REGULAR,23,190.22065
2057,904450,2026-07-25,REGULAR,43,73.76945
2058,907514,2026-07-25,NPA,201,10893.25368
2059,905345,2026-07-25,REGULAR,10,306.27455
2060,902853,2026-07-25,NPA,233,8159.21244
2061,906664,2026-07-25,NPA,168,2554.488
2062,905978,2026-07-25,REGULAR,26,368.50705
2063,903178,2026-07-25,WRITE_OFF,365,99999.99999
2064,905817,2026-07-25,REGULAR,30,180.83315
2065,904482,2026-07-25,REGULAR,44,24.11427
2066,904699,2026-07-25,REGULAR,37,105.76382
2067,903908,2026-07-25,REGULAR,24,76.82745
2068,904738,2026-07-25,REGULAR,43,23.46617
2069,906282,2026-07-25,REGULAR,40,3.82735
2070,902299,2026-07-25,REGULAR,30,49.89135
2071,905827,2026-07-25,REGULAR,44,59.47868
2072,905964,2026-07-25,NPA,215,33947.964
2073,904771,2026-07-25,REGULAR,28,1509.44808
2074,907156,2026-07-25,NPA,260,99999.99999
2075,903969,2026-07-25,NPA,173,44554.00288
2076,902979,2026-07-25,REGULAR,73,202.669
2077,902623,2026-07-25,NPA,304,99999.99999
2078,905334,2026-07-25,REGULAR,30,30.56395
2079,906629,2026-07-25,NPA,365,99999.99999
2080,905878,2026-07-25,NPA,313,99999.99999
2081,900683,2026-07-25,REGULAR,23,39.50635
2082,900429,2026-07-25,REGULAR,20,82.99308
2083,904022,2026-07-25,REGULAR,4,12.95772
2084,907706,2026-07-25,REGULAR,6,257.54815
2085,906399,2026-07-25,REGULAR,28,5.4134
2086,900677,2026-07-25,WRITE_OFF,365,99999.99999
2087,901043,2026-07-25,NPA,322,92731.93494
2088,907346,2026-07-25,REGULAR,48,4.30767
2089,906142,2026-07-25,NPA,261,7697.22684
2090,905959,2026-07-25,REGULAR,26,116.87703
2091,906530,2026-07-25,REGULAR,52,11.87545
2092,905089,2026-07-25,NPA,360,99999.99999
2093,906087,2026-07-25,REGULAR,10,658.6838
2094,904103,2026-07-25,REGULAR,72,268.04098
2095,907494,2026-07-25,REGULAR,1,775.37018
2096,905192,2026-07-25,NPA,194,99999.99999
2097,907015,2026-07-25,REGULAR,41,340.30565
2098,906714,2026-07-25,REGULAR,42,4.11747
2099,904844,2026-07-25,REGULAR,2,7.9661
2100,905130,2026-07-25,REGULAR,51,3.06948
2101,903108,2026-07-25,REGULAR,14,467.33105
2102,906703,2026-07-25,NPA,163,99999.99999
2103,904046,2026-07-25,REGULAR,6,161.4462
2104,901938,2026-07-25,REGULAR,24,624.1174
2105,901435,2026-07-25,REGULAR,44,74.41922
2106,906748,2026-07-25,NPA,250,77958.3877
2107,901645,2026-07-25,NPA,171,23885.45952
2108,902801,2026-07-25,NPA,198,99999.99999
2109,904743,2026-07-25,REGULAR,5,405.8701
2110,905455,2026-07-25,REGULAR,3,174.6071
2111,907888,2026-07-25,REGULAR,43,24.3926
2112,900241,2026-07-25,REGULAR,15,792.51587
2113,902408,2026-07-25,NPA,103,578.49792
2114,907154,2026-07-25,NPA,258,10219.11714
2115,904511,2026-07-25,REGULAR,12,253.9638
2116,901843,2026-07-25,NPA,274,22033.09374
2117,904607,2026-07-25,REGULAR,19,113.0571
2118,901453,2026-07-25,NPA,319,99999.99999
2119,900973,2026-07-25,REGULAR,35,23.60818
2120,907946,2026-07-25,REGULAR,13,22.13758
2121,907402,2026-07-25,REGULAR,71,385.52952
2122,906091,2026-07-25,REGULAR,3,6.17037
2123,906337,2026-07-25,NPA,276,84212.51652
2124,904792,2026-07-25,REGULAR,41,8.35848
2125,901799,2026-07-25,NPA,142,99999.99999
2126,905140,2026-07-25,REGULAR,41,40.169
2127,901577,2026-07-25,NPA,95,22964.824
2128,902697,2026-07-25,NPA,91,3757.05696
2129,904919,2026-07-25,REGULAR,44,86.59937
2130,904415,2026-07-25,REGULAR,55,4.35118
2131,902690,2026-07-25,NPA,99,66812.80368
2132,905426,2026-07-25,NPA,129,2749.2012
2133,905408,2026-07-25,REGULAR,31,19.48418
2134,905735,2026-07-25,NPA,320,99999.99999
2135,906333,2026-07-25,NPA,317,63421.16572
2136,900312,2026-07-25,REGULAR,42,13.3539
2137,904090,2026-07-25,NPA,300,99999.99999
2138,904263,2026-07-25,NPA,341,99999.99999
2139,903349,2026-07-25,REGULAR,1,159.12525
2140,906412,2026-07-25,REGULAR,38,6.01665
2141,904342,2026-07-25,WRITE_OFF,365,99999.99999
2142,905197,2026-07-25,REGULAR,55,5.2127
2143,903172,2026-07-25,REGULAR,1,1723.78365
2144,904838,2026-07-25,NPA,262,99999.99999
2145,901555,2026-07-25,NPA,318,99999.99999
2146,907889,2026-07-25,REGULAR,46,150.81348
2147,905645,2026-07-25,REGULAR,42,284.65627
2148,905691,2026-07-25,REGULAR,42,110.90317
2149,903018,2026-07-25,REGULAR,47,145.82208
2150,906617,2026-07-25,REGULAR,37,8.87355
2151,907159,2026-07-25,REGULAR,38,316.51403
2152,907462,2026-07-25,REGULAR,49,10.76217
2153,905956,2026-07-25,REGULAR,21,251.19022
2154,903415,2026-07-25,REGULAR,31,14.6271
2155,906941,2026-07-25,REGULAR,43,35.45293
2156,900152,2026-07-25,NPA,229,99999.99999
2157,907126,2026-07-25,REGULAR,52,424.0756
2158,900120,2026-07-25,REGULAR,44,163.3182
2159,906228,2026-07-25,NPA,248,99999.99999
2160,904780,2026-07-25,REGULAR,27,985.13295
2161,905512,2026-07-25,NPA,343,99999.99999
2162,906386,2026-07-25,REGULAR,20,224.1223
2163,901126,2026-07-25,REGULAR,53,46.62658
2164,903083,2026-07-25,REGULAR,11,94.16558
2165,907626,2026-07-25,REGULAR,31,173.57482
2166,905534,2026-07-25,NPA,126,4473.67296
2167,905570,2026-07-25,REGULAR,42,391.37565
2168,907300,2026-07-25,REGULAR,75,291.38815
2169,904638,2026-07-25,REGULAR,65,262.78342
2170,901943,2026-07-25,NPA,95,8015.8704
2171,906297,2026-07-25,NPA,312,99999.99999
2172,906919,2026-07-25,NPA,313,99999.99999
2173,900652,2026-07-25,REGULAR,33,143.158
2174,907017,2026-07-25,REGULAR,35,72.01647
2175,906787,2026-07-25,NPA,183,29030.4
2176,903935,2026-07-25,REGULAR,3,19.12872
2177,900356,2026-07-25,REGULAR,45,95.81063
2178,906562,2026-07-25,REGULAR,26,15.1886
2179,906459,2026-07-25,NPA,104,24046.03068
2180,904289,2026-07-25,REGULAR,38,124.3593
2181,905938,2026-07-25,REGULAR,84,6.7407
2182,901264,2026-07-25,NPA,106,9601.59382
2183,900245,2026-07-25,REGULAR,45,116.7285
2184,907038,2026-07-25,REGULAR,35,3.92008
2185,906750,2026-07-25,REGULAR,68,487.51468
2186,904166,2026-07-25,REGULAR,25,17.5111
2187,902354,2026-07-25,NPA,341,99999.99999
2188,903376,2026-07-25,REGULAR,5,20.3414
2189,901281,2026-07-25,REGULAR,5,42.92475
2190,905540,2026-07-25,NPA,345,69282.5166
2191,901634,2026-07-25,NPA,173,99999.99999
2192,904116,2026-07-25,REGULAR,51,108.37333
2193,907667,2026-07-25,REGULAR,70,4.24308
2194,904755,2026-07-25,REGULAR,31,2.10993
2195,901858,2026-07-25,NPA,142,21245.28898
2196,903027,2026-07-25,REGULAR,38,200.06328
2197,904133,2026-07-25,REGULAR,43,96.9481
2198,902409,2026-07-25,NPA,210,99999.99999
2199,906962,2026-07-25,REGULAR,31,121.24815
2200,907456,2026-07-25,NPA,100,91376.3634
2201,902114,2026-07-25,REGULAR,13,153.69952
2202,901381,2026-07-25,REGULAR,45,83.96228
2203,907567,2026-07-25,NPA,313,27037.96316
2204,902146,2026-07-25,NPA,199,99999.99999
2205,904916,2026-07-25,WRITE_OFF,365,99999.99999
2206,906568,2026-07-25,REGULAR,43,48.40328
2207,907045,2026-07-25,REGULAR,23,267.8886
2208,902429,2026-07-25,REGULAR,37,439.92675
2209,903589,2026-07-25,REGULAR,2,282.9608
2210,900273,2026-07-25,NPA,127,32763.99168
2211,907575,2026-07-25,REGULAR,8,199.2659
2212,905314,2026-07-25,NPA,197,99999.99999
2213,907695,2026-07-25,REGULAR,12,376.27382
2214,904296,2026-07-25,REGULAR,33,11.02398
2215,902490,2026-07-25,REGULAR,18,219.4796
2216,905150,2026-07-25,NPA,265,91106.285
2217,906393,2026-07-25,NPA,365,99999.99999
2218,906415,2026-07-25,REGULAR,47,84.49603
2219,906458,2026-07-25,REGULAR,44,14.28758
2220,900726,2026-07-25,NPA,137,3027.9546
2221,904769,2026-07-25,REGULAR,30,370.52902
2222,906085,2026-07-25,REGULAR,33,200.84162
2223,904764,2026-07-25,NPA,183,6800.44848
2224,902708,2026-07-25,REGULAR,67,734.9515
2225,903227,2026-07-25,REGULAR,17,16.89745
2226,904853,2026-07-25,REGULAR,44,262.61827
2227,904767,2026-07-25,REGULAR,9,34.8356
2228,907522,2026-07-25,NPA,278,99999.99999
2229,903267,2026-07-25,REGULAR,10,137.92735
2230,905262,2026-07-25,REGULAR,28,20.24098
2231,907259,2026-07-25,WRITE_OFF,365,99999.99999
2232,903559,2026-07-25,REGULAR,43,16.0922
2233,907920,2026-07-25,NPA,213,99999.99999
2234,901670,2026-07-25,NPA,292,99999.99999
2235,906207,2026-07-25,REGULAR,55,3.69815
2236,907115,2026-07-25,REGULAR,36,138.0259
2237,903114,2026-07-25,REGULAR,33,152.42163
2238,903299,2026-07-25,REGULAR,47,37.1937
2239,902478,2026-07-25,REGULAR,32,513.72735
2240,906619,2026-07-25,NPA,227,47739.10128
2241,906829,2026-07-25,REGULAR,46,4.5192
2242,906221,2026-07-25,REGULAR,41,75.3235
2243,901245,2026-07-25,REGULAR,27,140.11222
2244,900166,2026-07-25,WRITE_OFF,365,99999.99999
2245,900109,2026-07-25,NPA,220,99999.99999
2246,906211,2026-07-25,NPA,319,99999.99999
2247,904293,2026-07-25,REGULAR,14,922.2697
2248,901055,2026-07-25,REGULAR,40,98.85032
2249,905030,2026-07-25,REGULAR,41,308.60098
2250,905090,2026-07-25,REGULAR,16,63.00842
2251,905931,2026-07-25,REGULAR,47,47.20185
2252,900969,2026-07-25,NPA,199,18498.83744
2253,903682,2026-07-25,NPA,272,91375.31686
2254,907551,2026-07-25,NPA,284,84803.49816
2255,906281,2026-07-25,NPA,262,87137.07002
2256,906016,2026-07-25,REGULAR,37,93.78728
2257,901608,2026-07-25,NPA,195,16492.4352
2258,902820,2026-07-25,REGULAR,33,985.17403
2259,903115,2026-07-25,NPA,180,67584.0
2260,902891,2026-07-25,REGULAR,10,129.96785
2261,906637,2026-07-25,REGULAR,40,308.4668
2262,902027,2026-07-25,REGULAR,41,57.82842
2263,906526,2026-07-25,NPA,188,31232.2609
2264,907590,2026-07-25,REGULAR,17,354.20578
2265,907068,2026-07-25,REGULAR,33,75.07143
2266,907727,2026-07-25,REGULAR,38,173.33808
2267,905600,2026-07-25,NPA,107,19577.66808
2268,903763,2026-07-25,REGULAR,22,326.66298
2269,906680,2026-07-25,REGULAR,26,10.59015
2270,901331,2026-07-25,REGULAR,36,44.31423
2271,904897,2026-07-25,REGULAR,40,90.1673
2272,905273,2026-07-25,NPA,242,34035.6763
2273,905930,2026-07-25,NPA,254,6280.60452
2274,900047,2026-07-25,REGULAR,51,71.83175
2275,901792,2026-07-25,REGULAR,30,107.15145
2276,904636,2026-07-25,REGULAR,37,3.2802
2277,906514,2026-07-25,REGULAR,4,276.23138
2278,906373,2026-07-25,REGULAR,10,25.93168
2279,907325,2026-07-25,NPA,154,3008.41314
2280,901857,2026-07-25,REGULAR,3,216.9646
2281,901212,2026-07-25,NPA,103,61502.47136
2282,904151,2026-07-25,REGULAR,37,37.98273
2283,903197,2026-07-25,REGULAR,75,137.8175
2284,901697,2026-07-25,REGULAR,31,156.19737
2285,902496,2026-07-25,WRITE_OFF,365,99999.99999
2286,907806,2026-07-25,NPA,343,99999.99999
2287,906603,2026-07-25,WRITE_OFF,365,99999.99999
2288,903430,2026-07-25,REGULAR,33,48.93453
2289,907634,2026-07-25,NPA,344,33745.24706
2290,901781,2026-07-25,REGULAR,36,2044.09793
2291,901116,2026-07-25,NPA,160,72061.8071
2292,907381,2026-07-25,NPA,213,99999.99999
2293,904852,2026-07-25,REGULAR,41,36.03578
2294,904255,2026-07-25,REGULAR,29,243.3396
2295,901042,2026-07-25,REGULAR,9,472.15735
2296,905988,2026-07-25,REGULAR,30,84.9717
2297,907637,2026-07-25,NPA,308,24887.92396
2298,906539,2026-07-25,REGULAR,37,116.25218
2299,907124,2026-07-25,REGULAR,2,113.59815
2300,901069,2026-07-25,REGULAR,41,544.53005
2301,903156,2026-07-25,REGULAR,36,106.50177
2302,901366,2026-07-25,REGULAR,46,79.51615
2303,907754,2026-07-25,NPA,94,28491.21254
2304,905863,2026-07-25,REGULAR,13,21.4514
2305,903228,2026-07-25,REGULAR,1,192.04217
2306,907064,2026-07-25,WRITE_OFF,365,66100.0
2307,902543,2026-07-25,REGULAR,4,188.78685
2308,904304,2026-07-25,REGULAR,46,33.71057
2309,905976,2026-07-25,NPA,261,99999.99999
2310,906675,2026-07-25,REGULAR,49,31.62248
2311,904196,2026-07-25,REGULAR,16,130.62443
2312,906358,2026-07-25,NPA,218,9906.4
2313,905700,2026-07-25,REGULAR,60,192.47588
2314,903282,2026-07-25,REGULAR,67,287.13878
2315,902961,2026-07-25,REGULAR,39,107.51135
2316,906737,2026-07-25,REGULAR,41,5.31013
2317,904481,2026-07-25,REGULAR,51,136.64647
2318,906531,2026-07-25,REGULAR,39,152.948
2319,900909,2026-07-25,NPA,294,63615.88368
2320,906201,2026-07-25,NPA,224,27064.0161
2321,903293,2026-07-25,REGULAR,13,85.6738
2322,901179,2026-07-25,REGULAR,51,206.15543
2323,902620,2026-07-25,REGULAR,54,22.91925
2324,902397,2026-07-25,NPA,342,99999.99999
2325,905338,2026-07-25,REGULAR,2,9.66498
2326,903257,2026-07-25,REGULAR,32,6.292
2327,905164,2026-07-25,REGULAR,34,41.63837
2328,905336,2026-07-25,REGULAR,2,94.8463
2329,905137,2026-07-25,REGULAR,44,395.18777
2330,901300,2026-07-25,NPA,203,11760.1332
2331,906319,2026-07-25,NPA,123,99999.99999
2332,906799,2026-07-25,REGULAR,8,692.29282
2333,907585,2026-07-25,NPA,121,2920.17492
2334,906951,2026-07-25,NPA,255,94588.9296
2335,906618,2026-07-25,REGULAR,45,155.85385
2336,902492,2026-07-25,REGULAR,61,33.3781
2337,904278,2026-07-25,REGULAR,7,34.5719
2338,902124,2026-07-25,REGULAR,38,84.49317
2339,907345,2026-07-25,NPA,105,99999.99999
2340,904959,2026-07-25,REGULAR,41,18.84585
2341,907482,2026-07-25,NPA,121,2335.34112
2342,900095,2026-07-25,NPA,126,3580.48482
2343,907009,2026-07-25,REGULAR,9,109.3701
2344,902058,2026-07-25,REGULAR,24,203.6262
2345,905051,2026-07-25,NPA,365,99999.99999
2346,906143,2026-07-25,NPA,271,99999.99999
2347,900996,2026-07-25,REGULAR,12,17.89892
2348,902136,2026-07-25,REGULAR,3,14.6144
2349,905613,2026-07-25,NPA,365,99999.99999
2350,900986,2026-07-25,NPA,319,99999.99999
2351,904404,2026-07-25,NPA,192,16570.2975
2352,907518,2026-07-25,REGULAR,6,79.2271
2353,905637,2026-07-25,NPA,284,99999.99999
2354,902130,2026-07-25,NPA,301,21872.43916
2355,900454,2026-07-25,NPA,283,99999.99999
2356,904991,2026-07-25,REGULAR,45,105.81347
2357,900520,2026-07-25,REGULAR,51,820.14
2358,901666,2026-07-25,NPA,203,99999.99999
2359,904171,2026-07-25,REGULAR,29,679.92405
2360,900685,2026-07-25,REGULAR,41,171.6944
2361,903017,2026-07-25,NPA,182,2099.357
2362,902293,2026-07-25,NPA,306,99999.99999
2363,902992,2026-07-25,NPA,155,3452.0724
2364,905387,2026-07-25,REGULAR,35,173.74635
2365,905291,2026-07-25,REGULAR,35,300.99858
2366,906235,2026-07-25,REGULAR,50,15.19855
2367,906980,2026-07-25,NPA,201,26412.0
2368,901352,2026-07-25,REGULAR,47,10.53505
2369,907510,2026-07-25,NPA,283,36608.8
2370,901597,2026-07-25,NPA,215,92528.432
2371,907023,2026-07-25,REGULAR,8,45.3278
2372,901274,2026-07-25,REGULAR,2,537.10465
2373,903962,2026-07-25,NPA,204,32432.4
2374,904073,2026-07-25,NPA,323,99999.99999
2375,906362,2026-07-25,NPA,138,4899.459
2376,902343,2026-07-25,REGULAR,18,38.9094
2377,904392,2026-07-25,REGULAR,2,162.07103
2378,902111,2026-07-25,NPA,183,60420.69936
2379,900442,2026-07-25,NPA,115,7381.512
2380,905440,2026-07-25,REGULAR,41,102.42615
2381,905300,2026-07-25,REGULAR,45,4.34138
2382,901308,2026-07-25,REGULAR,35,21.41628
2383,907631,2026-07-25,WRITE_OFF,365,99999.99999
2384,902983,2026-07-25,REGULAR,39,323.50412
2385,903620,2026-07-25,REGULAR,30,58.5002
2386,903112,2026-07-25,REGULAR,75,44.74445
2387,900496,2026-07-25,REGULAR,13,16.83833
2388,907251,2026-07-25,REGULAR,78,683.11565
2389,904803,2026-07-25,REGULAR,24,154.803
2390,902389,2026-07-25,REGULAR,30,556.7486
2391,903809,2026-07-25,REGULAR,40,72.74485
2392,906864,2026-07-25,REGULAR,10,1878.08858
2393,901037,2026-07-25,REGULAR,17,38.48793
2394,907967,2026-07-25,REGULAR,11,24.9915
2395,907296,2026-07-25,REGULAR,34,17.81335
2396,904953,2026-07-25,REGULAR,42,74.63228
2397,905447,2026-07-25,REGULAR,52,297.60585
2398,905093,2026-07-25,REGULAR,42,206.98577
2399,900433,2026-07-25,REGULAR,25,97.12417
2400,901612,2026-07-25,REGULAR,55,36.69943
2401,902071,2026-07-25,WRITE_OFF,365,99999.99999
2402,901228,2026-07-25,REGULAR,42,132.22958
2403,904992,2026-07-25,NPA,139,80452.74752
2404,907405,2026-07-25,REGULAR,48,78.7714
2405,905072,2026-07-25,REGULAR,55,292.58158
2406,902848,2026-07-25,REGULAR,49,148.92265
2407,901491,2026-07-25,NPA,212,33017.2
2408,903562,2026-07-25,NPA,360,99999.99999
2409,905806,2026-07-25,REGULAR,33,817.52947
2410,900472,2026-07-25,REGULAR,13,558.36255
2411,906753,2026-07-25,REGULAR,41,83.94503
2412,907269,2026-07-25,NPA,226,39029.29878
2413,907333,2026-07-25,REGULAR,33,6.03515
2414,904187,2026-07-25,NPA,230,33192.3794
2415,900889,2026-07-25,NPA,313,99999.99999
2416,906146,2026-07-25,REGULAR,33,333.74448
2417,905478,2026-07-25,REGULAR,32,2.52505
2418,907140,2026-07-25,REGULAR,81,142.49955
2419,902931,2026-07-25,NPA,211,82485.9336
2420,907822,2026-07-25,REGULAR,39,23.09805
2421,906769,2026-07-25,NPA,205,45613.7864
2422,902247,2026-07-25,REGULAR,42,381.0186
2423,905202,2026-07-25,REGULAR,49,24.9051
2424,907178,2026-07-25,REGULAR,53,57.61127
2425,906942,2026-07-25,REGULAR,48,93.4226
2426,903378,2026-07-25,REGULAR,12,36.958
2427,903169,2026-07-25,REGULAR,52,207.71975
2428,906518,2026-07-25,REGULAR,26,447.8999
2429,904712,2026-07-25,REGULAR,35,374.9938
2430,901098,2026-07-25,REGULAR,55,68.80855
2431,906956,2026-07-25,REGULAR,41,17.93852
2432,903091,2026-07-25,NPA,302,27938.9047
2433,905453,2026-07-25,NPA,194,6161.82082
2434,901490,2026-07-25,REGULAR,29,23.08823
2435,905955,2026-07-25,NPA,263,72511.74288
2436,900338,2026-07-25,NPA,249,99999.99999
2437,902730,2026-07-25,NPA,306,99999.99999
2438,906590,2026-07-25,NPA,140,71001.305
2439,907934,2026-07-25,REGULAR,34,14.3087
2440,904979,2026-07-25,REGULAR,14,61.86042
2441,907860,2026-07-25,REGULAR,43,203.274
2442,904954,2026-07-25,REGULAR,40,224.92385
2443,905293,2026-07-25,REGULAR,38,70.63215
2444,903411,2026-07-25,REGULAR,37,22.05495
2445,905320,2026-07-25,REGULAR,19,263.58373
2446,905311,2026-07-25,REGULAR,16,14.52355
2447,900975,2026-07-25,REGULAR,34,20.60308
2448,907125,2026-07-25,REGULAR,50,190.52475
2449,902773,2026-07-25,NPA,335,99999.99999
2450,900817,2026-07-25,NPA,155,27668.6788
2451,902320,2026-07-25,NPA,310,99999.99999
2452,901426,2026-07-25,REGULAR,20,301.95853
2453,904484,2026-07-25,REGULAR,30,40.83795
2454,907550,2026-07-25,REGULAR,31,291.52068
2455,901562,2026-07-25,REGULAR,49,49.3893
2456,906547,2026-07-25,NPA,223,99999.99999
2457,903054,2026-07-25,NPA,265,99999.99999
2458,901829,2026-07-25,NPA,221,24216.25996
2459,903374,2026-07-25,REGULAR,30,15.29265
2460,904418,2026-07-25,REGULAR,12,6.75325
2461,905669,2026-07-25,NPA,330,26371.0629
2462,907953,2026-07-25,REGULAR,1,71.27568
2463,906011,2026-07-25,REGULAR,9,20.0884
2464,904461,2026-07-25,REGULAR,17,33.255
2465,905057,2026-07-25,REGULAR,11,56.32943
2466,905859,2026-07-25,REGULAR,38,150.98663
2467,907668,2026-07-25,NPA,124,5212.0203
2468,903887,2026-07-25,NPA,313,99999.99999
2469,901902,2026-07-25,REGULAR,21,208.8403
2470,901691,2026-07-25,REGULAR,26,106.96417
2471,905074,2026-07-25,REGULAR,54,124.15433
2472,900106,2026-07-25,REGULAR,32,397.51143
2473,900108,2026-07-25,REGULAR,42,11.63885
2474,904606,2026-07-25,NPA,244,99999.99999
2475,901457,2026-07-25,NPA,154,23541.25962
2476,901164,2026-07-25,REGULAR,20,393.14398
2477,900918,2026-07-25,REGULAR,43,211.4796
2478,903040,2026-07-25,REGULAR,52,107.27628
2479,907944,2026-07-25,REGULAR,52,59.30483
2480,902163,2026-07-25,REGULAR,45,208.24077
2481,900608,2026-07-25,REGULAR,51,16.15005
2482,905466,2026-07-25,REGULAR,17,375.12338
2483,903954,2026-07-25,REGULAR,44,33.30845
2484,903766,2026-07-25,REGULAR,73,138.05595
2485,906092,2026-07-25,REGULAR,39,87.51103
2486,901356,2026-07-25,REGULAR,13,192.8087
2487,903158,2026-07-25,REGULAR,2,3.18908
2488,904683,2026-07-25,NPA,197,3745.924
2489,902878,2026-07-25,NPA,160,12246.5463
2490,901198,2026-07-25,REGULAR,38,877.52967
2491,907599,2026-07-25,REGULAR,36,168.40023
2492,903361,2026-07-25,REGULAR,5,75.109
2493,901913,2026-07-25,REGULAR,7,148.82535
2494,907466,2026-07-25,REGULAR,51,40.86815
2495,902305,2026-07-25,NPA,270,74544.507
2496,903664,2026-07-25,NPA,121,99999.99999
2497,902190,2026-07-25,NPA,294,56730.19158
2498,907698,2026-07-25,REGULAR,28,221.81508
2499,907030,2026-07-25,REGULAR,27,23.46663
2500,906647,2026-07-25,NPA,200,65638.0
2501,900819,2026-07-25,NPA,287,99999.99999
2502,906593,2026-07-25,REGULAR,54,130.55595
2503,903964,2026-07-25,REGULAR,33,375.21842
2504,904918,2026-07-25,NPA,282,3684.6
2505,900018,2026-07-25,NPA,304,32007.09102
2506,905188,2026-07-25,REGULAR,44,8.68083
2507,902491,2026-07-25,NPA,274,99999.99999
2508,907457,2026-07-25,REGULAR,30,78.66948
2509,900239,2026-07-25,REGULAR,51,54.4978
2510,906525,2026-07-25,REGULAR,33,54.36578
2511,903414,2026-07-25,REGULAR,32,10.95493
2512,906583,2026-07-25,REGULAR,41,18.90625
2513,907191,2026-07-25,REGULAR,34,228.08085
2514,901628,2026-07-25,NPA,94,31838.93392
2515,902525,2026-07-25,REGULAR,11,201.19993
2516,900858,2026-07-25,REGULAR,28,137.91835
2517,900849,2026-07-25,REGULAR,66,832.80583
2518,905546,2026-07-25,REGULAR,46,84.40198
2519,902712,2026-07-25,REGULAR,30,113.27808
2520,905854,2026-07-25,NPA,175,22976.6336
2521,900935,2026-07-25,NPA,175,99999.99999
2522,901362,2026-07-25,REGULAR,46,548.17595
2523,901980,2026-07-25,REGULAR,13,49.19763
2524,905771,2026-07-25,NPA,132,62920.72098
2525,901644,2026-07-25,REGULAR,35,48.2613
2526,901534,2026-07-25,WRITE_OFF,365,28466.99
2527,906893,2026-07-25,REGULAR,34,21.93245
2528,907982,2026-07-25,REGULAR,39,694.5982
2529,903069,2026-07-25,REGULAR,62,295.85408
2530,904048,2026-07-25,REGULAR,43,280.42375
2531,902671,2026-07-25,REGULAR,40,30.49097
2532,907040,2026-07-25,REGULAR,24,428.96285
2533,905821,2026-07-25,REGULAR,37,61.18075
2534,904330,2026-07-25,REGULAR,42,268.91175
2535,906095,2026-07-25,REGULAR,53,245.60985
2536,903621,2026-07-25,REGULAR,39,242.89083
2537,907700,2026-07-25,REGULAR,53,228.71563
2538,905246,2026-07-25,REGULAR,42,332.36122
2539,903028,2026-07-25,REGULAR,16,15.35725
2540,907970,2026-07-25,REGULAR,14,143.59115
2541,905861,2026-07-25,REGULAR,50,29.38113
2542,902544,2026-07-25,REGULAR,32,35.31455
2543,902337,2026-07-25,REGULAR,33,15.92765
2544,904212,2026-07-25,REGULAR,39,36.35997
2545,905465,2026-07-25,REGULAR,54,169.24435
2546,901139,2026-07-25,REGULAR,33,169.61925
2547,907917,2026-07-25,REGULAR,71,159.25948
2548,900292,2026-07-25,NPA,203,99999.99999
2549,903183,2026-07-25,REGULAR,41,30.08665
2550,902550,2026-07-25,REGULAR,45,77.2141
2551,907029,2026-07-25,REGULAR,33,138.53403
2552,901193,2026-07-25,REGULAR,10,236.37117
2553,900684,2026-07-25,NPA,102,40026.69726
2554,902472,2026-07-25,REGULAR,71,15.31815
2555,906665,2026-07-25,REGULAR,54,239.21908
2556,900859,2026-07-25,NPA,124,59580.5881
2557,907270,2026-07-25,NPA,271,31728.6144
2558,904841,2026-07-25,REGULAR,84,29.42873
2559,906973,2026-07-25,REGULAR,41,140.32185
2560,900905,2026-07-25,REGULAR,82,444.9182
2561,903570,2026-07-25,REGULAR,33,44.95238
2562,905421,2026-07-25,NPA,199,99999.99999
2563,900981,2026-07-25,REGULAR,46,30.84885
2564,903946,2026-07-25,REGULAR,44,62.1491
2565,901214,2026-07-25,REGULAR,46,32.05865
2566,907570,2026-07-25,NPA,92,39930.30888
2567,903688,2026-07-25,REGULAR,64,46.83658
2568,900587,2026-07-25,REGULAR,54,618.5262
2569,901439,2026-07-25,REGULAR,4,168.7399
2570,902537,2026-07-25,REGULAR,40,19.93988
2571,901294,2026-07-25,NPA,282,92872.1853
2572,903680,2026-07-25,REGULAR,1,15.19407
2573,905625,2026-07-25,REGULAR,39,88.2649
2574,901005,2026-07-25,REGULAR,44,384.9008
2575,903691,2026-07-25,NPA,197,5537.68488
2576,901444,2026-07-25,REGULAR,21,229.77072
2577,906285,2026-07-25,REGULAR,39,22.96472
2578,905397,2026-07-25,NPA,106,17652.15634
2579,900943,2026-07-25,REGULAR,41,379.6045
2580,907132,2026-07-25,NPA,317,42258.21976
2581,903835,2026-07-25,REGULAR,3,4.52665
2582,902318,2026-07-25,REGULAR,33,277.55717
2583,906388,2026-07-25,NPA,344,99999.99999
2584,906810,2026-07-25,NPA,201,15996.0
2585,904922,2026-07-25,REGULAR,55,107.78265
2586,907804,2026-07-25,REGULAR,45,99.83633
2587,903625,2026-07-25,REGULAR,18,105.86668
2588,904111,2026-07-25,REGULAR,44,208.15127
2589,903532,2026-07-25,NPA,337,99999.99999
2590,905039,2026-07-25,REGULAR,7,293.31035
2591,900846,2026-07-25,REGULAR,36,296.22003
2592,902888,2026-07-25,NPA,263,99999.99999
2593,900888,2026-07-25,REGULAR,32,16.2813
2594,901072,2026-07-25,NPA,305,51243.9628
2595,902835,2026-07-25,REGULAR,17,195.0292
2596,902030,2026-07-25,NPA,303,65884.71168
2597,906607,2026-07-25,REGULAR,34,5.14163
2598,903322,2026-07-25,REGULAR,2,353.6996
2599,902053,2026-07-25,REGULAR,32,680.03482
2600,902006,2026-07-25,REGULAR,21,126.55952
2601,901114,2026-07-25,REGULAR,26,54.8355
2602,902364,2026-07-25,REGULAR,55,52.18605
2603,901702,2026-07-25,REGULAR,29,64.41962
2604,900175,2026-07-25,REGULAR,44,41.60728
2605,904887,2026-07-25,NPA,123,8504.49024
2606,901785,2026-07-25,NPA,108,59857.73694
2607,905914,2026-07-25,NPA,315,99999.99999
2608,900546,2026-07-25,NPA,98,17544.7558
2609,900420,2026-07-25,REGULAR,34,166.68075
2610,901327,2026-07-25,REGULAR,38,202.99367
2611,900848,2026-07-25,NPA,171,99999.99999
2612,905368,2026-07-25,REGULAR,34,242.98127
2613,904007,2026-07-25,REGULAR,21,365.51058
2614,907833,2026-07-25,REGULAR,16,3.40568
2615,901346,2026-07-25,REGULAR,44,40.55367
2616,907062,2026-07-25,NPA,287,12110.44096
2617,902420,2026-07-25,REGULAR,31,1064.87985
2618,903116,2026-07-25,REGULAR,51,114.6402
2619,902902,2026-07-25,NPA,218,34557.01074
2620,902418,2026-07-25,REGULAR,85,58.13733
2621,902757,2026-07-25,REGULAR,13,7.2494
2622,903102,2026-07-25,NPA,273,99999.99999
2623,901798,2026-07-25,REGULAR,44,8.22938
2624,903684,2026-07-25,NPA,189,13606.8
2625,907414,2026-07-25,NPA,211,14530.12288
2626,902009,2026-07-25,REGULAR,35,64.00365
2627,903145,2026-07-25,REGULAR,13,122.44695
2628,901254,2026-07-25,REGULAR,14,135.0295
2629,905400,2026-07-25,REGULAR,38,463.97323
2630,901467,2026-07-25,REGULAR,61,162.63333
2631,906215,2026-07-25,NPA,98,2763.97304
2632,903338,2026-07-25,REGULAR,37,4.7575
2633,907869,2026-07-25,REGULAR,31,243.0615
2634,906103,2026-07-25,REGULAR,71,26.57135
2635,907301,2026-07-25,REGULAR,37,14.2753
2636,905716,2026-07-25,REGULAR,83,1167.13678
2637,902505,2026-07-25,REGULAR,43,199.48627
2638,902598,2026-07-25,NPA,105,14217.7536
2639,906425,2026-07-25,NPA,212,59922.80202
2640,905692,2026-07-25,REGULAR,18,93.45228
2641,904470,2026-07-25,REGULAR,36,82.14768
2642,900432,2026-07-25,REGULAR,54,35.97445
2643,906442,2026-07-25,NPA,137,2766.77456
2644,906708,2026-07-25,REGULAR,30,1044.53675
2645,905759,2026-07-25,REGULAR,29,177.47125
2646,900530,2026-07-25,REGULAR,26,571.8982
2647,906176,2026-07-25,NPA,128,19960.7381
2648,905839,2026-07-25,REGULAR,60,35.9343
2649,903216,2026-07-25,REGULAR,20,267.35938
2650,906392,2026-07-25,REGULAR,27,904.08635
2651,903984,2026-07-25,REGULAR,28,32.02242
2652,904355,2026-07-25,NPA,152,43393.9828
2653,900723,2026-07-25,REGULAR,19,104.24435
2654,907006,2026-07-25,REGULAR,25,94.02772
2655,905257,2026-07-25,REGULAR,39,16.82882
2656,902717,2026-07-25,NPA,98,88897.05206
2657,907148,2026-07-25,REGULAR,25,57.2191
2658,905756,2026-07-25,NPA,129,99999.99999
2659,905805,2026-07-25,REGULAR,35,353.9944
2660,900461,2026-07-25,NPA,112,30312.50776
2661,901995,2026-07-25,NPA,124,57000.1548
2662,904576,2026-07-25,REGULAR,4,267.23958
2663,907559,2026-07-25,REGULAR,34,45.38522
2664,902425,2026-07-25,REGULAR,54,115.9948
2665,900133,2026-07-25,NPA,321,99999.99999
2666,905901,2026-07-25,REGULAR,37,12.2693
2667,907014,2026-07-25,NPA,273,32081.1906
2668,900617,2026-07-25,NPA,307,43252.1788
2669,904595,2026-07-25,REGULAR,61,64.23205
2670,905290,2026-07-25,NPA,214,99999.99999
2671,902679,2026-07-25,REGULAR,51,149.7507
2672,902834,2026-07-25,REGULAR,44,116.67265
2673,906326,2026-07-25,NPA,282,99999.99999
2674,907767,2026-07-25,NPA,201,53094.51096
2675,902115,2026-07-25,REGULAR,51,163.95107
2676,906382,2026-07-25,NPA,245,99999.99999
2677,904589,2026-07-25,REGULAR,33,11.15343
2678,901044,2026-07-25,REGULAR,30,90.59165
2679,905572,2026-07-25,REGULAR,38,115.87587
2680,900371,2026-07-25,REGULAR,35,180.85243
2681,906191,2026-07-25,NPA,181,2246.67056
2682,903810,2026-07-25,REGULAR,36,41.14578
2683,905386,2026-07-25,REGULAR,51,37.3001
2684,907558,2026-07-25,NPA,365,99999.99999
2685,900499,2026-07-25,REGULAR,13,181.46502
2686,907896,2026-07-25,NPA,289,99999.99999
2687,905088,2026-07-25,NPA,155,12685.0388
2688,904292,2026-07-25,REGULAR,29,146.7735
2689,905651,2026-07-25,REGULAR,55,46.17137
2690,901614,2026-07-25,REGULAR,34,405.54457
2691,902666,2026-07-25,REGULAR,21,214.42923
2692,904756,2026-07-25,REGULAR,54,9.2596
2693,906264,2026-07-25,REGULAR,19,18.55222
2694,906162,2026-07-25,REGULAR,6,5.58965
2695,905740,2026-07-25,REGULAR,28,271.0994
2696,903213,2026-07-25,REGULAR,9,9.46115
2697,903592,2026-07-25,REGULAR,41,362.24555
2698,904530,2026-07-25,REGULAR,36,16.56638
2699,900348,2026-07-25,NPA,313,99999.99999
2700,902226,2026-07-25,REGULAR,5,36.91015
2701,905695,2026-07-25,REGULAR,42,377.87335
2702,900093,2026-07-25,REGULAR,32,104.27712
2703,901163,2026-07-25,REGULAR,13,551.43705
2704,901443,2026-07-25,REGULAR,34,165.84363
2705,904221,2026-07-25,REGULAR,15,41.104
2706,901601,2026-07-25,REGULAR,19,120.8285
2707,901034,2026-07-25,REGULAR,36,10.76875
2708,902976,2026-07-25,NPA,354,99999.99999
2709,901870,2026-07-25,NPA,255,99999.99999
2710,904186,2026-07-25,REGULAR,68,468.17023
2711,906227,2026-07-25,REGULAR,36,153.31645
2712,900233,2026-07-25,REGULAR,23,748.92545
2713,900453,2026-07-25,REGULAR,45,139.24853
2714,906884,2026-07-25,REGULAR,25,7.0767
2715,906830,2026-07-25,REGULAR,21,1442.08597
2716,907627,2026-07-25,NPA,157,14194.77724
2717,904598,2026-07-25,REGULAR,49,533.29135
2718,903245,2026-07-25,REGULAR,15,16.55068
2719,906506,2026-07-25,REGULAR,5,24.44463
2720,902849,2026-07-25,NPA,305,99999.99999
2721,903303,2026-07-25,REGULAR,46,15.78392
2722,900013,2026-07-25,NPA,196,73795.9444
2723,904135,2026-07-25,REGULAR,54,199.21993
2724,902601,2026-07-25,NPA,311,99999.99999
2725,904033,2026-07-25,REGULAR,4,10.4503
2726,906015,2026-07-25,REGULAR,40,28.33455
2727,905734,2026-07-25,NPA,291,99999.99999
2728,902448,2026-07-25,NPA,340,26984.6785
2729,903305,2026-07-25,NPA,270,36655.2249
2730,900782,2026-07-25,NPA,301,99569.3556
2731,906325,2026-07-25,REGULAR,10,307.83865
2732,902285,2026-07-25,REGULAR,17,23.39177
2733,906730,2026-07-25,REGULAR,15,166.30588
2734,906581,2026-07-25,REGULAR,6,9.98355
2735,907172,2026-07-25,NPA,347,43232.21664
2736,907398,2026-07-25,NPA,91,6545.41792
2737,903982,2026-07-25,REGULAR,15,564.3612
2738,903029,2026-07-25,REGULAR,43,291.96265
2739,900646,2026-07-25,REGULAR,47,31.40912
2740,905236,2026-07-25,REGULAR,44,178.39053
2741,904998,2026-07-25,REGULAR,37,51.435
2742,902355,2026-07-25,REGULAR,37,137.58105
2743,900813,2026-07-25,REGULAR,9,11.41513
2744,903909,2026-07-25,REGULAR,18,199.8948
2745,906118,2026-07-25,NPA,154,16354.1701
2746,900207,2026-07-25,REGULAR,19,507.008
2747,906770,2026-07-25,REGULAR,10,11.75042
2748,907312,2026-07-25,REGULAR,41,573.95218
2749,904001,2026-07-25,NPA,233,99999.99999
2750,907114,2026-07-25,NPA,291,99999.99999
2751,900196,2026-07-25,REGULAR,40,36.37155
2752,900599,2026-07-25,REGULAR,21,1279.65843
2753,903240,2026-07-25,REGULAR,1,223.6666
2754,907022,2026-07-25,REGULAR,31,17.83355
2755,907399,2026-07-25,NPA,216,13426.8
2756,902019,2026-07-25,REGULAR,26,34.88785
2757,902126,2026-07-25,REGULAR,19,355.5813
2758,902137,2026-07-25,REGULAR,54,622.08795
2759,902578,2026-07-25,NPA,291,64542.324
2760,901016,2026-07-25,REGULAR,30,73.3598
2761,900548,2026-07-25,REGULAR,13,13.32398
2762,903703,2026-07-25,REGULAR,45,347.06133
2763,906856,2026-07-25,REGULAR,35,30.10328
2764,906165,2026-07-25,REGULAR,32,24.3136
2765,900079,2026-07-25,NPA,104,56013.17528
2766,901688,2026-07-25,REGULAR,43,316.43705
2767,902580,2026-07-25,NPA,245,69109.6318
2768,902286,2026-07-25,REGULAR,40,21.87915
2769,905189,2026-07-25,NPA,257,24394.72288
2770,902195,2026-07-25,REGULAR,23,477.8657
2771,904865,2026-07-25,REGULAR,45,12.47162
2772,903655,2026-07-25,REGULAR,5,651.77202
2773,905390,2026-07-25,REGULAR,45,25.71645
2774,906582,2026-07-25,NPA,306,84640.842
2775,907520,2026-07-25,REGULAR,35,62.1243
2776,907179,2026-07-25,REGULAR,15,601.8092
2777,901655,2026-07-25,REGULAR,37,201.0691
2778,901209,2026-07-25,NPA,157,99999.99999
2779,901052,2026-07-25,REGULAR,11,43.2769
2780,900278,2026-07-25,REGULAR,7,65.04797
2781,906007,2026-07-25,NPA,221,29828.8
2782,905780,2026-07-25,REGULAR,31,20.85068
2783,907547,2026-07-25,REGULAR,41,14.3516
2784,903223,2026-07-25,NPA,156,93835.8243
2785,903224,2026-07-25,NPA,250,7144.0
2786,905813,2026-07-25,REGULAR,42,58.87483
2787,900180,2026-07-25,NPA,254,67909.26402
2788,905340,2026-07-25,NPA,306,19587.01794
2789,902672,2026-07-25,REGULAR,24,30.65455
2790,905113,2026-07-25,NPA,125,99752.4792
2791,900365,2026-07-25,REGULAR,40,16.86598
2792,901739,2026-07-25,REGULAR,52,206.31873
2793,901471,2026-07-25,REGULAR,49,30.7948
2794,903739,2026-07-25,REGULAR,43,18.51033
2795,901953,2026-07-25,REGULAR,55,118.24198
2796,905853,2026-07-25,WRITE_OFF,365,99999.99999
2797,906213,2026-07-25,NPA,316,99999.99999
2798,900279,2026-07-25,REGULAR,33,10.85862
2799,900458,2026-07-25,REGULAR,39,6.36398
2800,904234,2026-07-25,REGULAR,37,251.26353
2801,906446,2026-07-25,REGULAR,38,2.64255
2802,907235,2026-07-25,REGULAR,41,82.67157
2803,902691,2026-07-25,REGULAR,17,277.99193
2804,906945,2026-07-25,REGULAR,44,90.61038
2805,900894,2026-07-25,REGULAR,16,208.14937
2806,904956,2026-07-25,NPA,363,40502.43936
2807,906462,2026-07-25,REGULAR,78,15.19098
2808,905682,2026-07-25,NPA,160,999.3545
2809,900509,2026-07-25,REGULAR,15,69.81803
2810,906414,2026-07-25,REGULAR,42,82.92933
2811,903723,2026-07-25,REGULAR,19,53.2732
2812,903132,2026-07-25,REGULAR,25,137.05835
2813,906295,2026-07-25,REGULAR,36,2.5155
2814,900471,2026-07-25,REGULAR,33,71.7275
2815,905479,2026-07-25,REGULAR,38,31.06488
2816,907991,2026-07-25,REGULAR,16,13.03243
2817,904478,2026-07-25,NPA,231,99999.99999
2818,902608,2026-07-25,REGULAR,24,15.5998
2819,905809,2026-07-25,NPA,163,31846.25816
2820,907987,2026-07-25,NPA,197,99999.99999
2821,900821,2026-07-25,NPA,102,59958.41466
2822,900606,2026-07-25,NPA,354,99999.99999
2823,905420,2026-07-25,REGULAR,2,104.4416
2824,905369,2026-07-25,REGULAR,45,123.41993
2825,901175,2026-07-25,NPA,193,3247.08668
2826,904845,2026-07-25,NPA,225,15870.9264
2827,904815,2026-07-25,REGULAR,42,140.7077
2828,906253,2026-07-25,REGULAR,54,175.74633
2829,907083,2026-07-25,NPA,163,3002.92
2830,903208,2026-07-25,REGULAR,2,142.10905
2831,901508,2026-07-25,REGULAR,17,61.34422
2832,907605,2026-07-25,REGULAR,44,20.02523
2833,900257,2026-07-25,REGULAR,79,1783.20837
2834,904077,2026-07-25,REGULAR,49,406.50445
2835,903136,2026-07-25,REGULAR,31,17.59273
2836,907916,2026-07-25,REGULAR,38,181.45947
2837,905401,2026-07-25,REGULAR,7,593.57147
2838,905994,2026-07-25,NPA,189,27024.48288
2839,901520,2026-07-25,NPA,115,32683.234
2840,900586,2026-07-25,NPA,104,53044.48594
2841,903202,2026-07-25,REGULAR,72,443.04147
2842,906834,2026-07-25,REGULAR,2,386.9313
2843,900167,2026-07-25,REGULAR,25,44.33852
2844,902054,2026-07-25,REGULAR,45,409.2013
2845,902442,2026-07-25,REGULAR,50,136.60775
2846,906527,2026-07-25,REGULAR,36,29.54758
2847,900055,2026-07-25,REGULAR,45,310.6515
2848,904506,2026-07-25,REGULAR,29,82.4673
2849,901784,2026-07-25,REGULAR,41,386.24957
2850,907841,2026-07-25,REGULAR,41,130.52953
2851,900044,2026-07-25,REGULAR,17,30.44718
2852,905738,2026-07-25,REGULAR,69,763.24225
2853,906592,2026-07-25,REGULAR,70,140.49932
2854,901405,2026-07-25,NPA,126,60946.9032
2855,905303,2026-07-25,NPA,312,99999.99999
2856,905840,2026-07-25,REGULAR,45,64.412
2857,904347,2026-07-25,REGULAR,17,33.79183
2858,904149,2026-07-25,NPA,259,99999.99999
2859,902423,2026-07-25,NPA,253,99999.99999
2860,900315,2026-07-25,REGULAR,34,16.14095
2861,901956,2026-07-25,NPA,183,29519.09184
2862,900198,2026-07-25,NPA,344,99999.99999
2863,900331,2026-07-25,REGULAR,9,135.92317
2864,904074,2026-07-25,REGULAR,43,577.9092
2865,902395,2026-07-25,REGULAR,30,19.6467
2866,904309,2026-07-25,NPA,282,99999.99999
2867,905843,2026-07-25,REGULAR,34,4.17948
2868,901476,2026-07-25,REGULAR,54,69.87855
2869,901976,2026-07-25,NPA,321,99999.99999
2870,906780,2026-07-25,REGULAR,26,65.40975
2871,903485,2026-07-25,REGULAR,4,9.01673
2872,906423,2026-07-25,REGULAR,35,146.20413
2873,904947,2026-07-25,REGULAR,37,162.26433
2874,901786,2026-07-25,REGULAR,35,754.36095
2875,905799,2026-07-25,REGULAR,23,1552.73473
2876,901633,2026-07-25,REGULAR,33,11.7243
2877,907237,2026-07-25,REGULAR,54,54.56723
2878,900955,2026-07-25,REGULAR,32,81.97532
2879,901157,2026-07-25,NPA,225,17472.0
2880,903495,2026-07-25,REGULAR,42,194.88153
2881,903694,2026-07-25,NPA,127,99999.99999
2882,907470,2026-07-25,REGULAR,52,3.69515
2883,904271,2026-07-25,NPA,190,21666.015
2884,902750,2026-07-25,REGULAR,48,176.91535
2885,903500,2026-07-25,REGULAR,83,359.71135
2886,902251,2026-07-25,NPA,244,99999.99999
2887,904781,2026-07-25,NPA,126,31962.9495
2888,907961,2026-07-25,REGULAR,7,360.4426
2889,901897,2026-07-25,REGULAR,33,189.59088
2890,905322,2026-07-25,REGULAR,40,45.5411
2891,901747,2026-07-25,NPA,286,99999.99999
2892,902587,2026-07-25,REGULAR,14,7.96413
2893,907003,2026-07-25,REGULAR,69,283.2996
2894,903919,2026-07-25,NPA,102,13318.2906
2895,903557,2026-07-25,REGULAR,53,51.09345
2896,906042,2026-07-25,REGULAR,21,13.43255
2897,901946,2026-07-25,REGULAR,15,343.18365
2898,900919,2026-07-25,WRITE_OFF,365,99999.99999
2899,900336,2026-07-25,REGULAR,43,44.2304
2900,900381,2026-07-25,REGULAR,28,46.53063
2901,901511,2026-07-25,REGULAR,30,82.05968
2902,904105,2026-07-25,REGULAR,42,15.38875
2903,901149,2026-07-25,REGULAR,17,8.64013
2904,902218,2026-07-25,REGULAR,11,128.91913
2905,905279,2026-07-25,REGULAR,22,16.32907
2906,903466,2026-07-25,NPA,130,10699.8576
2907,903999,2026-07-25,NPA,278,85065.16184
2908,905194,2026-07-25,REGULAR,31,35.59927
2909,900217,2026-07-25,REGULAR,11,22.30517
2910,902400,2026-07-25,REGULAR,31,188.03285
2911,903030,2026-07-25,REGULAR,26,234.9112
2912,907943,2026-07-25,REGULAR,26,54.7447
2913,902100,2026-07-25,NPA,282,99999.99999
2914,903695,2026-07-25,REGULAR,33,33.79633
2915,900749,2026-07-25,NPA,152,18016.01238
2916,902046,2026-07-25,NPA,201,25975.72584
2917,900852,2026-07-25,REGULAR,24,278.74005
2918,906084,2026-07-25,REGULAR,42,41.31297
2919,903597,2026-07-25,REGULAR,34,332.85905
2920,902173,2026-07-25,REGULAR,46,5.69128
2921,902637,2026-07-25,REGULAR,18,502.40168
2922,902222,2026-07-25,REGULAR,7,291.18097
2923,903286,2026-07-25,REGULAR,43,3.88033
2924,904884,2026-07-25,NPA,286,99999.99999
2925,903677,2026-07-25,REGULAR,65,259.72685
2926,902025,2026-07-25,NPA,183,99999.99999
2927,901621,2026-07-25,REGULAR,6,330.82865
2928,901772,2026-07-25,REGULAR,3,36.85068
2929,905135,2026-07-25,REGULAR,50,505.30143
2930,904455,2026-07-25,REGULAR,41,20.66702
2931,907354,2026-07-25,REGULAR,7,29.88393
2932,907086,2026-07-25,NPA,234,4905.6
2933,904855,2026-07-25,REGULAR,33,25.65793
2934,906403,2026-07-25,NPA,173,98621.91256
2935,903337,2026-07-25,NPA,264,6107.47698
2936,904748,2026-07-25,REGULAR,32,444.7245
2937,907945,2026-07-25,REGULAR,48,25.45915
2938,903053,2026-07-25,REGULAR,45,40.94358
2939,905513,2026-07-25,REGULAR,75,412.46978
2940,903189,2026-07-25,REGULAR,36,3.35128
2941,902155,2026-07-25,REGULAR,13,46.14722
2942,906848,2026-07-25,REGULAR,24,19.45303
2943,905119,2026-07-25,NPA,107,9048.78328
2944,903608,2026-07-25,REGULAR,77,252.73943
2945,904301,2026-07-25,NPA,336,99999.99999
2946,900679,2026-07-25,NPA,286,99999.99999
2947,902484,2026-07-25,REGULAR,27,595.85217
2948,904413,2026-07-25,REGULAR,9,106.25668
2949,903142,2026-07-25,REGULAR,61,9.9779
2950,904951,2026-07-25,REGULAR,37,24.14358
2951,904244,2026-07-25,REGULAR,65,473.49757
2952,903750,2026-07-25,REGULAR,53,8.79218
2953,903914,2026-07-25,NPA,121,13409.51092
2954,906966,2026-07-25,NPA,257,99999.99999
2955,903073,2026-07-25,REGULAR,11,270.82665
2956,903912,2026-07-25,REGULAR,31,243.57778
2957,903622,2026-07-25,NPA,154,24063.46872
2958,901780,2026-07-25,REGULAR,1,35.20347
2959,905132,2026-07-25,REGULAR,40,694.34783
2960,905970,2026-07-25,REGULAR,41,127.98132
2961,902934,2026-07-25,NPA,330,12102.3504
2962,901627,2026-07-25,REGULAR,42,440.98768
2963,907241,2026-07-25,NPA,341,99999.99999
2964,901353,2026-07-25,REGULAR,34,187.76717
2965,900354,2026-07-25,NPA,114,6303.49236
2966,904036,2026-07-25,NPA,285,99999.99999
2967,902327,2026-07-25,NPA,95,26308.944
2968,901530,2026-07-25,REGULAR,75,1020.9286
2969,901150,2026-07-25,REGULAR,53,48.8095
2970,901514,2026-07-25,REGULAR,40,130.23438
2971,901046,2026-07-25,REGULAR,20,96.65497
2972,902120,2026-07-25,REGULAR,21,49.63058
2973,905370,2026-07-25,NPA,292,99999.99999
2974,907311,2026-07-25,REGULAR,36,271.88572
2975,904757,2026-07-25,NPA,301,99999.99999
2976,905177,2026-07-25,REGULAR,78,244.15117
2977,902219,2026-07-25,NPA,222,99999.99999
2978,902953,2026-07-25,REGULAR,34,11.44238
2979,900421,2026-07-25,REGULAR,26,322.99835
2980,905977,2026-07-25,REGULAR,36,350.6903
2981,901093,2026-07-25,REGULAR,31,755.12845
2982,907682,2026-07-25,REGULAR,50,12.23813
2983,905524,2026-07-25,NPA,341,99999.99999
2984,903872,2026-07-25,NPA,202,14485.30798
2985,901143,2026-07-25,NPA,259,40547.66624
2986,904013,2026-07-25,NPA,189,20292.31152
2987,902519,2026-07-25,NPA,164,24057.48636
2988,903539,2026-07-25,REGULAR,50,3.46798
2989,905693,2026-07-25,REGULAR,44,604.76905
2990,906627,2026-07-25,REGULAR,75,37.95683
2991,905607,2026-07-25,REGULAR,7,48.83713
2992,904172,2026-07-25,REGULAR,27,6.49885
2993,904686,2026-07-25,REGULAR,45,16.92205
2994,900959,2026-07-25,REGULAR,44,1756.41362
2995,900238,2026-07-25,REGULAR,40,1.958
2996,905509,2026-07-25,NPA,332,86177.15374
2997,901985,2026-07-25,REGULAR,43,19.18787
2998,904848,2026-07-25,NPA,221,99999.99999
2999,906079,2026-07-25,REGULAR,36,98.77075
3000,901386,2026-07-25,REGULAR,74,58.36175
